사고번호,사고일시,요일,시군구,사고내용,사망자수,중상자수,경상자수,부상신고자수,사고유형,법규위반,노면상태,기상상태,도로형태,가해운전자 차종,가해운전자 성별,가해운전자 연령,가해운전자 상해정도,피해운전자 차종,피해운전자 성별,피해운전자 연령,피해운전자 상해정도
2022010900100255,2022년 1월 9일 19시,일요일,경상북도 경주시 인왕동,경상사고,0,0,2,0,차대차 - 측면충돌,신호위반,건조,맑음,교차로 - 교차로부근,승용,남,26세,상해없음,승용,남,27세,경상
2022010900100256,2022년 1월 9일 19시,일요일,경상북도 포항시 북구 죽도동,경상사고,0,0,1,0,차대차 - 추돌,안전거리미확보,건조,맑음,단일로 - 기타,이륜,남,23세,상해없음,승용,남,73세,경상
2022010900100257,2022년 1월 9일 19시,일요일,경상북도 경주시 건천읍,중상사고,0,1,0,0,차대차 - 측면충돌,안전운전불이행,건조,맑음,단일로 - 기타,화물,남,58세,상해없음,승용,여,34세,중상
2022010900100274,2022년 1월 9일 20시,일요일,경상북도 구미시 도개면,경상사고,0,0,1,1,차대차 - 추돌,안전운전불이행,건조,맑음,단일로 - 기타,승합,여,56세,부상신고,농기계,남,56세,경상
2022010900100304,2022년 1월 9일 21시,일요일,경상북도 포항시 북구 득량동,경상사고,0,0,2,0,차대차 - 후진중충돌,안전운전불이행,건조,맑음,단일로 - 기타,승용,남,58세,상해없음,승용,남,27세,경상
2022010900100325,2022년 1월 9일 22시,일요일,경상북도 구미시 진평동,경상사고,0,0,3,0,차대차 - 측면충돌,안전운전불이행,건조,맑음,교차로 - 교차로횡단보도내,이륜,남,29세,상해없음,승용,남,21세,경상
2022011000100035,2022년 1월 10일 06시,월요일,경상북도 경산시 진량읍,중상사고,0,1,0,0,차대사람 - 횡단중,안전운전불이행,건조,맑음,단일로 - 기타,승용,남,60세,상해없음,보행자,남,70세,중상
2022011000100097,2022년 1월 10일 08시,월요일,경상북도 포항시 북구 죽도동,중상사고,0,1,0,0,차대차 - 측면충돌,안전운전불이행,건조,맑음,교차로 - 교차로부근,개인형이동수단(PM),여,72세,중상,승용,남,73세,상해없음
2022011000100098,2022년 1월 10일 08시,월요일,경상북도 구미시 상모동,경상사고,0,0,2,0,차대차 - 측면충돌,안전운전불이행,건조,맑음,단일로 - 기타,승합,남,44세,기타불명,승용,남,37세,경상
2022011000100125,2022년 1월 10일 09시,월요일,경상북도 경주시 황성동,경상사고,0,0,1,0,차대차 - 측면충돌,신호위반,건조,맑음,교차로 - 교차로안,승용,여,47세,상해없음,이륜,남,77세,경상
2022011000100126,2022년 1월 10일 09시,월요일,경상북도 포항시 남구 해도동,경상사고,0,0,1,0,차대차 - 기타,신호위반,건조,맑음,단일로 - 기타,자전거,남,70세,경상,승용,남,55세,상해없음
2022011000100160,2022년 1월 10일 10시,월요일,경상북도 경주시 탑동,경상사고,0,0,1,0,차대차 - 측면충돌,신호위반,건조,맑음,교차로 - 교차로안,승용,남,61세,상해없음,특수,남,59세,경상
2022011000100161,2022년 1월 10일 10시,월요일,경상북도 경주시 진현동,중상사고,0,1,3,0,차대차 - 측면충돌,안전운전불이행,건조,맑음,교차로 - 교차로안,승용,여,28세,경상,화물,남,43세,중상
2022011000100162,2022년 1월 10일 10시,월요일,경상북도 안동시 풍산읍,경상사고,0,0,2,0,차대차 - 추돌,안전운전불이행,건조,맑음,교차로 - 교차로부근,화물,남,58세,상해없음,승용,여,73세,경상
2022011000100163,2022년 1월 10일 10시,월요일,경상북도 칠곡군 약목면,경상사고,0,0,2,0,차대차 - 측면충돌,직진우회전진행방해,건조,맑음,교차로 - 교차로안,사륜오토바이(ATV),여,66세,경상,승용,여,62세,경상
2022011000100164,2022년 1월 10일 10시,월요일,경상북도 구미시 사곡동,부상신고사고,0,0,0,1,차량단독 - 공작물충돌,안전운전불이행,건조,맑음,교차로 - 교차로부근,승용,남,45세,부상신고,,,,
2022011000100196,2022년 1월 10일 11시,월요일,경상북도 예천군 예천읍,중상사고,0,1,0,0,차대사람 - 보도통행중,보행자보호의무위반,건조,맑음,교차로 - 교차로횡단보도내,화물,남,73세,상해없음,보행자,남,73세,중상
2022011000100197,2022년 1월 10일 11시,월요일,경상북도 구미시 원평동,중상사고,0,1,0,0,차대사람 - 횡단중,보행자보호의무위반,건조,맑음,단일로 - 기타,승용,여,31세,상해없음,보행자,여,50세,중상
2022011000100226,2022년 1월 10일 12시,월요일,경상북도 칠곡군 석적읍,경상사고,0,0,2,0,차대차 - 측면충돌,기타,건조,맑음,교차로 - 교차로안,승용,여,54세,경상,승용,남,36세,경상
2022011000100227,2022년 1월 10일 12시,월요일,경상북도 문경시 문경읍,경상사고,0,0,2,0,차량단독 - 기타,안전운전불이행,서리/결빙,흐림,단일로 - 기타,승용,여,43세,경상,,,,
2022011000100281,2022년 1월 10일 14시,월요일,경상북도 영천시 도동,경상사고,0,0,4,0,차대차 - 측면충돌,신호위반,건조,맑음,교차로 - 교차로안,승용,남,75세,경상,승용,남,51세,경상
2022011000100282,2022년 1월 10일 14시,월요일,경상북도 문경시 유곡동,경상사고,0,0,2,0,차대차 - 추돌,안전운전불이행,건조,맑음,단일로 - 기타,화물,남,59세,경상,화물,남,79세,경상
2022011000100283,2022년 1월 10일 14시,월요일,경상북도 경산시 옥곡동,중상사고,0,1,0,0,차대사람 - 기타,안전운전불이행,건조,맑음,단일로 - 교량,승용,여,62세,상해없음,보행자,남,76세,중상
2022011000100314,2022년 1월 10일 15시,월요일,경상북도 안동시 정하동,경상사고,0,0,1,0,차대차 - 측면충돌,안전거리미확보,건조,맑음,단일로 - 기타,승용,남,64세,상해없음,승용,여,63세,경상
2022011000100315,2022년 1월 10일 15시,월요일,경상북도 칠곡군 약목면,경상사고,0,0,1,0,차대차 - 추돌,안전운전불이행,건조,맑음,교차로 - 교차로부근,승용,남,34세,상해없음,승용,남,30세,경상
2022011000100316,2022년 1월 10일 15시,월요일,경상북도 영천시 문외동,경상사고,0,0,1,0,차대차 - 측면충돌,기타,건조,맑음,교차로 - 교차로안,승합,여,52세,상해없음,승용,남,30세,경상
2022011000100317,2022년 1월 10일 15시,월요일,경상북도 경산시 압량읍,경상사고,0,0,1,0,차대차 - 측면충돌,안전운전불이행,건조,맑음,교차로 - 교차로안,승용,남,79세,상해없음,승용,남,40세,기타불명
2022011000100318,2022년 1월 10일 15시,월요일,경상북도 구미시 산동읍,경상사고,0,0,1,0,차대차 - 측면충돌,교차로운행방법위반,건조,맑음,교차로 - 교차로안,화물,남,75세,상해없음,승용,남,64세,경상
2022011000100348,2022년 1월 10일 16시,월요일,경상북도 경주시 용강동,경상사고,0,0,2,0,차대차 - 추돌,안전운전불이행,건조,맑음,단일로 - 기타,승용,여,69세,상해없음,화물,남,64세,경상
2022011000100349,2022년 1월 10일 16시,월요일,경상북도 영주시 휴천동,경상사고,0,0,1,0,차대차 - 측면충돌,안전운전불이행,건조,맑음,교차로 - 교차로횡단보도내,승용,남,19세,상해없음,자전거,남,77세,경상
2022011000100375,2022년 1월 10일 17시,월요일,경상북도 경산시 대동,경상사고,0,0,1,0,차대사람 - 보도통행중,기타,건조,맑음,기타 - 기타,개인형이동수단(PM),남,23세,상해없음,보행자,여,21세,경상
2022011000100413,2022년 1월 10일 18시,월요일,경상북도 경주시 마동,경상사고,0,0,1,0,차량단독 - 도로외이탈 - 추락,안전운전불이행,젖음/습기,흐림,단일로 - 지하차도(도로)내,이륜,남,60세,경상,,,,
2022011000100457,2022년 1월 10일 19시,월요일,경상북도 김천시 대항면,경상사고,0,0,1,0,차대차 - 측면충돌,안전운전불이행,건조,맑음,교차로 - 교차로안,화물,여,58세,상해없음,승용,여,56세,경상
2022011000100458,2022년 1월 10일 19시,월요일,경상북도 상주시 낙양동,경상사고,0,0,2,0,차대차 - 기타,교차로운행방법위반,건조,맑음,교차로 - 교차로안,승용,여,58세,경상,승용,남,40세,경상
2022011000100477,2022년 1월 10일 20시,월요일,경상북도 구미시 광평동,사망사고,1,0,0,0,차대차 - 정면충돌,중앙선침범,건조,맑음,단일로 - 기타,승용,남,35세,상해없음,이륜,남,56세,사망
2022011000100512,2022년 1월 10일 21시,월요일,경상북도 포항시 남구 오천읍,경상사고,0,0,2,0,차대차 - 기타,안전거리미확보,건조,맑음,교차로 - 교차로부근,승용,남,57세,상해없음,승용,여,53세,경상
2022011000100541,2022년 1월 10일 22시,월요일,경상북도 구미시 형곡동,경상사고,0,0,1,0,차대차 - 추돌,안전거리미확보,건조,맑음,교차로 - 교차로안,이륜,남,26세,상해없음,승용,남,67세,경상
2022011000100542,2022년 1월 10일 22시,월요일,경상북도 구미시 남통동,경상사고,0,0,4,0,차대차 - 기타,안전운전불이행,건조,맑음,단일로 - 기타,승용,남,18세,상해없음,승용,남,25세,경상
2022011000100559,2022년 1월 10일 23시,월요일,경상북도 안동시 용상동,경상사고,0,0,5,0,차대차 - 측면충돌,교차로운행방법위반,건조,맑음,교차로 - 교차로안,승용,남,45세,경상,승용,남,58세,경상
2022011100100041,2022년 1월 11일 06시,화요일,경상북도 포항시 북구 용흥동,중상사고,0,1,0,0,차대차 - 추돌,안전운전불이행,건조,맑음,단일로 - 기타,이륜,남,48세,중상,특수,남,78세,상해없음
2022011100100088,2022년 1월 11일 08시,화요일,경상북도 칠곡군 왜관읍,경상사고,0,0,1,0,차대차 - 후진중충돌,안전운전불이행,건조,맑음,단일로 - 기타,화물,남,64세,상해없음,승용,여,30세,경상
2022011100100089,2022년 1월 11일 08시,화요일,경상북도 구미시 형곡동,사망사고,1,0,0,0,차대사람 - 차도통행중,안전운전불이행,건조,맑음,교차로 - 교차로부근,승용,남,48세,상해없음,보행자,여,80세,사망
2022011100100090,2022년 1월 11일 08시,화요일,경상북도 경산시 진량읍,경상사고,0,0,4,0,차대차 - 측면충돌,안전운전불이행,건조,맑음,단일로 - 기타,승용,남,55세,경상,화물,남,52세,상해없음
2022011100100121,2022년 1월 11일 09시,화요일,경상북도 포항시 남구 오천읍,경상사고,0,0,1,0,차대사람 - 차도통행중,안전거리미확보,건조,맑음,교차로 - 교차로안,승용,남,48세,상해없음,보행자,남,72세,경상
2022011100100152,2022년 1월 11일 10시,화요일,경상북도 포항시 북구 덕산동,경상사고,0,0,1,0,차대차 - 기타,안전운전불이행,건조,맑음,단일로 - 기타,승용,남,68세,상해없음,승합,남,48세,상해없음
2022011100100178,2022년 1월 11일 11시,화요일,경상북도 영천시 대창면,경상사고,0,0,1,0,차대차 - 추돌,안전운전불이행,건조,맑음,단일로 - 기타,화물,남,63세,상해없음,화물,남,64세,경상
2022011100100207,2022년 1월 11일 12시,화요일,경상북도 영덕군 지품면,부상신고사고,0,0,0,1,차량단독 - 공작물충돌,안전운전불이행,건조,맑음,단일로 - 기타,화물,남,62세,부상신고,,,,
2022011100100208,2022년 1월 11일 12시,화요일,경상북도 예천군 예천읍,중상사고,0,1,0,0,차대차 - 측면충돌,중앙선침범,건조,맑음,단일로 - 기타,이륜,남,58세,중상,승용,남,81세,상해없음
2022011100100248,2022년 1월 11일 13시,화요일,경상북도 안동시 운흥동,경상사고,0,0,1,0,차대차 - 기타,안전운전불이행,건조,맑음,교차로 - 교차로부근,화물,남,70세,상해없음,승합,남,48세,경상
2022011100100249,2022년 1월 11일 13시,화요일,경상북도 포항시 남구 대잠동,경상사고,0,0,1,0,차대차 - 후진중충돌,안전운전불이행,건조,맑음,단일로 - 기타,화물,남,39세,상해없음,이륜,남,55세,경상
2022011100100287,2022년 1월 11일 14시,화요일,경상북도 의성군 단밀면,경상사고,0,0,2,0,차대차 - 측면충돌,안전운전불이행,건조,맑음,교차로 - 교차로안,화물,남,52세,경상,화물,남,59세,경상
2022011100100317,2022년 1월 11일 15시,화요일,경상북도 의성군 단북면,중상사고,0,2,1,0,차대차 - 정면충돌,중앙선침범,건조,맑음,단일로 - 기타,승용,남,68세,경상,화물,여,62세,중상
2022011100100318,2022년 1월 11일 15시,화요일,경상북도 포항시 남구 구룡포읍,중상사고,0,1,1,0,차대차 - 기타,안전운전불이행,건조,맑음,단일로 - 기타,승용,남,37세,상해없음,승용,여,39세,중상
2022011100100374,2022년 1월 11일 17시,화요일,경상북도 문경시 모전동,경상사고,0,0,1,0,차대차 - 기타,안전운전불이행,건조,맑음,교차로 - 교차로안,승용,남,84세,상해없음,자전거,여,55세,경상
2022011100100421,2022년 1월 11일 18시,화요일,경상북도 상주시 이안면,경상사고,0,0,3,0,차대차 - 추돌,안전운전불이행,건조,맑음,단일로 - 기타,승용,남,57세,상해없음,승합,여,50세,경상
2022011100100422,2022년 1월 11일 18시,화요일,경상북도 성주군 월항면,경상사고,0,0,2,0,차대차 - 측면충돌,기타,건조,맑음,교차로 - 교차로안,승용,여,43세,상해없음,화물,남,73세,경상
2022011100100423,2022년 1월 11일 18시,화요일,경상북도 구미시 원평동,경상사고,0,0,2,0,차대차 - 측면충돌,교차로운행방법위반,건조,맑음,교차로 - 교차로안,승합,남,69세,상해없음,승용,남,28세,경상
2022011100100424,2022년 1월 11일 18시,화요일,경상북도 포항시 남구 이동,부상신고사고,0,0,0,1,차대차 - 측면충돌,안전운전불이행,건조,맑음,교차로 - 교차로안,승용,남,30세,부상신고,이륜,남,18세,상해없음
2022011100100470,2022년 1월 11일 19시,화요일,경상북도 포항시 북구 창포동,중상사고,0,1,0,0,차대차 - 측면충돌,교차로운행방법위반,건조,맑음,교차로 - 교차로안,승용,남,39세,상해없음,승합,여,72세,중상
2022011100100471,2022년 1월 11일 19시,화요일,경상북도 구미시 구평동,경상사고,0,0,2,0,차대차 - 추돌,기타,건조,맑음,교차로 - 교차로부근,승용,남,44세,상해없음,승용,남,25세,경상
2022011100100472,2022년 1월 11일 19시,화요일,경상북도 포항시 남구 효자동,중상사고,0,1,0,0,차대차 - 측면충돌,기타,건조,맑음,교차로 - 교차로안,승용,남,35세,상해없음,승용,여,57세,중상
2022011100100540,2022년 1월 11일 21시,화요일,경상북도 경산시 조영동,경상사고,0,0,1,0,차대사람 - 기타,안전운전불이행,건조,맑음,단일로 - 기타,승용,여,24세,상해없음,보행자,남,20세,경상
2022011100100541,2022년 1월 11일 21시,화요일,경상북도 포항시 남구 해도동,경상사고,0,0,1,0,차대차 - 기타,중앙선침범,건조,맑음,교차로 - 교차로안,승용,남,37세,상해없음,승용,남,60세,경상
2022011100100563,2022년 1월 11일 22시,화요일,경상북도 포항시 남구 오천읍,부상신고사고,0,0,0,1,차대차 - 측면충돌,안전운전불이행,건조,맑음,단일로 - 지하차도(도로)내,승용,남,54세,상해없음,이륜,기타불명,미분류,기타불명
2022011200100085,2022년 1월 12일 08시,수요일,경상북도 성주군 성주읍,경상사고,0,0,1,0,차대사람 - 차도통행중,안전운전불이행,건조,맑음,단일로 - 기타,승용,여,45세,상해없음,보행자,남,32세,경상
2022011200100122,2022년 1월 12일 09시,수요일,경상북도 안동시 옥야동,경상사고,0,0,3,0,차대차 - 측면충돌,안전거리미확보,건조,맑음,단일로 - 교량,화물,남,67세,상해없음,건설기계,남,55세,경상
2022011200100150,2022년 1월 12일 10시,수요일,경상북도 구미시 원평동,경상사고,0,0,1,0,차대차 - 측면충돌,직진우회전진행방해,건조,맑음,교차로 - 교차로안,이륜,남,66세,경상,승용,남,30세,상해없음
2022011200100175,2022년 1월 12일 11시,수요일,경상북도 상주시 냉림동,중상사고,0,1,0,0,차대차 - 기타,안전운전불이행,건조,맑음,교차로 - 교차로안,화물,남,52세,상해없음,자전거,여,64세,중상
2022011200100210,2022년 1월 12일 12시,수요일,경상북도 포항시 북구 흥해읍,경상사고,0,0,1,0,차대차 - 측면충돌,안전운전불이행,건조,맑음,단일로 - 기타,승용,여,65세,상해없음,승용,여,57세,경상
2022011200100211,2022년 1월 12일 12시,수요일,경상북도 칠곡군 왜관읍,경상사고,0,0,1,1,차대차 - 측면충돌,교차로운행방법위반,건조,맑음,교차로 - 교차로안,승용,남,38세,부상신고,승용,여,25세,경상
2022011200100212,2022년 1월 12일 12시,수요일,경상북도 경산시 중방동,중상사고,0,1,0,0,차대사람 - 횡단중,보행자보호의무위반,건조,맑음,교차로 - 교차로부근,화물,남,53세,상해없음,보행자,여,84세,중상
2022011200100213,2022년 1월 12일 12시,수요일,경상북도 경산시 압량읍,경상사고,0,0,1,0,차대차 - 기타,안전운전불이행,건조,맑음,단일로 - 지하차도(도로)내,승용,여,44세,상해없음,화물,남,60세,경상
2022011200100214,2022년 1월 12일 12시,수요일,경상북도 포항시 남구 이동,중상사고,0,1,0,0,차대사람 - 횡단중,안전운전불이행,건조,맑음,교차로 - 교차로부근,승용,남,42세,상해없음,보행자,여,73세,중상
2022011200100215,2022년 1월 12일 12시,수요일,경상북도 포항시 남구 송도동,중상사고,0,1,0,0,차대차 - 측면충돌,직진우회전진행방해,건조,맑음,교차로 - 교차로안,이륜,남,48세,중상,승용,남,32세,상해없음
2022011200100249,2022년 1월 12일 13시,수요일,경상북도 영덕군 영해면,부상신고사고,0,0,0,1,차대차 - 추돌,안전운전불이행,건조,맑음,단일로 - 기타,원동기,남,82세,부상신고,화물,남,62세,기타불명
2022011200100311,2022년 1월 12일 15시,수요일,경상북도 경주시 사정동,경상사고,0,0,2,0,차대차 - 측면충돌,안전운전불이행,건조,맑음,기타 - 기타,승용,여,47세,상해없음,승용,남,38세,경상
2022011200100312,2022년 1월 12일 15시,수요일,경상북도 문경시 마성면,경상사고,0,0,3,0,차대차 - 추돌,안전운전불이행,건조,맑음,교차로 - 교차로안,화물,남,72세,상해없음,승용,남,66세,경상
2022011200100346,2022년 1월 12일 16시,수요일,경상북도 영천시 작산동,경상사고,0,0,2,0,차대차 - 측면충돌,안전거리미확보,건조,맑음,단일로 - 기타,승용,여,51세,경상,승용,남,48세,경상
2022011200100347,2022년 1월 12일 16시,수요일,경상북도 영덕군 영덕읍,경상사고,0,0,3,0,차대사람 - 횡단중,안전운전불이행,건조,맑음,교차로 - 교차로안,승용,여,36세,상해없음,보행자,남,16세,경상
2022011200100348,2022년 1월 12일 16시,수요일,경상북도 포항시 남구 해도동,사망사고,1,0,0,0,차대차 - 측면충돌,신호위반,건조,맑음,교차로 - 교차로안,승용,여,44세,상해없음,이륜,남,57세,사망
2022011200100434,2022년 1월 12일 18시,수요일,경상북도 경주시 현곡면,경상사고,0,0,1,0,차대차 - 측면충돌,신호위반,건조,맑음,교차로 - 교차로안,승용,남,60세,상해없음,승용,남,69세,경상
2022011200100435,2022년 1월 12일 18시,수요일,경상북도 영천시 금노동,경상사고,0,0,1,0,차대차 - 기타,신호위반,건조,맑음,교차로 - 교차로안,승용,여,27세,상해없음,승용,남,67세,경상
2022011200100436,2022년 1월 12일 18시,수요일,경상북도 청도군 화양읍,경상사고,0,0,1,0,차대차 - 추돌,안전거리미확보,건조,맑음,교차로 - 교차로안,승용,남,44세,상해없음,승용,남,49세,경상
2022011200100472,2022년 1월 12일 19시,수요일,경상북도 청도군 청도읍,경상사고,0,0,2,0,차대차 - 측면충돌,신호위반,건조,맑음,교차로 - 교차로안,이륜,남,30세,상해없음,승용,남,51세,경상
2022011200100504,2022년 1월 12일 20시,수요일,경상북도 칠곡군 왜관읍,경상사고,0,0,2,0,차대차 - 측면충돌,안전운전불이행,건조,맑음,교차로 - 교차로부근,승용,여,53세,상해없음,승용,남,28세,경상
2022011200100546,2022년 1월 12일 21시,수요일,경상북도 구미시 옥계동,경상사고,0,0,1,0,차대차 - 추돌,안전운전불이행,건조,맑음,교차로 - 교차로부근,승용,남,51세,상해없음,승용,남,43세,경상
2022011200100547,2022년 1월 12일 21시,수요일,경상북도 포항시 남구 대잠동,경상사고,0,0,1,0,차대사람 - 기타,안전운전불이행,건조,맑음,단일로 - 기타,화물,남,45세,상해없음,보행자,여,63세,경상
2022011300100035,2022년 1월 13일 06시,목요일,경상북도 포항시 북구 창포동,경상사고,0,0,1,0,차대사람 - 횡단중,보행자보호의무위반,건조,맑음,교차로 - 교차로횡단보도내,승용,여,52세,상해없음,보행자,남,62세,경상
2022011300100052,2022년 1월 13일 07시,목요일,경상북도 영천시 완산동,경상사고,0,0,2,0,차대차 - 측면충돌,안전운전불이행,건조,맑음,단일로 - 기타,승용,여,53세,경상,화물,남,27세,경상
2022011300100088,2022년 1월 13일 08시,목요일,경상북도 칠곡군 왜관읍,경상사고,0,0,3,0,차대차 - 추돌,안전거리미확보,건조,맑음,교차로 - 교차로부근,승용,남,57세,상해없음,승용,여,58세,경상
2022011300100089,2022년 1월 13일 08시,목요일,경상북도 경산시 사동,중상사고,0,1,0,0,차대사람 - 횡단중,보행자보호의무위반,건조,맑음,교차로 - 교차로횡단보도내,승용,여,36세,상해없음,보행자,여,37세,중상
2022011300100113,2022년 1월 13일 09시,목요일,경상북도 포항시 남구 연일읍,중상사고,0,3,0,0,차대차 - 측면충돌,신호위반,건조,맑음,단일로 - 기타,특수,남,55세,상해없음,승용,여,30세,중상
2022011300100141,2022년 1월 13일 10시,목요일,경상북도 경주시 황성동,중상사고,0,1,0,0,차대사람 - 횡단중,보행자보호의무위반,건조,맑음,교차로 - 교차로횡단보도내,승용,여,55세,상해없음,보행자,여,10세,중상
2022011300100142,2022년 1월 13일 10시,목요일,경상북도 상주시 무양동,경상사고,0,0,2,0,차대차 - 추돌,안전거리미확보,건조,맑음,단일로 - 기타,화물,남,53세,상해없음,승용,남,50세,경상
2022011300100143,2022년 1월 13일 10시,목요일,경상북도 예천군 예천읍,경상사고,0,0,1,0,차대차 - 측면충돌,직진우회전진행방해,건조,맑음,교차로 - 교차로안,화물,남,70세,상해없음,승용,여,36세,경상
2022011300100219,2022년 1월 13일 12시,목요일,경상북도 칠곡군 왜관읍,경상사고,0,0,2,1,차대차 - 측면충돌,신호위반,건조,맑음,교차로 - 교차로안,이륜,남,19세,부상신고,승용,남,38세,경상
2022011300100220,2022년 1월 13일 12시,목요일,경상북도 고령군 대가야읍,사망사고,1,0,0,0,차대사람 - 기타,안전운전불이행,건조,맑음,단일로 - 기타,화물,남,29세,상해없음,보행자,여,70세,사망
2022011300100221,2022년 1월 13일 12시,목요일,경상북도 구미시 옥계동,경상사고,0,0,1,0,차대차 - 추돌,안전거리미확보,건조,맑음,단일로 - 기타,화물,남,26세,상해없음,승용,남,60세,상해없음
2022011300100222,2022년 1월 13일 12시,목요일,경상북도 구미시 옥계동,경상사고,0,0,3,0,차대차 - 측면충돌,직진우회전진행방해,건조,맑음,교차로 - 교차로안,승용,남,27세,경상,승용,여,43세,경상
2022011300100252,2022년 1월 13일 13시,목요일,경상북도 경주시 신평동,경상사고,0,0,1,0,차대차 - 정면충돌,중앙선침범,건조,맑음,단일로 - 기타,화물,남,34세,상해없음,건설기계,남,47세,경상
2022011300100253,2022년 1월 13일 13시,목요일,경상북도 청도군 청도읍,중상사고,0,1,0,0,차대차 - 측면충돌,차로위반,건조,맑음,단일로 - 기타,승용,여,35세,상해없음,승용,여,25세,중상
2022011300100291,2022년 1월 13일 14시,목요일,경상북도 영천시 금호읍,경상사고,0,0,1,0,차대차 - 측면충돌,안전운전불이행,건조,맑음,단일로 - 기타,승용,여,62세,상해없음,이륜,남,86세,경상
2022011300100292,2022년 1월 13일 14시,목요일,경상북도 경산시 삼풍동,중상사고,0,1,0,0,차대사람 - 횡단중,안전운전불이행,건조,맑음,단일로 - 기타,화물,남,27세,상해없음,보행자,여,5세,중상
2022011300100323,2022년 1월 13일 15시,목요일,경상북도 칠곡군 왜관읍,경상사고,0,0,1,0,차대사람 - 길가장자리구역통행중,안전운전불이행,건조,맑음,단일로 - 기타,화물,남,58세,상해없음,보행자,여,53세,경상
2022011300100357,2022년 1월 13일 16시,목요일,경상북도 구미시 고아읍,중상사고,0,2,1,0,차대차 - 기타,안전운전불이행,건조,맑음,교차로 - 교차로안,승용,여,40세,상해없음,승용,여,35세,중상
2022011300100383,2022년 1월 13일 17시,목요일,경상북도 칠곡군 북삼읍,경상사고,0,0,1,0,차대차 - 측면충돌,안전운전불이행,건조,맑음,교차로 - 교차로안,승용,남,54세,상해없음,화물,남,40세,경상
2022011300100427,2022년 1월 13일 18시,목요일,경상북도 구미시 형곡동,중상사고,0,1,1,0,차대차 - 측면충돌,안전운전불이행,건조,맑음,교차로 - 교차로안,이륜,여,61세,중상,이륜,남,47세,경상
2022011300100428,2022년 1월 13일 18시,목요일,경상북도 포항시 남구 오천읍,경상사고,0,0,6,0,차대차 - 추돌,안전거리미확보,건조,맑음,교차로 - 교차로부근,승용,여,59세,상해없음,승용,남,44세,경상
2022011300100429,2022년 1월 13일 18시,목요일,경상북도 포항시 남구 이동,중상사고,0,1,0,0,차대차 - 측면충돌,직진우회전진행방해,건조,맑음,교차로 - 교차로안,화물,남,65세,상해없음,이륜,남,38세,중상
2022011300100467,2022년 1월 13일 19시,목요일,경상북도 영천시 금호읍,경상사고,0,0,1,0,차대사람 - 횡단중,안전운전불이행,건조,맑음,교차로 - 교차로안,승용,여,53세,상해없음,보행자,남,65세,경상
2022011300100494,2022년 1월 13일 20시,목요일,경상북도 경주시 용강동,부상신고사고,0,0,0,3,차대차 - 측면충돌,안전거리미확보,건조,맑음,교차로 - 교차로부근,승용,여,52세,부상신고,승용,여,25세,부상신고
2022011300100526,2022년 1월 13일 21시,목요일,경상북도 경산시 중산동,경상사고,0,0,1,0,차대차 - 후진중충돌,안전운전불이행,건조,맑음,단일로 - 기타,화물,남,30세,상해없음,승용,남,23세,경상
2022011300100550,2022년 1월 13일 22시,목요일,경상북도 영천시 완산동,중상사고,0,2,1,0,차대차 - 추돌,안전운전불이행,건조,맑음,교차로 - 교차로부근,승용,여,32세,상해없음,승합,여,42세,중상
2022011300100565,2022년 1월 13일 23시,목요일,경상북도 영천시 금호읍,경상사고,0,0,2,0,차대차 - 측면충돌,기타,건조,맑음,교차로 - 교차로부근,승용,남,31세,경상,승용,남,64세,경상
2022011400100005,2022년 1월 14일 00시,금요일,경상북도 영천시 금호읍,경상사고,0,0,1,0,차대차 - 정면충돌,중앙선침범,건조,맑음,단일로 - 기타,승용,남,71세,경상,화물,남,57세,상해없음
2022011400100006,2022년 1월 14일 00시,금요일,경상북도 구미시 상모동,경상사고,0,0,2,0,차대차 - 기타,안전운전불이행,건조,맑음,교차로 - 교차로부근,승용,여,44세,상해없음,승용,남,56세,경상
2022011400100016,2022년 1월 14일 02시,금요일,경상북도 구미시 옥계동,경상사고,0,0,1,0,차대차 - 추돌,안전운전불이행,건조,맑음,교차로 - 교차로부근,승용,남,45세,상해없음,승용,여,59세,경상
2022011400100017,2022년 1월 14일 02시,금요일,경상북도 포항시 남구 상도동,경상사고,0,0,1,0,차대차 - 추돌,안전운전불이행,건조,맑음,교차로 - 교차로부근,이륜,남,28세,상해없음,승용,여,28세,경상
2022011400100018,2022년 1월 14일 02시,금요일,경상북도 군위군 효령면,경상사고,0,0,1,0,차대차 - 추돌,안전운전불이행,건조,맑음,단일로 - 기타,화물,남,49세,상해없음,승용,여,59세,경상
2022011400100037,2022년 1월 14일 06시,금요일,경상북도 군위군 군위읍,경상사고,0,0,1,0,차대차 - 정면충돌,중앙선침범,건조,기타,단일로 - 기타,승용,여,54세,경상,화물,남,51세,상해없음
2022011400100088,2022년 1월 14일 08시,금요일,경상북도 영천시 금호읍,경상사고,0,0,1,0,차대차 - 측면충돌,안전운전불이행,건조,맑음,교차로 - 교차로안,화물,여,66세,상해없음,이륜,여,70세,경상
2022011400100089,2022년 1월 14일 08시,금요일,경상북도 경산시 계양동,경상사고,0,0,1,0,차대차 - 측면충돌,차로위반,건조,맑음,단일로 - 기타,건설기계,남,62세,상해없음,승용,남,35세,경상