사고번호,사고일시,요일,시군구,사고내용,사망자수,중상자수,경상자수,부상신고자수,사고유형,법규위반,노면상태,기상상태,도로형태,가해운전자 차종,가해운전자 성별,가해운전자 연령,가해운전자 상해정도,피해운전자 차종,피해운전자 성별,피해운전자 연령,피해운전자 상해정도
2022011400100090,2022년 1월 14일 08시,금요일,경상북도 경산시 와촌면,경상사고,0,0,2,1,차대차 - 추돌,안전운전불이행,건조,맑음,단일로 - 기타,특수,남,59세,경상,화물,남,62세,상해없음
2022011400100151,2022년 1월 14일 10시,금요일,경상북도 경주시 황오동,경상사고,0,0,1,0,차대차 - 측면충돌,안전운전불이행,건조,맑음,교차로 - 교차로안,이륜,남,41세,상해없음,승용,남,54세,경상
2022011400100192,2022년 1월 14일 11시,금요일,경상북도 예천군 예천읍,중상사고,0,1,0,0,차대사람 - 횡단중,안전운전불이행,건조,맑음,교차로 - 교차로안,화물,남,50세,상해없음,보행자,남,76세,중상
2022011400100227,2022년 1월 14일 12시,금요일,경상북도 고령군 쌍림면,경상사고,0,0,1,0,차대차 - 측면충돌,교차로운행방법위반,건조,맑음,교차로 - 교차로안,승용,남,44세,상해없음,화물,남,79세,경상
2022011400100264,2022년 1월 14일 13시,금요일,경상북도 칠곡군 동명면,부상신고사고,0,0,0,1,차량단독 - 기타,안전운전불이행,건조,맑음,단일로 - 기타,화물,남,35세,부상신고,,,,
2022011400100334,2022년 1월 14일 15시,금요일,경상북도 영덕군 강구면,중상사고,0,2,1,0,차대차 - 추돌,안전거리미확보,건조,맑음,단일로 - 기타,승용,여,50세,경상,승용,여,50세,중상
2022011400100335,2022년 1월 14일 15시,금요일,경상북도 구미시 원평동,중상사고,0,1,2,0,차대차 - 기타,중앙선침범,건조,맑음,단일로 - 기타,승용,여,44세,상해없음,승용,남,73세,경상
2022011400100363,2022년 1월 14일 16시,금요일,경상북도 상주시 공성면,경상사고,0,0,2,0,차대차 - 측면충돌,신호위반,건조,맑음,교차로 - 교차로안,승용,남,55세,상해없음,승용,남,76세,경상
2022011400100364,2022년 1월 14일 16시,금요일,경상북도 영천시 완산동,경상사고,0,0,1,0,차대차 - 측면충돌,안전운전불이행,건조,맑음,교차로 - 교차로부근,승용,여,70세,상해없음,승용,여,65세,경상
2022011400100409,2022년 1월 14일 17시,금요일,경상북도 경주시 동천동,경상사고,0,0,1,0,차대사람 - 기타,안전운전불이행,건조,맑음,단일로 - 기타,승용,남,22세,상해없음,보행자,여,74세,경상
2022011400100410,2022년 1월 14일 17시,금요일,경상북도 경주시 성건동,경상사고,0,0,1,0,차대차 - 추돌,안전운전불이행,건조,맑음,단일로 - 기타,화물,남,61세,상해없음,승용,여,32세,경상
2022011400100411,2022년 1월 14일 17시,금요일,경상북도 경주시 현곡면,중상사고,0,1,0,0,차대차 - 추돌,안전운전불이행,건조,맑음,단일로 - 지하차도(도로)내,승용,남,69세,상해없음,화물,남,30세,상해없음
2022011400100412,2022년 1월 14일 17시,금요일,경상북도 영덕군 영덕읍,중상사고,0,1,0,0,차대차 - 측면충돌,중앙선침범,건조,맑음,교차로 - 교차로부근,승용,남,24세,상해없음,자전거,여,65세,중상
2022011400100413,2022년 1월 14일 17시,금요일,경상북도 구미시 송정동,경상사고,0,0,1,0,차대차 - 기타,안전운전불이행,건조,맑음,교차로 - 교차로안,화물,여,49세,상해없음,승용,여,52세,경상
2022011400100468,2022년 1월 14일 18시,금요일,경상북도 경주시 사정동,중상사고,0,1,3,0,차대차 - 측면충돌,신호위반,건조,맑음,교차로 - 교차로안,승용,여,52세,중상,승합,여,42세,경상
2022011400100469,2022년 1월 14일 18시,금요일,경상북도 의성군 단북면,중상사고,0,1,0,0,차대사람 - 길가장자리구역통행중,안전운전불이행,건조,맑음,단일로 - 기타,승용,여,22세,상해없음,보행자,남,63세,중상
2022011400100470,2022년 1월 14일 18시,금요일,경상북도 구미시 원평동,경상사고,0,0,3,0,차대차 - 측면충돌,신호위반,건조,맑음,교차로 - 교차로안,승용,남,67세,상해없음,승용,남,22세,경상
2022011400100471,2022년 1월 14일 18시,금요일,경상북도 군위군 소보면,경상사고,0,0,1,0,차대차 - 추돌,안전운전불이행,건조,맑음,단일로 - 기타,화물,남,64세,상해없음,승용,여,25세,경상
2022011400100525,2022년 1월 14일 19시,금요일,경상북도 경주시 황성동,경상사고,0,0,1,0,차대차 - 측면충돌,직진우회전진행방해,건조,맑음,교차로 - 교차로안,화물,남,49세,상해없음,자전거,남,53세,경상
2022011400100526,2022년 1월 14일 19시,금요일,경상북도 문경시 흥덕동,경상사고,0,0,2,0,차대차 - 추돌,안전거리미확보,건조,맑음,단일로 - 기타,승용,남,61세,상해없음,승용,남,64세,경상
2022011400100527,2022년 1월 14일 19시,금요일,경상북도 포항시 남구 오천읍,경상사고,0,0,3,0,차대차 - 기타,안전운전불이행,건조,맑음,단일로 - 기타,승용,남,31세,경상,승용,여,34세,경상
2022011400100575,2022년 1월 14일 20시,금요일,경상북도 구미시 진평동,중상사고,0,1,1,0,차대차 - 추돌,안전운전불이행,건조,흐림,교차로 - 교차로부근,이륜,남,41세,중상,승용,남,28세,경상
2022011400100576,2022년 1월 14일 20시,금요일,경상북도 구미시 고아읍,경상사고,0,0,2,0,차량단독 - 기타,안전운전불이행,건조,맑음,단일로 - 기타,승용,남,44세,상해없음,,,,
2022011400100625,2022년 1월 14일 21시,금요일,경상북도 안동시 태화동,경상사고,0,0,1,0,차대차 - 기타,안전운전불이행,건조,맑음,단일로 - 기타,승용,남,56세,경상,승용,남,56세,기타불명
2022011400100626,2022년 1월 14일 21시,금요일,경상북도 경산시 사동,경상사고,0,0,2,0,차대차 - 측면충돌,안전운전불이행,건조,맑음,교차로 - 교차로부근,승용,남,44세,상해없음,승용,남,53세,경상
2022011400100659,2022년 1월 14일 22시,금요일,경상북도 성주군 성주읍,중상사고,0,1,0,0,차량단독 - 공작물충돌,안전운전불이행,건조,맑음,단일로 - 기타,승용,남,67세,중상,,,,
2022011500100009,2022년 1월 15일 00시,토요일,경상북도 김천시 성내동,중상사고,0,2,3,0,차대차 - 정면충돌,안전운전불이행,건조,맑음,교차로 - 교차로안,승용,여,38세,상해없음,승용,남,62세,경상
2022011500100036,2022년 1월 15일 06시,토요일,경상북도 구미시 광평동,경상사고,0,0,2,0,차대차 - 측면충돌,교차로운행방법위반,건조,맑음,교차로 - 교차로안,승용,남,40세,경상,승용,남,71세,경상
2022011500100061,2022년 1월 15일 08시,토요일,경상북도 청도군 금천면,중상사고,0,1,1,0,차대차 - 추돌,안전운전불이행,건조,맑음,교차로 - 교차로부근,승용,남,69세,상해없음,승용,남,61세,경상
2022011500100062,2022년 1월 15일 08시,토요일,경상북도 군위군 효령면,경상사고,0,0,3,0,차대차 - 측면충돌,안전운전불이행,건조,흐림,단일로 - 기타,화물,남,64세,상해없음,승용,남,35세,경상
2022011500100082,2022년 1월 15일 09시,토요일,경상북도 경주시 안강읍,경상사고,0,0,1,0,차대차 - 측면충돌,안전운전불이행,건조,맑음,교차로 - 교차로안,화물,남,60세,상해없음,승용,남,48세,경상
2022011500100083,2022년 1월 15일 09시,토요일,경상북도 구미시 신평동,경상사고,0,0,1,0,차대차 - 추돌,안전운전불이행,건조,맑음,교차로 - 교차로부근,승용,여,45세,상해없음,승용,남,37세,경상
2022011500100084,2022년 1월 15일 09시,토요일,경상북도 군위군 소보면,경상사고,0,0,1,0,차대차 - 측면충돌,안전운전불이행,건조,맑음,단일로 - 기타,승용,남,48세,상해없음,승용,남,34세,경상
2022011500100138,2022년 1월 15일 11시,토요일,경상북도 경주시 용강동,중상사고,0,1,1,0,차대차 - 추돌,안전운전불이행,건조,맑음,교차로 - 교차로부근,화물,남,31세,상해없음,승용,남,78세,중상
2022011500100139,2022년 1월 15일 11시,토요일,경상북도 포항시 북구 죽도동,경상사고,0,0,1,0,차대차 - 측면충돌,중앙선침범,건조,맑음,단일로 - 기타,승용,남,65세,상해없음,화물,남,61세,경상
2022011500100140,2022년 1월 15일 11시,토요일,경상북도 영주시 문정동,경상사고,0,0,2,0,차대차 - 측면충돌,안전운전불이행,건조,맑음,단일로 - 기타,승용,남,55세,상해없음,화물,남,49세,경상
2022011500100141,2022년 1월 15일 11시,토요일,경상북도 구미시 송정동,경상사고,0,0,2,0,차대차 - 추돌,안전운전불이행,건조,맑음,교차로 - 교차로부근,승용,남,60세,상해없음,승합,남,67세,경상
2022011500100142,2022년 1월 15일 11시,토요일,경상북도 구미시 해평면,중상사고,0,1,0,0,차량단독 - 기타,안전운전불이행,건조,맑음,단일로 - 기타,사륜오토바이(ATV),여,82세,중상,,,,
2022011500100202,2022년 1월 15일 13시,토요일,경상북도 영덕군 영덕읍,경상사고,0,0,1,1,차대차 - 정면충돌,중앙선침범,건조,맑음,단일로 - 지하차도(도로)내,승용,여,35세,부상신고,이륜,남,19세,경상
2022011500100231,2022년 1월 15일 14시,토요일,경상북도 포항시 북구 흥해읍,경상사고,0,0,1,0,차대차 - 측면충돌,안전운전불이행,건조,맑음,단일로 - 기타,승용,여,52세,상해없음,이륜,남,22세,경상
2022011500100232,2022년 1월 15일 14시,토요일,경상북도 김천시 평화동,경상사고,0,0,1,0,차대사람 - 횡단중,보행자보호의무위반,건조,맑음,교차로 - 교차로횡단보도내,화물,남,57세,상해없음,보행자,여,68세,경상
2022011500100233,2022년 1월 15일 14시,토요일,경상북도 구미시 산동읍,중상사고,0,1,0,0,차대차 - 기타,안전운전불이행,건조,맑음,교차로 - 교차로부근,이륜,남,56세,중상,승용,남,55세,상해없음
2022011500100295,2022년 1월 15일 16시,토요일,경상북도 경주시 안강읍,부상신고사고,0,0,0,1,차대사람 - 기타,안전운전불이행,건조,맑음,교차로 - 교차로부근,승용,남,24세,상해없음,보행자,여,77세,부상신고
2022011500100296,2022년 1월 15일 16시,토요일,경상북도 문경시 마성면,중상사고,0,1,2,0,차대차 - 추돌,안전운전불이행,건조,맑음,교차로 - 교차로안,화물,남,61세,중상,승용,여,48세,경상
2022011500100297,2022년 1월 15일 16시,토요일,경상북도 청송군 파천면,경상사고,0,0,1,0,차대차 - 정면충돌,중앙선침범,건조,맑음,단일로 - 지하차도(도로)내,승용,남,81세,상해없음,승용,남,36세,경상
2022011500100328,2022년 1월 15일 17시,토요일,경상북도 영주시 가흥동,중상사고,0,1,0,0,차대차 - 측면충돌,안전운전불이행,건조,맑음,교차로 - 교차로안,승용,남,64세,상해없음,이륜,남,23세,중상
2022011500100329,2022년 1월 15일 17시,토요일,경상북도 경산시 남산면,경상사고,0,0,2,0,차대차 - 측면충돌,안전운전불이행,건조,맑음,단일로 - 기타,승용,남,34세,상해없음,승용,남,31세,경상
2022011500100430,2022년 1월 15일 19시,토요일,경상북도 포항시 북구 흥해읍,중상사고,0,1,0,0,차대사람 - 횡단중,보행자보호의무위반,건조,맑음,교차로 - 교차로횡단보도내,승용,남,65세,상해없음,보행자,여,14세,중상
2022011500100464,2022년 1월 15일 20시,토요일,경상북도 포항시 남구 오천읍,경상사고,0,0,2,0,차대차 - 측면충돌,안전운전불이행,건조,맑음,단일로 - 지하차도(도로)내,승용,남,47세,상해없음,승용,남,32세,경상
2022011500100506,2022년 1월 15일 21시,토요일,경상북도 구미시 황상동,중상사고,0,2,0,0,차대차 - 측면충돌,안전운전불이행,건조,맑음,단일로 - 기타,승용,남,24세,상해없음,승용,남,34세,중상
2022011500100553,2022년 1월 15일 23시,토요일,경상북도 안동시 태화동,중상사고,0,2,2,0,차대차 - 측면충돌,신호위반,건조,맑음,교차로 - 교차로안,승용,남,51세,상해없음,승용,남,50세,중상
2022011500100554,2022년 1월 15일 23시,토요일,경상북도 성주군 성주읍,중상사고,0,1,0,0,차대차 - 기타,안전운전불이행,건조,맑음,단일로 - 기타,승용,남,57세,중상,건설기계,남,62세,상해없음
2022011500100555,2022년 1월 15일 23시,토요일,경상북도 구미시 공단동,중상사고,0,1,0,0,차대차 - 측면충돌,중앙선침범,건조,맑음,교차로 - 교차로안,승용,남,53세,상해없음,승용,여,33세,중상
2022011500100556,2022년 1월 15일 23시,토요일,경상북도 포항시 남구 상도동,경상사고,0,0,1,0,차대차 - 추돌,안전운전불이행,건조,맑음,교차로 - 교차로부근,승용,남,42세,상해없음,승용,남,50세,경상
2022011600100019,2022년 1월 16일 01시,일요일,경상북도 안동시 길안면,경상사고,0,0,2,0,차량단독 - 공작물충돌,안전운전불이행,건조,맑음,단일로 - 기타,승용,남,21세,상해없음,,,,
2022011600100020,2022년 1월 16일 01시,일요일,경상북도 구미시 황상동,중상사고,0,1,0,0,차대차 - 기타,안전운전불이행,건조,맑음,단일로 - 기타,승용,남,28세,상해없음,개인형이동수단(PM),남,19세,중상
2022011600100044,2022년 1월 16일 08시,일요일,경상북도 구미시 임은동,중상사고,0,1,6,0,차대차 - 측면충돌,안전운전불이행,건조,맑음,단일로 - 기타,승용,남,27세,상해없음,승합,남,22세,중상
2022011600100069,2022년 1월 16일 10시,일요일,경상북도 문경시 영순면,경상사고,0,0,4,0,차대차 - 측면충돌,안전운전불이행,건조,맑음,교차로 - 교차로부근,농기계,남,38세,경상,승용,남,40세,경상
2022011600100094,2022년 1월 16일 11시,일요일,경상북도 봉화군 봉성면,경상사고,0,0,4,0,차대차 - 측면충돌,안전운전불이행,건조,맑음,단일로 - 기타,승용,남,73세,경상,승용,여,60세,경상
2022011600100095,2022년 1월 16일 11시,일요일,경상북도 포항시 남구 장기면,중상사고,0,1,0,0,차대차 - 정면충돌,안전운전불이행,건조,맑음,단일로 - 기타,이륜,남,84세,중상,승용,여,58세,상해없음
2022011600100119,2022년 1월 16일 12시,일요일,경상북도 상주시 함창읍,중상사고,0,1,0,0,차대차 - 기타,교차로운행방법위반,건조,맑음,교차로 - 교차로부근,화물,남,58세,상해없음,자전거,여,77세,중상
2022011600100174,2022년 1월 16일 14시,일요일,경상북도 영천시 문외동,중상사고,0,1,1,0,차대차 - 측면충돌,직진우회전진행방해,건조,맑음,교차로 - 교차로안,승용,남,53세,경상,화물,남,73세,상해없음
2022011600100175,2022년 1월 16일 14시,일요일,경상북도 구미시 선산읍,경상사고,0,0,2,0,차대차 - 측면충돌,안전운전불이행,건조,맑음,교차로 - 교차로안,승용,여,45세,경상,화물,남,70세,경상
2022011600100198,2022년 1월 16일 15시,일요일,경상북도 포항시 북구 흥해읍,경상사고,0,0,1,0,차대차 - 추돌,안전운전불이행,건조,맑음,단일로 - 기타,승용,여,48세,상해없음,승용,남,31세,경상
2022011600100199,2022년 1월 16일 15시,일요일,경상북도 경산시 삼북동,경상사고,0,0,1,0,차대사람 - 보도통행중,보행자보호의무위반,건조,맑음,교차로 - 교차로횡단보도내,승용,남,55세,상해없음,보행자,여,26세,경상
2022011600100225,2022년 1월 16일 16시,일요일,경상북도 영덕군 강구면,경상사고,0,0,1,0,차대차 - 추돌,안전운전불이행,건조,맑음,교차로 - 교차로부근,승용,남,36세,상해없음,승용,여,41세,경상
2022011600100244,2022년 1월 16일 17시,일요일,경상북도 칠곡군 왜관읍,중상사고,0,1,0,0,차대사람 - 기타,안전운전불이행,건조,맑음,단일로 - 기타,승용,남,42세,상해없음,보행자,남,84세,중상
2022011600100270,2022년 1월 16일 18시,일요일,경상북도 경주시 성건동,중상사고,0,1,0,0,차대차 - 기타,안전운전불이행,건조,맑음,교차로 - 교차로안,승용,여,52세,상해없음,원동기,남,33세,중상
2022011600100271,2022년 1월 16일 18시,일요일,경상북도 영주시 봉현면,경상사고,0,0,1,0,차대차 - 측면충돌,직진우회전진행방해,건조,맑음,교차로 - 교차로안,승용,여,33세,상해없음,승용,남,55세,경상
2022011600100306,2022년 1월 16일 19시,일요일,경상북도 구미시 인의동,경상사고,0,0,1,1,차대차 - 측면충돌,교차로운행방법위반,건조,맑음,교차로 - 교차로안,승용,남,32세,부상신고,승용,남,59세,경상
2022011600100346,2022년 1월 16일 21시,일요일,경상북도 구미시 옥계동,중상사고,0,2,2,0,차대차 - 추돌,안전운전불이행,건조,맑음,단일로 - 기타,승용,남,40세,중상,승용,남,22세,경상
2022011700100051,2022년 1월 17일 07시,월요일,경상북도 포항시 남구 인덕동,경상사고,0,0,2,0,차대차 - 기타,안전거리미확보,건조,맑음,교차로 - 교차로안,승용,남,49세,상해없음,승용,여,66세,경상
2022011700100079,2022년 1월 17일 08시,월요일,경상북도 포항시 북구 남빈동,경상사고,0,0,1,0,차대차 - 기타,신호위반,건조,맑음,교차로 - 교차로부근,승용,여,45세,상해없음,승합,남,51세,경상
2022011700100128,2022년 1월 17일 10시,월요일,경상북도 의성군 단북면,중상사고,0,1,0,0,차대차 - 측면충돌,신호위반,건조,맑음,교차로 - 교차로안,건설기계,남,62세,상해없음,승용,남,82세,중상
2022011700100150,2022년 1월 17일 11시,월요일,경상북도 칠곡군 북삼읍,경상사고,0,0,4,0,차대차 - 측면충돌,기타,건조,맑음,교차로 - 교차로안,승용,여,65세,경상,승합,남,57세,경상
2022011700100199,2022년 1월 17일 13시,월요일,경상북도 포항시 남구 대잠동,경상사고,0,0,1,0,차대차 - 측면충돌,신호위반,건조,맑음,교차로 - 교차로부근,화물,남,30세,상해없음,승용,여,38세,경상
2022011700100200,2022년 1월 17일 13시,월요일,경상북도 포항시 남구 송내동,경상사고,0,0,1,0,차대차 - 측면충돌,교차로운행방법위반,건조,맑음,교차로 - 교차로안,화물,남,71세,상해없음,화물,남,38세,상해없음
2022011700100286,2022년 1월 17일 15시,월요일,경상북도 경주시 안강읍,경상사고,0,0,1,0,차대사람 - 차도통행중,안전운전불이행,건조,맑음,단일로 - 기타,화물,남,65세,상해없음,보행자,여,67세,경상
2022011700100287,2022년 1월 17일 15시,월요일,경상북도 경주시 건천읍,경상사고,0,0,1,0,차대사람 - 차도통행중,안전운전불이행,건조,맑음,교차로 - 교차로부근,승합,남,63세,상해없음,보행자,남,64세,경상
2022011700100288,2022년 1월 17일 15시,월요일,경상북도 포항시 남구 해도동,중상사고,0,1,0,0,차대차 - 측면충돌,중앙선침범,건조,맑음,단일로 - 기타,자전거,남,76세,중상,승용,여,74세,상해없음
2022011700100312,2022년 1월 17일 16시,월요일,경상북도 포항시 북구 흥해읍,경상사고,0,0,1,0,차대사람 - 기타,안전운전불이행,건조,맑음,교차로 - 교차로부근,승용,여,25세,상해없음,보행자,여,85세,경상
2022011700100313,2022년 1월 17일 16시,월요일,경상북도 포항시 남구 오천읍,경상사고,0,0,5,0,차대차 - 측면충돌,안전운전불이행,건조,맑음,단일로 - 기타,승용,여,45세,경상,승용,여,40세,경상
2022011700100341,2022년 1월 17일 17시,월요일,경상북도 예천군 예천읍,중상사고,0,1,0,0,차대차 - 정면충돌,중앙선침범,건조,맑음,교차로 - 교차로부근,이륜,남,78세,중상,승용,여,52세,상해없음
2022011700100342,2022년 1월 17일 17시,월요일,경상북도 구미시 공단동,중상사고,0,1,0,0,차대사람 - 보도통행중,안전운전불이행,건조,맑음,교차로 - 교차로안,승합,남,53세,상해없음,보행자,남,32세,중상
2022011700100393,2022년 1월 17일 18시,월요일,경상북도 영천시 화남면,경상사고,0,0,1,0,차대차 - 후진중충돌,안전운전불이행,건조,맑음,교차로 - 교차로부근,화물,남,61세,상해없음,승용,남,54세,경상
2022011700100420,2022년 1월 17일 19시,월요일,경상북도 안동시 당북동,중상사고,0,1,0,0,차대사람 - 길가장자리구역통행중,안전운전불이행,젖음/습기,눈,단일로 - 기타,승용,남,28세,상해없음,보행자,여,60세,중상
2022011700100448,2022년 1월 17일 20시,월요일,경상북도 경산시 옥산동,중상사고,0,1,1,0,차대차 - 측면충돌,기타,건조,맑음,교차로 - 교차로안,이륜,남,32세,중상,승용,남,65세,경상
2022011700100471,2022년 1월 17일 21시,월요일,경상북도 김천시 신음동,경상사고,0,0,1,0,차대사람 - 차도통행중,안전운전불이행,건조,맑음,교차로 - 교차로부근,승용,남,20세,상해없음,보행자,남,29세,경상
2022011700100472,2022년 1월 17일 21시,월요일,경상북도 구미시 시미동,경상사고,0,0,1,0,차대차 - 측면충돌,안전운전불이행,건조,맑음,교차로 - 교차로부근,승용,남,37세,상해없음,승용,남,34세,경상
2022011700100504,2022년 1월 17일 22시,월요일,경상북도 구미시 신평동,중상사고,0,2,1,0,차대차 - 추돌,안전운전불이행,건조,맑음,교차로 - 교차로부근,승용,남,18세,중상,화물,남,38세,경상
2022011700100521,2022년 1월 17일 23시,월요일,경상북도 포항시 북구 장성동,경상사고,0,0,1,0,차대차 - 추돌,안전운전불이행,건조,맑음,교차로 - 교차로부근,승용,남,54세,상해없음,승용,여,21세,경상
2022011800100057,2022년 1월 18일 07시,화요일,경상북도 구미시 공단동,경상사고,0,0,1,0,차대차 - 추돌,안전운전불이행,건조,맑음,교차로 - 교차로안,승용,남,28세,상해없음,승용,남,53세,경상
2022011800100187,2022년 1월 18일 11시,화요일,경상북도 영주시 영주동,경상사고,0,0,2,0,차대차 - 측면충돌,안전운전불이행,건조,맑음,교차로 - 교차로안,화물,남,63세,상해없음,승용,남,52세,경상
2022011800100188,2022년 1월 18일 11시,화요일,경상북도 구미시 인의동,경상사고,0,0,1,0,차대차 - 기타,안전거리미확보,건조,맑음,단일로 - 기타,화물,남,63세,상해없음,승합,남,27세,상해없음
2022011800100257,2022년 1월 18일 13시,화요일,경상북도 경주시 동천동,부상신고사고,0,0,0,1,차대사람 - 기타,안전운전불이행,건조,맑음,교차로 - 교차로부근,승용,여,55세,상해없음,보행자,남,12세,부상신고
2022011800100258,2022년 1월 18일 13시,화요일,경상북도 김천시 덕곡동,경상사고,0,0,1,0,차대차 - 추돌,교차로운행방법위반,건조,맑음,교차로 - 교차로부근,승용,남,81세,상해없음,승용,여,58세,경상
2022011800100259,2022년 1월 18일 13시,화요일,경상북도 구미시 원평동,경상사고,0,0,1,0,차대사람 - 기타,안전운전불이행,건조,맑음,단일로 - 기타,화물,남,41세,상해없음,보행자,여,62세,경상
2022011800100296,2022년 1월 18일 14시,화요일,경상북도 군위군 산성면,경상사고,0,0,3,0,차대차 - 측면충돌,신호위반,건조,맑음,교차로 - 교차로안,승용,여,54세,경상,승용,남,32세,경상
2022011800100336,2022년 1월 18일 15시,화요일,경상북도 경주시 황오동,경상사고,0,0,1,0,차대차 - 추돌,안전운전불이행,건조,맑음,교차로 - 교차로부근,승용,남,24세,상해없음,승용,남,59세,경상
2022011800100337,2022년 1월 18일 15시,화요일,경상북도 영주시 가흥동,경상사고,0,0,1,0,차대차 - 측면충돌,안전운전불이행,건조,맑음,교차로 - 교차로횡단보도내,승용,남,42세,상해없음,자전거,여,60세,경상
2022011800100338,2022년 1월 18일 15시,화요일,경상북도 경산시 압량읍,경상사고,0,0,1,0,차대차 - 기타,교차로운행방법위반,건조,맑음,교차로 - 교차로안,화물,남,29세,상해없음,승용,여,58세,경상
2022011800100339,2022년 1월 18일 15시,화요일,경상북도 성주군 선남면,중상사고,0,1,3,0,차대차 - 추돌,안전운전불이행,건조,맑음,단일로 - 기타,승용,남,24세,중상,화물,남,68세,경상
2022011800100340,2022년 1월 18일 15시,화요일,경상북도 구미시 송정동,중상사고,0,2,0,0,차대차 - 정면충돌,신호위반,건조,맑음,교차로 - 교차로안,승용,남,43세,상해없음,승용,남,53세,중상
2022011800100420,2022년 1월 18일 17시,화요일,경상북도 경주시 황성동,경상사고,0,0,1,0,차대차 - 측면충돌,안전운전불이행,건조,맑음,교차로 - 교차로횡단보도내,자전거,남,59세,경상,승용,여,24세,상해없음
2022011800100421,2022년 1월 18일 17시,화요일,경상북도 영덕군 영덕읍,중상사고,0,1,0,1,차대차 - 추돌,안전거리미확보,건조,맑음,단일로 - 기타,승용,여,50세,부상신고,승용,여,67세,중상
2022011800100472,2022년 1월 18일 18시,화요일,경상북도 포항시 북구 흥해읍,경상사고,0,0,1,0,차대차 - 추돌,안전운전불이행,건조,맑음,기타 - 기타,승용,남,38세,상해없음,승용,남,59세,상해없음
2022011800100473,2022년 1월 18일 18시,화요일,경상북도 안동시 태화동,경상사고,0,0,3,0,차대차 - 기타,안전운전불이행,건조,맑음,단일로 - 기타,승용,남,54세,경상,승용,남,54세,경상
2022011800100474,2022년 1월 18일 18시,화요일,경상북도 김천시 율곡동,중상사고,0,1,0,0,차대차 - 측면충돌,기타,건조,맑음,단일로 - 기타,화물,남,62세,상해없음,자전거,여,30세,중상
2022011800100475,2022년 1월 18일 18시,화요일,경상북도 칠곡군 석적읍,경상사고,0,0,1,0,차대차 - 측면충돌,신호위반,건조,맑음,교차로 - 교차로안,승용,여,31세,상해없음,승용,여,40세,경상
2022011800100536,2022년 1월 18일 19시,화요일,경상북도 경주시 천북면,경상사고,0,0,1,0,차대사람 - 길가장자리구역통행중,안전운전불이행,건조,맑음,단일로 - 기타,화물,남,58세,상해없음,보행자,남,73세,경상
2022011800100572,2022년 1월 18일 20시,화요일,경상북도 김천시 아포읍,중상사고,0,1,2,0,차대차 - 추돌,안전운전불이행,건조,맑음,단일로 - 기타,화물,남,55세,경상,화물,남,51세,경상
2022011800100609,2022년 1월 18일 21시,화요일,경상북도 구미시 인의동,경상사고,0,0,1,0,차대사람 - 기타,안전운전불이행,건조,맑음,교차로 - 교차로부근,승용,여,27세,상해없음,보행자,남,21세,경상
2022011800100610,2022년 1월 18일 21시,화요일,경상북도 구미시 도량동,경상사고,0,0,1,0,차대사람 - 차도통행중,안전운전불이행,건조,맑음,단일로 - 기타,승용,남,58세,상해없음,보행자,남,21세,경상
2022011800100636,2022년 1월 18일 22시,화요일,경상북도 경주시 외동읍,경상사고,0,0,2,0,차대차 - 측면충돌,신호위반,건조,맑음,교차로 - 교차로안,승합,남,66세,상해없음,승용,남,28세,경상
2022011800100655,2022년 1월 18일 23시,화요일,경상북도 영천시 교촌동,경상사고,0,0,3,0,차대차 - 측면충돌,안전운전불이행,건조,맑음,교차로 - 교차로안,화물,남,50세,경상,승용,남,27세,경상
2022011800100656,2022년 1월 18일 23시,화요일,경상북도 구미시 거의동,경상사고,0,0,1,0,차대차 - 추돌,안전운전불이행,건조,맑음,단일로 - 기타,승용,남,44세,상해없음,승용,여,50세,경상
2022011900100010,2022년 1월 19일 03시,수요일,경상북도 구미시 공단동,경상사고,0,0,1,1,차대차 - 추돌,안전운전불이행,건조,맑음,단일로 - 교량,승용,남,27세,부상신고,건설기계,남,39세,경상
2022011900100024,2022년 1월 19일 05시,수요일,경상북도 포항시 북구 장성동,경상사고,0,0,1,0,차대차 - 기타,안전운전불이행,건조,맑음,교차로 - 교차로안,승합,여,34세,상해없음,승용,여,60세,경상
2022011900100087,2022년 1월 19일 08시,수요일,경상북도 포항시 북구 기계면,중상사고,0,1,0,0,차대사람 - 길가장자리구역통행중,안전운전불이행,건조,맑음,단일로 - 기타,승용,여,68세,상해없음,보행자,남,90세,중상
2022011900100088,2022년 1월 19일 08시,수요일,경상북도 영천시 야사동,경상사고,0,0,1,0,차대사람 - 횡단중,안전운전불이행,건조,맑음,교차로 - 교차로안,승용,남,62세,상해없음,보행자,남,55세,경상
2022011900100089,2022년 1월 19일 08시,수요일,경상북도 청송군 진보면,경상사고,0,0,1,0,차대차 - 측면충돌,안전운전불이행,건조,맑음,교차로 - 교차로안,화물,남,73세,상해없음,승용,여,53세,경상
2022011900100090,2022년 1월 19일 08시,수요일,경상북도 포항시 남구 대도동,경상사고,0,0,1,0,차대차 - 추돌,안전운전불이행,건조,맑음,단일로 - 기타,승용,여,44세,상해없음,승용,여,54세,경상
2022011900100113,2022년 1월 19일 09시,수요일,경상북도 포항시 북구 덕수동,경상사고,0,0,1,0,차대차 - 측면충돌,안전운전불이행,건조,맑음,교차로 - 교차로부근,승용,남,38세,상해없음,승용,남,31세,경상