사고번호,사고일시,요일,시군구,사고내용,사망자수,중상자수,경상자수,부상신고자수,사고유형,법규위반,노면상태,기상상태,도로형태,가해운전자 차종,가해운전자 성별,가해운전자 연령,가해운전자 상해정도,피해운전자 차종,피해운전자 성별,피해운전자 연령,피해운전자 상해정도
2022012700100368,2022년 1월 27일 17시,목요일,경상북도 경산시 대동,경상사고,0,0,2,0,차대차 - 측면충돌,안전운전불이행,건조,맑음,교차로 - 교차로부근,승용,남,53세,상해없음,승용,남,32세,경상
2022012700100412,2022년 1월 27일 18시,목요일,경상북도 영천시 야사동,중상사고,0,2,1,0,차대차 - 정면충돌,안전운전불이행,건조,맑음,교차로 - 교차로안,승용,남,63세,경상,승용,여,49세,중상
2022012700100413,2022년 1월 27일 18시,목요일,경상북도 포항시 남구 오천읍,경상사고,0,0,1,0,차대차 - 기타,교차로운행방법위반,건조,맑음,교차로 - 교차로안,승용,남,55세,상해없음,이륜,남,45세,경상
2022012700100481,2022년 1월 27일 20시,목요일,경상북도 청도군 매전면,중상사고,0,1,0,0,차량단독 - 도로외이탈 - 추락,안전운전불이행,건조,흐림,단일로 - 기타,이륜,남,23세,중상,,,,
2022012700100518,2022년 1월 27일 21시,목요일,경상북도 경산시 삼풍동,중상사고,0,1,3,0,차대차 - 추돌,안전운전불이행,건조,맑음,교차로 - 교차로부근,화물,남,55세,중상,화물,남,70세,경상
2022012700100519,2022년 1월 27일 21시,목요일,경상북도 포항시 남구 청림동,부상신고사고,0,0,0,1,차량단독 - 기타,안전운전불이행,건조,맑음,교차로 - 교차로안,승용,남,44세,부상신고,,,,
2022012700100536,2022년 1월 27일 22시,목요일,경상북도 포항시 남구 대송면,중상사고,0,1,0,0,차대사람 - 기타,안전운전불이행,건조,맑음,단일로 - 기타,화물,남,52세,상해없음,보행자,남,61세,중상
2022012800100025,2022년 1월 28일 06시,금요일,경상북도 구미시 공단동,경상사고,0,0,1,0,차대차 - 기타,안전운전불이행,건조,맑음,교차로 - 교차로안,승용,남,43세,상해없음,자전거,남,67세,경상
2022012800100040,2022년 1월 28일 07시,금요일,경상북도 경주시 동천동,사망사고,1,0,0,0,차대사람 - 차도통행중,기타,건조,맑음,단일로 - 기타,승용,남,48세,상해없음,보행자,여,83세,사망
2022012800100041,2022년 1월 28일 07시,금요일,경상북도 김천시 성내동,중상사고,0,1,1,0,차대차 - 정면충돌,신호위반,건조,맑음,교차로 - 교차로안,승용,남,61세,상해없음,화물,남,55세,경상
2022012800100068,2022년 1월 28일 08시,금요일,경상북도 포항시 남구 연일읍,경상사고,0,0,2,0,차대차 - 측면충돌,신호위반,건조,맑음,교차로 - 교차로안,건설기계,남,56세,경상,승용,남,74세,경상
2022012800100094,2022년 1월 28일 09시,금요일,경상북도 포항시 남구 오천읍,부상신고사고,0,0,0,1,차대차 - 측면충돌,안전운전불이행,건조,맑음,기타 - 기타,이륜,여,27세,부상신고,화물,여,42세,상해없음
2022012800100123,2022년 1월 28일 10시,금요일,경상북도 울진군 기성면,경상사고,0,0,1,0,차대차 - 측면충돌,직진우회전진행방해,건조,맑음,교차로 - 교차로안,승용,여,48세,상해없음,화물,남,67세,경상
2022012800100165,2022년 1월 28일 11시,금요일,경상북도 포항시 북구 환호동,중상사고,0,1,0,0,차량단독 - 공작물충돌,안전운전불이행,건조,맑음,단일로 - 기타,승용,여,66세,상해없음,,,,
2022012800100167,2022년 1월 28일 11시,금요일,경상북도 경산시 조영동,경상사고,0,0,1,0,차대사람 - 차도통행중,안전운전불이행,건조,맑음,단일로 - 기타,화물,남,33세,상해없음,보행자,여,60세,경상
2022012800100204,2022년 1월 28일 12시,금요일,경상북도 안동시 신안동,경상사고,0,0,1,0,차대차 - 측면충돌,안전거리미확보,건조,맑음,단일로 - 기타,화물,남,70세,상해없음,화물,남,49세,경상
2022012800100205,2022년 1월 28일 12시,금요일,경상북도 경산시 옥곡동,경상사고,0,0,1,0,차대사람 - 차도통행중,안전운전불이행,건조,맑음,단일로 - 기타,승용,남,64세,상해없음,보행자,여,61세,경상
2022012800100206,2022년 1월 28일 12시,금요일,경상북도 성주군 성주읍,경상사고,0,0,1,0,차대사람 - 기타,안전운전불이행,건조,맑음,단일로 - 기타,승용,여,64세,상해없음,보행자,남,46세,경상
2022012800100207,2022년 1월 28일 12시,금요일,경상북도 구미시 송정동,경상사고,0,0,3,0,차대차 - 기타,직진우회전진행방해,건조,맑음,교차로 - 교차로안,화물,남,74세,경상,승용,여,64세,경상
2022012800100242,2022년 1월 28일 13시,금요일,경상북도 김천시 신음동,경상사고,0,0,1,0,차대차 - 추돌,안전운전불이행,건조,맑음,단일로 - 기타,승용,여,32세,상해없음,승용,여,30세,경상
2022012800100243,2022년 1월 28일 13시,금요일,경상북도 구미시 고아읍,중상사고,0,1,0,0,차대차 - 추돌,안전거리미확보,건조,맑음,교차로 - 교차로안,승용,여,48세,상해없음,승합,여,41세,중상
2022012800100286,2022년 1월 28일 14시,금요일,경상북도 포항시 북구 장성동,경상사고,0,0,1,0,차대사람 - 길가장자리구역통행중,안전운전불이행,건조,맑음,단일로 - 기타,승합,남,73세,상해없음,보행자,남,9세,경상
2022012800100336,2022년 1월 28일 15시,금요일,경상북도 경주시 황오동,경상사고,0,0,2,0,차대차 - 기타,안전운전불이행,건조,맑음,교차로 - 교차로부근,승용,여,63세,상해없음,승용,남,28세,경상
2022012800100337,2022년 1월 28일 15시,금요일,경상북도 구미시 상모동,경상사고,0,0,1,0,차대차 - 후진중충돌,안전거리미확보,건조,맑음,단일로 - 기타,승용,여,31세,상해없음,승합,남,68세,상해없음
2022012800100368,2022년 1월 28일 16시,금요일,경상북도 경주시 서부동,경상사고,0,0,1,0,차대차 - 측면충돌,안전운전불이행,건조,맑음,교차로 - 교차로안,이륜,여,81세,경상,승용,남,31세,상해없음
2022012800100369,2022년 1월 28일 16시,금요일,경상북도 김천시 부곡동,경상사고,0,0,1,0,차대차 - 측면충돌,안전운전불이행,건조,맑음,단일로 - 기타,승용,여,76세,상해없음,자전거,남,12세,경상
2022012800100370,2022년 1월 28일 16시,금요일,경상북도 영주시 풍기읍,중상사고,0,1,0,0,차대차 - 측면충돌,안전운전불이행,건조,맑음,단일로 - 기타,사륜오토바이(ATV),남,66세,중상,승용,여,39세,상해없음
2022012800100371,2022년 1월 28일 16시,금요일,경상북도 예천군 예천읍,중상사고,0,2,0,0,차대차 - 측면충돌,직진우회전진행방해,건조,맑음,교차로 - 교차로안,화물,여,65세,중상,승용,여,23세,중상
2022012800100372,2022년 1월 28일 16시,금요일,경상북도 구미시 시미동,경상사고,0,0,3,0,차대차 - 측면충돌,신호위반,건조,맑음,교차로 - 교차로안,승용,남,38세,상해없음,화물,남,46세,경상
2022012800100409,2022년 1월 28일 17시,금요일,경상북도 포항시 북구 죽도동,경상사고,0,0,3,0,차대차 - 측면충돌,교차로운행방법위반,건조,맑음,교차로 - 교차로안,승용,남,66세,경상,승합,남,40세,경상
2022012800100470,2022년 1월 28일 18시,금요일,경상북도 안동시 수하동,부상신고사고,0,0,0,1,차대사람 - 기타,안전운전불이행,건조,맑음,단일로 - 기타,승용,남,41세,상해없음,보행자,여,62세,부상신고
2022012800100471,2022년 1월 28일 18시,금요일,경상북도 청도군 화양읍,경상사고,0,0,1,0,차대차 - 추돌,안전거리미확보,건조,맑음,교차로 - 교차로부근,화물,남,65세,상해없음,승용,남,60세,경상
2022012800100472,2022년 1월 28일 18시,금요일,경상북도 포항시 남구 상도동,중상사고,0,1,1,0,차대차 - 추돌,안전운전불이행,건조,맑음,단일로 - 기타,승용,남,62세,상해없음,승용,남,68세,중상
2022012800100473,2022년 1월 28일 18시,금요일,경상북도 포항시 남구 청림동,중상사고,0,1,1,0,차대차 - 추돌,안전운전불이행,건조,맑음,교차로 - 교차로안,승용,남,29세,상해없음,승용,남,47세,중상
2022012800100527,2022년 1월 28일 19시,금요일,경상북도 영주시 가흥동,중상사고,0,1,0,0,차대사람 - 횡단중,보행자보호의무위반,건조,맑음,단일로 - 기타,이륜,남,44세,상해없음,보행자,여,59세,중상
2022012800100631,2022년 1월 28일 22시,금요일,경상북도 칠곡군 왜관읍,경상사고,0,0,1,0,차대차 - 기타,안전운전불이행,건조,맑음,교차로 - 교차로부근,승용,남,40세,상해없음,승용,남,51세,상해없음
2022012800100632,2022년 1월 28일 22시,금요일,경상북도 경산시 진량읍,사망사고,1,1,0,0,차량단독 - 공작물충돌,안전운전불이행,건조,맑음,단일로 - 기타,승용,남,32세,사망,,,,
2022012900100045,2022년 1월 29일 07시,토요일,경상북도 경주시 노서동,중상사고,0,1,0,0,차대차 - 정면충돌,신호위반,건조,맑음,교차로 - 교차로안,승용,여,47세,상해없음,자전거,여,71세,중상
2022012900100054,2022년 1월 29일 08시,토요일,경상북도 포항시 남구 오천읍,경상사고,0,0,2,0,차대차 - 측면충돌,직진우회전진행방해,건조,맑음,교차로 - 교차로안,화물,여,53세,경상,승용,남,53세,경상
2022012900100067,2022년 1월 29일 09시,토요일,경상북도 포항시 북구 죽도동,중상사고,0,1,0,0,차대사람 - 차도통행중,안전운전불이행,건조,맑음,단일로 - 기타,승용,남,68세,상해없음,보행자,남,72세,중상
2022012900100068,2022년 1월 29일 09시,토요일,경상북도 김천시 부곡동,중상사고,0,1,0,0,차대사람 - 횡단중,안전운전불이행,건조,맑음,주차장 - 주차장,화물,남,41세,상해없음,보행자,여,68세,중상
2022012900100122,2022년 1월 29일 11시,토요일,경상북도 문경시 모전동,경상사고,0,0,3,0,차대차 - 측면충돌,안전운전불이행,건조,맑음,교차로 - 교차로안,승용,남,29세,경상,승용,여,45세,경상
2022012900100123,2022년 1월 29일 11시,토요일,경상북도 문경시 흥덕동,중상사고,0,1,0,0,차대사람 - 보도통행중,교차로운행방법위반,건조,맑음,교차로 - 교차로부근,승용,여,69세,상해없음,보행자,여,58세,중상
2022012900100148,2022년 1월 29일 12시,토요일,경상북도 의성군 봉양면,경상사고,0,0,3,0,차대차 - 후진중충돌,안전운전불이행,건조,맑음,주차장 - 주차장,승용,남,59세,기타불명,승용,여,19세,경상
2022012900100149,2022년 1월 29일 12시,토요일,경상북도 구미시 광평동,경상사고,0,0,1,0,차대차 - 측면충돌,신호위반,건조,맑음,교차로 - 교차로안,승용,여,63세,상해없음,승용,남,45세,경상
2022012900100150,2022년 1월 29일 12시,토요일,경상북도 포항시 남구 오천읍,경상사고,0,0,2,0,차대차 - 측면충돌,안전운전불이행,건조,맑음,교차로 - 교차로안,이륜,남,21세,경상,승용,남,44세,경상
2022012900100185,2022년 1월 29일 13시,토요일,경상북도 포항시 북구 장성동,경상사고,0,0,2,0,차대차 - 추돌,안전운전불이행,건조,맑음,단일로 - 기타,승용,남,44세,상해없음,승용,남,29세,경상
2022012900100186,2022년 1월 29일 13시,토요일,경상북도 구미시 신평동,경상사고,0,0,1,0,차대차 - 측면충돌,교차로운행방법위반,건조,맑음,교차로 - 교차로안,승용,남,57세,상해없음,승용,남,30세,경상
2022012900100187,2022년 1월 29일 13시,토요일,경상북도 문경시 문경읍,중상사고,0,1,2,0,차대차 - 추돌,안전거리미확보,건조,흐림,단일로 - 터널,승용,남,26세,상해없음,승용,여,38세,중상
2022012900100188,2022년 1월 29일 13시,토요일,경상북도 영천시 신녕면,경상사고,0,0,6,0,차대차 - 추돌,안전운전불이행,건조,맑음,단일로 - 기타,승용,기타불명,미분류,기타불명,승용,남,30세,경상
2022012900100211,2022년 1월 29일 14시,토요일,경상북도 영주시 하망동,경상사고,0,0,1,0,차대차 - 측면충돌,안전운전불이행,건조,맑음,교차로 - 교차로안,승용,남,61세,상해없음,이륜,남,55세,경상
2022012900100212,2022년 1월 29일 14시,토요일,경상북도 영천시 오미동,경상사고,0,0,1,0,차대차 - 추돌,중앙선침범,건조,맑음,교차로 - 교차로안,승용,남,30세,상해없음,승용,여,41세,경상
2022012900100213,2022년 1월 29일 14시,토요일,경상북도 경산시 삼남동,경상사고,0,0,3,2,차대차 - 추돌,안전운전불이행,건조,맑음,단일로 - 기타,승용,남,31세,상해없음,승용,남,55세,경상
2022012900100214,2022년 1월 29일 14시,토요일,경상북도 구미시 옥성면,중상사고,0,1,0,0,차대차 - 추돌,안전거리미확보,건조,맑음,단일로 - 터널,승용,남,22세,상해없음,승용,남,43세,중상
2022012900100241,2022년 1월 29일 15시,토요일,경상북도 경주시 동천동,중상사고,0,1,0,0,차대차 - 측면충돌,안전운전불이행,건조,맑음,단일로 - 기타,승용,여,51세,상해없음,이륜,남,47세,중상
2022012900100242,2022년 1월 29일 15시,토요일,경상북도 경산시 남산면,경상사고,0,0,1,0,차대차 - 기타,안전운전불이행,건조,맑음,교차로 - 교차로안,승용,남,60세,상해없음,승용,여,60세,경상
2022012900100243,2022년 1월 29일 15시,토요일,경상북도 청도군 매전면,경상사고,0,0,2,0,차대차 - 추돌,안전운전불이행,건조,맑음,교차로 - 교차로부근,화물,남,76세,상해없음,승용,남,68세,경상
2022012900100280,2022년 1월 29일 16시,토요일,경상북도 경주시 황성동,경상사고,0,0,2,0,차대차 - 측면충돌,안전운전불이행,건조,맑음,교차로 - 교차로안,승용,남,50세,상해없음,이륜,남,22세,경상
2022012900100281,2022년 1월 29일 16시,토요일,경상북도 경주시 황성동,중상사고,0,1,0,0,차대사람 - 기타,기타,건조,맑음,단일로 - 기타,화물,남,61세,상해없음,보행자,여,41세,중상
2022012900100282,2022년 1월 29일 16시,토요일,경상북도 포항시 남구 괴동동,경상사고,0,0,3,0,차대차 - 기타,안전운전불이행,건조,맑음,교차로 - 교차로안,승용,남,22세,상해없음,화물,남,46세,경상
2022012900100314,2022년 1월 29일 17시,토요일,경상북도 경주시 성건동,경상사고,0,0,1,0,차대사람 - 차도통행중,보행자보호의무위반,건조,맑음,교차로 - 교차로횡단보도내,화물,남,72세,상해없음,보행자,남,39세,경상
2022012900100315,2022년 1월 29일 17시,토요일,경상북도 칠곡군 북삼읍,경상사고,0,0,2,0,차대차 - 후진중충돌,안전운전불이행,건조,맑음,주차장 - 주차장,화물,남,63세,상해없음,승용,여,30세,경상
2022012900100316,2022년 1월 29일 17시,토요일,경상북도 구미시 신평동,경상사고,0,0,1,0,차대차 - 기타,안전운전불이행,건조,맑음,교차로 - 교차로안,승용,남,42세,상해없음,이륜,남,63세,경상
2022012900100339,2022년 1월 29일 18시,토요일,경상북도 포항시 북구 용흥동,중상사고,0,1,0,0,차대사람 - 횡단중,신호위반,건조,맑음,기타 - 기타,승용,여,67세,상해없음,보행자,남,67세,중상
2022012900100340,2022년 1월 29일 18시,토요일,경상북도 문경시 모전동,경상사고,0,0,1,0,차대차 - 측면충돌,안전운전불이행,건조,맑음,교차로 - 교차로부근,승용,남,48세,상해없음,이륜,남,25세,경상
2022012900100341,2022년 1월 29일 18시,토요일,경상북도 예천군 용궁면,경상사고,0,0,1,0,차대사람 - 차도통행중,안전운전불이행,건조,맑음,교차로 - 교차로부근,승용,여,52세,상해없음,보행자,여,69세,경상
2022012900100342,2022년 1월 29일 18시,토요일,경상북도 구미시 원평동,중상사고,0,1,0,0,차대사람 - 기타,안전운전불이행,건조,맑음,단일로 - 기타,승용,남,50세,상해없음,보행자,여,72세,중상
2022012900100366,2022년 1월 29일 19시,토요일,경상북도 구미시 선기동,경상사고,0,0,2,0,차대차 - 측면충돌,안전운전불이행,건조,맑음,단일로 - 기타,승용,남,59세,상해없음,승용,남,76세,경상
2022012900100367,2022년 1월 29일 19시,토요일,경상북도 포항시 남구 해도동,경상사고,0,0,1,0,차대차 - 기타,안전운전불이행,건조,맑음,단일로 - 기타,화물,남,55세,상해없음,승용,남,41세,경상
2022012900100452,2022년 1월 29일 22시,토요일,경상북도 김천시 부곡동,경상사고,0,0,3,0,차대차 - 측면충돌,안전운전불이행,건조,맑음,교차로 - 교차로부근,승용,남,41세,기타불명,승용,여,54세,경상
2022013000100016,2022년 1월 30일 01시,일요일,경상북도 포항시 북구 기계면,중상사고,0,2,0,0,차대차 - 측면충돌,안전운전불이행,건조,맑음,단일로 - 기타,승용,남,27세,상해없음,승용,남,39세,중상
2022013000100029,2022년 1월 30일 06시,일요일,경상북도 구미시 도개면,경상사고,0,0,1,0,차량단독 - 공작물충돌,안전운전불이행,건조,맑음,단일로 - 기타,승용,여,45세,경상,,,,
2022013000100030,2022년 1월 30일 07시,일요일,경상북도 칠곡군 가산면,부상신고사고,0,0,0,1,차량단독 - 공작물충돌,안전운전불이행,건조,맑음,단일로 - 기타,화물,남,67세,부상신고,,,,
2022013000100043,2022년 1월 30일 09시,일요일,경상북도 구미시 선기동,경상사고,0,0,1,0,차대차 - 기타,안전거리미확보,건조,맑음,단일로 - 기타,승용,여,62세,상해없음,승용,남,33세,경상
2022013000100052,2022년 1월 30일 10시,일요일,경상북도 안동시 태화동,경상사고,0,0,2,0,차대사람 - 횡단중,보행자보호의무위반,건조,맑음,교차로 - 교차로횡단보도내,화물,남,38세,상해없음,보행자,여,58세,경상
2022013000100098,2022년 1월 30일 12시,일요일,경상북도 경주시 사정동,중상사고,0,1,2,0,차대차 - 측면충돌,신호위반,건조,맑음,단일로 - 기타,승용,남,30세,상해없음,승용,남,38세,경상
2022013000100099,2022년 1월 30일 12시,일요일,경상북도 포항시 남구 연일읍,경상사고,0,0,1,0,차량단독 - 기타,안전운전불이행,건조,맑음,단일로 - 기타,승용,남,39세,경상,,,,
2022013000100100,2022년 1월 30일 12시,일요일,경상북도 안동시 풍산읍,경상사고,0,0,2,0,차대차 - 기타,안전운전불이행,건조,맑음,주차장 - 주차장,승용,여,53세,상해없음,승용,남,40세,경상
2022013000100155,2022년 1월 30일 14시,일요일,경상북도 포항시 남구 이동,경상사고,0,0,1,0,차대차 - 측면충돌,차로위반,건조,맑음,교차로 - 교차로안,승용,여,59세,상해없음,승용,여,46세,경상
2022013000100182,2022년 1월 30일 15시,일요일,경상북도 울진군 금강송면,중상사고,0,1,3,0,차대차 - 정면충돌,중앙선침범,건조,맑음,단일로 - 기타,승용,남,22세,상해없음,승용,남,46세,경상
2022013000100211,2022년 1월 30일 16시,일요일,경상북도 안동시 송현동,부상신고사고,0,0,0,1,차대차 - 기타,안전운전불이행,건조,맑음,기타 - 기타,승용,남,64세,상해없음,승용,남,35세,부상신고
2022013000100238,2022년 1월 30일 17시,일요일,경상북도 구미시 진평동,경상사고,0,0,2,0,차대차 - 추돌,안전운전불이행,건조,맑음,교차로 - 교차로부근,화물,남,55세,상해없음,승용,여,55세,상해없음
2022013000100239,2022년 1월 30일 17시,일요일,경상북도 구미시 황상동,중상사고,0,1,0,0,차대차 - 추돌,안전운전불이행,건조,맑음,단일로 - 기타,승용,남,29세,상해없음,승용,남,48세,중상
2022013000100262,2022년 1월 30일 18시,일요일,경상북도 포항시 북구 우현동,경상사고,0,0,4,0,차대차 - 측면충돌,안전운전불이행,건조,맑음,단일로 - 기타,화물,남,58세,상해없음,승용,남,35세,경상
2022013000100263,2022년 1월 30일 18시,일요일,경상북도 경산시 백천동,중상사고,0,1,0,0,차대사람 - 횡단중,보행자보호의무위반,건조,맑음,교차로 - 교차로횡단보도내,화물,남,59세,상해없음,보행자,여,48세,중상
2022013000100309,2022년 1월 30일 20시,일요일,경상북도 안동시 용상동,사망사고,1,0,0,0,차대사람 - 기타,기타,건조,맑음,교차로 - 교차로부근,승용,남,36세,상해없음,보행자,남,67세,사망
2022013000100310,2022년 1월 30일 20시,일요일,경상북도 안동시 용상동,경상사고,0,0,1,0,차대차 - 측면충돌,안전운전불이행,건조,맑음,단일로 - 기타,승용,남,46세,상해없음,이륜,남,50세,경상
2022013000100311,2022년 1월 30일 20시,일요일,경상북도 구미시 황상동,경상사고,0,0,1,0,차대사람 - 횡단중,신호위반,건조,맑음,교차로 - 교차로안,승용,남,47세,상해없음,보행자,여,69세,경상
2022013000100346,2022년 1월 30일 21시,일요일,경상북도 상주시 무양동,경상사고,0,0,2,0,차대사람 - 횡단중,안전운전불이행,건조,맑음,교차로 - 교차로안,승용,남,64세,상해없음,보행자,여,24세,경상
2022013000100360,2022년 1월 30일 22시,일요일,경상북도 김천시 부곡동,경상사고,0,0,1,0,차대차 - 추돌,안전운전불이행,건조,맑음,교차로 - 교차로부근,승용,남,49세,상해없음,승용,남,66세,경상
2022013000100371,2022년 1월 30일 23시,일요일,경상북도 구미시 도량동,중상사고,0,1,0,0,차대차 - 측면충돌,안전거리미확보,건조,흐림,교차로 - 교차로부근,승용,여,22세,기타불명,승용,남,23세,중상
2022013100100005,2022년 1월 31일 00시,월요일,경상북도 고령군 덕곡면,경상사고,0,0,1,0,차량단독 - 공작물충돌,안전운전불이행,건조,맑음,단일로 - 기타,승용,남,27세,경상,,,,
2022013100100072,2022년 1월 31일 11시,월요일,경상북도 칠곡군 지천면,경상사고,0,0,3,0,차대차 - 측면충돌,안전거리미확보,건조,맑음,단일로 - 지하차도(도로)내,승용,여,40세,경상,승용,여,49세,경상
2022013100100105,2022년 1월 31일 13시,월요일,경상북도 경주시 성동동,경상사고,0,0,3,1,차대차 - 측면충돌,안전운전불이행,건조,맑음,교차로 - 교차로안,승용,남,29세,부상신고,승용,여,29세,경상
2022013100100106,2022년 1월 31일 13시,월요일,경상북도 경산시 중산동,경상사고,0,0,2,0,차대사람 - 횡단중,보행자보호의무위반,건조,맑음,교차로 - 교차로안,승용,남,54세,상해없음,보행자,여,50세,경상
2022013100100107,2022년 1월 31일 13시,월요일,경상북도 청도군 화양읍,경상사고,0,0,3,0,차대차 - 측면충돌,안전운전불이행,건조,맑음,단일로 - 기타,승용,남,63세,경상,승용,남,34세,경상
2022013100100108,2022년 1월 31일 13시,월요일,경상북도 성주군 월항면,경상사고,0,0,1,0,차량단독 - 전도전복 - 전도,안전운전불이행,건조,맑음,단일로 - 기타,이륜,여,69세,경상,,,,
2022013100100138,2022년 1월 31일 14시,월요일,경상북도 포항시 남구 지곡동,중상사고,0,1,0,0,차대차 - 측면충돌,안전운전불이행,건조,맑음,교차로 - 교차로안,승용,남,29세,상해없음,자전거,남,67세,중상
2022013100100162,2022년 1월 31일 15시,월요일,경상북도 안동시 당북동,경상사고,0,0,1,0,차대차 - 기타,신호위반,건조,맑음,단일로 - 기타,승용,남,73세,상해없음,자전거,남,71세,경상
2022013100100163,2022년 1월 31일 15시,월요일,경상북도 상주시 공성면,부상신고사고,0,0,0,1,차량단독 - 공작물충돌,안전운전불이행,건조,맑음,단일로 - 기타,승용,여,50세,상해없음,,,,
2022013100100164,2022년 1월 31일 15시,월요일,경상북도 칠곡군 왜관읍,경상사고,0,0,1,0,차대차 - 추돌,안전운전불이행,건조,맑음,단일로 - 기타,승용,남,61세,상해없음,승용,여,51세,경상
2022013100100187,2022년 1월 31일 16시,월요일,경상북도 상주시 무양동,중상사고,0,1,1,0,차대차 - 측면충돌,교차로운행방법위반,건조,맑음,교차로 - 교차로안,승용,여,44세,경상,승용,남,52세,중상
2022013100100188,2022년 1월 31일 16시,월요일,경상북도 구미시 원평동,경상사고,0,0,2,0,차대차 - 측면충돌,안전거리미확보,건조,맑음,교차로 - 교차로부근,승용,여,59세,경상,승용,남,57세,경상
2022013100100223,2022년 1월 31일 18시,월요일,경상북도 경주시 석장동,경상사고,0,0,1,0,차대차 - 측면충돌,신호위반,건조,맑음,교차로 - 교차로안,승용,여,50세,상해없음,이륜,남,33세,경상
2022013100100224,2022년 1월 31일 18시,월요일,경상북도 안동시 용상동,중상사고,0,1,1,0,차대차 - 기타,안전운전불이행,건조,맑음,교차로 - 교차로부근,승용,남,57세,상해없음,이륜,남,44세,중상
2022013100100225,2022년 1월 31일 18시,월요일,경상북도 울진군 북면,중상사고,0,1,3,0,차대차 - 추돌,안전운전불이행,건조,맑음,단일로 - 교량,승용,남,49세,상해없음,승용,남,41세,중상
2022013100100254,2022년 1월 31일 19시,월요일,경상북도 안동시 송현동,경상사고,0,0,1,0,차대차 - 추돌,안전거리미확보,건조,맑음,단일로 - 기타,승용,남,62세,상해없음,승용,남,62세,경상
2022013100100255,2022년 1월 31일 19시,월요일,경상북도 구미시 옥계동,경상사고,0,0,1,0,차대차 - 측면충돌,직진우회전진행방해,건조,맑음,교차로 - 교차로안,승용,남,23세,상해없음,이륜,남,30세,경상
2022013100100275,2022년 1월 31일 20시,월요일,경상북도 포항시 북구 흥해읍,경상사고,0,0,1,0,차대차 - 추돌,안전운전불이행,건조,맑음,교차로 - 교차로부근,승용,남,30세,상해없음,이륜,남,22세,경상
2022013100100303,2022년 1월 31일 21시,월요일,경상북도 안동시 옥동,경상사고,0,0,6,0,차대차 - 추돌,안전운전불이행,건조,맑음,교차로 - 교차로부근,승용,남,32세,상해없음,승용,여,21세,경상
2022013100100304,2022년 1월 31일 21시,월요일,경상북도 영주시 부석면,경상사고,0,0,2,0,차대차 - 정면충돌,안전운전불이행,건조,맑음,교차로 - 교차로안,승용,남,35세,경상,승용,남,48세,상해없음
2022013100100305,2022년 1월 31일 21시,월요일,경상북도 경산시 사동,중상사고,0,1,3,0,차대차 - 정면충돌,중앙선침범,건조,맑음,단일로 - 기타,승용,남,54세,중상,승용,남,48세,경상
2022013100100323,2022년 1월 31일 22시,월요일,경상북도 예천군 호명면,경상사고,0,0,1,0,차대차 - 측면충돌,안전운전불이행,건조,맑음,단일로 - 기타,승용,남,57세,상해없음,승용,여,33세,경상
2022020100100019,2022년 2월 1일 07시,화요일,경상북도 봉화군 재산면,경상사고,0,0,1,0,차대차 - 기타,중앙선침범,적설,눈,기타 - 기타,승용,남,37세,상해없음,승용,남,27세,경상
2022020100100037,2022년 2월 1일 09시,화요일,경상북도 구미시 형곡동,부상신고사고,0,0,0,2,차대차 - 추돌,안전운전불이행,건조,맑음,교차로 - 교차로부근,승용,남,37세,상해없음,승용,남,33세,부상신고
2022020100100045,2022년 2월 1일 10시,화요일,경상북도 경산시 하양읍,중상사고,0,1,3,0,차대차 - 추돌,안전운전불이행,건조,맑음,교차로 - 교차로부근,승용,여,44세,중상,승용,남,32세,경상
2022020100100065,2022년 2월 1일 11시,화요일,경상북도 구미시 송정동,중상사고,0,2,1,0,차대차 - 기타,신호위반,건조,맑음,교차로 - 교차로안,승용,여,31세,상해없음,승용,남,31세,중상
2022020100100066,2022년 2월 1일 11시,화요일,경상북도 구미시 진평동,경상사고,0,0,1,0,차대차 - 기타,신호위반,건조,맑음,교차로 - 교차로안,승용,남,25세,상해없음,승용,남,59세,경상
2022020100100067,2022년 2월 1일 11시,화요일,경상북도 경산시 와촌면,경상사고,0,0,5,0,차대차 - 추돌,안전운전불이행,건조,맑음,단일로 - 기타,승용,남,72세,상해없음,승용,남,29세,경상
2022020100100084,2022년 2월 1일 12시,화요일,경상북도 칠곡군 약목면,경상사고,0,0,5,0,차대차 - 측면충돌,교차로운행방법위반,건조,맑음,교차로 - 교차로안,승용,남,44세,경상,승용,여,27세,경상
2022020100100099,2022년 2월 1일 13시,화요일,경상북도 영천시 금노동,경상사고,0,0,1,0,차대차 - 측면충돌,안전운전불이행,건조,맑음,단일로 - 기타,승용,남,59세,기타불명,승용,남,37세,경상
2022020100100100,2022년 2월 1일 13시,화요일,경상북도 고령군 성산면,중상사고,0,2,0,1,차대차 - 측면충돌,신호위반,건조,맑음,단일로 - 터널,승용,남,76세,부상신고,승용,남,41세,중상
2022020100100116,2022년 2월 1일 14시,화요일,경상북도 김천시 봉산면,경상사고,0,0,2,0,차대차 - 기타,안전거리미확보,건조,맑음,단일로 - 기타,승용,여,31세,상해없음,승용,여,54세,경상
2022020100100117,2022년 2월 1일 14시,화요일,경상북도 칠곡군 북삼읍,경상사고,0,0,3,0,차대차 - 측면충돌,교차로운행방법위반,건조,맑음,교차로 - 교차로안,승용,여,57세,경상,승용,남,57세,경상