사고번호,사고일시,요일,시군구,사고내용,사망자수,중상자수,경상자수,부상신고자수,사고유형,법규위반,노면상태,기상상태,도로형태,가해운전자 차종,가해운전자 성별,가해운전자 연령,가해운전자 상해정도,피해운전자 차종,피해운전자 성별,피해운전자 연령,피해운전자 상해정도
2022021200100056,2022년 2월 12일 08시,토요일,경상북도 예천군 호명면,경상사고,0,0,1,0,차대차 - 추돌,안전운전불이행,건조,맑음,기타 - 기타,화물,남,72세,상해없음,화물,남,49세,경상
2022021200100069,2022년 2월 12일 09시,토요일,경상북도 포항시 남구 상도동,경상사고,0,0,4,0,차대차 - 정면충돌,신호위반,건조,맑음,교차로 - 교차로안,승용,남,68세,상해없음,승용,남,47세,경상
2022021200100122,2022년 2월 12일 11시,토요일,경상북도 포항시 북구 두호동,경상사고,0,0,1,0,차대사람 - 횡단중,보행자보호의무위반,건조,맑음,단일로 - 기타,승용,남,70세,상해없음,보행자,여,40세,경상
2022021200100123,2022년 2월 12일 11시,토요일,경상북도 칠곡군 왜관읍,부상신고사고,0,0,0,1,차대사람 - 차도통행중,안전운전불이행,건조,맑음,단일로 - 기타,화물,남,55세,상해없음,보행자,여,52세,부상신고
2022021200100124,2022년 2월 12일 11시,토요일,경상북도 청도군 화양읍,경상사고,0,0,1,0,차대차 - 추돌,안전거리미확보,건조,맑음,단일로 - 기타,승용,여,52세,상해없음,승용,남,49세,경상
2022021200100139,2022년 2월 12일 12시,토요일,경상북도 경주시 용강동,중상사고,0,1,0,0,차대차 - 측면충돌,안전운전불이행,건조,맑음,교차로 - 교차로부근,승용,남,32세,상해없음,이륜,남,43세,중상
2022021200100140,2022년 2월 12일 12시,토요일,경상북도 상주시 복룡동,부상신고사고,0,0,0,1,차대차 - 측면충돌,안전거리미확보,건조,맑음,단일로 - 기타,승용,여,60세,상해없음,승용,남,22세,부상신고
2022021200100141,2022년 2월 12일 12시,토요일,경상북도 영주시 휴천동,중상사고,0,1,0,0,차대사람 - 횡단중,안전운전불이행,건조,맑음,교차로 - 교차로안,화물,남,56세,상해없음,보행자,여,77세,중상
2022021200100142,2022년 2월 12일 12시,토요일,경상북도 포항시 남구 대잠동,중상사고,0,1,0,0,차대사람 - 차도통행중,안전운전불이행,건조,맑음,단일로 - 지하차도(도로)내,승용,남,29세,상해없음,보행자,남,65세,중상
2022021200100206,2022년 2월 12일 14시,토요일,경상북도 포항시 남구 오천읍,중상사고,0,1,0,0,차대차 - 정면충돌,기타,건조,맑음,교차로 - 교차로안,이륜,남,35세,중상,승용,남,60세,상해없음
2022021200100262,2022년 2월 12일 16시,토요일,경상북도 경산시 진량읍,경상사고,0,0,2,0,차대차 - 기타,기타,건조,맑음,단일로 - 기타,승용,여,47세,경상,승용,남,25세,경상
2022021200100285,2022년 2월 12일 17시,토요일,경상북도 영주시 영주동,중상사고,0,1,0,0,차대차 - 측면충돌,안전운전불이행,건조,맑음,교차로 - 교차로안,화물,남,71세,상해없음,자전거,남,63세,중상
2022021200100319,2022년 2월 12일 18시,토요일,경상북도 칠곡군 북삼읍,경상사고,0,0,4,0,차대차 - 측면충돌,직진우회전진행방해,건조,맑음,기타 - 기타,승용,여,55세,경상,승용,남,48세,경상
2022021200100366,2022년 2월 12일 20시,토요일,경상북도 영천시 문외동,경상사고,0,0,2,0,차대차 - 측면충돌,교차로운행방법위반,건조,맑음,교차로 - 교차로안,승용,여,54세,경상,승용,여,41세,경상
2022021200100367,2022년 2월 12일 20시,토요일,경상북도 경산시 옥산동,중상사고,0,1,0,0,차대사람 - 횡단중,안전운전불이행,건조,맑음,단일로 - 기타,이륜,남,17세,상해없음,보행자,남,39세,중상
2022021200100368,2022년 2월 12일 20시,토요일,경상북도 청도군 금천면,중상사고,0,1,1,0,차대차 - 기타,신호위반,건조,맑음,교차로 - 교차로안,승용,여,51세,상해없음,화물,남,57세,경상
2022021200100424,2022년 2월 12일 22시,토요일,경상북도 포항시 북구 죽도동,경상사고,0,0,3,0,차대차 - 측면충돌,안전운전불이행,건조,맑음,단일로 - 기타,승용,남,66세,상해없음,승용,남,21세,경상
2022021200100425,2022년 2월 12일 22시,토요일,경상북도 영덕군 강구면,중상사고,0,1,0,0,차대사람 - 차도통행중,안전운전불이행,건조,맑음,단일로 - 기타,화물,남,65세,상해없음,보행자,남,62세,중상
2022021200100430,2022년 2월 12일 23시,토요일,경상북도 경주시 안강읍,경상사고,0,0,2,0,차대차 - 후진중충돌,안전운전불이행,건조,맑음,단일로 - 기타,승용,남,22세,기타불명,승용,남,62세,경상
2022021300100008,2022년 2월 13일 01시,일요일,경상북도 상주시 계산동,경상사고,0,0,1,0,차량단독 - 전도전복 - 전도,안전운전불이행,건조,맑음,교차로 - 교차로안,개인형이동수단(PM),남,15세,경상,,,,
2022021300100027,2022년 2월 13일 06시,일요일,경상북도 경주시 배반동,경상사고,0,0,1,0,차대차 - 측면충돌,안전운전불이행,건조,맑음,단일로 - 기타,승용,남,19세,상해없음,승용,남,36세,경상
2022021300100033,2022년 2월 13일 08시,일요일,경상북도 경주시 황성동,중상사고,0,1,0,0,차대차 - 측면충돌,신호위반,젖음/습기,흐림,교차로 - 교차로안,승용,여,35세,상해없음,승용,남,38세,중상
2022021300100040,2022년 2월 13일 09시,일요일,경상북도 청도군 풍각면,중상사고,0,1,0,0,차대차 - 측면충돌,안전운전불이행,건조,맑음,단일로 - 기타,이륜,남,75세,상해없음,자전거,여,65세,중상
2022021300100066,2022년 2월 13일 11시,일요일,경상북도 성주군 가천면,경상사고,0,0,1,0,차대차 - 추돌,안전운전불이행,건조,맑음,단일로 - 기타,화물,남,54세,상해없음,승용,남,55세,경상
2022021300100099,2022년 2월 13일 13시,일요일,경상북도 포항시 남구 인덕동,경상사고,0,0,1,0,차대차 - 기타,교차로운행방법위반,젖음/습기,맑음,교차로 - 교차로부근,승용,여,52세,상해없음,이륜,남,50세,경상
2022021300100124,2022년 2월 13일 14시,일요일,경상북도 예천군 개포면,중상사고,0,1,0,0,차대차 - 측면충돌,안전운전불이행,건조,맑음,교차로 - 교차로안,건설기계,남,60세,상해없음,이륜,남,59세,중상
2022021300100200,2022년 2월 13일 17시,일요일,경상북도 경주시 노서동,경상사고,0,0,1,0,차대차 - 추돌,안전운전불이행,건조,맑음,교차로 - 교차로부근,승용,남,62세,상해없음,승용,남,42세,상해없음
2022021300100219,2022년 2월 13일 18시,일요일,경상북도 경주시 강동면,중상사고,0,1,0,0,차대차 - 측면충돌,중앙선침범,건조,맑음,단일로 - 지하차도(도로)내,승용,여,23세,상해없음,화물,남,49세,중상
2022021300100220,2022년 2월 13일 18시,일요일,경상북도 포항시 북구 청하면,경상사고,0,0,2,0,차대차 - 추돌,안전운전불이행,건조,맑음,단일로 - 기타,승용,남,32세,상해없음,승용,여,27세,경상
2022021300100221,2022년 2월 13일 18시,일요일,경상북도 구미시 사곡동,중상사고,0,1,0,0,차대차 - 측면충돌,안전운전불이행,건조,맑음,교차로 - 교차로안,승용,여,41세,상해없음,이륜,남,28세,중상
2022021300100247,2022년 2월 13일 19시,일요일,경상북도 경산시 계양동,경상사고,0,0,1,0,차대차 - 기타,안전운전불이행,건조,맑음,교차로 - 교차로안,원동기,남,38세,상해없음,이륜,남,50세,경상
2022021300100248,2022년 2월 13일 19시,일요일,경상북도 성주군 선남면,중상사고,0,1,0,0,차대차 - 측면충돌,안전운전불이행,건조,맑음,단일로 - 기타,이륜,남,62세,중상,화물,남,58세,상해없음
2022021300100272,2022년 2월 13일 20시,일요일,경상북도 포항시 북구 죽도동,경상사고,0,0,2,0,차대차 - 측면충돌,안전운전불이행,젖음/습기,비,교차로 - 교차로안,승용,남,27세,상해없음,승용,남,28세,경상
2022021300100273,2022년 2월 13일 20시,일요일,경상북도 문경시 점촌동,중상사고,0,1,0,0,차대차 - 측면충돌,중앙선침범,건조,맑음,단일로 - 기타,승용,남,45세,상해없음,이륜,남,19세,중상
2022021300100274,2022년 2월 13일 20시,일요일,경상북도 구미시 부곡동,중상사고,0,1,0,0,차대사람 - 길가장자리구역통행중,안전운전불이행,건조,맑음,단일로 - 기타,승용,남,51세,상해없음,보행자,남,33세,중상
2022021300100306,2022년 2월 13일 21시,일요일,경상북도 상주시 냉림동,중상사고,0,1,1,0,차대차 - 측면충돌,직진우회전진행방해,건조,맑음,교차로 - 교차로안,승용,남,37세,경상,승용,남,60세,중상
2022021400100060,2022년 2월 14일 07시,월요일,경상북도 포항시 남구 괴동동,경상사고,0,0,1,0,차대차 - 기타,신호위반,젖음/습기,흐림,교차로 - 교차로안,승용,남,49세,상해없음,이륜,남,24세,경상
2022021400100130,2022년 2월 14일 10시,월요일,경상북도 상주시 서성동,경상사고,0,0,1,0,차대차 - 후진중충돌,안전운전불이행,건조,맑음,교차로 - 교차로부근,승용,여,67세,상해없음,승용,여,31세,경상
2022021400100131,2022년 2월 14일 10시,월요일,경상북도 경산시 진량읍,경상사고,0,0,3,0,차대차 - 추돌,안전운전불이행,건조,맑음,단일로 - 기타,승용,남,62세,상해없음,승용,남,29세,경상
2022021400100161,2022년 2월 14일 11시,월요일,경상북도 상주시 서성동,경상사고,0,0,1,0,차대차 - 측면충돌,중앙선침범,건조,맑음,단일로 - 기타,자전거,남,81세,경상,화물,남,46세,상해없음
2022021400100162,2022년 2월 14일 11시,월요일,경상북도 의성군 의성읍,경상사고,0,0,1,0,차대차 - 측면충돌,안전운전불이행,건조,맑음,교차로 - 교차로안,승용,여,48세,경상,승용,남,20세,상해없음
2022021400100163,2022년 2월 14일 11시,월요일,경상북도 구미시 원평동,중상사고,0,1,0,0,차대차 - 측면충돌,안전운전불이행,건조,맑음,교차로 - 교차로안,화물,남,55세,상해없음,이륜,남,83세,중상
2022021400100189,2022년 2월 14일 12시,월요일,경상북도 영주시 가흥동,중상사고,0,1,0,0,차대차 - 기타,교차로운행방법위반,건조,맑음,교차로 - 교차로안,승용,남,36세,상해없음,이륜,남,40세,중상
2022021400100190,2022년 2월 14일 12시,월요일,경상북도 칠곡군 왜관읍,경상사고,0,0,1,0,차대차 - 측면충돌,안전거리미확보,건조,맑음,단일로 - 기타,화물,남,50세,상해없음,승용,여,46세,경상
2022021400100218,2022년 2월 14일 13시,월요일,경상북도 김천시 대항면,경상사고,0,0,1,0,차량단독 - 도로외이탈 - 추락,안전운전불이행,건조,맑음,단일로 - 기타,농기계,여,60세,경상,,,,
2022021400100219,2022년 2월 14일 13시,월요일,경상북도 김천시 모암동,경상사고,0,0,1,0,차대사람 - 보도통행중,보행자보호의무위반,건조,맑음,단일로 - 기타,승용,여,47세,상해없음,보행자,남,87세,경상
2022021400100220,2022년 2월 14일 13시,월요일,경상북도 문경시 점촌동,경상사고,0,0,1,0,차대사람 - 보도통행중,보행자보호의무위반,건조,맑음,교차로 - 교차로부근,승합,여,46세,상해없음,보행자,여,61세,경상
2022021400100251,2022년 2월 14일 14시,월요일,경상북도 경주시 노서동,중상사고,0,1,0,0,차대차 - 측면충돌,안전운전불이행,건조,맑음,교차로 - 교차로안,승용,남,75세,상해없음,승용,남,52세,중상
2022021400100252,2022년 2월 14일 14시,월요일,경상북도 칠곡군 왜관읍,경상사고,0,0,1,0,차대차 - 기타,안전운전불이행,건조,맑음,교차로 - 교차로안,승용,남,61세,상해없음,이륜,남,23세,경상
2022021400100278,2022년 2월 14일 15시,월요일,경상북도 경주시 충효동,경상사고,0,0,1,0,차대차 - 측면충돌,안전운전불이행,건조,맑음,단일로 - 기타,승용,남,21세,상해없음,자전거,남,10세,경상
2022021400100279,2022년 2월 14일 15시,월요일,경상북도 청도군 이서면,경상사고,0,0,1,0,차대차 - 기타,기타,건조,맑음,단일로 - 기타,승용,여,70세,경상,승용,여,49세,상해없음
2022021400100280,2022년 2월 14일 15시,월요일,경상북도 포항시 남구 오천읍,중상사고,0,1,0,0,차량단독 - 공작물충돌,안전운전불이행,건조,맑음,단일로 - 지하차도(도로)내,화물,남,70세,중상,,,,
2022021400100320,2022년 2월 14일 16시,월요일,경상북도 포항시 북구 두호동,중상사고,0,1,1,0,차대사람 - 횡단중,보행자보호의무위반,건조,맑음,교차로 - 교차로부근,승용,여,49세,상해없음,보행자,여,48세,중상
2022021400100321,2022년 2월 14일 16시,월요일,경상북도 포항시 남구 청림동,경상사고,0,0,1,1,차대차 - 측면충돌,기타,건조,맑음,교차로 - 교차로안,승용,남,26세,경상,승용,남,40세,부상신고
2022021400100345,2022년 2월 14일 17시,월요일,경상북도 경주시 동천동,중상사고,0,1,0,0,차대사람 - 횡단중,안전운전불이행,건조,맑음,단일로 - 지하차도(도로)내,승용,남,58세,상해없음,보행자,남,14세,중상
2022021400100346,2022년 2월 14일 17시,월요일,경상북도 구미시 고아읍,경상사고,0,0,1,0,차대차 - 측면충돌,안전운전불이행,건조,맑음,단일로 - 기타,승용,남,69세,상해없음,승용,여,54세,기타불명
2022021400100385,2022년 2월 14일 18시,월요일,경상북도 포항시 북구 양덕동,중상사고,0,1,0,0,차대차 - 측면충돌,신호위반,건조,맑음,교차로 - 교차로부근,승용,여,37세,상해없음,이륜,남,36세,중상
2022021400100386,2022년 2월 14일 18시,월요일,경상북도 의성군 금성면,중상사고,0,1,0,0,차대차 - 추돌,안전운전불이행,건조,맑음,단일로 - 기타,승용,남,62세,상해없음,승용,남,33세,중상
2022021400100414,2022년 2월 14일 19시,월요일,경상북도 상주시 무양동,경상사고,0,0,1,0,차대차 - 후진중충돌,안전운전불이행,건조,맑음,교차로 - 교차로안,승용,남,56세,상해없음,승용,남,32세,경상
2022021400100415,2022년 2월 14일 19시,월요일,경상북도 성주군 성주읍,경상사고,0,0,1,0,차대차 - 추돌,안전운전불이행,건조,맑음,기타 - 기타,승용,남,52세,경상,건설기계,남,51세,기타불명
2022021400100416,2022년 2월 14일 19시,월요일,경상북도 성주군 금수면,중상사고,0,1,0,0,차대사람 - 기타,안전운전불이행,건조,맑음,단일로 - 기타,화물,남,67세,상해없음,보행자,여,65세,중상
2022021400100468,2022년 2월 14일 21시,월요일,경상북도 경산시 옥산동,경상사고,0,0,1,0,차대사람 - 횡단중,보행자보호의무위반,건조,맑음,교차로 - 교차로횡단보도내,승용,남,53세,상해없음,보행자,남,21세,경상
2022021500100024,2022년 2월 15일 06시,화요일,경상북도 구미시 고아읍,중상사고,0,1,0,0,차대사람 - 차도통행중,안전운전불이행,건조,맑음,단일로 - 기타,화물,남,59세,상해없음,보행자,남,26세,중상
2022021500100053,2022년 2월 15일 08시,화요일,경상북도 포항시 북구 청하면,중상사고,0,1,0,0,차대차 - 기타,중앙선침범,건조,맑음,교차로 - 교차로부근,승용,여,54세,상해없음,이륜,여,70세,중상
2022021500100054,2022년 2월 15일 08시,화요일,경상북도 칠곡군 가산면,경상사고,0,0,1,0,차대차 - 측면충돌,안전운전불이행,건조,맑음,단일로 - 기타,건설기계,남,62세,상해없음,승용,남,52세,경상
2022021500100055,2022년 2월 15일 08시,화요일,경상북도 포항시 남구 상도동,경상사고,0,0,3,0,차대차 - 측면충돌,직진우회전진행방해,건조,맑음,교차로 - 교차로안,승용,남,23세,경상,화물,여,43세,경상
2022021500100079,2022년 2월 15일 09시,화요일,경상북도 안동시 용상동,경상사고,0,0,2,0,차대차 - 기타,신호위반,건조,맑음,교차로 - 교차로안,화물,남,67세,상해없음,승용,남,67세,경상
2022021500100094,2022년 2월 15일 10시,화요일,경상북도 김천시 신음동,경상사고,0,0,1,1,차대차 - 측면충돌,교차로운행방법위반,건조,맑음,교차로 - 교차로안,승용,여,42세,부상신고,승용,남,49세,경상
2022021500100147,2022년 2월 15일 12시,화요일,경상북도 경주시 노서동,중상사고,0,1,1,0,차대차 - 측면충돌,신호위반,건조,맑음,교차로 - 교차로안,승용,남,49세,상해없음,이륜,남,33세,중상
2022021500100178,2022년 2월 15일 13시,화요일,경상북도 포항시 북구 흥해읍,경상사고,0,0,1,0,차대차 - 추돌,안전운전불이행,건조,맑음,교차로 - 교차로부근,승용,남,60세,상해없음,승용,여,52세,경상
2022021500100205,2022년 2월 15일 14시,화요일,경상북도 성주군 성주읍,중상사고,0,1,0,0,차대사람 - 기타,안전운전불이행,건조,맑음,단일로 - 기타,승용,여,69세,상해없음,보행자,여,87세,중상
2022021500100231,2022년 2월 15일 15시,화요일,경상북도 안동시 서부동,경상사고,0,0,1,0,차대사람 - 기타,안전운전불이행,건조,맑음,단일로 - 기타,승용,남,66세,상해없음,보행자,여,45세,경상
2022021500100232,2022년 2월 15일 15시,화요일,경상북도 영주시 상망동,부상신고사고,0,0,0,1,차대차 - 측면충돌,안전운전불이행,건조,맑음,교차로 - 교차로부근,원동기,남,78세,부상신고,승합,여,52세,상해없음
2022021500100233,2022년 2월 15일 15시,화요일,경상북도 경산시 백천동,경상사고,0,0,1,0,차대차 - 추돌,안전운전불이행,건조,맑음,단일로 - 기타,승용,남,60세,상해없음,특수,남,44세,경상
2022021500100234,2022년 2월 15일 15시,화요일,경상북도 포항시 남구 대도동,경상사고,0,0,1,1,차대차 - 측면충돌,기타,건조,맑음,교차로 - 교차로안,승용,여,60세,경상,이륜,남,38세,부상신고
2022021500100326,2022년 2월 15일 18시,화요일,경상북도 구미시 진평동,중상사고,0,1,0,0,차대차 - 정면충돌,중앙선침범,건조,맑음,단일로 - 기타,승용,남,54세,상해없음,이륜,남,52세,중상
2022021500100327,2022년 2월 15일 18시,화요일,경상북도 구미시 황상동,경상사고,0,0,2,0,차대차 - 기타,교차로운행방법위반,건조,맑음,교차로 - 교차로부근,승용,여,51세,상해없음,승용,남,41세,경상
2022021500100365,2022년 2월 15일 19시,화요일,경상북도 영주시 가흥동,경상사고,0,0,1,0,차대차 - 측면충돌,안전운전불이행,건조,맑음,교차로 - 교차로안,승용,여,68세,상해없음,승용,남,65세,경상
2022021500100418,2022년 2월 15일 21시,화요일,경상북도 봉화군 봉화읍,경상사고,0,0,2,0,차대차 - 기타,안전운전불이행,건조,맑음,기타 - 기타,승용,남,30세,상해없음,승용,여,41세,상해없음
2022021500100446,2022년 2월 15일 22시,화요일,경상북도 김천시 아포읍,중상사고,0,2,1,0,차대차 - 추돌,기타,건조,맑음,단일로 - 기타,승용,남,41세,중상,특수,남,46세,경상
2022021600100010,2022년 2월 16일 05시,수요일,경상북도 구미시 원평동,경상사고,0,0,2,0,차대차 - 측면충돌,안전운전불이행,건조,맑음,교차로 - 교차로부근,승용,남,31세,상해없음,승용,남,45세,경상
2022021600100045,2022년 2월 16일 07시,수요일,경상북도 구미시 고아읍,중상사고,0,2,4,0,차대차 - 측면충돌,안전운전불이행,건조,맑음,교차로 - 교차로안,승용,남,27세,상해없음,승용,남,31세,경상
2022021600100099,2022년 2월 16일 10시,수요일,경상북도 청도군 화양읍,경상사고,0,0,1,0,차대차 - 측면충돌,신호위반,건조,맑음,교차로 - 교차로안,승용,남,65세,상해없음,화물,남,49세,경상
2022021600100125,2022년 2월 16일 11시,수요일,경상북도 영천시 매산동,경상사고,0,0,2,0,차대차 - 추돌,안전운전불이행,건조,맑음,단일로 - 기타,승용,남,42세,상해없음,승용,여,48세,경상
2022021600100145,2022년 2월 16일 12시,수요일,경상북도 포항시 북구 장성동,경상사고,0,0,2,0,차대차 - 기타,안전운전불이행,건조,맑음,교차로 - 교차로부근,승용,여,47세,경상,이륜,남,43세,경상
2022021600100178,2022년 2월 16일 13시,수요일,경상북도 경주시 외동읍,부상신고사고,0,0,0,1,차량단독 - 공작물충돌,안전운전불이행,건조,맑음,교차로 - 교차로부근,승용,남,66세,부상신고,,,,
2022021600100179,2022년 2월 16일 13시,수요일,경상북도 구미시 형곡동,경상사고,0,0,1,0,차대차 - 측면충돌,안전운전불이행,건조,맑음,단일로 - 기타,승용,남,81세,상해없음,승용,남,28세,경상
2022021600100199,2022년 2월 16일 14시,수요일,경상북도 경주시 강동면,경상사고,0,0,3,0,차대차 - 추돌,안전운전불이행,건조,맑음,교차로 - 교차로부근,화물,남,61세,상해없음,승용,여,43세,경상
2022021600100200,2022년 2월 16일 14시,수요일,경상북도 경주시 배반동,경상사고,0,0,1,0,차대차 - 기타,안전운전불이행,건조,맑음,단일로 - 기타,건설기계,남,59세,상해없음,승용,남,63세,경상
2022021600100201,2022년 2월 16일 14시,수요일,경상북도 칠곡군 약목면,부상신고사고,0,0,0,1,차대차 - 측면충돌,안전운전불이행,건조,맑음,교차로 - 교차로안,이륜,남,17세,부상신고,승용,남,56세,상해없음
2022021600100227,2022년 2월 16일 15시,수요일,경상북도 영주시 휴천동,중상사고,0,1,0,0,차대차 - 추돌,안전운전불이행,건조,흐림,단일로 - 지하차도(도로)내,승용,남,57세,상해없음,사륜오토바이(ATV),남,85세,중상
2022021600100259,2022년 2월 16일 16시,수요일,경상북도 구미시 인의동,경상사고,0,0,1,0,차대사람 - 기타,안전운전불이행,건조,맑음,단일로 - 기타,승용,남,56세,상해없음,보행자,남,44세,경상
2022021600100324,2022년 2월 16일 18시,수요일,경상북도 경주시 탑동,경상사고,0,0,2,0,차대차 - 측면충돌,안전운전불이행,건조,맑음,단일로 - 기타,승용,남,27세,상해없음,승용,남,50세,경상
2022021600100325,2022년 2월 16일 18시,수요일,경상북도 포항시 남구 호동,경상사고,0,0,1,0,차대차 - 기타,교차로운행방법위반,건조,맑음,교차로 - 교차로안,승용,남,67세,경상,승용,남,51세,상해없음
2022021600100326,2022년 2월 16일 18시,수요일,경상북도 포항시 남구 해도동,경상사고,0,0,1,0,차대차 - 추돌,안전운전불이행,건조,맑음,단일로 - 기타,이륜,남,29세,경상,승용,남,59세,상해없음
2022021600100327,2022년 2월 16일 18시,수요일,경상북도 포항시 남구 대잠동,경상사고,0,0,3,0,차대차 - 기타,직진우회전진행방해,건조,맑음,교차로 - 교차로안,승용,남,53세,상해없음,승용,남,51세,경상
2022021600100367,2022년 2월 16일 19시,수요일,경상북도 경주시 서부동,경상사고,0,0,1,0,차대사람 - 횡단중,보행자보호의무위반,건조,맑음,교차로 - 교차로횡단보도내,승용,남,31세,상해없음,보행자,여,54세,경상
2022021600100368,2022년 2월 16일 19시,수요일,경상북도 고령군 성산면,경상사고,0,0,1,0,차대차 - 측면충돌,중앙선침범,건조,흐림,단일로 - 기타,화물,남,60세,기타불명,승용,남,56세,경상
2022021600100369,2022년 2월 16일 19시,수요일,경상북도 구미시 인의동,중상사고,0,2,0,0,차대차 - 측면충돌,신호위반,건조,맑음,교차로 - 교차로안,승용,남,35세,상해없음,승용,여,54세,중상
2022021600100370,2022년 2월 16일 19시,수요일,경상북도 구미시 고아읍,중상사고,0,1,0,0,차대차 - 기타,안전운전불이행,건조,맑음,단일로 - 기타,승용,남,58세,상해없음,이륜,남,32세,중상
2022021600100398,2022년 2월 16일 20시,수요일,경상북도 영천시 망정동,경상사고,0,0,1,0,차대차 - 측면충돌,안전운전불이행,건조,맑음,단일로 - 기타,승용,여,60세,상해없음,승용,남,30세,경상
2022021600100399,2022년 2월 16일 20시,수요일,경상북도 문경시 호계면,중상사고,0,1,0,0,차대차 - 추돌,안전운전불이행,건조,맑음,단일로 - 기타,승용,남,49세,상해없음,화물,남,68세,중상
2022021600100400,2022년 2월 16일 20시,수요일,경상북도 포항시 남구 대도동,중상사고,0,1,0,0,차대차 - 기타,안전운전불이행,건조,맑음,교차로 - 교차로안,승용,여,39세,상해없음,원동기,남,61세,중상
2022021700100018,2022년 2월 17일 03시,목요일,경상북도 포항시 북구 송라면,경상사고,0,0,4,0,차대차 - 기타,안전운전불이행,건조,맑음,교차로 - 교차로부근,화물,남,71세,상해없음,승용,남,59세,경상
2022021700100042,2022년 2월 17일 07시,목요일,경상북도 경주시 내남면,경상사고,0,0,1,0,차대차 - 기타,안전거리미확보,건조,맑음,단일로 - 기타,승용,남,33세,상해없음,승용,남,33세,경상
2022021700100043,2022년 2월 17일 07시,목요일,경상북도 칠곡군 지천면,중상사고,0,1,0,0,차대차 - 기타,안전운전불이행,건조,맑음,교차로 - 교차로부근,승용,남,65세,상해없음,승합,남,54세,중상
2022021700100068,2022년 2월 17일 08시,목요일,경상북도 경산시 와촌면,중상사고,0,1,0,0,차대차 - 측면충돌,신호위반,건조,맑음,교차로 - 교차로안,승용,여,22세,상해없음,화물,남,44세,상해없음
2022021700100069,2022년 2월 17일 08시,목요일,경상북도 청도군 화양읍,경상사고,0,0,1,0,차대차 - 후진중충돌,안전운전불이행,건조,맑음,단일로 - 기타,화물,남,61세,상해없음,화물,남,60세,경상
2022021700100098,2022년 2월 17일 09시,목요일,경상북도 칠곡군 석적읍,경상사고,0,0,2,0,차대차 - 측면충돌,교차로운행방법위반,건조,맑음,교차로 - 교차로안,승용,남,29세,경상,승용,남,60세,경상
2022021700100127,2022년 2월 17일 10시,목요일,경상북도 영주시 장수면,중상사고,0,1,0,0,차대차 - 추돌,안전운전불이행,건조,맑음,단일로 - 기타,화물,남,37세,상해없음,승용,여,75세,중상
2022021700100184,2022년 2월 17일 12시,목요일,경상북도 포항시 북구 장성동,경상사고,0,0,1,0,차대차 - 측면충돌,교차로운행방법위반,건조,맑음,교차로 - 교차로안,승용,여,54세,상해없음,승용,남,65세,경상
2022021700100185,2022년 2월 17일 12시,목요일,경상북도 안동시 운흥동,중상사고,0,1,1,0,차대차 - 측면충돌,중앙선침범,건조,맑음,단일로 - 기타,화물,남,77세,중상,승합,남,64세,경상
2022021700100186,2022년 2월 17일 12시,목요일,경상북도 김천시 아포읍,경상사고,0,0,1,0,차대차 - 측면충돌,안전운전불이행,건조,맑음,단일로 - 기타,승용,남,82세,상해없음,승용,남,34세,경상
2022021700100187,2022년 2월 17일 12시,목요일,경상북도 구미시 봉곡동,중상사고,0,1,0,0,차대차 - 측면충돌,교차로운행방법위반,건조,맑음,교차로 - 교차로안,승용,남,65세,상해없음,이륜,남,45세,중상
2022021700100204,2022년 2월 17일 13시,목요일,경상북도 안동시 송현동,경상사고,0,0,2,0,차대차 - 측면충돌,안전운전불이행,건조,맑음,교차로 - 교차로부근,승용,남,64세,상해없음,승용,여,40세,경상
2022021700100205,2022년 2월 17일 13시,목요일,경상북도 구미시 도량동,중상사고,0,1,0,0,차대차 - 기타,안전운전불이행,건조,맑음,교차로 - 교차로안,승용,여,47세,상해없음,승용,여,44세,중상
2022021700100291,2022년 2월 17일 16시,목요일,경상북도 상주시 낙양동,경상사고,0,0,1,0,차대차 - 기타,차로위반,건조,맑음,기타 - 기타,승용,남,57세,상해없음,화물,남,49세,경상
2022021700100321,2022년 2월 17일 17시,목요일,경상북도 경주시 석장동,중상사고,0,1,0,0,차대차 - 측면충돌,기타,건조,맑음,교차로 - 교차로안,이륜,남,46세,중상,승용,남,26세,상해없음
2022021700100322,2022년 2월 17일 17시,목요일,경상북도 김천시 율곡동,중상사고,0,1,0,0,차대사람 - 횡단중,안전운전불이행,건조,맑음,교차로 - 교차로횡단보도내,승용,남,29세,상해없음,보행자,남,38세,중상
2022021700100354,2022년 2월 17일 18시,목요일,경상북도 안동시 당북동,경상사고,0,0,1,0,차대차 - 측면충돌,차로위반,건조,맑음,단일로 - 기타,승용,남,23세,기타불명,이륜,남,19세,경상
2022021700100355,2022년 2월 17일 18시,목요일,경상북도 구미시 황상동,중상사고,0,1,0,0,차대차 - 정면충돌,중앙선침범,건조,맑음,단일로 - 기타,승용,남,35세,상해없음,승용,남,36세,중상
2022021700100382,2022년 2월 17일 19시,목요일,경상북도 포항시 북구 흥해읍,사망사고,1,0,0,0,차량단독 - 기타,안전운전불이행,건조,맑음,단일로 - 기타,이륜,남,38세,사망,,,,
2022021700100383,2022년 2월 17일 19시,목요일,경상북도 구미시 봉곡동,경상사고,0,0,2,0,차대차 - 기타,직진우회전진행방해,건조,맑음,교차로 - 교차로안,승용,여,47세,상해없음,승용,여,39세,경상