사고번호,사고일시,요일,시군구,사고내용,사망자수,중상자수,경상자수,부상신고자수,사고유형,법규위반,노면상태,기상상태,도로형태,가해운전자 차종,가해운전자 성별,가해운전자 연령,가해운전자 상해정도,피해운전자 차종,피해운전자 성별,피해운전자 연령,피해운전자 상해정도
2022022200100150,2022년 2월 22일 11시,화요일,경상북도 성주군 성주읍,중상사고,0,1,0,0,차대사람 - 기타,신호위반,젖음/습기,맑음,단일로 - 기타,이륜,남,75세,상해없음,보행자,여,82세,중상
2022022200100182,2022년 2월 22일 12시,화요일,경상북도 김천시 지좌동,경상사고,0,0,3,0,차대차 - 측면충돌,안전운전불이행,건조,맑음,교차로 - 교차로부근,화물,남,60세,상해없음,승용,남,45세,경상
2022022200100183,2022년 2월 22일 12시,화요일,경상북도 포항시 남구 대잠동,경상사고,0,0,1,0,차대사람 - 횡단중,안전운전불이행,건조,맑음,교차로 - 교차로안,승용,남,74세,상해없음,보행자,여,66세,경상
2022022200100216,2022년 2월 22일 13시,화요일,경상북도 포항시 남구 대잠동,경상사고,0,0,1,0,차대차 - 측면충돌,교차로운행방법위반,건조,맑음,교차로 - 교차로안,승용,남,71세,상해없음,화물,남,28세,경상
2022022200100253,2022년 2월 22일 14시,화요일,경상북도 안동시 옥동,경상사고,0,0,3,0,차대차 - 측면충돌,교차로운행방법위반,건조,맑음,교차로 - 교차로안,승용,남,32세,경상,승합,남,60세,경상
2022022200100298,2022년 2월 22일 16시,화요일,경상북도 상주시 남성동,경상사고,0,0,1,0,차대사람 - 횡단중,보행자보호의무위반,건조,맑음,교차로 - 교차로횡단보도내,화물,남,52세,상해없음,보행자,여,67세,경상
2022022200100299,2022년 2월 22일 16시,화요일,경상북도 구미시 송정동,중상사고,0,1,0,0,차대사람 - 기타,안전운전불이행,건조,맑음,단일로 - 기타,승용,여,56세,상해없음,보행자,남,60세,중상
2022022200100338,2022년 2월 22일 17시,화요일,경상북도 포항시 북구 흥해읍,경상사고,0,0,2,0,차대차 - 정면충돌,교차로운행방법위반,건조,맑음,교차로 - 교차로안,승용,여,71세,상해없음,승용,여,29세,경상
2022022200100339,2022년 2월 22일 17시,화요일,경상북도 경산시 중방동,경상사고,0,0,1,0,차대차 - 추돌,안전운전불이행,건조,맑음,단일로 - 기타,이륜,남,43세,경상,승용,남,63세,상해없음
2022022200100340,2022년 2월 22일 17시,화요일,경상북도 구미시 원평동,중상사고,0,1,0,0,차대사람 - 기타,안전운전불이행,건조,맑음,단일로 - 기타,화물,남,60세,상해없음,보행자,남,64세,중상
2022022200100341,2022년 2월 22일 17시,화요일,경상북도 구미시 고아읍,중상사고,0,1,0,0,차대차 - 기타,불법유턴,건조,맑음,단일로 - 기타,승용,여,68세,상해없음,승용,여,30세,중상
2022022200100366,2022년 2월 22일 18시,화요일,경상북도 포항시 남구 이동,중상사고,0,1,4,0,차대차 - 추돌,안전운전불이행,건조,맑음,단일로 - 기타,승용,남,57세,기타불명,승용,여,47세,중상
2022022200100410,2022년 2월 22일 19시,화요일,경상북도 안동시 평화동,경상사고,0,0,1,0,차대사람 - 횡단중,안전운전불이행,건조,맑음,기타 - 기타,화물,남,62세,상해없음,보행자,여,32세,경상
2022022200100411,2022년 2월 22일 19시,화요일,경상북도 영천시 망정동,경상사고,0,0,1,0,차대사람 - 횡단중,보행자보호의무위반,건조,맑음,단일로 - 기타,승용,여,35세,상해없음,보행자,남,44세,경상
2022022200100459,2022년 2월 22일 21시,화요일,경상북도 경주시 노서동,중상사고,0,1,0,0,차대차 - 측면충돌,안전운전불이행,건조,맑음,교차로 - 교차로안,승용,남,73세,상해없음,이륜,남,21세,중상
2022022200100460,2022년 2월 22일 21시,화요일,경상북도 예천군 호명면,중상사고,0,1,0,0,차대차 - 측면충돌,안전운전불이행,건조,맑음,교차로 - 교차로안,승용,여,54세,상해없음,승용,여,60세,중상
2022022200100486,2022년 2월 22일 22시,화요일,경상북도 구미시 인의동,경상사고,0,0,1,0,차대사람 - 기타,안전운전불이행,건조,맑음,교차로 - 교차로안,승용,여,25세,상해없음,보행자,여,54세,경상
2022022300100009,2022년 2월 23일 04시,수요일,경상북도 김천시 평화동,경상사고,0,0,1,0,차량단독 - 공작물충돌,안전운전불이행,건조,맑음,단일로 - 기타,화물,남,27세,경상,,,,
2022022300100036,2022년 2월 23일 07시,수요일,경상북도 구미시 부곡동,경상사고,0,0,1,0,차대차 - 기타,안전운전불이행,건조,맑음,단일로 - 기타,승용,남,60세,기타불명,승용,여,51세,경상
2022022300100103,2022년 2월 23일 10시,수요일,경상북도 포항시 북구 죽도동,경상사고,0,0,1,0,차대차 - 추돌,안전운전불이행,건조,맑음,단일로 - 기타,승용,여,26세,상해없음,자전거,여,69세,경상
2022022300100152,2022년 2월 23일 12시,수요일,경상북도 포항시 북구 흥해읍,경상사고,0,0,1,0,차대차 - 정면충돌,중앙선침범,건조,맑음,교차로 - 교차로안,승용,남,27세,상해없음,화물,남,66세,경상
2022022300100153,2022년 2월 23일 12시,수요일,경상북도 문경시 흥덕동,사망사고,1,1,0,0,철길건널목 - 철길건널목,기타,건조,맑음,단일로 - 철길건널목,승용,여,40세,중상,기타불명,남,50세,상해없음
2022022300100154,2022년 2월 23일 12시,수요일,경상북도 구미시 도량동,중상사고,0,1,0,0,차대차 - 기타,안전운전불이행,건조,맑음,단일로 - 기타,승용,여,62세,상해없음,이륜,남,60세,중상
2022022300100188,2022년 2월 23일 13시,수요일,경상북도 경주시 노서동,경상사고,0,0,2,0,차대차 - 측면충돌,안전운전불이행,건조,맑음,교차로 - 교차로안,승용,남,60세,상해없음,승용,남,68세,경상
2022022300100189,2022년 2월 23일 13시,수요일,경상북도 포항시 남구 효자동,경상사고,0,0,1,0,차대차 - 측면충돌,안전운전불이행,건조,맑음,단일로 - 기타,승용,남,35세,상해없음,승용,남,45세,경상
2022022300100222,2022년 2월 23일 14시,수요일,경상북도 포항시 남구 동해면,중상사고,0,1,0,0,차량단독 - 주/정차차량 충돌,안전운전불이행,건조,맑음,단일로 - 기타,화물,남,49세,중상,,,,
2022022300100247,2022년 2월 23일 15시,수요일,경상북도 성주군 선남면,중상사고,0,1,0,0,차대사람 - 길가장자리구역통행중,안전운전불이행,건조,맑음,단일로 - 기타,화물,남,52세,상해없음,보행자,남,73세,중상
2022022300100279,2022년 2월 23일 16시,수요일,경상북도 포항시 북구 죽도동,경상사고,0,0,1,0,차대차 - 측면충돌,안전거리미확보,건조,맑음,교차로 - 교차로부근,승용,여,30세,상해없음,승용,남,40세,경상
2022022300100315,2022년 2월 23일 17시,수요일,경상북도 포항시 북구 양덕동,경상사고,0,0,1,0,차대차 - 측면충돌,안전운전불이행,건조,맑음,단일로 - 기타,승용,남,70세,상해없음,승합,남,55세,경상
2022022300100316,2022년 2월 23일 17시,수요일,경상북도 구미시 송정동,중상사고,0,1,0,0,차대차 - 측면충돌,직진우회전진행방해,건조,맑음,교차로 - 교차로안,화물,남,66세,상해없음,이륜,남,40세,중상
2022022300100317,2022년 2월 23일 17시,수요일,경상북도 포항시 남구 오천읍,경상사고,0,0,2,0,차대차 - 측면충돌,안전거리미확보,건조,맑음,교차로 - 교차로부근,승용,남,63세,상해없음,화물,남,35세,경상
2022022300100361,2022년 2월 23일 18시,수요일,경상북도 경주시 내남면,중상사고,0,1,0,0,차대차 - 추돌,안전운전불이행,건조,맑음,단일로 - 기타,원동기,남,35세,중상,화물,남,51세,상해없음
2022022300100362,2022년 2월 23일 18시,수요일,경상북도 칠곡군 왜관읍,부상신고사고,0,0,0,1,차대차 - 측면충돌,교차로운행방법위반,건조,맑음,교차로 - 교차로안,이륜,남,38세,부상신고,승용,남,33세,상해없음
2022022300100363,2022년 2월 23일 18시,수요일,경상북도 포항시 남구 오천읍,경상사고,0,0,1,0,차대차 - 측면충돌,차로위반,건조,맑음,단일로 - 기타,승용,남,34세,상해없음,이륜,남,48세,경상
2022022300100387,2022년 2월 23일 19시,수요일,경상북도 김천시 부곡동,중상사고,0,1,0,0,차대차 - 정면충돌,직진우회전진행방해,건조,맑음,교차로 - 교차로안,승용,남,64세,상해없음,이륜,남,64세,중상
2022022300100430,2022년 2월 23일 21시,수요일,경상북도 포항시 북구 흥해읍,경상사고,0,0,1,0,차대사람 - 기타,안전운전불이행,건조,맑음,교차로 - 교차로부근,승용,남,63세,상해없음,보행자,남,63세,경상
2022022300100431,2022년 2월 23일 21시,수요일,경상북도 경산시 조영동,경상사고,0,0,1,0,차대사람 - 기타,안전운전불이행,건조,맑음,교차로 - 교차로부근,승용,남,27세,상해없음,보행자,남,40세,경상
2022022300100432,2022년 2월 23일 21시,수요일,경상북도 구미시 사곡동,경상사고,0,0,2,0,차대차 - 추돌,안전운전불이행,건조,맑음,단일로 - 기타,승용,남,23세,상해없음,승용,여,19세,경상
2022022300100456,2022년 2월 23일 22시,수요일,경상북도 칠곡군 북삼읍,사망사고,1,0,0,0,차대사람 - 횡단중,보행자보호의무위반,건조,맑음,교차로 - 교차로횡단보도내,승용,여,47세,상해없음,보행자,여,61세,사망
2022022300100473,2022년 2월 23일 23시,수요일,경상북도 칠곡군 석적읍,중상사고,0,1,0,0,차대차 - 추돌,안전운전불이행,건조,맑음,교차로 - 교차로부근,승합,남,48세,상해없음,승용,여,47세,중상
2022022400100002,2022년 2월 24일 00시,목요일,경상북도 칠곡군 가산면,부상신고사고,0,0,0,1,차량단독 - 공작물충돌,안전운전불이행,건조,맑음,교차로 - 교차로안,승용,남,28세,부상신고,,,,
2022022400100018,2022년 2월 24일 05시,목요일,경상북도 포항시 북구 여천동,경상사고,0,0,1,0,차대차 - 정면충돌,안전운전불이행,건조,맑음,교차로 - 교차로안,승용,남,71세,상해없음,승용,남,70세,경상
2022022400100034,2022년 2월 24일 06시,목요일,경상북도 포항시 북구 흥해읍,경상사고,0,0,1,0,차량단독 - 전도전복 - 전도,안전운전불이행,건조,맑음,단일로 - 기타,특수,남,53세,경상,,,,
2022022400100085,2022년 2월 24일 08시,목요일,경상북도 영양군 영양읍,경상사고,0,0,2,0,차대차 - 추돌,안전운전불이행,건조,맑음,단일로 - 기타,화물,남,81세,상해없음,승용,여,62세,경상
2022022400100086,2022년 2월 24일 08시,목요일,경상북도 포항시 남구 동해면,중상사고,0,1,0,0,차대사람 - 차도통행중,안전운전불이행,건조,맑음,단일로 - 지하차도(도로)내,승용,남,36세,상해없음,보행자,남,67세,중상
2022022400100115,2022년 2월 24일 09시,목요일,경상북도 구미시 지산동,중상사고,0,1,0,0,차대차 - 기타,안전운전불이행,건조,맑음,단일로 - 기타,이륜,남,69세,상해없음,자전거,여,65세,중상
2022022400100137,2022년 2월 24일 10시,목요일,경상북도 안동시 옥야동,경상사고,0,0,3,0,차대차 - 측면충돌,안전거리미확보,건조,맑음,단일로 - 기타,승용,여,52세,상해없음,승용,남,24세,경상
2022022400100200,2022년 2월 24일 12시,목요일,경상북도 경주시 효현동,경상사고,0,0,2,0,차대차 - 추돌,안전운전불이행,건조,맑음,교차로 - 교차로부근,화물,남,73세,상해없음,승용,남,53세,경상
2022022400100201,2022년 2월 24일 12시,목요일,경상북도 영천시 과전동,경상사고,0,0,1,0,차량단독 - 기타,안전운전불이행,건조,맑음,교차로 - 교차로부근,승용,남,56세,상해없음,,,,
2022022400100223,2022년 2월 24일 13시,목요일,경상북도 경주시 구정동,경상사고,0,0,1,0,차대사람 - 길가장자리구역통행중,안전운전불이행,건조,맑음,단일로 - 기타,승용,남,72세,상해없음,보행자,여,60세,경상
2022022400100253,2022년 2월 24일 14시,목요일,경상북도 안동시 옥동,중상사고,0,1,1,0,차대차 - 기타,신호위반,건조,맑음,교차로 - 교차로안,승용,남,48세,경상,이륜,남,24세,중상
2022022400100291,2022년 2월 24일 15시,목요일,경상북도 청도군 풍각면,경상사고,0,0,1,0,차대차 - 추돌,기타,건조,맑음,교차로 - 교차로안,건설기계,남,66세,상해없음,승용,남,44세,경상
2022022400100322,2022년 2월 24일 16시,목요일,경상북도 안동시 안기동,경상사고,0,0,1,0,차대사람 - 기타,안전운전불이행,건조,맑음,단일로 - 기타,화물,남,69세,상해없음,보행자,여,61세,경상
2022022400100323,2022년 2월 24일 16시,목요일,경상북도 의성군 안계면,중상사고,0,1,0,0,차대차 - 측면충돌,중앙선침범,건조,맑음,단일로 - 기타,승용,남,19세,상해없음,자전거,남,75세,중상
2022022400100324,2022년 2월 24일 16시,목요일,경상북도 포항시 남구 장흥동,경상사고,0,0,1,0,차대차 - 추돌,안전운전불이행,건조,맑음,교차로 - 교차로부근,승용,남,63세,상해없음,승용,남,33세,경상
2022022400100361,2022년 2월 24일 17시,목요일,경상북도 의성군 의성읍,경상사고,0,0,1,0,차대차 - 측면충돌,기타,건조,맑음,교차로 - 교차로안,이륜,여,25세,경상,승합,남,53세,상해없음
2022022400100362,2022년 2월 24일 17시,목요일,경상북도 포항시 남구 송내동,부상신고사고,0,0,0,1,차대차 - 측면충돌,안전운전불이행,건조,맑음,단일로 - 기타,승용,남,59세,상해없음,승용,남,38세,부상신고
2022022400100400,2022년 2월 24일 18시,목요일,경상북도 경주시 성동동,중상사고,0,1,0,0,차대차 - 추돌,안전운전불이행,건조,맑음,단일로 - 기타,승용,여,34세,상해없음,승용,남,30세,중상
2022022400100401,2022년 2월 24일 18시,목요일,경상북도 안동시 와룡면,경상사고,0,0,1,0,차대차 - 정면충돌,중앙선침범,건조,맑음,단일로 - 기타,승용,남,67세,상해없음,특수,남,46세,경상
2022022400100402,2022년 2월 24일 18시,목요일,경상북도 상주시 사벌국면,경상사고,0,0,1,0,차대차 - 측면충돌,교차로운행방법위반,건조,맑음,교차로 - 교차로안,승용,남,62세,상해없음,승용,남,50세,경상
2022022400100403,2022년 2월 24일 18시,목요일,경상북도 경산시 중방동,경상사고,0,0,1,0,차대사람 - 횡단중,보행자보호의무위반,건조,맑음,교차로 - 교차로횡단보도내,이륜,남,39세,상해없음,보행자,남,60세,경상
2022022400100436,2022년 2월 24일 19시,목요일,경상북도 구미시 공단동,경상사고,0,0,1,0,차대차 - 측면충돌,안전운전불이행,건조,맑음,교차로 - 교차로안,승용,남,45세,상해없음,승용,남,24세,경상
2022022400100468,2022년 2월 24일 20시,목요일,경상북도 영주시 풍기읍,경상사고,0,0,1,0,차량단독 - 기타,안전운전불이행,건조,맑음,단일로 - 기타,승용,남,26세,경상,,,,
2022022400100538,2022년 2월 24일 23시,목요일,경상북도 구미시 공단동,중상사고,0,1,0,0,차대차 - 정면충돌,안전운전불이행,건조,맑음,단일로 - 기타,승용,남,41세,상해없음,승용,여,39세,중상
2022022500100037,2022년 2월 25일 06시,금요일,경상북도 안동시 풍산읍,경상사고,0,0,1,0,차대차 - 추돌,안전운전불이행,건조,맑음,단일로 - 기타,화물,남,67세,상해없음,화물,남,42세,경상
2022022500100053,2022년 2월 25일 07시,금요일,경상북도 안동시 옥동,경상사고,0,0,1,0,차대차 - 측면충돌,안전운전불이행,건조,맑음,단일로 - 기타,승용,남,22세,상해없음,이륜,남,28세,경상
2022022500100054,2022년 2월 25일 07시,금요일,경상북도 칠곡군 왜관읍,경상사고,0,0,1,0,차대차 - 측면충돌,차로위반,건조,흐림,교차로 - 교차로부근,화물,남,59세,상해없음,승용,남,35세,경상
2022022500100055,2022년 2월 25일 07시,금요일,경상북도 성주군 성주읍,경상사고,0,0,1,0,차대차 - 측면충돌,안전운전불이행,건조,맑음,단일로 - 기타,화물,남,62세,상해없음,승용,여,54세,경상
2022022500100121,2022년 2월 25일 09시,금요일,경상북도 경주시 강동면,중상사고,0,1,0,0,차대차 - 측면충돌,안전운전불이행,건조,맑음,단일로 - 기타,화물,남,82세,상해없음,이륜,남,77세,중상
2022022500100122,2022년 2월 25일 09시,금요일,경상북도 포항시 북구 우현동,경상사고,0,0,1,0,차대차 - 추돌,안전거리미확보,건조,맑음,단일로 - 기타,승용,남,65세,상해없음,승용,여,36세,경상
2022022500100123,2022년 2월 25일 09시,금요일,경상북도 경산시 상방동,경상사고,0,0,1,0,차대차 - 측면충돌,안전운전불이행,건조,맑음,교차로 - 교차로안,승용,남,81세,상해없음,승용,남,22세,경상
2022022500100124,2022년 2월 25일 09시,금요일,경상북도 포항시 남구 연일읍,경상사고,0,0,1,0,차대차 - 추돌,안전거리미확보,젖음/습기,맑음,교차로 - 교차로부근,화물,남,54세,상해없음,승용,남,51세,경상
2022022500100178,2022년 2월 25일 11시,금요일,경상북도 안동시 광석동,경상사고,0,0,1,0,차대차 - 추돌,안전운전불이행,건조,맑음,단일로 - 기타,특수,남,24세,상해없음,승용,여,26세,경상
2022022500100179,2022년 2월 25일 11시,금요일,경상북도 칠곡군 왜관읍,경상사고,0,0,1,0,차대차 - 측면충돌,직진우회전진행방해,건조,맑음,교차로 - 교차로안,화물,남,57세,상해없음,자전거,남,86세,경상
2022022500100180,2022년 2월 25일 11시,금요일,경상북도 포항시 남구 인덕동,중상사고,0,1,9,0,차대차 - 추돌,안전운전불이행,건조,맑음,단일로 - 지하차도(도로)내,화물,남,47세,경상,승용,남,47세,경상
2022022500100224,2022년 2월 25일 12시,금요일,경상북도 경주시 황성동,경상사고,0,0,1,0,차대차 - 측면충돌,중앙선침범,건조,맑음,교차로 - 교차로부근,승용,여,58세,상해없음,승용,남,30세,경상
2022022500100225,2022년 2월 25일 12시,금요일,경상북도 포항시 북구 죽장면,중상사고,0,1,0,0,차대사람 - 차도통행중,안전운전불이행,젖음/습기,맑음,교차로 - 교차로부근,화물,남,63세,상해없음,보행자,여,74세,중상
2022022500100226,2022년 2월 25일 12시,금요일,경상북도 안동시 임동면,중상사고,0,1,1,0,차량단독 - 공작물충돌,안전운전불이행,건조,맑음,단일로 - 기타,승용,남,80세,경상,,,,
2022022500100227,2022년 2월 25일 12시,금요일,경상북도 영천시 야사동,경상사고,0,0,1,0,차대차 - 측면충돌,안전운전불이행,건조,맑음,교차로 - 교차로안,승용,남,37세,상해없음,이륜,남,44세,경상
2022022500100252,2022년 2월 25일 13시,금요일,경상북도 의성군 금성면,중상사고,0,1,0,0,차량단독 - 기타,안전운전불이행,건조,맑음,단일로 - 기타,사륜오토바이(ATV),남,92세,중상,,,,
2022022500100253,2022년 2월 25일 13시,금요일,경상북도 문경시 모전동,경상사고,0,0,1,0,차대차 - 측면충돌,기타,건조,맑음,단일로 - 기타,승용,남,45세,상해없음,승용,남,69세,경상
2022022500100254,2022년 2월 25일 13시,금요일,경상북도 포항시 남구 일월동,경상사고,0,0,2,0,차대차 - 측면충돌,안전운전불이행,건조,맑음,단일로 - 지하차도(도로)내,승용,남,56세,상해없음,승용,남,71세,경상
2022022500100283,2022년 2월 25일 14시,금요일,경상북도 경산시 중방동,경상사고,0,0,2,0,차대차 - 측면충돌,신호위반,건조,맑음,교차로 - 교차로안,승용,남,58세,상해없음,승용,남,47세,경상
2022022500100284,2022년 2월 25일 14시,금요일,경상북도 예천군 개포면,경상사고,0,0,3,0,차대차 - 추돌,안전운전불이행,건조,맑음,교차로 - 교차로부근,화물,남,79세,상해없음,승용,남,65세,경상
2022022500100339,2022년 2월 25일 16시,금요일,경상북도 포항시 북구 흥해읍,경상사고,0,0,1,0,차대차 - 추돌,안전운전불이행,건조,맑음,기타 - 기타,승용,여,61세,상해없음,승용,남,53세,경상
2022022500100340,2022년 2월 25일 16시,금요일,경상북도 고령군 다산면,중상사고,0,1,0,0,차대차 - 측면충돌,기타,건조,맑음,교차로 - 교차로안,화물,남,64세,상해없음,승용,여,59세,중상
2022022500100380,2022년 2월 25일 17시,금요일,경상북도 경주시 황성동,경상사고,0,0,1,0,차대차 - 측면충돌,안전운전불이행,건조,맑음,교차로 - 교차로안,자전거,남,59세,경상,승용,여,41세,상해없음
2022022500100381,2022년 2월 25일 17시,금요일,경상북도 칠곡군 약목면,경상사고,0,0,2,0,차대차 - 추돌,안전운전불이행,건조,맑음,단일로 - 지하차도(도로)내,승용,남,42세,상해없음,승용,남,79세,경상
2022022500100382,2022년 2월 25일 17시,금요일,경상북도 예천군 지보면,중상사고,0,1,0,0,차대차 - 정면충돌,중앙선침범,건조,맑음,단일로 - 기타,화물,남,50세,상해없음,화물,남,60세,중상
2022022500100383,2022년 2월 25일 17시,금요일,경상북도 성주군 성주읍,부상신고사고,0,0,0,1,차대차 - 기타,안전운전불이행,건조,맑음,교차로 - 교차로안,승용,여,48세,부상신고,승용,여,42세,상해없음
2022022500100432,2022년 2월 25일 18시,금요일,경상북도 경주시 노서동,경상사고,0,0,1,0,차대차 - 측면충돌,안전운전불이행,건조,맑음,교차로 - 교차로안,승용,여,56세,상해없음,승용,남,33세,경상
2022022500100433,2022년 2월 25일 18시,금요일,경상북도 경산시 진량읍,중상사고,0,1,0,0,차대사람 - 횡단중,보행자보호의무위반,건조,맑음,교차로 - 교차로횡단보도내,승용,남,38세,상해없음,보행자,남,53세,중상
2022022500100471,2022년 2월 25일 19시,금요일,경상북도 구미시 원평동,중상사고,0,1,1,0,차대차 - 추돌,안전운전불이행,건조,맑음,교차로 - 교차로부근,승용,남,61세,상해없음,승용,여,48세,중상
2022022500100498,2022년 2월 25일 20시,금요일,경상북도 포항시 남구 대잠동,경상사고,0,0,1,0,차대사람 - 기타,안전운전불이행,건조,맑음,교차로 - 교차로안,승합,남,47세,상해없음,보행자,여,65세,경상
2022022500100520,2022년 2월 25일 21시,금요일,경상북도 포항시 남구 대잠동,중상사고,0,1,0,0,차대차 - 후진중충돌,안전운전불이행,건조,맑음,단일로 - 지하차도(도로)내,화물,남,44세,상해없음,승용,남,66세,상해없음
2022022500100556,2022년 2월 25일 22시,금요일,경상북도 포항시 북구 항구동,경상사고,0,0,2,0,차대차 - 기타,안전운전불이행,건조,맑음,교차로 - 교차로안,승용,여,45세,상해없음,승용,여,51세,경상
2022022500100557,2022년 2월 25일 22시,금요일,경상북도 칠곡군 석적읍,부상신고사고,0,0,0,1,차대차 - 측면충돌,안전운전불이행,건조,맑음,단일로 - 기타,승용,남,37세,상해없음,이륜,남,44세,부상신고
2022022500100558,2022년 2월 25일 22시,금요일,경상북도 청도군 각남면,경상사고,0,0,6,0,차대차 - 측면충돌,안전운전불이행,건조,흐림,교차로 - 교차로부근,승용,남,52세,상해없음,승용,남,34세,경상
2022022500100590,2022년 2월 25일 23시,금요일,경상북도 김천시 부곡동,경상사고,0,0,1,0,차대차 - 측면충돌,안전운전불이행,건조,맑음,단일로 - 기타,승용,남,33세,상해없음,승용,여,33세,경상
2022022500100591,2022년 2월 25일 23시,금요일,경상북도 경산시 백천동,경상사고,0,0,1,0,차대사람 - 기타,보행자보호의무위반,건조,맑음,교차로 - 교차로횡단보도내,승용,여,46세,상해없음,보행자,남,46세,경상
2022022500100592,2022년 2월 25일 23시,금요일,경상북도 예천군 개포면,경상사고,0,0,1,0,차대차 - 기타,안전운전불이행,건조,맑음,단일로 - 기타,화물,남,68세,경상,승용,남,43세,상해없음
2022022600100022,2022년 2월 26일 02시,토요일,경상북도 경산시 중방동,경상사고,0,0,2,0,차대차 - 추돌,안전운전불이행,건조,맑음,교차로 - 교차로부근,승용,남,35세,상해없음,승용,남,68세,경상
2022022600100047,2022년 2월 26일 06시,토요일,경상북도 김천시 교동,경상사고,0,0,1,0,차대차 - 측면충돌,신호위반,건조,맑음,교차로 - 교차로안,승용,남,33세,상해없음,승용,남,33세,경상
2022022600100063,2022년 2월 26일 07시,토요일,경상북도 포항시 북구 기계면,경상사고,0,0,2,0,차대차 - 기타,신호위반,건조,맑음,교차로 - 교차로안,화물,남,77세,상해없음,승용,남,48세,경상
2022022600100079,2022년 2월 26일 08시,토요일,경상북도 경주시 안강읍,경상사고,0,0,2,0,차대차 - 측면충돌,안전운전불이행,건조,맑음,교차로 - 교차로부근,화물,남,63세,경상,승용,남,31세,경상
2022022600100136,2022년 2월 26일 11시,토요일,경상북도 포항시 남구 해도동,경상사고,0,0,1,0,차대차 - 정면충돌,중앙선침범,건조,맑음,단일로 - 지하차도(도로)내,화물,여,40세,상해없음,이륜,남,28세,경상
2022022600100137,2022년 2월 26일 11시,토요일,경상북도 경산시 남천면,경상사고,0,0,2,0,차대차 - 추돌,안전운전불이행,건조,맑음,단일로 - 기타,승용,남,33세,상해없음,승용,여,28세,경상
2022022600100168,2022년 2월 26일 12시,토요일,경상북도 경주시 서면,경상사고,0,0,5,0,차대차 - 측면충돌,중앙선침범,건조,맑음,단일로 - 기타,승용,여,71세,상해없음,승용,여,64세,경상
2022022600100169,2022년 2월 26일 12시,토요일,경상북도 상주시 연원동,경상사고,0,0,1,0,차대차 - 추돌,안전운전불이행,건조,맑음,교차로 - 교차로안,승용,남,63세,상해없음,승용,남,72세,경상
2022022600100170,2022년 2월 26일 12시,토요일,경상북도 포항시 남구 연일읍,경상사고,0,0,1,0,차대차 - 측면충돌,기타,건조,맑음,단일로 - 기타,승용,남,62세,상해없음,승용,여,48세,경상
2022022600100205,2022년 2월 26일 13시,토요일,경상북도 성주군 벽진면,경상사고,0,0,3,0,차대차 - 추돌,기타,건조,맑음,단일로 - 기타,승용,여,39세,경상,승용,남,63세,상해없음
2022022600100206,2022년 2월 26일 13시,토요일,경상북도 구미시 사곡동,경상사고,0,0,1,0,차대차 - 측면충돌,안전운전불이행,건조,맑음,단일로 - 기타,이륜,남,51세,상해없음,이륜,남,31세,경상
2022022600100260,2022년 2월 26일 15시,토요일,경상북도 김천시 아포읍,중상사고,0,2,0,0,차대차 - 측면충돌,중앙선침범,건조,맑음,단일로 - 기타,승용,남,60세,상해없음,승용,남,70세,중상
2022022600100261,2022년 2월 26일 15시,토요일,경상북도 영덕군 강구면,경상사고,0,0,1,0,차대차 - 측면충돌,안전운전불이행,건조,맑음,교차로 - 교차로안,승용,남,25세,상해없음,승용,여,45세,경상
2022022600100262,2022년 2월 26일 15시,토요일,경상북도 구미시 고아읍,중상사고,0,1,0,0,차대사람 - 기타,보행자보호의무위반,건조,맑음,교차로 - 교차로안,화물,남,60세,상해없음,보행자,여,60세,중상
2022022600100287,2022년 2월 26일 16시,토요일,경상북도 김천시 개령면,중상사고,0,1,0,0,차대차 - 측면충돌,교차로운행방법위반,건조,맑음,교차로 - 교차로안,건설기계,남,35세,상해없음,원동기,남,60세,중상
2022022600100288,2022년 2월 26일 16시,토요일,경상북도 구미시 고아읍,경상사고,0,0,1,0,차대차 - 기타,안전운전불이행,건조,맑음,주차장 - 주차장,승용,남,60세,경상,승용,남,25세,상해없음
2022022600100314,2022년 2월 26일 17시,토요일,경상북도 포항시 북구 중앙동,경상사고,0,0,1,0,차대차 - 측면충돌,중앙선침범,건조,맑음,교차로 - 교차로부근,승용,남,59세,상해없음,이륜,여,49세,경상
2022022600100315,2022년 2월 26일 17시,토요일,경상북도 칠곡군 지천면,중상사고,0,1,1,0,차대차 - 기타,안전운전불이행,건조,맑음,단일로 - 기타,기타불명,남,59세,중상,화물,남,59세,경상
2022022600100356,2022년 2월 26일 18시,토요일,경상북도 김천시 부곡동,중상사고,0,1,0,0,차대차 - 측면충돌,안전운전불이행,건조,맑음,단일로 - 기타,화물,남,67세,상해없음,이륜,남,43세,중상
2022022600100394,2022년 2월 26일 19시,토요일,경상북도 포항시 북구 두호동,중상사고,0,1,0,0,차대차 - 추돌,안전거리미확보,건조,맑음,단일로 - 기타,승용,남,29세,상해없음,이륜,남,65세,중상
2022022600100395,2022년 2월 26일 19시,토요일,경상북도 경산시 조영동,경상사고,0,0,2,0,차대차 - 측면충돌,교차로운행방법위반,건조,맑음,교차로 - 교차로안,이륜,남,23세,상해없음,승용,남,30세,경상
2022022600100433,2022년 2월 26일 20시,토요일,경상북도 구미시 도량동,중상사고,0,1,0,0,차대사람 - 횡단중,안전운전불이행,건조,맑음,단일로 - 기타,이륜,남,36세,상해없음,보행자,남,64세,중상