사고번호,사고일시,요일,시군구,사고내용,사망자수,중상자수,경상자수,부상신고자수,사고유형,법규위반,노면상태,기상상태,도로형태,가해운전자 차종,가해운전자 성별,가해운전자 연령,가해운전자 상해정도,피해운전자 차종,피해운전자 성별,피해운전자 연령,피해운전자 상해정도
2022022600100500,2022년 2월 26일 23시,토요일,경상북도 포항시 북구 흥해읍,경상사고,0,0,1,0,차대차 - 측면충돌,신호위반,건조,맑음,교차로 - 교차로안,승용,남,41세,상해없음,승용,여,22세,경상
2022022600100501,2022년 2월 26일 23시,토요일,경상북도 안동시 옥동,경상사고,0,0,1,0,차대차 - 기타,직진우회전진행방해,젖음/습기,흐림,교차로 - 교차로안,승용,여,32세,상해없음,승용,남,31세,경상
2022022700100004,2022년 2월 27일 00시,일요일,경상북도 포항시 남구 해도동,경상사고,0,0,1,0,차대차 - 측면충돌,신호위반,건조,맑음,교차로 - 교차로안,승용,남,43세,상해없음,승용,남,44세,경상
2022022700100067,2022년 2월 27일 10시,일요일,경상북도 포항시 남구 대도동,경상사고,0,0,2,0,차대차 - 측면충돌,신호위반,건조,맑음,교차로 - 교차로안,승용,남,56세,상해없음,승용,여,63세,경상
2022022700100089,2022년 2월 27일 11시,일요일,경상북도 김천시 대항면,부상신고사고,0,0,0,1,차량단독 - 기타,안전운전불이행,건조,맑음,단일로 - 기타,승합,남,55세,상해없음,,,,
2022022700100090,2022년 2월 27일 11시,일요일,경상북도 울진군 울진읍,중상사고,0,2,2,0,차대차 - 측면충돌,안전거리미확보,건조,맑음,단일로 - 기타,화물,남,46세,상해없음,승용,남,60세,경상
2022022700100111,2022년 2월 27일 12시,일요일,경상북도 영덕군 강구면,경상사고,0,0,1,0,차대사람 - 기타,안전운전불이행,건조,맑음,단일로 - 기타,승용,여,24세,상해없음,보행자,여,46세,경상
2022022700100112,2022년 2월 27일 12시,일요일,경상북도 구미시 원평동,경상사고,0,0,1,0,차대차 - 기타,안전운전불이행,건조,맑음,단일로 - 기타,승용,남,59세,상해없음,이륜,남,16세,경상
2022022700100214,2022년 2월 27일 15시,일요일,경상북도 경산시 조영동,경상사고,0,0,1,0,차대차 - 추돌,안전운전불이행,건조,맑음,단일로 - 기타,승용,남,56세,상해없음,이륜,남,67세,경상
2022022700100303,2022년 2월 27일 19시,일요일,경상북도 경주시 황성동,경상사고,0,0,2,0,차대차 - 측면충돌,안전운전불이행,건조,맑음,교차로 - 교차로안,승용,남,52세,상해없음,승용,남,42세,경상
2022022700100304,2022년 2월 27일 19시,일요일,경상북도 청도군 금천면,경상사고,0,0,1,0,차대차 - 측면충돌,신호위반,건조,흐림,교차로 - 교차로안,화물,남,70세,상해없음,화물,남,57세,경상
2022022700100362,2022년 2월 27일 22시,일요일,경상북도 경주시 동천동,경상사고,0,0,1,0,차대차 - 기타,안전운전불이행,건조,맑음,단일로 - 기타,승용,남,25세,상해없음,승용,여,46세,경상
2022022700100363,2022년 2월 27일 22시,일요일,경상북도 구미시 원평동,경상사고,0,0,1,0,차대차 - 추돌,안전운전불이행,건조,맑음,단일로 - 기타,승용,여,29세,상해없음,승용,남,69세,경상
2022022800100056,2022년 2월 28일 07시,월요일,경상북도 칠곡군 북삼읍,경상사고,0,0,1,0,차량단독 - 공작물충돌,안전운전불이행,건조,맑음,단일로 - 기타,승용,남,27세,경상,,,,
2022022800100074,2022년 2월 28일 08시,월요일,경상북도 경주시 강동면,경상사고,0,0,1,0,차대차 - 추돌,안전운전불이행,건조,맑음,교차로 - 교차로부근,승용,여,54세,상해없음,승용,여,56세,경상
2022022800100103,2022년 2월 28일 09시,월요일,경상북도 영천시 화산면,경상사고,0,0,3,0,차대차 - 추돌,안전운전불이행,건조,흐림,단일로 - 기타,승용,남,50세,상해없음,승합,여,55세,경상
2022022800100159,2022년 2월 28일 11시,월요일,경상북도 안동시 운안동,중상사고,0,1,0,0,차대사람 - 횡단중,보행자보호의무위반,건조,맑음,단일로 - 기타,건설기계,남,66세,상해없음,보행자,남,80세,중상
2022022800100160,2022년 2월 28일 11시,월요일,경상북도 영양군 입암면,중상사고,0,1,0,0,차대사람 - 차도통행중,안전운전불이행,건조,맑음,단일로 - 기타,화물,남,31세,상해없음,보행자,여,77세,중상
2022022800100190,2022년 2월 28일 12시,월요일,경상북도 경주시 황성동,경상사고,0,0,1,0,차대차 - 측면충돌,안전운전불이행,건조,맑음,교차로 - 교차로부근,승용,남,53세,상해없음,원동기,여,25세,경상
2022022800100191,2022년 2월 28일 12시,월요일,경상북도 울진군 평해읍,중상사고,0,1,0,0,차대차 - 측면충돌,직진우회전진행방해,건조,맑음,교차로 - 교차로안,자전거,남,15세,중상,화물,남,54세,상해없음
2022022800100217,2022년 2월 28일 13시,월요일,경상북도 경주시 황남동,경상사고,0,0,1,0,차대차 - 측면충돌,안전운전불이행,건조,맑음,단일로 - 지하차도(도로)내,승용,남,23세,상해없음,승용,남,51세,경상
2022022800100218,2022년 2월 28일 13시,월요일,경상북도 포항시 북구 용흥동,중상사고,0,1,0,0,차대차 - 정면충돌,중앙선침범,건조,맑음,교차로 - 교차로횡단보도내,화물,여,62세,상해없음,이륜,남,50세,중상
2022022800100219,2022년 2월 28일 13시,월요일,경상북도 포항시 북구 양덕동,경상사고,0,0,1,0,차대차 - 기타,안전운전불이행,건조,맑음,교차로 - 교차로안,승용,여,39세,상해없음,승용,남,61세,경상
2022022800100220,2022년 2월 28일 13시,월요일,경상북도 포항시 남구 오천읍,경상사고,0,0,1,0,차대사람 - 기타,기타,건조,맑음,단일로 - 지하차도(도로)내,화물,남,55세,상해없음,보행자,여,65세,경상
2022022800100258,2022년 2월 28일 14시,월요일,경상북도 포항시 남구 송도동,중상사고,0,1,0,0,차대차 - 측면충돌,안전운전불이행,건조,맑음,단일로 - 지하차도(도로)내,특수,남,49세,상해없음,자전거,남,68세,중상
2022022800100259,2022년 2월 28일 14시,월요일,경상북도 포항시 남구 이동,경상사고,0,0,2,0,차대차 - 추돌,안전운전불이행,건조,맑음,교차로 - 교차로부근,승용,여,51세,상해없음,승용,여,58세,경상
2022022800100295,2022년 2월 28일 15시,월요일,경상북도 안동시 일직면,중상사고,0,1,0,0,차대사람 - 기타,안전운전불이행,건조,맑음,단일로 - 교량,승용,여,61세,상해없음,보행자,여,76세,중상
2022022800100296,2022년 2월 28일 15시,월요일,경상북도 영천시 오미동,경상사고,0,0,2,0,차대차 - 측면충돌,교차로운행방법위반,건조,맑음,교차로 - 교차로안,승용,남,57세,경상,승용,여,52세,경상
2022022800100297,2022년 2월 28일 15시,월요일,경상북도 포항시 남구 해도동,경상사고,0,0,3,0,차대차 - 추돌,안전운전불이행,건조,맑음,단일로 - 지하차도(도로)내,승합,남,64세,상해없음,화물,남,39세,경상
2022022800100328,2022년 2월 28일 16시,월요일,경상북도 경산시 중방동,경상사고,0,0,1,0,차대사람 - 횡단중,보행자보호의무위반,건조,맑음,교차로 - 교차로횡단보도내,승용,남,74세,상해없음,보행자,남,70세,경상
2022022800100329,2022년 2월 28일 16시,월요일,경상북도 포항시 남구 연일읍,경상사고,0,0,1,0,차대사람 - 길가장자리구역통행중,안전운전불이행,건조,맑음,교차로 - 교차로부근,승용,남,66세,상해없음,보행자,여,56세,경상
2022022800100366,2022년 2월 28일 17시,월요일,경상북도 영천시 대창면,경상사고,0,0,2,0,차대차 - 측면충돌,안전운전불이행,건조,맑음,교차로 - 교차로안,승용,남,42세,경상,승용,남,54세,경상
2022022800100367,2022년 2월 28일 17시,월요일,경상북도 포항시 남구 청림동,경상사고,0,0,1,0,차대차 - 측면충돌,안전운전불이행,건조,맑음,교차로 - 교차로안,승용,여,26세,상해없음,이륜,남,35세,경상
2022022800100368,2022년 2월 28일 17시,월요일,경상북도 포항시 남구 상도동,경상사고,0,0,1,0,차대차 - 측면충돌,안전운전불이행,건조,맑음,교차로 - 교차로부근,승용,남,66세,상해없음,승용,남,30세,경상
2022022800100410,2022년 2월 28일 18시,월요일,경상북도 안동시 풍천면,중상사고,0,1,0,0,차대차 - 기타,신호위반,건조,맑음,교차로 - 교차로안,승용,여,41세,상해없음,이륜,남,45세,중상
2022022800100411,2022년 2월 28일 18시,월요일,경상북도 경산시 옥곡동,중상사고,0,1,0,0,차대차 - 측면충돌,안전운전불이행,건조,맑음,단일로 - 기타,승용,남,60세,상해없음,자전거,남,13세,중상
2022022800100451,2022년 2월 28일 19시,월요일,경상북도 경주시 충효동,경상사고,0,0,1,0,차대차 - 기타,안전운전불이행,건조,맑음,교차로 - 교차로안,이륜,남,44세,경상,승용,여,46세,상해없음
2022022800100452,2022년 2월 28일 19시,월요일,경상북도 경산시 용성면,중상사고,0,1,0,0,차대사람 - 횡단중,안전운전불이행,건조,맑음,교차로 - 교차로안,화물,남,53세,상해없음,보행자,여,73세,중상
2022022800100453,2022년 2월 28일 19시,월요일,경상북도 경산시 백천동,경상사고,0,0,1,0,차대사람 - 횡단중,보행자보호의무위반,건조,맑음,교차로 - 교차로횡단보도내,화물,남,37세,상해없음,보행자,여,35세,경상
2022022800100454,2022년 2월 28일 19시,월요일,경상북도 구미시 고아읍,중상사고,0,1,0,0,차대차 - 정면충돌,중앙선침범,건조,맑음,단일로 - 기타,승용,남,71세,상해없음,이륜,남,37세,중상
2022022800100483,2022년 2월 28일 20시,월요일,경상북도 포항시 북구 환호동,경상사고,0,0,1,0,차대차 - 후진중충돌,안전운전불이행,건조,맑음,단일로 - 기타,승용,남,62세,상해없음,승용,남,61세,경상
2022022800100484,2022년 2월 28일 20시,월요일,경상북도 포항시 남구 오천읍,경상사고,0,0,2,0,차대차 - 측면충돌,신호위반,건조,맑음,단일로 - 기타,승용,남,59세,상해없음,승용,남,28세,경상
2022022800100529,2022년 2월 28일 22시,월요일,경상북도 경산시 대동,경상사고,0,0,1,0,차대사람 - 기타,안전운전불이행,서리/결빙,맑음,단일로 - 기타,승용,남,19세,상해없음,보행자,남,30세,경상
2022030100100018,2022년 3월 1일 05시,화요일,경상북도 포항시 남구 대도동,경상사고,0,0,1,0,차대사람 - 기타,안전운전불이행,건조,맑음,교차로 - 교차로안,승용,여,56세,상해없음,보행자,남,50세,경상
2022030100100041,2022년 3월 1일 08시,화요일,경상북도 경주시 천북면,경상사고,0,0,1,0,차대차 - 측면충돌,안전운전불이행,건조,맑음,교차로 - 교차로부근,화물,남,26세,상해없음,승용,여,57세,경상
2022030100100042,2022년 3월 1일 08시,화요일,경상북도 포항시 북구 흥해읍,중상사고,0,2,2,0,차대차 - 기타,기타,건조,맑음,교차로 - 교차로안,승합,남,50세,상해없음,승용,남,55세,경상
2022030100100076,2022년 3월 1일 10시,화요일,경상북도 고령군 쌍림면,부상신고사고,0,0,0,1,차대차 - 측면충돌,중앙선침범,건조,맑음,단일로 - 기타,승용,여,62세,상해없음,화물,남,67세,부상신고
2022030100100102,2022년 3월 1일 11시,화요일,경상북도 구미시 신평동,중상사고,0,1,0,0,차대사람 - 기타,안전운전불이행,건조,맑음,단일로 - 기타,승용,남,47세,상해없음,보행자,여,75세,중상
2022030100100162,2022년 3월 1일 14시,화요일,경상북도 상주시 서성동,중상사고,0,1,0,0,차대차 - 추돌,안전운전불이행,건조,맑음,단일로 - 기타,승용,남,66세,상해없음,승용,여,49세,중상
2022030100100163,2022년 3월 1일 14시,화요일,경상북도 칠곡군 왜관읍,중상사고,0,1,0,0,차대사람 - 길가장자리구역통행중,기타,건조,맑음,교차로 - 교차로부근,화물,남,60세,상해없음,보행자,여,33세,중상
2022030100100164,2022년 3월 1일 14시,화요일,경상북도 포항시 남구 연일읍,경상사고,0,0,3,3,차대차 - 추돌,안전운전불이행,건조,맑음,단일로 - 기타,승용,남,46세,부상신고,승용,남,36세,상해없음
2022030100100165,2022년 3월 1일 14시,화요일,경상북도 포항시 남구 장흥동,경상사고,0,0,2,0,차대차 - 추돌,안전운전불이행,건조,맑음,교차로 - 교차로부근,승용,남,30세,상해없음,승용,남,72세,경상
2022030100100190,2022년 3월 1일 15시,화요일,경상북도 구미시 임수동,중상사고,0,1,0,0,차대차 - 기타,안전운전불이행,건조,맑음,단일로 - 기타,승용,남,39세,상해없음,자전거,여,56세,중상
2022030100100223,2022년 3월 1일 16시,화요일,경상북도 칠곡군 약목면,중상사고,0,1,0,0,차대차 - 기타,불법유턴,건조,맑음,단일로 - 기타,승용,여,69세,상해없음,이륜,남,68세,중상
2022030100100224,2022년 3월 1일 16시,화요일,경상북도 구미시 원평동,경상사고,0,0,1,0,차대차 - 추돌,안전운전불이행,건조,맑음,교차로 - 교차로부근,승용,남,67세,상해없음,승용,남,59세,상해없음
2022030100100246,2022년 3월 1일 17시,화요일,경상북도 성주군 성주읍,중상사고,0,2,0,0,차대차 - 정면충돌,안전운전불이행,건조,맑음,단일로 - 기타,이륜,남,16세,중상,자전거,여,69세,중상
2022030100100281,2022년 3월 1일 18시,화요일,경상북도 구미시 구평동,경상사고,0,0,2,1,차대차 - 측면충돌,직진우회전진행방해,건조,맑음,교차로 - 교차로안,승용,여,76세,부상신고,승용,남,20세,경상
2022030100100300,2022년 3월 1일 19시,화요일,경상북도 경주시 천북면,경상사고,0,0,1,0,차대차 - 기타,안전운전불이행,건조,맑음,단일로 - 지하차도(도로)내,승용,여,41세,상해없음,승용,여,55세,경상
2022030100100325,2022년 3월 1일 20시,화요일,경상북도 구미시 광평동,경상사고,0,0,1,0,차대차 - 측면충돌,안전거리미확보,건조,맑음,단일로 - 기타,승용,여,23세,상해없음,승용,남,48세,경상
2022030100100352,2022년 3월 1일 22시,화요일,경상북도 경산시 진량읍,중상사고,0,1,0,0,차대차 - 측면충돌,안전운전불이행,건조,맑음,교차로 - 교차로안,승용,남,71세,상해없음,이륜,남,25세,중상
2022030200100072,2022년 3월 2일 08시,수요일,경상북도 경주시 외동읍,경상사고,0,0,5,0,차대차 - 측면충돌,안전운전불이행,건조,맑음,교차로 - 교차로부근,승용,남,39세,상해없음,승합,남,67세,경상
2022030200100073,2022년 3월 2일 08시,수요일,경상북도 안동시 용상동,경상사고,0,0,2,0,차대차 - 측면충돌,안전운전불이행,건조,맑음,단일로 - 기타,승용,여,54세,상해없음,승용,여,29세,경상
2022030200100074,2022년 3월 2일 08시,수요일,경상북도 예천군 예천읍,중상사고,0,3,1,0,차대차 - 측면충돌,안전운전불이행,건조,맑음,교차로 - 교차로안,승용,남,55세,상해없음,승합,남,49세,경상
2022030200100075,2022년 3월 2일 08시,수요일,경상북도 구미시 해평면,중상사고,0,1,0,1,차대차 - 측면충돌,교차로운행방법위반,건조,맑음,교차로 - 교차로안,승용,여,58세,부상신고,승용,남,46세,중상
2022030200100113,2022년 3월 2일 09시,수요일,경상북도 영주시 휴천동,경상사고,0,0,1,0,차대차 - 정면충돌,안전운전불이행,건조,맑음,교차로 - 교차로안,승용,여,36세,상해없음,승용,남,47세,경상
2022030200100144,2022년 3월 2일 10시,수요일,경상북도 경산시 중방동,중상사고,0,1,0,0,차대차 - 측면충돌,교차로운행방법위반,건조,맑음,교차로 - 교차로안,화물,남,47세,상해없음,자전거,여,81세,중상
2022030200100166,2022년 3월 2일 11시,수요일,경상북도 경주시 안강읍,경상사고,0,0,1,0,차대차 - 측면충돌,안전운전불이행,건조,맑음,교차로 - 교차로안,승용,남,75세,상해없음,승용,여,59세,경상
2022030200100167,2022년 3월 2일 11시,수요일,경상북도 칠곡군 가산면,경상사고,0,0,1,0,차대사람 - 기타,안전운전불이행,건조,맑음,단일로 - 기타,승합,남,31세,상해없음,보행자,남,33세,경상
2022030200100168,2022년 3월 2일 11시,수요일,경상북도 칠곡군 북삼읍,경상사고,0,0,2,0,차대차 - 측면충돌,직진우회전진행방해,건조,맑음,교차로 - 교차로안,승용,여,35세,경상,승용,남,44세,경상
2022030200100169,2022년 3월 2일 11시,수요일,경상북도 칠곡군 지천면,경상사고,0,0,1,0,차대차 - 측면충돌,교차로운행방법위반,건조,맑음,교차로 - 교차로안,화물,남,54세,상해없음,승용,남,42세,경상
2022030200100206,2022년 3월 2일 12시,수요일,경상북도 영주시 가흥동,경상사고,0,0,1,0,차대차 - 측면충돌,안전운전불이행,건조,맑음,교차로 - 교차로안,승용,여,43세,상해없음,승용,여,37세,경상
2022030200100207,2022년 3월 2일 12시,수요일,경상북도 경산시 진량읍,경상사고,0,0,1,0,차대차 - 기타,교차로운행방법위반,건조,맑음,교차로 - 교차로부근,이륜,남,36세,상해없음,승용,남,28세,경상
2022030200100208,2022년 3월 2일 12시,수요일,경상북도 포항시 남구 오천읍,중상사고,0,1,0,0,차대차 - 측면충돌,안전운전불이행,건조,맑음,단일로 - 기타,화물,남,39세,상해없음,이륜,남,56세,중상
2022030200100237,2022년 3월 2일 13시,수요일,경상북도 영주시 봉현면,중상사고,0,1,0,0,차대차 - 정면충돌,중앙선침범,기타,맑음,단일로 - 기타,승용,남,28세,상해없음,승용,여,61세,중상
2022030200100261,2022년 3월 2일 14시,수요일,경상북도 김천시 구성면,경상사고,0,0,1,0,차량단독 - 공작물충돌,안전운전불이행,건조,맑음,단일로 - 기타,원동기,남,85세,경상,,,,
2022030200100262,2022년 3월 2일 14시,수요일,경상북도 문경시 모전동,중상사고,0,1,4,0,차대차 - 측면충돌,신호위반,건조,맑음,교차로 - 교차로안,승용,여,50세,상해없음,승합,여,64세,중상
2022030200100298,2022년 3월 2일 15시,수요일,경상북도 경주시 외동읍,중상사고,0,1,0,0,차대사람 - 길가장자리구역통행중,안전운전불이행,건조,맑음,단일로 - 기타,승용,여,56세,상해없음,보행자,남,70세,중상
2022030200100299,2022년 3월 2일 15시,수요일,경상북도 성주군 성주읍,경상사고,0,0,1,0,차대차 - 측면충돌,신호위반,건조,맑음,교차로 - 교차로안,이륜,남,47세,경상,승용,여,56세,상해없음
2022030200100335,2022년 3월 2일 16시,수요일,경상북도 경산시 조영동,경상사고,0,0,1,0,차대차 - 측면충돌,기타,건조,맑음,단일로 - 기타,승용,여,26세,상해없음,개인형이동수단(PM),여,22세,경상
2022030200100336,2022년 3월 2일 16시,수요일,경상북도 군위군 효령면,중상사고,0,1,0,0,차대차 - 기타,기타,건조,맑음,단일로 - 기타,화물,남,62세,상해없음,승용,남,48세,중상
2022030200100377,2022년 3월 2일 17시,수요일,경상북도 경산시 계양동,경상사고,0,0,1,0,차대차 - 측면충돌,안전운전불이행,건조,맑음,교차로 - 교차로안,이륜,남,41세,상해없음,승용,여,61세,경상
2022030200100418,2022년 3월 2일 18시,수요일,경상북도 상주시 함창읍,경상사고,0,0,1,0,차대차 - 측면충돌,직진우회전진행방해,건조,맑음,교차로 - 교차로안,화물,남,46세,상해없음,개인형이동수단(PM),남,43세,경상
2022030200100456,2022년 3월 2일 19시,수요일,경상북도 경산시 대평동,경상사고,0,0,1,0,차대차 - 추돌,안전운전불이행,건조,맑음,단일로 - 기타,승용,여,25세,상해없음,이륜,남,34세,경상
2022030200100457,2022년 3월 2일 19시,수요일,경상북도 성주군 초전면,부상신고사고,0,0,0,1,차량단독 - 공작물충돌,안전운전불이행,건조,맑음,단일로 - 기타,승용,여,57세,부상신고,,,,
2022030200100458,2022년 3월 2일 19시,수요일,경상북도 영천시 화산면,사망사고,1,1,0,0,차대차 - 추돌,안전운전불이행,건조,맑음,단일로 - 기타,특수,남,54세,중상,화물,남,66세,사망
2022030200100501,2022년 3월 2일 21시,수요일,경상북도 김천시 덕곡동,경상사고,0,0,1,0,차대차 - 정면충돌,안전운전불이행,건조,맑음,단일로 - 기타,승용,여,23세,상해없음,승용,여,37세,경상
2022030200100502,2022년 3월 2일 21시,수요일,경상북도 문경시 흥덕동,경상사고,0,0,1,0,차량단독 - 공작물충돌,안전운전불이행,건조,맑음,단일로 - 기타,자전거,남,54세,경상,,,,
2022030300100018,2022년 3월 3일 02시,목요일,경상북도 구미시 인의동,경상사고,0,0,2,0,차대차 - 기타,안전운전불이행,건조,맑음,교차로 - 교차로부근,승용,남,40세,상해없음,승합,남,26세,경상
2022030300100054,2022년 3월 3일 07시,목요일,경상북도 상주시 이안면,경상사고,0,0,1,0,차대차 - 측면충돌,교차로운행방법위반,건조,맑음,교차로 - 교차로안,승합,남,57세,상해없음,화물,남,46세,경상
2022030300100055,2022년 3월 3일 07시,목요일,경상북도 구미시 봉곡동,경상사고,0,0,3,0,차대차 - 기타,교차로운행방법위반,건조,맑음,교차로 - 교차로안,승용,남,51세,상해없음,승용,남,42세,경상
2022030300100093,2022년 3월 3일 08시,목요일,경상북도 안동시 남선면,경상사고,0,0,2,0,차대차 - 기타,안전운전불이행,건조,맑음,단일로 - 기타,승용,여,28세,경상,승용,여,23세,경상
2022030300100127,2022년 3월 3일 09시,목요일,경상북도 안동시 임동면,경상사고,0,0,1,0,차량단독 - 공작물충돌,안전운전불이행,건조,맑음,단일로 - 기타,화물,남,75세,경상,,,,
2022030300100128,2022년 3월 3일 09시,목요일,경상북도 영덕군 강구면,경상사고,0,0,4,0,차대차 - 추돌,안전운전불이행,건조,맑음,교차로 - 교차로안,승용,남,80세,상해없음,승용,남,67세,경상
2022030300100129,2022년 3월 3일 09시,목요일,경상북도 예천군 지보면,중상사고,0,1,0,0,차대차 - 정면충돌,안전운전불이행,건조,맑음,교차로 - 교차로안,화물,남,60세,상해없음,화물,남,25세,중상
2022030300100179,2022년 3월 3일 11시,목요일,경상북도 포항시 북구 두호동,경상사고,0,0,1,0,차대사람 - 기타,안전운전불이행,건조,맑음,단일로 - 기타,승용,여,35세,상해없음,보행자,여,63세,경상
2022030300100227,2022년 3월 3일 13시,목요일,경상북도 포항시 북구 죽도동,중상사고,0,1,0,0,차대차 - 기타,안전운전불이행,건조,맑음,교차로 - 교차로안,자전거,남,85세,중상,승용,여,62세,상해없음
2022030300100228,2022년 3월 3일 13시,목요일,경상북도 안동시 용상동,경상사고,0,0,1,0,차대차 - 기타,안전운전불이행,건조,맑음,단일로 - 기타,승용,여,66세,상해없음,이륜,남,23세,경상
2022030300100229,2022년 3월 3일 13시,목요일,경상북도 구미시 시미동,경상사고,0,0,2,0,차대차 - 기타,안전운전불이행,건조,맑음,교차로 - 교차로안,승용,남,37세,상해없음,승용,여,40세,경상
2022030300100300,2022년 3월 3일 15시,목요일,경상북도 울진군 후포면,중상사고,0,2,0,0,차대차 - 측면충돌,신호위반,건조,맑음,교차로 - 교차로안,승용,남,57세,상해없음,이륜,여,57세,중상
2022030300100331,2022년 3월 3일 16시,목요일,경상북도 상주시 냉림동,중상사고,0,1,0,0,차대사람 - 횡단중,보행자보호의무위반,건조,맑음,교차로 - 교차로횡단보도내,승합,남,58세,상해없음,보행자,여,86세,중상
2022030300100332,2022년 3월 3일 16시,목요일,경상북도 상주시 무양동,경상사고,0,0,1,0,차대차 - 정면충돌,안전운전불이행,건조,맑음,기타 - 기타,승용,남,45세,상해없음,승용,여,47세,경상
2022030300100366,2022년 3월 3일 17시,목요일,경상북도 경주시 동천동,경상사고,0,0,1,0,차대차 - 측면충돌,안전운전불이행,건조,맑음,단일로 - 기타,이륜,남,37세,경상,승용,여,26세,상해없음
2022030300100400,2022년 3월 3일 18시,목요일,경상북도 구미시 공단동,경상사고,0,0,1,0,차대차 - 측면충돌,안전운전불이행,건조,맑음,교차로 - 교차로부근,승용,남,63세,상해없음,승용,여,30세,경상
2022030300100401,2022년 3월 3일 18시,목요일,경상북도 구미시 상모동,경상사고,0,0,1,0,차대사람 - 차도통행중,안전운전불이행,건조,맑음,단일로 - 기타,승용,남,64세,상해없음,보행자,남,21세,경상
2022030300100402,2022년 3월 3일 18시,목요일,경상북도 포항시 남구 대도동,경상사고,0,0,2,0,차대차 - 측면충돌,직진우회전진행방해,건조,흐림,교차로 - 교차로안,자전거,여,64세,경상,이륜,남,31세,경상
2022030300100426,2022년 3월 3일 19시,목요일,경상북도 경주시 인왕동,중상사고,0,1,0,0,차대차 - 정면충돌,중앙선침범,건조,맑음,단일로 - 기타,승용,남,70세,상해없음,자전거,남,56세,중상
2022030300100427,2022년 3월 3일 19시,목요일,경상북도 안동시 임하면,경상사고,0,0,1,0,차대사람 - 길가장자리구역통행중,안전운전불이행,건조,맑음,단일로 - 기타,승용,여,22세,상해없음,보행자,남,60세,경상
2022030300100428,2022년 3월 3일 19시,목요일,경상북도 영주시 적서동,경상사고,0,0,3,0,차대차 - 측면충돌,안전운전불이행,건조,기타,단일로 - 기타,승용,남,55세,상해없음,건설기계,남,55세,기타불명
2022030300100453,2022년 3월 3일 20시,목요일,경상북도 포항시 남구 효자동,경상사고,0,0,1,0,차대차 - 측면충돌,안전운전불이행,건조,맑음,교차로 - 교차로부근,승용,남,66세,상해없음,승합,남,57세,경상
2022030300100481,2022년 3월 3일 21시,목요일,경상북도 구미시 옥계동,중상사고,0,1,0,0,차대사람 - 횡단중,보행자보호의무위반,건조,맑음,교차로 - 교차로횡단보도내,승용,남,57세,상해없음,보행자,남,43세,중상
2022030300100496,2022년 3월 3일 22시,목요일,경상북도 포항시 북구 두호동,경상사고,0,0,1,0,차대사람 - 기타,안전운전불이행,건조,맑음,기타 - 기타,승용,남,20세,상해없음,보행자,남,26세,경상
2022030400100010,2022년 3월 4일 03시,금요일,경상북도 포항시 북구 죽도동,경상사고,0,0,2,0,차대차 - 추돌,안전운전불이행,건조,맑음,기타 - 기타,승용,남,28세,상해없음,승용,남,28세,경상
2022030400100053,2022년 3월 4일 08시,금요일,경상북도 울진군 평해읍,중상사고,0,1,0,0,차대차 - 추돌,안전운전불이행,건조,맑음,교차로 - 교차로부근,승용,남,64세,상해없음,화물,남,61세,중상
2022030400100071,2022년 3월 4일 09시,금요일,경상북도 포항시 북구 흥해읍,중상사고,0,1,0,0,차대차 - 측면충돌,안전운전불이행,건조,맑음,교차로 - 교차로안,화물,남,50세,상해없음,자전거,남,53세,중상
2022030400100072,2022년 3월 4일 09시,금요일,경상북도 포항시 남구 장기면,중상사고,0,1,0,0,차대차 - 측면충돌,직진우회전진행방해,건조,맑음,교차로 - 교차로안,승용,남,77세,상해없음,이륜,남,79세,중상
2022030400100090,2022년 3월 4일 10시,금요일,경상북도 영양군 청기면,중상사고,0,1,0,0,차량단독 - 공작물충돌,안전운전불이행,건조,맑음,단일로 - 기타,승용,남,62세,중상,,,,
2022030400100113,2022년 3월 4일 11시,금요일,경상북도 의성군 금성면,부상신고사고,0,0,0,1,차량단독 - 공작물충돌,안전운전불이행,건조,맑음,단일로 - 기타,승합,여,27세,부상신고,,,,
2022030400100114,2022년 3월 4일 11시,금요일,경상북도 영주시 휴천동,경상사고,0,0,1,0,차대사람 - 기타,안전운전불이행,건조,맑음,단일로 - 기타,승용,여,46세,상해없음,보행자,여,64세,경상
2022030400100115,2022년 3월 4일 11시,금요일,경상북도 구미시 인의동,경상사고,0,0,1,0,차대차 - 기타,안전운전불이행,건조,맑음,단일로 - 기타,이륜,남,46세,경상,승용,남,32세,상해없음
2022030400100146,2022년 3월 4일 12시,금요일,경상북도 경산시 하양읍,경상사고,0,0,1,0,차대차 - 추돌,안전거리미확보,건조,맑음,교차로 - 교차로부근,화물,남,52세,상해없음,승용,여,54세,경상
2022030400100147,2022년 3월 4일 12시,금요일,경상북도 포항시 남구 오천읍,경상사고,0,0,2,0,차대차 - 측면충돌,신호위반,건조,맑음,교차로 - 교차로안,승합,남,52세,상해없음,승용,여,48세,경상
2022030400100171,2022년 3월 4일 13시,금요일,경상북도 고령군 다산면,경상사고,0,0,1,0,차대차 - 정면충돌,안전운전불이행,건조,맑음,단일로 - 기타,자전거,여,69세,경상,화물,남,70세,상해없음
2022030400100203,2022년 3월 4일 14시,금요일,경상북도 김천시 아포읍,경상사고,0,0,1,0,차대차 - 측면충돌,안전운전불이행,건조,맑음,단일로 - 기타,승용,여,47세,경상,화물,남,66세,기타불명