사고번호,사고일시,요일,시군구,사고내용,사망자수,중상자수,경상자수,부상신고자수,사고유형,법규위반,노면상태,기상상태,도로형태,가해운전자 차종,가해운전자 성별,가해운전자 연령,가해운전자 상해정도,피해운전자 차종,피해운전자 성별,피해운전자 연령,피해운전자 상해정도
2022030400100204,2022년 3월 4일 14시,금요일,경상북도 상주시 서성동,경상사고,0,0,1,0,차대차 - 측면충돌,신호위반,건조,맑음,교차로 - 교차로안,화물,남,70세,상해없음,승용,남,52세,경상
2022030400100205,2022년 3월 4일 14시,금요일,경상북도 의성군 비안면,경상사고,0,0,2,0,차대차 - 추돌,안전운전불이행,건조,맑음,기타 - 기타,승용,남,29세,경상,특수,남,59세,경상
2022030400100232,2022년 3월 4일 15시,금요일,경상북도 경주시 양남면,중상사고,0,1,0,0,차대사람 - 횡단중,신호위반,건조,맑음,교차로 - 교차로횡단보도내,건설기계,남,48세,상해없음,보행자,남,82세,중상
2022030400100233,2022년 3월 4일 15시,금요일,경상북도 영주시 휴천동,경상사고,0,0,1,0,차대차 - 측면충돌,안전운전불이행,건조,맑음,교차로 - 교차로안,승용,남,66세,상해없음,이륜,남,33세,경상
2022030400100234,2022년 3월 4일 15시,금요일,경상북도 구미시 산동읍,경상사고,0,0,1,1,차대차 - 측면충돌,신호위반,건조,맑음,교차로 - 교차로안,승용,여,68세,부상신고,화물,남,56세,경상
2022030400100235,2022년 3월 4일 15시,금요일,경상북도 문경시 문경읍,사망사고,1,0,0,1,차량단독 - 기타,안전운전불이행,건조,맑음,단일로 - 터널,화물,남,77세,부상신고,,,,
2022030400100293,2022년 3월 4일 17시,금요일,경상북도 포항시 남구 대송면,경상사고,0,0,1,0,차대차 - 정면충돌,안전운전불이행,건조,맑음,교차로 - 교차로안,승용,여,48세,상해없음,특수,남,57세,경상
2022030400100331,2022년 3월 4일 18시,금요일,경상북도 군위군 산성면,경상사고,0,0,2,0,차대차 - 정면충돌,중앙선침범,건조,맑음,단일로 - 기타,승용,남,77세,상해없음,화물,남,73세,경상
2022030400100332,2022년 3월 4일 18시,금요일,경상북도 포항시 남구 오천읍,경상사고,0,0,1,0,차대차 - 정면충돌,직진우회전진행방해,건조,맑음,교차로 - 교차로안,승용,남,39세,상해없음,이륜,남,29세,경상
2022030400100361,2022년 3월 4일 19시,금요일,경상북도 포항시 북구 장성동,경상사고,0,0,1,0,차대차 - 추돌,안전운전불이행,건조,맑음,교차로 - 교차로부근,승용,남,39세,상해없음,승용,여,57세,경상
2022030400100394,2022년 3월 4일 20시,금요일,경상북도 포항시 북구 흥해읍,사망사고,1,0,0,0,차대차 - 기타,기타,건조,맑음,단일로 - 기타,승용,남,64세,상해없음,승용,남,41세,상해없음
2022030400100395,2022년 3월 4일 20시,금요일,경상북도 경산시 남천면,중상사고,0,1,0,0,차대사람 - 차도통행중,안전운전불이행,건조,맑음,교차로 - 교차로안,화물,남,53세,기타불명,보행자,남,49세,중상
2022030400100396,2022년 3월 4일 20시,금요일,경상북도 경산시 옥산동,경상사고,0,0,2,0,차대차 - 후진중충돌,안전운전불이행,건조,맑음,단일로 - 기타,승용,남,32세,상해없음,승용,여,56세,경상
2022030400100397,2022년 3월 4일 20시,금요일,경상북도 포항시 남구 대잠동,경상사고,0,0,1,0,차대차 - 후진중충돌,안전운전불이행,건조,맑음,단일로 - 지하차도(도로)내,승용,여,53세,기타불명,이륜,남,39세,경상
2022030400100455,2022년 3월 4일 22시,금요일,경상북도 경주시 용강동,중상사고,0,1,0,0,차대차 - 측면충돌,신호위반,건조,맑음,교차로 - 교차로안,승용,남,24세,상해없음,승용,남,56세,중상
2022030400100456,2022년 3월 4일 22시,금요일,경상북도 구미시 공단동,경상사고,0,0,1,0,차대차 - 기타,안전운전불이행,건조,맑음,교차로 - 교차로안,승용,남,48세,상해없음,승용,남,41세,경상
2022030500100038,2022년 3월 5일 06시,토요일,경상북도 경주시 석장동,경상사고,0,0,1,0,차대차 - 기타,안전운전불이행,건조,맑음,단일로 - 터널,승용,남,66세,상해없음,승용,남,28세,경상
2022030500100039,2022년 3월 5일 06시,토요일,경상북도 포항시 북구 송라면,경상사고,0,0,1,0,차대차 - 추돌,안전거리미확보,건조,맑음,단일로 - 기타,승용,남,60세,상해없음,건설기계,남,56세,경상
2022030500100045,2022년 3월 5일 07시,토요일,경상북도 상주시 함창읍,사망사고,1,0,0,0,차대사람 - 기타,안전운전불이행,건조,맑음,단일로 - 기타,화물,남,66세,상해없음,보행자,여,56세,사망
2022030500100062,2022년 3월 5일 08시,토요일,경상북도 김천시 율곡동,중상사고,0,1,0,0,차대차 - 정면충돌,신호위반,건조,맑음,교차로 - 교차로안,승용,남,29세,상해없음,승용,여,49세,중상
2022030500100076,2022년 3월 5일 09시,토요일,경상북도 경주시 서악동,중상사고,0,1,1,0,차대차 - 측면충돌,기타,건조,맑음,교차로 - 교차로부근,승용,여,63세,상해없음,승용,여,46세,중상
2022030500100142,2022년 3월 5일 11시,토요일,경상북도 포항시 북구 흥해읍,경상사고,0,0,2,0,차대차 - 측면충돌,차로위반,건조,맑음,단일로 - 기타,승용,남,59세,상해없음,승용,남,30세,경상
2022030500100170,2022년 3월 5일 12시,토요일,경상북도 경주시 황용동,중상사고,0,1,0,0,차대사람 - 기타,안전운전불이행,건조,맑음,교차로 - 교차로부근,승용,남,71세,상해없음,보행자,여,63세,중상
2022030500100171,2022년 3월 5일 12시,토요일,경상북도 경주시 감포읍,경상사고,0,0,1,0,차대차 - 추돌,안전운전불이행,건조,맑음,기타 - 기타,이륜,남,73세,경상,승용,여,43세,상해없음
2022030500100210,2022년 3월 5일 13시,토요일,경상북도 경주시 양남면,중상사고,0,2,0,0,차대차 - 측면충돌,중앙선침범,건조,맑음,단일로 - 기타,승용,여,63세,중상,승용,여,30세,중상
2022030500100248,2022년 3월 5일 14시,토요일,경상북도 경주시 황성동,경상사고,0,0,1,0,차대사람 - 차도통행중,안전운전불이행,건조,맑음,단일로 - 지하차도(도로)내,승용,여,26세,상해없음,보행자,남,59세,경상
2022030500100250,2022년 3월 5일 14시,토요일,경상북도 의성군 의성읍,경상사고,0,0,4,0,차대차 - 추돌,기타,건조,맑음,교차로 - 교차로안,승용,남,39세,상해없음,승합,남,54세,경상
2022030500100251,2022년 3월 5일 14시,토요일,경상북도 문경시 문경읍,부상신고사고,0,0,0,1,차대사람 - 기타,안전운전불이행,건조,맑음,단일로 - 기타,승용,남,46세,상해없음,보행자,남,67세,부상신고
2022030500100296,2022년 3월 5일 16시,토요일,경상북도 포항시 남구 장기면,중상사고,0,1,0,0,차량단독 - 도로외이탈 - 기타,안전운전불이행,건조,맑음,단일로 - 기타,승용,남,63세,상해없음,,,,
2022030500100297,2022년 3월 5일 16시,토요일,경상북도 의성군 안평면,중상사고,0,1,0,0,차대차 - 측면충돌,차로위반,건조,맑음,단일로 - 기타,화물,남,69세,상해없음,승용,남,31세,중상
2022030500100330,2022년 3월 5일 17시,토요일,경상북도 안동시 송현동,경상사고,0,0,3,0,차대차 - 측면충돌,신호위반,건조,맑음,교차로 - 교차로안,승용,남,58세,경상,화물,남,34세,경상
2022030500100331,2022년 3월 5일 17시,토요일,경상북도 경산시 사정동,경상사고,0,0,1,0,차대차 - 기타,안전운전불이행,건조,맑음,교차로 - 교차로부근,승용,여,60세,상해없음,승용,여,38세,경상
2022030500100351,2022년 3월 5일 18시,토요일,경상북도 구미시 거의동,경상사고,0,0,2,0,차대차 - 측면충돌,안전운전불이행,건조,맑음,교차로 - 교차로부근,승용,여,65세,상해없음,승용,여,32세,경상
2022030500100377,2022년 3월 5일 19시,토요일,경상북도 김천시 황금동,중상사고,0,1,0,0,차량단독 - 공작물충돌,안전운전불이행,건조,맑음,단일로 - 기타,이륜,남,67세,중상,,,,
2022030500100378,2022년 3월 5일 19시,토요일,경상북도 경산시 압량읍,중상사고,0,1,0,0,차대차 - 측면충돌,기타,건조,맑음,단일로 - 기타,승용,여,39세,기타불명,이륜,남,27세,중상
2022030500100417,2022년 3월 5일 21시,토요일,경상북도 영천시 완산동,경상사고,0,0,1,0,차대차 - 측면충돌,신호위반,건조,맑음,교차로 - 교차로안,승용,남,61세,상해없음,이륜,남,19세,경상
2022030600100008,2022년 3월 6일 00시,일요일,경상북도 포항시 북구 학산동,경상사고,0,0,1,0,차대차 - 정면충돌,교차로운행방법위반,건조,맑음,단일로 - 기타,승용,남,20세,상해없음,이륜,남,37세,경상
2022030600100035,2022년 3월 6일 06시,일요일,경상북도 구미시 구포동,중상사고,0,1,1,0,차대차 - 정면충돌,안전운전불이행,건조,맑음,교차로 - 교차로안,승용,남,28세,중상,화물,남,39세,경상
2022030600100042,2022년 3월 6일 08시,일요일,경상북도 문경시 가은읍,경상사고,0,0,1,0,차량단독 - 전도전복 - 전도,안전운전불이행,건조,맑음,단일로 - 기타,승용,남,38세,경상,,,,
2022030600100065,2022년 3월 6일 10시,일요일,경상북도 구미시 송정동,경상사고,0,0,2,0,차대차 - 측면충돌,신호위반,건조,맑음,교차로 - 교차로안,승용,남,65세,상해없음,승용,남,35세,경상
2022030600100079,2022년 3월 6일 11시,일요일,경상북도 포항시 북구 장성동,경상사고,0,0,1,0,차대차 - 후진중충돌,안전운전불이행,건조,맑음,단일로 - 기타,승용,여,49세,상해없음,화물,남,67세,경상
2022030600100080,2022년 3월 6일 11시,일요일,경상북도 구미시 원평동,경상사고,0,0,1,0,차대차 - 측면충돌,안전운전불이행,건조,맑음,교차로 - 교차로부근,승용,여,55세,상해없음,승용,여,40세,경상
2022030600100120,2022년 3월 6일 13시,일요일,경상북도 성주군 월항면,중상사고,0,1,1,0,차대차 - 후진중충돌,중앙선침범,건조,맑음,단일로 - 기타,화물,남,62세,상해없음,이륜,남,50세,경상
2022030600100180,2022년 3월 6일 15시,일요일,경상북도 경주시 서악동,중상사고,0,2,1,0,차대차 - 추돌,안전운전불이행,건조,맑음,단일로 - 기타,승용,남,35세,상해없음,승용,남,48세,중상
2022030600100181,2022년 3월 6일 15시,일요일,경상북도 상주시 모서면,경상사고,0,0,2,0,차량단독 - 공작물충돌,안전운전불이행,건조,맑음,단일로 - 기타,화물,여,54세,상해없음,,,,
2022030600100209,2022년 3월 6일 16시,일요일,경상북도 포항시 남구 대잠동,경상사고,0,0,4,0,차대차 - 측면충돌,직진우회전진행방해,건조,맑음,교차로 - 교차로안,승용,남,24세,경상,승용,남,44세,경상
2022030600100238,2022년 3월 6일 17시,일요일,경상북도 김천시 감천면,경상사고,0,0,1,0,차량단독 - 공작물충돌,안전운전불이행,건조,맑음,단일로 - 기타,승용,여,44세,경상,,,,
2022030600100239,2022년 3월 6일 17시,일요일,경상북도 경산시 서상동,경상사고,0,0,2,0,차대차 - 측면충돌,신호위반,건조,맑음,교차로 - 교차로안,승용,남,28세,상해없음,승용,남,49세,경상
2022030600100258,2022년 3월 6일 18시,일요일,경상북도 포항시 북구 덕수동,경상사고,0,0,1,0,차대사람 - 차도통행중,기타,건조,맑음,단일로 - 기타,기타불명,기타불명,미분류,기타불명,보행자,남,65세,경상
2022030600100278,2022년 3월 6일 19시,일요일,경상북도 경주시 황성동,중상사고,0,1,2,0,차대차 - 추돌,안전운전불이행,건조,맑음,단일로 - 기타,승용,남,71세,상해없음,승용,남,40세,경상
2022030600100279,2022년 3월 6일 19시,일요일,경상북도 상주시 냉림동,중상사고,0,1,2,0,차대차 - 측면충돌,교차로운행방법위반,건조,맑음,교차로 - 교차로안,이륜,여,59세,경상,이륜,남,43세,중상
2022030600100308,2022년 3월 6일 21시,일요일,경상북도 구미시 신평동,경상사고,0,0,1,0,차대차 - 추돌,차로위반,건조,맑음,단일로 - 기타,승용,남,64세,상해없음,승용,남,38세,경상
2022030600100334,2022년 3월 6일 23시,일요일,경상북도 고령군 성산면,경상사고,0,0,1,0,차량단독 - 전도전복 - 전도,안전운전불이행,건조,맑음,단일로 - 기타,이륜,남,27세,경상,,,,
2022030700100041,2022년 3월 7일 07시,월요일,경상북도 구미시 옥계동,경상사고,0,0,1,0,차대차 - 측면충돌,안전운전불이행,건조,맑음,교차로 - 교차로부근,승용,남,38세,상해없음,승용,남,31세,경상
2022030700100073,2022년 3월 7일 08시,월요일,경상북도 김천시 대항면,중상사고,0,1,0,0,차량단독 - 공작물충돌,안전운전불이행,건조,맑음,단일로 - 기타,승용,여,51세,중상,,,,
2022030700100074,2022년 3월 7일 08시,월요일,경상북도 상주시 남성동,경상사고,0,0,1,0,차대사람 - 횡단중,보행자보호의무위반,건조,맑음,교차로 - 교차로횡단보도내,승용,여,48세,상해없음,보행자,남,68세,경상
2022030700100075,2022년 3월 7일 08시,월요일,경상북도 칠곡군 왜관읍,경상사고,0,0,1,0,차대차 - 측면충돌,차로위반,건조,맑음,단일로 - 기타,승용,남,49세,상해없음,승용,여,60세,경상
2022030700100152,2022년 3월 7일 10시,월요일,경상북도 포항시 북구 죽도동,경상사고,0,0,1,0,차대사람 - 횡단중,안전운전불이행,건조,맑음,교차로 - 교차로안,화물,남,47세,상해없음,보행자,남,71세,경상
2022030700100153,2022년 3월 7일 10시,월요일,경상북도 칠곡군 지천면,중상사고,0,1,0,0,차대차 - 추돌,안전거리미확보,건조,맑음,단일로 - 고가도로위,승용,여,56세,상해없음,승용,여,56세,중상
2022030700100172,2022년 3월 7일 11시,월요일,경상북도 상주시 사벌국면,부상신고사고,0,0,0,1,차량단독 - 전도전복 - 전도,안전운전불이행,건조,맑음,교차로 - 교차로안,이륜,남,48세,상해없음,,,,
2022030700100173,2022년 3월 7일 11시,월요일,경상북도 칠곡군 북삼읍,경상사고,0,0,1,1,차대차 - 측면충돌,직진우회전진행방해,건조,맑음,교차로 - 교차로안,화물,남,67세,부상신고,승용,여,42세,경상
2022030700100215,2022년 3월 7일 13시,월요일,경상북도 상주시 남성동,중상사고,0,1,0,0,차대사람 - 횡단중,보행자보호의무위반,건조,맑음,교차로 - 교차로횡단보도내,승용,남,53세,상해없음,보행자,여,84세,중상
2022030700100230,2022년 3월 7일 14시,월요일,경상북도 영천시 신녕면,중상사고,0,1,0,0,차대차 - 측면충돌,안전운전불이행,건조,맑음,교차로 - 교차로안,화물,남,67세,상해없음,이륜,남,58세,중상
2022030700100250,2022년 3월 7일 15시,월요일,경상북도 안동시 풍산읍,중상사고,0,1,1,0,차대차 - 측면충돌,안전거리미확보,건조,맑음,단일로 - 기타,건설기계,남,48세,상해없음,승용,남,62세,경상
2022030700100274,2022년 3월 7일 16시,월요일,경상북도 경산시 대동,경상사고,0,0,1,0,차대차 - 측면충돌,안전운전불이행,건조,맑음,단일로 - 기타,승용,남,67세,상해없음,승용,남,65세,상해없음
2022030700100275,2022년 3월 7일 16시,월요일,경상북도 영덕군 남정면,중상사고,0,1,0,0,차대차 - 기타,안전운전불이행,건조,맑음,단일로 - 기타,승용,남,48세,중상,승용,여,49세,상해없음
2022030700100276,2022년 3월 7일 16시,월요일,경상북도 구미시 장천면,중상사고,0,1,2,0,차량단독 - 공작물충돌,안전운전불이행,건조,맑음,교차로 - 교차로안,화물,남,75세,상해없음,,,,
2022030700100295,2022년 3월 7일 17시,월요일,경상북도 경산시 중산동,경상사고,0,0,1,0,차대차 - 측면충돌,안전운전불이행,건조,맑음,단일로 - 기타,승용,여,22세,상해없음,승용,여,43세,경상
2022030700100296,2022년 3월 7일 17시,월요일,경상북도 구미시 진평동,경상사고,0,0,1,0,차대차 - 측면충돌,안전운전불이행,건조,맑음,교차로 - 교차로안,승용,남,51세,상해없음,승용,여,43세,경상
2022030700100324,2022년 3월 7일 18시,월요일,경상북도 경산시 조영동,경상사고,0,0,1,0,차대차 - 추돌,안전운전불이행,건조,맑음,단일로 - 기타,승용,남,62세,상해없음,승용,여,30세,경상
2022030700100325,2022년 3월 7일 18시,월요일,경상북도 구미시 구포동,중상사고,0,1,0,0,차대차 - 측면충돌,직진우회전진행방해,건조,맑음,교차로 - 교차로안,승용,여,37세,상해없음,화물,남,53세,중상
2022030700100356,2022년 3월 7일 19시,월요일,경상북도 경산시 옥산동,중상사고,0,1,0,0,차대차 - 정면충돌,안전운전불이행,건조,맑음,단일로 - 기타,이륜,남,62세,상해없음,자전거,여,56세,중상
2022030700100357,2022년 3월 7일 19시,월요일,경상북도 구미시 공단동,경상사고,0,0,1,0,차대차 - 기타,신호위반,건조,맑음,교차로 - 교차로안,승용,남,46세,상해없음,화물,남,47세,경상
2022030700100406,2022년 3월 7일 22시,월요일,경상북도 포항시 남구 효자동,부상신고사고,0,0,0,1,차대차 - 측면충돌,교차로운행방법위반,건조,맑음,교차로 - 교차로안,승용,여,46세,상해없음,승용,여,50세,부상신고
2022030700100425,2022년 3월 7일 23시,월요일,경상북도 영천시 신녕면,경상사고,0,0,1,0,차대사람 - 보도통행중,보행자보호의무위반,건조,맑음,교차로 - 교차로횡단보도내,화물,남,60세,상해없음,보행자,남,66세,경상
2022030800100007,2022년 3월 8일 01시,화요일,경상북도 칠곡군 지천면,부상신고사고,0,0,0,1,차량단독 - 공작물충돌,기타,건조,맑음,교차로 - 교차로안,승용,남,43세,부상신고,,,,
2022030800100008,2022년 3월 8일 01시,화요일,경상북도 구미시 진평동,경상사고,0,0,2,0,차대차 - 기타,안전운전불이행,건조,맑음,교차로 - 교차로부근,승용,남,43세,상해없음,승용,남,30세,경상
2022030800100011,2022년 3월 8일 02시,화요일,경상북도 울진군 기성면,중상사고,0,3,0,0,차대차 - 추돌,안전운전불이행,건조,맑음,단일로 - 기타,승용,남,29세,중상,특수,남,58세,상해없음
2022030800100059,2022년 3월 8일 08시,화요일,경상북도 김천시 덕곡동,경상사고,0,0,1,0,차대차 - 추돌,안전운전불이행,건조,맑음,단일로 - 기타,승용,남,56세,상해없음,승용,남,45세,경상
2022030800100060,2022년 3월 8일 08시,화요일,경상북도 칠곡군 왜관읍,경상사고,0,0,2,0,차대차 - 추돌,안전거리미확보,건조,맑음,단일로 - 기타,승용,남,61세,경상,승용,여,56세,경상
2022030800100061,2022년 3월 8일 08시,화요일,경상북도 경산시 사정동,중상사고,0,1,0,0,차대차 - 측면충돌,교차로운행방법위반,건조,맑음,교차로 - 교차로안,이륜,남,45세,상해없음,자전거,여,53세,중상
2022030800100062,2022년 3월 8일 08시,화요일,경상북도 포항시 남구 청림동,부상신고사고,0,0,0,1,차대사람 - 기타,안전운전불이행,건조,맑음,단일로 - 기타,승용,여,67세,상해없음,보행자,남,53세,부상신고
2022030800100119,2022년 3월 8일 10시,화요일,경상북도 구미시 인의동,경상사고,0,0,1,0,차대사람 - 횡단중,안전운전불이행,건조,맑음,교차로 - 교차로부근,승용,여,59세,상해없음,보행자,여,32세,경상
2022030800100143,2022년 3월 8일 11시,화요일,경상북도 군위군 부계면,중상사고,0,2,0,0,차대사람 - 기타,안전운전불이행,건조,맑음,기타 - 기타,승용,남,72세,상해없음,보행자,여,60세,중상
2022030800100173,2022년 3월 8일 12시,화요일,경상북도 김천시 평화동,경상사고,0,0,1,0,차대차 - 측면충돌,안전운전불이행,건조,맑음,단일로 - 기타,화물,남,35세,상해없음,이륜,여,21세,경상
2022030800100195,2022년 3월 8일 13시,화요일,경상북도 성주군 대가면,경상사고,0,0,1,0,차량단독 - 기타,안전운전불이행,건조,맑음,교차로 - 교차로안,화물,남,67세,경상,,,,
2022030800100254,2022년 3월 8일 15시,화요일,경상북도 포항시 북구 흥해읍,경상사고,0,0,2,0,차대차 - 추돌,안전운전불이행,건조,맑음,교차로 - 교차로부근,승용,남,52세,상해없음,화물,남,45세,경상
2022030800100255,2022년 3월 8일 15시,화요일,경상북도 경산시 옥산동,경상사고,0,0,1,0,차대사람 - 횡단중,안전운전불이행,건조,맑음,단일로 - 기타,승용,여,40세,상해없음,보행자,남,47세,경상
2022030800100287,2022년 3월 8일 16시,화요일,경상북도 포항시 북구 학산동,경상사고,0,0,1,0,차대사람 - 횡단중,보행자보호의무위반,건조,맑음,단일로 - 기타,승용,여,53세,상해없음,보행자,남,13세,경상
2022030800100288,2022년 3월 8일 16시,화요일,경상북도 경산시 중방동,경상사고,0,0,3,0,차대차 - 추돌,안전운전불이행,건조,맑음,교차로 - 교차로부근,승용,남,58세,상해없음,승용,남,41세,경상
2022030800100289,2022년 3월 8일 16시,화요일,경상북도 구미시 황상동,부상신고사고,0,0,0,1,차대차 - 기타,안전운전불이행,건조,맑음,교차로 - 교차로안,승용,여,56세,부상신고,화물,남,55세,상해없음
2022030800100324,2022년 3월 8일 17시,화요일,경상북도 칠곡군 왜관읍,중상사고,0,1,1,0,차대차 - 측면충돌,신호위반,건조,맑음,교차로 - 교차로안,승용,여,62세,상해없음,승합,남,66세,중상
2022030800100357,2022년 3월 8일 18시,화요일,경상북도 경산시 압량읍,경상사고,0,0,3,0,차대차 - 측면충돌,차로위반,건조,맑음,교차로 - 교차로부근,승용,남,43세,상해없음,승합,남,68세,상해없음
2022030800100358,2022년 3월 8일 18시,화요일,경상북도 경산시 하양읍,경상사고,0,0,1,0,차대차 - 측면충돌,신호위반,건조,맑음,교차로 - 교차로안,승용,남,41세,상해없음,이륜,남,21세,경상
2022030800100393,2022년 3월 8일 19시,화요일,경상북도 경주시 건천읍,경상사고,0,0,1,1,차대차 - 측면충돌,중앙선침범,건조,맑음,단일로 - 기타,화물,여,64세,부상신고,승합,남,53세,경상
2022030800100394,2022년 3월 8일 19시,화요일,경상북도 경산시 자인면,경상사고,0,0,1,0,차대사람 - 횡단중,보행자보호의무위반,건조,맑음,교차로 - 교차로부근,승용,여,61세,상해없음,보행자,여,74세,경상
2022030800100395,2022년 3월 8일 19시,화요일,경상북도 경산시 평산동,중상사고,0,1,0,0,차대차 - 측면충돌,안전운전불이행,건조,맑음,교차로 - 교차로안,승용,남,64세,상해없음,이륜,남,38세,중상
2022030800100396,2022년 3월 8일 19시,화요일,경상북도 봉화군 석포면,경상사고,0,0,1,0,차대차 - 측면충돌,중앙선침범,건조,맑음,단일로 - 기타,승용,남,54세,상해없음,승용,남,65세,경상
2022030800100482,2022년 3월 8일 23시,화요일,경상북도 구미시 비산동,경상사고,0,0,1,0,차대차 - 정면충돌,신호위반,건조,맑음,교차로 - 교차로안,승용,여,55세,상해없음,승용,남,42세,경상
2022030900100081,2022년 3월 9일 09시,수요일,경상북도 청도군 이서면,중상사고,0,1,0,0,차대차 - 추돌,안전거리미확보,건조,맑음,단일로 - 기타,화물,남,45세,상해없음,농기계,남,61세,중상
2022030900100082,2022년 3월 9일 09시,수요일,경상북도 군위군 효령면,중상사고,0,3,1,0,차대차 - 정면충돌,중앙선침범,건조,맑음,단일로 - 기타,승용,남,89세,상해없음,승용,여,67세,중상
2022030900100097,2022년 3월 9일 10시,수요일,경상북도 의성군 의성읍,중상사고,0,1,0,0,차대차 - 측면충돌,직진우회전진행방해,건조,맑음,교차로 - 교차로안,자전거,남,84세,중상,화물,남,70세,상해없음
2022030900100121,2022년 3월 9일 11시,수요일,경상북도 김천시 농소면,경상사고,0,0,1,0,차대차 - 추돌,안전운전불이행,건조,맑음,단일로 - 기타,화물,남,26세,상해없음,건설기계,남,49세,경상
2022030900100123,2022년 3월 9일 11시,수요일,경상북도 경산시 진량읍,경상사고,0,0,1,0,차대차 - 측면충돌,신호위반,건조,맑음,교차로 - 교차로안,화물,남,71세,상해없음,화물,남,60세,경상
2022030900100149,2022년 3월 9일 12시,수요일,경상북도 경주시 성동동,중상사고,0,1,0,0,차대차 - 측면충돌,안전운전불이행,건조,맑음,단일로 - 지하차도(도로)내,승용,남,44세,상해없음,개인형이동수단(PM),여,78세,중상
2022030900100150,2022년 3월 9일 12시,수요일,경상북도 경산시 하양읍,경상사고,0,0,1,0,차대사람 - 기타,안전운전불이행,건조,맑음,단일로 - 기타,승용,남,72세,상해없음,보행자,여,47세,경상
2022030900100180,2022년 3월 9일 13시,수요일,경상북도 칠곡군 동명면,중상사고,0,1,2,0,차대차 - 추돌,안전운전불이행,건조,맑음,교차로 - 교차로부근,이륜,남,48세,중상,승용,여,56세,경상
2022030900100181,2022년 3월 9일 13시,수요일,경상북도 경산시 정평동,경상사고,0,0,1,0,차대차 - 추돌,안전운전불이행,건조,맑음,교차로 - 교차로부근,승용,여,70세,상해없음,승용,여,33세,경상
2022030900100220,2022년 3월 9일 14시,수요일,경상북도 포항시 남구 해도동,중상사고,0,1,0,0,차대차 - 측면충돌,안전운전불이행,건조,맑음,교차로 - 교차로부근,자전거,여,45세,상해없음,자전거,여,70세,중상
2022030900100244,2022년 3월 9일 15시,수요일,경상북도 문경시 문경읍,경상사고,0,0,3,0,차대차 - 측면충돌,안전운전불이행,건조,맑음,교차로 - 교차로안,승용,남,27세,경상,승용,여,57세,경상
2022030900100286,2022년 3월 9일 17시,수요일,경상북도 상주시 신봉동,중상사고,0,1,0,0,차대차 - 측면충돌,안전운전불이행,건조,맑음,단일로 - 기타,승용,남,65세,상해없음,이륜,남,79세,중상
2022030900100287,2022년 3월 9일 17시,수요일,경상북도 영천시 야사동,중상사고,0,1,0,0,차대사람 - 기타,안전운전불이행,건조,맑음,주차장 - 주차장,승용,여,50세,상해없음,보행자,남,67세,중상
2022030900100311,2022년 3월 9일 18시,수요일,경상북도 경산시 진량읍,경상사고,0,0,1,0,차대사람 - 기타,안전운전불이행,건조,맑음,주차장 - 주차장,화물,남,59세,상해없음,보행자,남,22세,경상
2022030900100312,2022년 3월 9일 18시,수요일,경상북도 포항시 남구 동촌동,경상사고,0,0,1,0,차대차 - 추돌,안전운전불이행,건조,맑음,단일로 - 기타,화물,남,36세,상해없음,화물,남,66세,경상
2022030900100339,2022년 3월 9일 19시,수요일,경상북도 구미시 공단동,경상사고,0,0,2,0,차대차 - 측면충돌,교차로운행방법위반,건조,맑음,교차로 - 교차로안,승용,여,50세,경상,승용,여,41세,경상
2022031000100041,2022년 3월 10일 06시,목요일,경상북도 구미시 임은동,경상사고,0,0,3,0,차대차 - 측면충돌,안전운전불이행,건조,맑음,교차로 - 교차로안,화물,남,40세,상해없음,승합,남,52세,경상
2022031000100107,2022년 3월 10일 09시,목요일,경상북도 성주군 선남면,경상사고,0,0,1,0,차대차 - 기타,안전운전불이행,건조,맑음,교차로 - 교차로안,화물,남,24세,상해없음,승용,여,56세,경상
2022031000100108,2022년 3월 10일 09시,목요일,경상북도 고령군 개진면,중상사고,0,1,0,0,차량단독 - 공작물충돌,안전운전불이행,건조,맑음,단일로 - 기타,화물,남,73세,중상,,,,
2022031000100179,2022년 3월 10일 12시,목요일,경상북도 포항시 남구 상도동,경상사고,0,0,1,0,차대차 - 측면충돌,안전운전불이행,건조,맑음,단일로 - 지하차도(도로)내,승용,남,57세,상해없음,이륜,남,31세,경상
2022031000100199,2022년 3월 10일 13시,목요일,경상북도 영주시 하망동,경상사고,0,0,2,0,차대차 - 기타,안전운전불이행,건조,맑음,교차로 - 교차로부근,자전거,여,70세,상해없음,원동기,남,54세,경상
2022031000100200,2022년 3월 10일 13시,목요일,경상북도 청송군 안덕면,중상사고,0,1,0,1,차대차 - 추돌,안전거리미확보,건조,맑음,교차로 - 교차로안,화물,남,26세,상해없음,승용,남,64세,중상
2022031000100201,2022년 3월 10일 13시,목요일,경상북도 구미시 고아읍,경상사고,0,0,1,0,차량단독 - 공작물충돌,안전운전불이행,건조,맑음,단일로 - 기타,승용,남,45세,경상,,,,
2022031000100231,2022년 3월 10일 14시,목요일,경상북도 경주시 충효동,중상사고,0,1,0,0,차대차 - 측면충돌,안전운전불이행,건조,맑음,교차로 - 교차로부근,승용,남,58세,상해없음,승용,여,47세,중상
2022031000100232,2022년 3월 10일 14시,목요일,경상북도 군위군 소보면,중상사고,0,1,0,0,차대차 - 측면충돌,안전운전불이행,건조,맑음,기타 - 기타,이륜,여,69세,중상,승용,여,29세,상해없음