사고번호,사고일시,요일,시군구,사고내용,사망자수,중상자수,경상자수,부상신고자수,사고유형,법규위반,노면상태,기상상태,도로형태,가해운전자 차종,가해운전자 성별,가해운전자 연령,가해운전자 상해정도,피해운전자 차종,피해운전자 성별,피해운전자 연령,피해운전자 상해정도
2022031500100135,2022년 3월 15일 10시,화요일,경상북도 포항시 남구 해도동,경상사고,0,0,1,0,차대차 - 측면충돌,안전거리미확보,건조,맑음,단일로 - 기타,화물,남,61세,상해없음,이륜,남,47세,경상
2022031500100163,2022년 3월 15일 11시,화요일,경상북도 포항시 북구 용흥동,경상사고,0,0,1,0,차대차 - 측면충돌,직진우회전진행방해,건조,맑음,교차로 - 교차로안,승용,남,31세,상해없음,자전거,여,74세,경상
2022031500100164,2022년 3월 15일 11시,화요일,경상북도 포항시 북구 학잠동,경상사고,0,0,1,0,차대차 - 추돌,안전거리미확보,건조,맑음,교차로 - 교차로부근,승용,여,45세,상해없음,승용,여,34세,경상
2022031500100165,2022년 3월 15일 11시,화요일,경상북도 경산시 중방동,경상사고,0,0,1,0,차대사람 - 기타,안전운전불이행,건조,맑음,교차로 - 교차로부근,승용,남,63세,상해없음,보행자,남,29세,경상
2022031500100207,2022년 3월 15일 13시,화요일,경상북도 구미시 형곡동,경상사고,0,0,1,0,차대차 - 측면충돌,교차로운행방법위반,건조,맑음,교차로 - 교차로안,승용,여,49세,상해없음,자전거,남,64세,경상
2022031500100208,2022년 3월 15일 13시,화요일,경상북도 구미시 형곡동,경상사고,0,0,4,0,차대차 - 측면충돌,직진우회전진행방해,건조,맑음,교차로 - 교차로안,승용,남,29세,경상,승용,여,64세,경상
2022031500100237,2022년 3월 15일 14시,화요일,경상북도 칠곡군 왜관읍,경상사고,0,0,1,0,차대차 - 측면충돌,안전운전불이행,건조,맑음,단일로 - 기타,승용,남,51세,상해없음,승용,여,48세,상해없음
2022031500100238,2022년 3월 15일 14시,화요일,경상북도 고령군 대가야읍,중상사고,0,1,0,0,차대사람 - 기타,안전운전불이행,건조,맑음,기타 - 기타,승용,여,64세,상해없음,보행자,여,77세,중상
2022031500100239,2022년 3월 15일 14시,화요일,경상북도 포항시 남구 대잠동,중상사고,0,1,0,0,차대차 - 측면충돌,교차로운행방법위반,건조,맑음,교차로 - 교차로안,승용,남,45세,상해없음,원동기,남,75세,중상
2022031500100240,2022년 3월 15일 14시,화요일,경상북도 군위군 산성면,경상사고,0,0,1,0,차대차 - 측면충돌,안전운전불이행,건조,맑음,단일로 - 기타,건설기계,남,43세,상해없음,승용,남,35세,경상
2022031500100266,2022년 3월 15일 15시,화요일,경상북도 포항시 북구 창포동,중상사고,0,1,0,0,차대사람 - 기타,안전운전불이행,건조,맑음,단일로 - 기타,승용,남,45세,상해없음,보행자,여,74세,중상
2022031500100315,2022년 3월 15일 17시,화요일,경상북도 고령군 쌍림면,사망사고,1,0,0,0,차량단독 - 공작물충돌,안전운전불이행,건조,맑음,단일로 - 기타,원동기,남,56세,사망,,,,
2022031500100343,2022년 3월 15일 18시,화요일,경상북도 경산시 진량읍,중상사고,0,1,0,0,차대사람 - 횡단중,안전운전불이행,건조,맑음,단일로 - 기타,승용,남,27세,상해없음,보행자,여,61세,중상
2022031500100344,2022년 3월 15일 18시,화요일,경상북도 구미시 장천면,부상신고사고,0,0,0,1,차량단독 - 기타,안전운전불이행,건조,맑음,단일로 - 기타,이륜,남,73세,부상신고,,,,
2022031500100376,2022년 3월 15일 19시,화요일,경상북도 안동시 풍산읍,경상사고,0,0,1,0,차대차 - 추돌,안전운전불이행,건조,맑음,단일로 - 기타,화물,남,43세,기타불명,승용,남,50세,경상
2022031500100377,2022년 3월 15일 19시,화요일,경상북도 구미시 상모동,중상사고,0,1,0,0,차대차 - 측면충돌,기타,건조,맑음,교차로 - 교차로부근,승용,남,22세,상해없음,이륜,남,44세,중상
2022031500100431,2022년 3월 15일 21시,화요일,경상북도 경주시 황성동,경상사고,0,0,1,0,차대차 - 후진중충돌,안전운전불이행,건조,맑음,주차장 - 주차장,승용,남,74세,상해없음,승용,남,66세,경상
2022031500100445,2022년 3월 15일 22시,화요일,경상북도 구미시 인의동,경상사고,0,0,2,0,차대차 - 추돌,안전운전불이행,건조,맑음,교차로 - 교차로부근,승용,남,49세,상해없음,승용,남,69세,경상
2022031500100446,2022년 3월 15일 22시,화요일,경상북도 포항시 남구 대잠동,중상사고,0,1,0,0,차량단독 - 공작물충돌,안전운전불이행,건조,맑음,단일로 - 지하차도(도로)내,이륜,남,27세,중상,,,,
2022031500100457,2022년 3월 15일 23시,화요일,경상북도 안동시 수상동,경상사고,0,0,1,0,차량단독 - 공작물충돌,안전운전불이행,건조,맑음,단일로 - 기타,승용,남,56세,경상,,,,
2022031600100036,2022년 3월 16일 06시,수요일,경상북도 칠곡군 지천면,경상사고,0,0,1,0,차량단독 - 공작물충돌,안전운전불이행,건조,맑음,단일로 - 기타,승용,남,36세,경상,,,,
2022031600100037,2022년 3월 16일 06시,수요일,경상북도 경산시 진량읍,부상신고사고,0,0,0,1,차량단독 - 공작물충돌,기타,건조,맑음,단일로 - 기타,화물,남,52세,부상신고,,,,
2022031600100056,2022년 3월 16일 07시,수요일,경상북도 안동시 서후면,경상사고,0,0,2,0,차대차 - 측면충돌,신호위반,젖음/습기,안개,교차로 - 교차로안,화물,남,41세,경상,승용,남,65세,경상
2022031600100085,2022년 3월 16일 08시,수요일,경상북도 칠곡군 왜관읍,경상사고,0,0,5,0,차대차 - 측면충돌,안전운전불이행,건조,맑음,교차로 - 교차로안,승용,여,60세,경상,승용,남,31세,경상
2022031600100086,2022년 3월 16일 08시,수요일,경상북도 구미시 오태동,경상사고,0,0,1,0,차대차 - 측면충돌,신호위반,건조,맑음,교차로 - 교차로안,승용,여,49세,상해없음,승용,남,41세,경상
2022031600100109,2022년 3월 16일 09시,수요일,경상북도 포항시 북구 장성동,중상사고,0,1,0,0,차대차 - 측면충돌,안전운전불이행,건조,맑음,교차로 - 교차로안,승합,남,70세,상해없음,자전거,여,22세,중상
2022031600100110,2022년 3월 16일 09시,수요일,경상북도 포항시 북구 장성동,경상사고,0,0,1,0,차대차 - 기타,교차로운행방법위반,건조,맑음,교차로 - 교차로안,승용,여,51세,상해없음,승용,여,31세,경상
2022031600100133,2022년 3월 16일 10시,수요일,경상북도 구미시 선기동,중상사고,0,1,0,0,차대차 - 정면충돌,중앙선침범,건조,맑음,단일로 - 기타,승용,여,61세,상해없음,승용,여,55세,중상
2022031600100161,2022년 3월 16일 11시,수요일,경상북도 경주시 외동읍,중상사고,0,1,0,0,차대사람 - 기타,안전운전불이행,건조,맑음,교차로 - 교차로부근,화물,남,72세,상해없음,보행자,남,56세,중상
2022031600100162,2022년 3월 16일 11시,수요일,경상북도 구미시 공단동,경상사고,0,0,1,0,차대차 - 기타,안전거리미확보,건조,맑음,교차로 - 교차로안,건설기계,남,30세,상해없음,승용,남,31세,경상
2022031600100188,2022년 3월 16일 12시,수요일,경상북도 구미시 봉곡동,경상사고,0,0,1,0,차대차 - 기타,안전운전불이행,건조,맑음,교차로 - 교차로안,화물,남,57세,상해없음,승용,여,54세,경상
2022031600100231,2022년 3월 16일 14시,수요일,경상북도 구미시 사곡동,경상사고,0,0,2,0,차대차 - 추돌,안전운전불이행,건조,맑음,단일로 - 기타,이륜,남,40세,상해없음,승합,여,31세,경상
2022031600100258,2022년 3월 16일 15시,수요일,경상북도 영주시 문정동,경상사고,0,0,1,0,차대차 - 정면충돌,신호위반,건조,맑음,교차로 - 교차로안,승용,남,54세,상해없음,화물,남,49세,경상
2022031600100259,2022년 3월 16일 15시,수요일,경상북도 구미시 구포동,경상사고,0,0,1,0,차대차 - 기타,안전운전불이행,건조,맑음,단일로 - 기타,승용,남,64세,상해없음,승용,여,57세,경상
2022031600100287,2022년 3월 16일 16시,수요일,경상북도 포항시 북구 흥해읍,경상사고,0,0,1,0,차대차 - 기타,안전거리미확보,건조,맑음,단일로 - 기타,승용,남,63세,상해없음,건설기계,남,53세,경상
2022031600100288,2022년 3월 16일 16시,수요일,경상북도 성주군 대가면,경상사고,0,0,1,0,차량단독 - 공작물충돌,안전운전불이행,건조,맑음,기타 - 기타,이륜,남,85세,경상,,,,
2022031600100289,2022년 3월 16일 16시,수요일,경상북도 구미시 원평동,중상사고,0,1,0,0,차대차 - 기타,안전운전불이행,건조,맑음,교차로 - 교차로부근,승용,여,47세,상해없음,자전거,여,59세,중상
2022031600100290,2022년 3월 16일 16시,수요일,경상북도 구미시 고아읍,사망사고,1,0,0,0,차량단독 - 기타,안전운전불이행,건조,맑음,단일로 - 기타,개인형이동수단(PM),남,33세,사망,,,,
2022031600100321,2022년 3월 16일 17시,수요일,경상북도 포항시 북구 학산동,경상사고,0,0,1,0,차대차 - 측면충돌,중앙선침범,건조,맑음,단일로 - 기타,원동기,남,48세,상해없음,승용,남,33세,경상
2022031600100322,2022년 3월 16일 17시,수요일,경상북도 칠곡군 동명면,경상사고,0,0,1,0,차대차 - 측면충돌,안전운전불이행,건조,맑음,교차로 - 교차로부근,화물,남,75세,상해없음,화물,여,52세,경상
2022031600100323,2022년 3월 16일 17시,수요일,경상북도 구미시 도량동,경상사고,0,0,1,0,차대차 - 기타,중앙선침범,건조,맑음,교차로 - 교차로부근,승용,남,35세,상해없음,승용,남,49세,경상
2022031600100353,2022년 3월 16일 18시,수요일,경상북도 상주시 신봉동,중상사고,0,1,0,0,차대차 - 측면충돌,안전운전불이행,건조,맑음,기타 - 기타,화물,남,62세,상해없음,개인형이동수단(PM),남,79세,중상
2022031600100354,2022년 3월 16일 18시,수요일,경상북도 경산시 압량읍,경상사고,0,0,1,0,차대차 - 추돌,안전운전불이행,건조,맑음,단일로 - 기타,화물,남,60세,상해없음,승용,여,49세,경상
2022031600100355,2022년 3월 16일 18시,수요일,경상북도 포항시 남구 대도동,중상사고,0,1,0,0,차대차 - 측면충돌,안전운전불이행,건조,맑음,단일로 - 기타,승용,여,24세,상해없음,이륜,남,46세,중상
2022031600100356,2022년 3월 16일 18시,수요일,경상북도 포항시 남구 이동,경상사고,0,0,1,0,차대사람 - 기타,안전운전불이행,건조,맑음,단일로 - 기타,기타불명,기타불명,미분류,기타불명,보행자,여,23세,경상
2022031600100378,2022년 3월 16일 19시,수요일,경상북도 고령군 우곡면,경상사고,0,0,1,0,차대차 - 측면충돌,신호위반,건조,맑음,교차로 - 교차로안,승용,남,51세,상해없음,승용,남,69세,경상
2022031600100399,2022년 3월 16일 20시,수요일,경상북도 포항시 북구 우현동,경상사고,0,0,2,0,차대차 - 측면충돌,중앙선침범,건조,맑음,단일로 - 기타,승용,남,77세,상해없음,승용,남,26세,경상
2022031600100400,2022년 3월 16일 20시,수요일,경상북도 포항시 북구 죽도동,중상사고,0,1,0,0,차대사람 - 횡단중,안전운전불이행,건조,맑음,단일로 - 기타,승용,남,52세,상해없음,보행자,남,59세,중상
2022031700100025,2022년 3월 17일 05시,목요일,경상북도 안동시 옥동,중상사고,0,1,0,0,차대사람 - 기타,안전운전불이행,건조,맑음,단일로 - 기타,승용,남,49세,상해없음,보행자,여,71세,중상
2022031700100043,2022년 3월 17일 07시,목요일,경상북도 영천시 완산동,경상사고,0,0,1,0,차대차 - 추돌,안전운전불이행,건조,맑음,단일로 - 기타,승용,남,34세,상해없음,승용,여,53세,경상
2022031700100067,2022년 3월 17일 08시,목요일,경상북도 영주시 풍기읍,사망사고,1,0,0,0,차량단독 - 공작물충돌,안전운전불이행,건조,맑음,단일로 - 기타,승용,여,32세,사망,,,,
2022031700100068,2022년 3월 17일 08시,목요일,경상북도 칠곡군 북삼읍,경상사고,0,0,2,0,차대차 - 측면충돌,직진우회전진행방해,건조,맑음,교차로 - 교차로안,승용,여,34세,경상,승용,여,35세,경상
2022031700100069,2022년 3월 17일 08시,목요일,경상북도 칠곡군 왜관읍,경상사고,0,0,4,0,차대차 - 측면충돌,기타,건조,맑음,교차로 - 교차로안,승용,여,29세,경상,승용,남,43세,경상
2022031700100070,2022년 3월 17일 08시,목요일,경상북도 구미시 공단동,중상사고,0,1,0,0,차대차 - 측면충돌,안전운전불이행,건조,맑음,교차로 - 교차로안,승용,여,38세,상해없음,이륜,여,23세,중상
2022031700100071,2022년 3월 17일 08시,목요일,경상북도 구미시 형곡동,경상사고,0,0,1,0,차대사람 - 기타,안전운전불이행,건조,맑음,교차로 - 교차로부근,승용,여,47세,상해없음,보행자,여,15세,경상
2022031700100072,2022년 3월 17일 08시,목요일,경상북도 칠곡군 왜관읍,경상사고,0,0,1,0,차대차 - 측면충돌,안전운전불이행,건조,맑음,단일로 - 기타,화물,남,45세,상해없음,승용,남,31세,경상
2022031700100094,2022년 3월 17일 09시,목요일,경상북도 안동시 임하면,중상사고,0,1,0,0,차량단독 - 공작물충돌,안전운전불이행,젖음/습기,흐림,단일로 - 기타,화물,남,78세,중상,,,,
2022031700100095,2022년 3월 17일 09시,목요일,경상북도 포항시 남구 해도동,중상사고,0,1,0,0,차대차 - 측면충돌,안전운전불이행,젖음/습기,맑음,교차로 - 교차로안,승용,여,31세,상해없음,자전거,남,69세,중상
2022031700100113,2022년 3월 17일 10시,목요일,경상북도 경산시 자인면,경상사고,0,0,2,0,차대차 - 기타,신호위반,젖음/습기,비,교차로 - 교차로부근,승용,남,49세,상해없음,승용,남,71세,경상
2022031700100114,2022년 3월 17일 10시,목요일,경상북도 영덕군 강구면,경상사고,0,0,2,0,차대차 - 정면충돌,안전운전불이행,젖음/습기,흐림,교차로 - 교차로안,승용,남,69세,상해없음,승용,여,54세,경상
2022031700100115,2022년 3월 17일 10시,목요일,경상북도 구미시 송정동,경상사고,0,0,3,0,차대차 - 측면충돌,신호위반,젖음/습기,비,교차로 - 교차로안,승용,여,33세,경상,승용,남,62세,경상
2022031700100116,2022년 3월 17일 10시,목요일,경상북도 구미시 임수동,경상사고,0,0,1,0,차대차 - 추돌,안전운전불이행,젖음/습기,흐림,교차로 - 교차로부근,화물,남,30세,상해없음,승용,남,56세,경상
2022031700100135,2022년 3월 17일 11시,목요일,경상북도 칠곡군 왜관읍,경상사고,0,0,2,0,차대차 - 측면충돌,교차로운행방법위반,건조,맑음,교차로 - 교차로안,특수,남,50세,경상,화물,남,61세,경상
2022031700100136,2022년 3월 17일 11시,목요일,경상북도 경산시 남천면,경상사고,0,0,1,0,차대차 - 측면충돌,교차로운행방법위반,젖음/습기,비,교차로 - 교차로안,승용,남,27세,상해없음,승용,여,51세,경상
2022031700100192,2022년 3월 17일 14시,목요일,경상북도 안동시 법흥동,경상사고,0,0,2,0,차대차 - 기타,신호위반,건조,맑음,교차로 - 교차로안,승용,남,43세,상해없음,승용,여,51세,경상
2022031700100245,2022년 3월 17일 16시,목요일,경상북도 영덕군 영덕읍,중상사고,0,1,0,0,차대차 - 측면충돌,직진우회전진행방해,젖음/습기,흐림,교차로 - 교차로안,승용,남,61세,상해없음,이륜,남,71세,중상
2022031700100262,2022년 3월 17일 17시,목요일,경상북도 경산시 압량읍,경상사고,0,0,2,0,차대차 - 정면충돌,신호위반,건조,맑음,교차로 - 교차로안,승합,남,36세,기타불명,승용,남,42세,경상
2022031700100302,2022년 3월 17일 18시,목요일,경상북도 포항시 북구 양덕동,경상사고,0,0,1,0,차대사람 - 차도통행중,안전운전불이행,젖음/습기,비,교차로 - 교차로부근,승용,남,39세,상해없음,보행자,여,40세,경상
2022031700100303,2022년 3월 17일 18시,목요일,경상북도 경산시 사정동,경상사고,0,0,1,0,차대차 - 측면충돌,안전거리미확보,건조,맑음,단일로 - 지하차도(도로)내,승용,여,68세,상해없음,승용,남,48세,경상
2022031700100349,2022년 3월 17일 19시,목요일,경상북도 포항시 북구 두호동,경상사고,0,0,1,0,차대차 - 측면충돌,안전운전불이행,젖음/습기,비,기타 - 기타,승용,남,40세,상해없음,이륜,남,17세,경상
2022031700100391,2022년 3월 17일 20시,목요일,경상북도 경주시 황성동,경상사고,0,0,1,0,차량단독 - 공작물충돌,신호위반,젖음/습기,비,교차로 - 교차로안,승합,남,64세,상해없음,,,,
2022031700100426,2022년 3월 17일 21시,목요일,경상북도 안동시 옥동,경상사고,0,0,3,0,차대차 - 기타,안전운전불이행,젖음/습기,비,단일로 - 기타,승용,남,41세,경상,승용,남,22세,상해없음
2022031700100476,2022년 3월 17일 23시,목요일,경상북도 포항시 남구 이동,중상사고,0,1,1,0,차대차 - 측면충돌,차로위반,젖음/습기,비,단일로 - 기타,승용,남,48세,상해없음,건설기계,남,49세,경상
2022031800100023,2022년 3월 18일 04시,금요일,경상북도 포항시 남구 효자동,경상사고,0,0,1,0,차대차 - 측면충돌,신호위반,젖음/습기,비,교차로 - 교차로안,화물,남,63세,상해없음,화물,남,37세,경상
2022031800100040,2022년 3월 18일 07시,금요일,경상북도 구미시 고아읍,경상사고,0,0,1,0,차대차 - 기타,안전운전불이행,젖음/습기,비,단일로 - 기타,승용,여,22세,상해없음,승용,남,44세,경상
2022031800100059,2022년 3월 18일 08시,금요일,경상북도 상주시 청리면,경상사고,0,0,1,0,차대사람 - 기타,안전운전불이행,젖음/습기,흐림,기타 - 기타,승용,남,53세,상해없음,보행자,남,48세,경상
2022031800100092,2022년 3월 18일 10시,금요일,경상북도 경주시 외동읍,경상사고,0,0,1,0,차대차 - 정면충돌,중앙선침범,젖음/습기,흐림,단일로 - 기타,승용,남,54세,상해없음,화물,남,45세,경상
2022031800100094,2022년 3월 18일 10시,금요일,경상북도 안동시 풍산읍,중상사고,0,1,0,0,차량단독 - 공작물충돌,안전운전불이행,젖음/습기,비,단일로 - 기타,승용,여,51세,중상,,,,
2022031800100109,2022년 3월 18일 11시,금요일,경상북도 칠곡군 왜관읍,경상사고,0,0,1,0,차대차 - 추돌,안전운전불이행,건조,맑음,교차로 - 교차로안,승용,여,39세,상해없음,화물,남,41세,경상
2022031800100127,2022년 3월 18일 12시,금요일,경상북도 구미시 구포동,중상사고,0,1,0,0,차대사람 - 차도통행중,안전운전불이행,건조,흐림,교차로 - 교차로안,화물,여,41세,상해없음,보행자,여,58세,중상
2022031800100247,2022년 3월 18일 17시,금요일,경상북도 경주시 용강동,경상사고,0,0,1,0,차대사람 - 횡단중,보행자보호의무위반,젖음/습기,비,교차로 - 교차로횡단보도내,승용,남,57세,상해없음,보행자,남,7세,경상
2022031800100275,2022년 3월 18일 18시,금요일,경상북도 포항시 북구 우현동,사망사고,1,0,0,0,차대사람 - 횡단중,신호위반,젖음/습기,흐림,교차로 - 교차로안,승용,여,26세,상해없음,보행자,남,14세,사망
2022031800100313,2022년 3월 18일 19시,금요일,경상북도 구미시 봉곡동,중상사고,0,1,0,0,차대사람 - 횡단중,신호위반,젖음/습기,비,교차로 - 교차로횡단보도내,승용,여,57세,상해없음,보행자,남,57세,중상
2022031800100314,2022년 3월 18일 19시,금요일,경상북도 포항시 남구 오천읍,경상사고,0,0,1,1,차대차 - 측면충돌,안전운전불이행,젖음/습기,비,교차로 - 교차로안,승용,여,55세,부상신고,승용,남,31세,상해없음
2022031800100345,2022년 3월 18일 20시,금요일,경상북도 김천시 어모면,경상사고,0,0,1,0,차대차 - 측면충돌,안전운전불이행,건조,맑음,단일로 - 기타,승용,남,36세,상해없음,자전거,남,24세,경상
2022031800100387,2022년 3월 18일 22시,금요일,경상북도 영천시 도동,경상사고,0,0,1,0,차대차 - 추돌,안전운전불이행,건조,맑음,교차로 - 교차로부근,승용,여,31세,상해없음,승용,남,30세,경상
2022031800100422,2022년 3월 18일 23시,금요일,경상북도 포항시 북구 항구동,경상사고,0,0,2,0,차대차 - 측면충돌,안전운전불이행,건조,맑음,교차로 - 교차로안,승용,남,24세,상해없음,승용,남,54세,경상
2022031900100056,2022년 3월 19일 08시,토요일,경상북도 포항시 북구 죽도동,경상사고,0,0,1,0,차대사람 - 길가장자리구역통행중,안전운전불이행,젖음/습기,흐림,단일로 - 기타,승용,여,48세,상해없음,보행자,남,57세,경상
2022031900100057,2022년 3월 19일 08시,토요일,경상북도 구미시 구포동,경상사고,0,0,1,0,차대차 - 측면충돌,중앙선침범,젖음/습기,흐림,단일로 - 기타,승용,남,55세,상해없음,승용,남,22세,경상
2022031900100068,2022년 3월 19일 09시,토요일,경상북도 영주시 가흥동,경상사고,0,0,2,0,차대차 - 측면충돌,신호위반,젖음/습기,눈,교차로 - 교차로안,승용,남,63세,상해없음,승용,여,38세,경상
2022031900100150,2022년 3월 19일 12시,토요일,경상북도 예천군 호명면,경상사고,0,0,2,0,차대차 - 측면충돌,안전운전불이행,젖음/습기,비,교차로 - 교차로부근,승용,여,40세,상해없음,승용,여,50세,경상
2022031900100151,2022년 3월 19일 12시,토요일,경상북도 구미시 도량동,중상사고,0,1,1,0,차대차 - 정면충돌,중앙선침범,젖음/습기,흐림,단일로 - 기타,승용,남,22세,상해없음,화물,남,58세,중상
2022031900100212,2022년 3월 19일 14시,토요일,경상북도 경주시 구황동,경상사고,0,0,1,0,차대차 - 측면충돌,안전거리미확보,젖음/습기,비,교차로 - 교차로부근,승용,남,61세,상해없음,승용,남,61세,상해없음
2022031900100231,2022년 3월 19일 15시,토요일,경상북도 경주시 율동,경상사고,0,0,1,0,차대차 - 측면충돌,기타,건조,맑음,교차로 - 교차로안,승용,여,28세,상해없음,승용,여,26세,경상
2022031900100232,2022년 3월 19일 15시,토요일,경상북도 안동시 목성동,경상사고,0,0,1,0,차대차 - 측면충돌,안전운전불이행,건조,맑음,단일로 - 기타,자전거,남,71세,경상,승용,여,72세,상해없음
2022031900100233,2022년 3월 19일 15시,토요일,경상북도 청도군 화양읍,경상사고,0,0,1,0,차대차 - 측면충돌,교차로운행방법위반,건조,맑음,교차로 - 교차로안,승용,여,61세,상해없음,이륜,남,35세,경상
2022031900100234,2022년 3월 19일 15시,토요일,경상북도 구미시 인의동,경상사고,0,0,2,0,차대차 - 기타,안전운전불이행,건조,흐림,주차장 - 주차장,승용,남,29세,경상,승용,남,71세,상해없음
2022031900100284,2022년 3월 19일 17시,토요일,경상북도 영양군 수비면,중상사고,0,1,0,0,차대차 - 기타,중앙선침범,젖음/습기,흐림,단일로 - 기타,승용,남,51세,상해없음,승용,남,43세,중상
2022031900100312,2022년 3월 19일 18시,토요일,경상북도 경산시 하양읍,경상사고,0,0,1,0,차대사람 - 차도통행중,안전운전불이행,건조,맑음,단일로 - 기타,승용,남,49세,상해없음,보행자,남,72세,경상
2022031900100313,2022년 3월 19일 18시,토요일,경상북도 경산시 옥곡동,경상사고,0,0,1,0,차대차 - 기타,중앙선침범,건조,맑음,교차로 - 교차로부근,승용,남,60세,상해없음,이륜,남,27세,경상
2022031900100314,2022년 3월 19일 18시,토요일,경상북도 경산시 압량읍,중상사고,0,1,0,0,차대차 - 측면충돌,교차로운행방법위반,건조,맑음,교차로 - 교차로안,승용,남,55세,상해없음,이륜,남,33세,중상
2022031900100331,2022년 3월 19일 19시,토요일,경상북도 경주시 황성동,중상사고,0,1,0,0,차대사람 - 횡단중,보행자보호의무위반,젖음/습기,비,단일로 - 기타,승용,남,54세,상해없음,보행자,남,57세,중상
2022031900100332,2022년 3월 19일 19시,토요일,경상북도 영천시 야사동,경상사고,0,0,1,0,차대차 - 측면충돌,안전운전불이행,건조,맑음,교차로 - 교차로부근,승용,남,53세,상해없음,이륜,남,36세,경상
2022031900100333,2022년 3월 19일 19시,토요일,경상북도 경산시 중산동,중상사고,0,1,0,0,차대차 - 추돌,중앙선침범,건조,맑음,단일로 - 기타,화물,남,57세,상해없음,이륜,남,39세,중상
2022031900100361,2022년 3월 19일 20시,토요일,경상북도 예천군 예천읍,중상사고,0,1,0,0,차대차 - 측면충돌,직진우회전진행방해,젖음/습기,비,교차로 - 교차로안,승용,남,69세,상해없음,승용,남,34세,중상
2022031900100426,2022년 3월 19일 23시,토요일,경상북도 구미시 인의동,경상사고,0,0,4,0,차대차 - 측면충돌,안전운전불이행,건조,맑음,교차로 - 교차로안,승용,남,33세,상해없음,승용,여,41세,경상
2022032000100013,2022년 3월 20일 01시,일요일,경상북도 구미시 임은동,경상사고,0,0,2,0,차대차 - 측면충돌,교차로운행방법위반,건조,맑음,교차로 - 교차로안,승용,남,23세,경상,승용,남,29세,경상
2022032000100043,2022년 3월 20일 09시,일요일,경상북도 예천군 호명면,경상사고,0,0,2,0,차대차 - 측면충돌,안전운전불이행,건조,맑음,단일로 - 기타,승합,남,41세,상해없음,특수,남,46세,경상
2022032000100066,2022년 3월 20일 11시,일요일,경상북도 포항시 남구 연일읍,경상사고,0,0,1,0,차대차 - 기타,안전운전불이행,건조,맑음,교차로 - 교차로부근,자전거,남,62세,경상,승용,남,35세,상해없음
2022032000100082,2022년 3월 20일 12시,일요일,경상북도 포항시 북구 흥해읍,사망사고,1,0,0,0,차량단독 - 전도전복 - 전도,안전운전불이행,건조,맑음,교차로 - 교차로부근,이륜,남,62세,사망,,,,
2022032000100083,2022년 3월 20일 12시,일요일,경상북도 포항시 남구 오천읍,중상사고,0,1,0,0,차대사람 - 길가장자리구역통행중,안전운전불이행,건조,맑음,단일로 - 기타,승용,남,64세,상해없음,보행자,여,71세,중상
2022032000100103,2022년 3월 20일 13시,일요일,경상북도 포항시 남구 대잠동,경상사고,0,0,1,0,차대차 - 측면충돌,차로위반,건조,맑음,교차로 - 교차로부근,승용,여,37세,상해없음,이륜,남,40세,경상
2022032000100149,2022년 3월 20일 15시,일요일,경상북도 성주군 성주읍,사망사고,1,0,0,0,차량단독 - 도로외이탈 - 기타,안전운전불이행,건조,맑음,단일로 - 기타,자전거,남,51세,사망,,,,
2022032000100150,2022년 3월 20일 15시,일요일,경상북도 구미시 해평면,중상사고,0,1,0,0,차량단독 - 공작물충돌,안전운전불이행,건조,맑음,단일로 - 기타,승용,여,67세,중상,,,,
2022032000100196,2022년 3월 20일 17시,일요일,경상북도 경주시 천군동,중상사고,0,2,0,0,차대차 - 측면충돌,기타,건조,맑음,교차로 - 교차로안,승용,남,55세,상해없음,승용,남,35세,중상
2022032000100197,2022년 3월 20일 17시,일요일,경상북도 상주시 내서면,중상사고,0,1,0,0,차량단독 - 도로외이탈 - 기타,안전운전불이행,건조,흐림,단일로 - 기타,승용,남,65세,상해없음,,,,
2022032000100198,2022년 3월 20일 17시,일요일,경상북도 칠곡군 석적읍,중상사고,0,1,0,0,차대차 - 측면충돌,안전운전불이행,건조,맑음,단일로 - 기타,자전거,남,37세,중상,자전거,남,8세,상해없음
2022032000100219,2022년 3월 20일 18시,일요일,경상북도 경주시 강동면,경상사고,0,0,4,0,차대차 - 추돌,안전운전불이행,건조,맑음,단일로 - 터널,승용,남,42세,경상,승용,여,55세,경상
2022032000100236,2022년 3월 20일 19시,일요일,경상북도 포항시 남구 청림동,경상사고,0,0,2,0,차대차 - 기타,안전운전불이행,건조,맑음,단일로 - 기타,승용,남,63세,상해없음,승용,남,52세,경상
2022032000100259,2022년 3월 20일 20시,일요일,경상북도 안동시 이천동,경상사고,0,0,2,0,차대차 - 기타,안전운전불이행,건조,맑음,단일로 - 기타,승용,남,54세,상해없음,승용,남,41세,경상
2022032000100276,2022년 3월 20일 21시,일요일,경상북도 영주시 영주동,경상사고,0,0,1,1,차대차 - 측면충돌,안전운전불이행,건조,맑음,단일로 - 기타,승용,남,56세,부상신고,원동기,남,21세,경상
2022032000100307,2022년 3월 20일 23시,일요일,경상북도 경주시 도지동,경상사고,0,0,2,0,차대차 - 추돌,안전운전불이행,건조,맑음,단일로 - 기타,승용,남,60세,상해없음,승용,여,23세,경상
2022032000100308,2022년 3월 20일 23시,일요일,경상북도 경산시 압량읍,경상사고,0,0,1,0,차대차 - 추돌,안전운전불이행,건조,맑음,교차로 - 교차로부근,승용,남,24세,상해없음,승용,남,27세,경상