사고번호,사고일시,요일,시군구,사고내용,사망자수,중상자수,경상자수,부상신고자수,사고유형,법규위반,노면상태,기상상태,도로형태,가해운전자 차종,가해운전자 성별,가해운전자 연령,가해운전자 상해정도,피해운전자 차종,피해운전자 성별,피해운전자 연령,피해운전자 상해정도
2022032100100006,2022년 3월 21일 00시,월요일,경상북도 경주시 동천동,경상사고,0,0,1,0,차대차 - 측면충돌,안전운전불이행,건조,맑음,교차로 - 교차로부근,승용,남,58세,상해없음,이륜,남,25세,경상
2022032100100043,2022년 3월 21일 07시,월요일,경상북도 경주시 외동읍,경상사고,0,0,1,0,차대차 - 측면충돌,신호위반,건조,맑음,교차로 - 교차로안,승용,남,61세,상해없음,화물,남,57세,경상
2022032100100047,2022년 3월 21일 07시,월요일,경상북도 칠곡군 동명면,중상사고,0,1,0,0,차대차 - 측면충돌,안전운전불이행,건조,맑음,교차로 - 교차로안,승용,여,23세,상해없음,승용,여,64세,중상
2022032100100068,2022년 3월 21일 08시,월요일,경상북도 포항시 남구 이동,경상사고,0,0,1,0,차대차 - 추돌,안전운전불이행,건조,맑음,단일로 - 기타,승용,남,47세,상해없음,승용,여,40세,경상
2022032100100095,2022년 3월 21일 09시,월요일,경상북도 경산시 진량읍,중상사고,0,1,0,0,차대차 - 측면충돌,교차로운행방법위반,건조,맑음,교차로 - 교차로안,승용,여,56세,상해없음,이륜,남,64세,중상
2022032100100118,2022년 3월 21일 10시,월요일,경상북도 상주시 초산동,경상사고,0,0,2,0,차대차 - 추돌,안전거리미확보,건조,맑음,교차로 - 교차로안,화물,남,38세,상해없음,승용,남,66세,경상
2022032100100119,2022년 3월 21일 10시,월요일,경상북도 영주시 휴천동,경상사고,0,0,6,0,차대차 - 측면충돌,교차로운행방법위반,건조,맑음,교차로 - 교차로안,화물,여,49세,경상,승용,여,40세,경상
2022032100100120,2022년 3월 21일 10시,월요일,경상북도 영천시 조교동,중상사고,0,1,0,0,차대차 - 추돌,안전운전불이행,건조,맑음,단일로 - 교량,승용,여,60세,상해없음,농기계,남,87세,중상
2022032100100172,2022년 3월 21일 12시,월요일,경상북도 고령군 대가야읍,경상사고,0,0,2,0,차대차 - 기타,안전운전불이행,건조,맑음,교차로 - 교차로안,승용,여,56세,경상,승용,남,28세,경상
2022032100100222,2022년 3월 21일 14시,월요일,경상북도 경산시 평산동,중상사고,0,1,0,0,차대차 - 측면충돌,안전운전불이행,건조,맑음,교차로 - 교차로횡단보도내,승용,여,43세,상해없음,자전거,남,74세,중상
2022032100100223,2022년 3월 21일 14시,월요일,경상북도 영덕군 영덕읍,중상사고,0,1,0,0,차대차 - 정면충돌,안전운전불이행,건조,맑음,교차로 - 교차로부근,승용,여,72세,상해없음,이륜,남,74세,중상
2022032100100248,2022년 3월 21일 15시,월요일,경상북도 영덕군 축산면,중상사고,0,1,0,0,차량단독 - 도로외이탈 - 추락,기타,건조,맑음,교차로 - 교차로안,건설기계,남,45세,중상,,,,
2022032100100276,2022년 3월 21일 16시,월요일,경상북도 경주시 외동읍,중상사고,0,1,0,0,차대차 - 후진중충돌,안전운전불이행,건조,맑음,단일로 - 기타,화물,남,36세,상해없음,화물,남,39세,중상
2022032100100277,2022년 3월 21일 16시,월요일,경상북도 경주시 황오동,경상사고,0,0,1,0,차대차 - 측면충돌,안전운전불이행,건조,맑음,교차로 - 교차로부근,승용,남,61세,상해없음,자전거,남,13세,경상
2022032100100278,2022년 3월 21일 16시,월요일,경상북도 김천시 구성면,중상사고,0,1,0,0,차대차 - 측면충돌,교차로운행방법위반,건조,맑음,교차로 - 교차로안,건설기계,남,64세,상해없음,이륜,남,43세,중상
2022032100100279,2022년 3월 21일 16시,월요일,경상북도 경산시 하양읍,중상사고,0,1,0,0,차대차 - 기타,안전운전불이행,건조,맑음,교차로 - 교차로부근,승용,여,40세,상해없음,이륜,남,43세,중상
2022032100100280,2022년 3월 21일 16시,월요일,경상북도 구미시 진평동,경상사고,0,0,3,0,차대차 - 추돌,안전운전불이행,건조,맑음,단일로 - 기타,화물,남,65세,상해없음,이륜,남,33세,경상
2022032100100307,2022년 3월 21일 17시,월요일,경상북도 칠곡군 북삼읍,경상사고,0,0,1,0,차대차 - 기타,안전운전불이행,건조,맑음,단일로 - 기타,승용,남,68세,상해없음,승용,여,28세,경상
2022032100100333,2022년 3월 21일 18시,월요일,경상북도 상주시 무양동,경상사고,0,0,1,0,차대차 - 측면충돌,안전거리미확보,건조,맑음,교차로 - 교차로부근,승용,남,49세,상해없음,이륜,남,21세,경상
2022032100100334,2022년 3월 21일 18시,월요일,경상북도 구미시 고아읍,중상사고,0,1,2,0,차대차 - 기타,교차로운행방법위반,건조,맑음,교차로 - 교차로부근,승용,남,27세,상해없음,승용,여,50세,중상
2022032100100376,2022년 3월 21일 20시,월요일,경상북도 안동시 정하동,중상사고,0,1,0,0,차대사람 - 기타,안전운전불이행,건조,맑음,교차로 - 교차로안,승용,남,60세,상해없음,보행자,남,54세,중상
2022032100100410,2022년 3월 21일 22시,월요일,경상북도 경주시 안강읍,중상사고,0,1,0,0,차대차 - 정면충돌,안전운전불이행,건조,맑음,단일로 - 기타,승용,여,37세,상해없음,승용,여,53세,중상
2022032100100432,2022년 3월 21일 23시,월요일,경상북도 경주시 서면,경상사고,0,0,2,0,차대차 - 추돌,안전운전불이행,건조,맑음,단일로 - 기타,승용,여,42세,경상,승용,남,54세,경상
2022032200100031,2022년 3월 22일 07시,화요일,경상북도 김천시 개령면,경상사고,0,0,1,1,차대차 - 측면충돌,교차로운행방법위반,건조,맑음,교차로 - 교차로안,승용,남,58세,부상신고,화물,남,62세,경상
2022032200100049,2022년 3월 22일 08시,화요일,경상북도 칠곡군 북삼읍,경상사고,0,0,2,0,차대차 - 측면충돌,교차로운행방법위반,건조,맑음,교차로 - 교차로안,화물,여,52세,경상,화물,남,63세,경상
2022032200100069,2022년 3월 22일 09시,화요일,경상북도 안동시 수상동,경상사고,0,0,1,0,차대차 - 기타,안전운전불이행,건조,맑음,단일로 - 기타,화물,남,63세,상해없음,화물,남,31세,경상
2022032200100070,2022년 3월 22일 09시,화요일,경상북도 안동시 용상동,경상사고,0,0,1,0,차대차 - 기타,안전운전불이행,건조,맑음,단일로 - 기타,화물,남,57세,상해없음,승용,남,38세,경상
2022032200100071,2022년 3월 22일 09시,화요일,경상북도 영천시 완산동,중상사고,0,1,0,0,차대사람 - 기타,안전운전불이행,건조,맑음,단일로 - 기타,승용,남,72세,상해없음,보행자,여,46세,중상
2022032200100100,2022년 3월 22일 10시,화요일,경상북도 상주시 서성동,경상사고,0,0,1,0,차대사람 - 횡단중,안전운전불이행,건조,맑음,단일로 - 기타,승용,남,53세,상해없음,보행자,남,51세,경상
2022032200100101,2022년 3월 22일 10시,화요일,경상북도 고령군 다산면,중상사고,0,1,0,0,차대차 - 기타,교차로운행방법위반,건조,맑음,교차로 - 교차로안,승용,남,55세,상해없음,승용,여,56세,중상
2022032200100125,2022년 3월 22일 11시,화요일,경상북도 울진군 후포면,부상신고사고,0,0,0,1,차대차 - 기타,안전운전불이행,건조,맑음,교차로 - 교차로부근,승용,여,72세,상해없음,이륜,남,43세,부상신고
2022032200100144,2022년 3월 22일 12시,화요일,경상북도 포항시 북구 죽도동,경상사고,0,0,4,0,차대차 - 추돌,안전운전불이행,건조,맑음,단일로 - 기타,화물,남,62세,상해없음,승용,남,48세,경상
2022032200100145,2022년 3월 22일 12시,화요일,경상북도 의성군 의성읍,경상사고,0,0,2,0,차대차 - 측면충돌,직진우회전진행방해,건조,맑음,교차로 - 교차로안,승용,남,34세,경상,화물,남,62세,경상
2022032200100178,2022년 3월 22일 13시,화요일,경상북도 영주시 영주동,중상사고,0,1,0,0,차대사람 - 횡단중,안전운전불이행,건조,맑음,단일로 - 기타,승용,남,67세,상해없음,보행자,남,58세,중상
2022032200100204,2022년 3월 22일 14시,화요일,경상북도 포항시 남구 대송면,경상사고,0,0,2,0,차대차 - 측면충돌,안전운전불이행,건조,맑음,단일로 - 기타,승용,남,51세,상해없음,승용,남,24세,경상
2022032200100231,2022년 3월 22일 15시,화요일,경상북도 구미시 임수동,경상사고,0,0,1,0,차대차 - 기타,안전운전불이행,건조,맑음,단일로 - 기타,승용,남,46세,상해없음,승용,여,50세,경상
2022032200100265,2022년 3월 22일 16시,화요일,경상북도 구미시 고아읍,중상사고,0,1,0,0,차대사람 - 기타,안전운전불이행,건조,맑음,단일로 - 기타,화물,남,44세,상해없음,보행자,여,87세,중상
2022032200100266,2022년 3월 22일 16시,화요일,경상북도 군위군 산성면,중상사고,0,1,0,0,차대차 - 측면충돌,안전운전불이행,건조,맑음,단일로 - 기타,승용,여,55세,상해없음,승용,여,51세,중상
2022032200100301,2022년 3월 22일 17시,화요일,경상북도 구미시 황상동,경상사고,0,0,1,0,차대차 - 정면충돌,안전운전불이행,건조,맑음,단일로 - 기타,승용,여,54세,상해없음,자전거,여,63세,경상
2022032200100302,2022년 3월 22일 17시,화요일,경상북도 구미시 형곡동,경상사고,0,0,1,0,차대차 - 기타,기타,건조,맑음,교차로 - 교차로안,승용,남,56세,상해없음,승합,여,33세,경상
2022032200100333,2022년 3월 22일 18시,화요일,경상북도 청도군 화양읍,경상사고,0,0,1,0,차대차 - 측면충돌,안전운전불이행,건조,맑음,교차로 - 교차로안,승용,여,63세,상해없음,승용,여,54세,경상
2022032200100334,2022년 3월 22일 18시,화요일,경상북도 구미시 형곡동,경상사고,0,0,1,0,차대차 - 측면충돌,신호위반,건조,맑음,교차로 - 교차로안,승용,여,53세,상해없음,승용,여,61세,경상
2022032200100364,2022년 3월 22일 19시,화요일,경상북도 경산시 계양동,경상사고,0,0,3,0,차대차 - 추돌,안전거리미확보,건조,맑음,단일로 - 기타,승용,남,32세,상해없음,승용,남,29세,경상
2022032200100412,2022년 3월 22일 21시,화요일,경상북도 경주시 동천동,경상사고,0,0,1,0,차대차 - 측면충돌,안전운전불이행,건조,맑음,단일로 - 기타,승용,남,70세,상해없음,승용,남,40세,경상
2022032200100413,2022년 3월 22일 21시,화요일,경상북도 경산시 진량읍,경상사고,0,0,2,0,차대차 - 기타,안전운전불이행,건조,맑음,교차로 - 교차로부근,승용,남,56세,상해없음,승용,여,49세,경상
2022032200100431,2022년 3월 22일 22시,화요일,경상북도 포항시 북구 장성동,경상사고,0,0,1,0,차대차 - 추돌,안전운전불이행,건조,맑음,단일로 - 기타,승용,남,30세,상해없음,승용,남,55세,경상
2022032200100432,2022년 3월 22일 22시,화요일,경상북도 군위군 효령면,중상사고,0,1,0,0,차대차 - 추돌,안전운전불이행,건조,맑음,단일로 - 기타,건설기계,남,56세,상해없음,화물,남,78세,중상
2022032300100006,2022년 3월 23일 00시,수요일,경상북도 경산시 압량읍,중상사고,0,1,0,0,차대차 - 추돌,안전운전불이행,건조,맑음,단일로 - 기타,승용,남,25세,상해없음,원동기,남,44세,중상
2022032300100007,2022년 3월 23일 00시,수요일,경상북도 포항시 남구 대송면,경상사고,0,0,1,0,차대차 - 측면충돌,교차로운행방법위반,건조,맑음,교차로 - 교차로안,승용,남,47세,상해없음,승용,남,56세,상해없음
2022032300100052,2022년 3월 23일 07시,수요일,경상북도 고령군 다산면,중상사고,0,1,0,0,차대차 - 추돌,안전운전불이행,건조,맑음,기타 - 기타,자전거,남,65세,중상,화물,남,42세,상해없음
2022032300100072,2022년 3월 23일 08시,수요일,경상북도 문경시 흥덕동,부상신고사고,0,0,0,1,차대사람 - 횡단중,보행자보호의무위반,건조,맑음,단일로 - 기타,승용,여,29세,상해없음,보행자,남,7세,부상신고
2022032300100166,2022년 3월 23일 12시,수요일,경상북도 포항시 북구 창포동,중상사고,0,1,0,0,차대사람 - 길가장자리구역통행중,안전운전불이행,건조,흐림,교차로 - 교차로부근,승용,남,63세,상해없음,보행자,여,77세,중상
2022032300100167,2022년 3월 23일 12시,수요일,경상북도 포항시 북구 우현동,중상사고,0,1,0,0,차량단독 - 기타,안전운전불이행,건조,맑음,단일로 - 기타,승합,남,56세,상해없음,,,,
2022032300100186,2022년 3월 23일 13시,수요일,경상북도 경산시 진량읍,경상사고,0,0,1,0,차대차 - 측면충돌,차로위반,건조,맑음,교차로 - 교차로부근,승용,남,61세,상해없음,승용,남,57세,경상
2022032300100187,2022년 3월 23일 13시,수요일,경상북도 경산시 자인면,중상사고,0,1,0,0,차대차 - 측면충돌,신호위반,건조,맑음,교차로 - 교차로안,승용,남,62세,상해없음,이륜,남,60세,중상
2022032300100213,2022년 3월 23일 14시,수요일,경상북도 경산시 진량읍,경상사고,0,0,1,0,차대차 - 측면충돌,신호위반,건조,맑음,교차로 - 교차로안,승용,남,74세,상해없음,개인형이동수단(PM),남,21세,경상
2022032300100231,2022년 3월 23일 15시,수요일,경상북도 상주시 낙동면,경상사고,0,0,1,0,차대차 - 측면충돌,안전운전불이행,건조,맑음,주차장 - 주차장,화물,남,62세,상해없음,승용,남,34세,경상
2022032300100254,2022년 3월 23일 16시,수요일,경상북도 영천시 금호읍,경상사고,0,0,1,0,차대차 - 후진중충돌,안전운전불이행,건조,맑음,교차로 - 교차로부근,승용,여,53세,상해없음,승용,여,33세,경상
2022032300100255,2022년 3월 23일 16시,수요일,경상북도 구미시 송정동,경상사고,0,0,1,0,차대차 - 측면충돌,안전운전불이행,건조,맑음,교차로 - 교차로부근,승용,남,59세,상해없음,승용,여,50세,경상
2022032300100294,2022년 3월 23일 17시,수요일,경상북도 포항시 남구 오천읍,경상사고,0,0,1,0,차대차 - 측면충돌,직진우회전진행방해,건조,맑음,교차로 - 교차로안,이륜,남,35세,상해없음,승용,남,60세,경상
2022032300100295,2022년 3월 23일 17시,수요일,경상북도 포항시 남구 오천읍,경상사고,0,0,2,0,차대차 - 추돌,안전운전불이행,건조,맑음,교차로 - 교차로부근,승용,남,40세,경상,화물,남,62세,경상
2022032300100360,2022년 3월 23일 19시,수요일,경상북도 칠곡군 지천면,경상사고,0,0,2,0,차대차 - 추돌,교차로운행방법위반,건조,맑음,교차로 - 교차로안,승용,여,56세,경상,승용,남,59세,경상
2022032300100385,2022년 3월 23일 20시,수요일,경상북도 경산시 계양동,경상사고,0,0,1,0,차대차 - 측면충돌,교차로운행방법위반,건조,맑음,교차로 - 교차로안,승합,남,50세,상해없음,이륜,남,34세,경상
2022032300100386,2022년 3월 23일 20시,수요일,경상북도 구미시 송정동,경상사고,0,0,1,0,차대사람 - 횡단중,보행자보호의무위반,건조,맑음,교차로 - 교차로부근,승용,남,59세,상해없음,보행자,여,50세,경상
2022032300100415,2022년 3월 23일 21시,수요일,경상북도 구미시 도량동,중상사고,0,1,1,1,차대차 - 기타,신호위반,건조,맑음,교차로 - 교차로안,이륜,남,46세,부상신고,승용,여,44세,경상
2022032300100447,2022년 3월 23일 23시,수요일,경상북도 김천시 모암동,경상사고,0,0,1,0,차량단독 - 공작물충돌,안전운전불이행,건조,맑음,단일로 - 기타,승용,남,39세,경상,,,,
2022032400100066,2022년 3월 24일 08시,목요일,경상북도 경주시 외동읍,경상사고,0,0,1,0,차대차 - 측면충돌,안전운전불이행,건조,맑음,단일로 - 기타,원동기,남,35세,상해없음,원동기,남,24세,경상
2022032400100087,2022년 3월 24일 09시,목요일,경상북도 경산시 남천면,경상사고,0,0,1,0,차대차 - 측면충돌,안전운전불이행,건조,맑음,교차로 - 교차로안,건설기계,남,66세,상해없음,승용,여,29세,경상
2022032400100088,2022년 3월 24일 09시,목요일,경상북도 포항시 남구 동촌동,경상사고,0,0,1,0,차대차 - 측면충돌,교차로운행방법위반,건조,맑음,교차로 - 교차로안,화물,남,33세,상해없음,자전거,남,64세,경상
2022032400100117,2022년 3월 24일 10시,목요일,경상북도 안동시 임하면,중상사고,0,1,0,0,차량단독 - 공작물충돌,안전운전불이행,건조,맑음,단일로 - 기타,승용,여,63세,중상,,,,
2022032400100119,2022년 3월 24일 10시,목요일,경상북도 포항시 남구 상도동,경상사고,0,0,1,0,차대차 - 측면충돌,차로위반,건조,맑음,교차로 - 교차로부근,건설기계,남,71세,상해없음,승용,남,32세,경상
2022032400100137,2022년 3월 24일 11시,목요일,경상북도 구미시 선산읍,중상사고,0,1,0,0,차대차 - 기타,신호위반,건조,맑음,교차로 - 교차로안,화물,남,65세,상해없음,승합,남,64세,상해없음
2022032400100138,2022년 3월 24일 11시,목요일,경상북도 포항시 남구 상도동,중상사고,0,1,0,0,차대차 - 추돌,안전운전불이행,건조,맑음,단일로 - 기타,화물,남,55세,상해없음,승용,여,45세,중상
2022032400100165,2022년 3월 24일 12시,목요일,경상북도 경주시 동천동,경상사고,0,0,1,0,차대사람 - 차도통행중,안전운전불이행,건조,맑음,단일로 - 기타,승용,여,26세,상해없음,보행자,남,32세,경상
2022032400100166,2022년 3월 24일 12시,목요일,경상북도 포항시 북구 흥해읍,경상사고,0,0,1,0,차대차 - 측면충돌,신호위반,건조,맑음,교차로 - 교차로안,승용,여,28세,상해없음,화물,남,68세,경상
2022032400100167,2022년 3월 24일 12시,목요일,경상북도 칠곡군 지천면,경상사고,0,0,2,0,차대차 - 측면충돌,안전거리미확보,건조,맑음,단일로 - 기타,화물,남,69세,상해없음,건설기계,남,60세,경상
2022032400100168,2022년 3월 24일 12시,목요일,경상북도 청도군 운문면,중상사고,0,1,0,0,차대사람 - 길가장자리구역통행중,안전운전불이행,건조,맑음,단일로 - 기타,화물,남,66세,상해없음,보행자,여,79세,중상
2022032400100219,2022년 3월 24일 14시,목요일,경상북도 영주시 봉현면,경상사고,0,0,2,0,차대차 - 측면충돌,교차로운행방법위반,건조,맑음,교차로 - 교차로안,승용,남,30세,경상,승용,남,36세,경상
2022032400100220,2022년 3월 24일 14시,목요일,경상북도 구미시 송정동,경상사고,0,0,2,0,차대차 - 측면충돌,안전운전불이행,건조,맑음,교차로 - 교차로안,이륜,남,41세,경상,승용,남,68세,경상
2022032400100249,2022년 3월 24일 15시,목요일,경상북도 구미시 남통동,경상사고,0,0,2,0,차대차 - 측면충돌,교차로운행방법위반,건조,맑음,교차로 - 교차로안,승용,남,61세,상해없음,승용,여,36세,경상
2022032400100284,2022년 3월 24일 16시,목요일,경상북도 포항시 남구 해도동,경상사고,0,0,1,0,차대사람 - 횡단중,안전운전불이행,건조,맑음,주차장 - 주차장,승용,여,53세,상해없음,보행자,여,26세,경상
2022032400100316,2022년 3월 24일 17시,목요일,경상북도 영천시 야사동,경상사고,0,0,1,0,차대차 - 정면충돌,안전운전불이행,건조,맑음,단일로 - 기타,화물,남,19세,상해없음,이륜,남,36세,경상
2022032400100317,2022년 3월 24일 17시,목요일,경상북도 군위군 삼국유사면,경상사고,0,0,3,0,차대차 - 추돌,안전운전불이행,건조,맑음,단일로 - 기타,화물,남,64세,상해없음,승용,여,62세,경상
2022032400100352,2022년 3월 24일 18시,목요일,경상북도 포항시 북구 죽도동,경상사고,0,0,1,0,차대차 - 측면충돌,교차로운행방법위반,건조,맑음,교차로 - 교차로안,승용,남,67세,상해없음,이륜,남,28세,경상
2022032400100353,2022년 3월 24일 18시,목요일,경상북도 영천시 본촌동,경상사고,0,0,1,0,차대차 - 측면충돌,신호위반,건조,맑음,교차로 - 교차로안,승용,남,37세,상해없음,화물,남,71세,경상
2022032400100354,2022년 3월 24일 18시,목요일,경상북도 구미시 도량동,중상사고,0,1,0,0,차대차 - 정면충돌,안전운전불이행,건조,맑음,교차로 - 교차로안,승용,여,38세,상해없음,승용,여,27세,중상
2022032400100395,2022년 3월 24일 19시,목요일,경상북도 영천시 망정동,사망사고,1,0,0,0,차대차 - 정면충돌,신호위반,건조,맑음,교차로 - 교차로안,이륜,남,45세,사망,승용,남,28세,상해없음
2022032400100396,2022년 3월 24일 19시,목요일,경상북도 경산시 정평동,경상사고,0,0,1,0,차대사람 - 차도통행중,안전운전불이행,건조,맑음,단일로 - 기타,화물,남,71세,상해없음,보행자,여,75세,경상
2022032400100397,2022년 3월 24일 19시,목요일,경상북도 구미시 지산동,중상사고,0,1,0,0,차대차 - 추돌,안전운전불이행,건조,맑음,단일로 - 기타,승용,남,58세,상해없음,승용,여,58세,중상
2022032400100398,2022년 3월 24일 19시,목요일,경상북도 구미시 원평동,중상사고,0,1,0,0,차대차 - 측면충돌,직진우회전진행방해,건조,맑음,교차로 - 교차로안,이륜,남,17세,상해없음,이륜,남,54세,중상
2022032400100422,2022년 3월 24일 20시,목요일,경상북도 포항시 남구 오천읍,경상사고,0,0,4,0,차대차 - 측면충돌,교차로운행방법위반,건조,맑음,교차로 - 교차로안,승용,남,51세,상해없음,승합,남,60세,경상
2022032400100441,2022년 3월 24일 21시,목요일,경상북도 경주시 성건동,경상사고,0,0,1,0,차대차 - 후진중충돌,안전운전불이행,건조,맑음,교차로 - 교차로부근,승용,남,54세,상해없음,원동기,남,24세,경상
2022032400100470,2022년 3월 24일 23시,목요일,경상북도 포항시 북구 흥해읍,경상사고,0,0,1,0,차대차 - 측면충돌,안전운전불이행,건조,맑음,단일로 - 기타,승용,남,26세,상해없음,승용,남,39세,경상
2022032500100027,2022년 3월 25일 05시,금요일,경상북도 포항시 남구 장흥동,경상사고,0,0,1,0,차대차 - 측면충돌,교차로운행방법위반,건조,맑음,교차로 - 교차로안,승용,남,71세,상해없음,승용,남,40세,경상
2022032500100074,2022년 3월 25일 08시,금요일,경상북도 울진군 평해읍,중상사고,0,3,0,0,차량단독 - 전도전복 - 전도,안전운전불이행,건조,맑음,단일로 - 기타,승합,남,66세,중상,,,,
2022032500100101,2022년 3월 25일 09시,금요일,경상북도 경주시 건천읍,중상사고,0,1,0,0,차대차 - 기타,안전운전불이행,건조,맑음,교차로 - 교차로안,기타불명,기타불명,미분류,기타불명,이륜,남,86세,중상
2022032500100102,2022년 3월 25일 09시,금요일,경상북도 포항시 남구 상도동,중상사고,0,2,0,0,차대차 - 측면충돌,차로위반,건조,맑음,교차로 - 교차로부근,승용,여,58세,상해없음,원동기,남,78세,중상
2022032500100123,2022년 3월 25일 10시,금요일,경상북도 울진군 울진읍,중상사고,0,1,0,0,차대차 - 측면충돌,불법유턴,건조,맑음,단일로 - 기타,승용,남,61세,상해없음,승용,여,50세,중상
2022032500100147,2022년 3월 25일 11시,금요일,경상북도 칠곡군 지천면,경상사고,0,0,1,0,차대차 - 측면충돌,교차로운행방법위반,건조,맑음,교차로 - 교차로안,승용,남,80세,상해없음,화물,남,33세,경상
2022032500100148,2022년 3월 25일 11시,금요일,경상북도 포항시 남구 오천읍,중상사고,0,1,0,0,차대차 - 정면충돌,중앙선침범,건조,맑음,단일로 - 지하차도(도로)내,승용,여,51세,상해없음,이륜,남,52세,중상
2022032500100181,2022년 3월 25일 12시,금요일,경상북도 경주시 천군동,경상사고,0,0,4,0,차대차 - 측면충돌,안전운전불이행,건조,맑음,단일로 - 기타,승용,남,72세,경상,승합,남,57세,상해없음
2022032500100182,2022년 3월 25일 12시,금요일,경상북도 경산시 조영동,경상사고,0,0,1,0,차대차 - 측면충돌,안전운전불이행,건조,맑음,교차로 - 교차로안,승용,남,23세,상해없음,이륜,남,47세,경상
2022032500100201,2022년 3월 25일 13시,금요일,경상북도 칠곡군 동명면,중상사고,0,2,1,0,차대차 - 추돌,안전거리미확보,건조,맑음,기타 - 기타,건설기계,남,67세,경상,승용,남,78세,중상
2022032500100232,2022년 3월 25일 14시,금요일,경상북도 상주시 남성동,중상사고,0,1,0,0,차대차 - 측면충돌,안전운전불이행,건조,맑음,교차로 - 교차로횡단보도내,이륜,남,41세,상해없음,자전거,여,78세,중상
2022032500100233,2022년 3월 25일 14시,금요일,경상북도 영덕군 영덕읍,중상사고,0,2,0,0,차대차 - 측면충돌,직진우회전진행방해,건조,맑음,교차로 - 교차로안,승용,남,70세,상해없음,이륜,남,72세,중상
2022032500100289,2022년 3월 25일 16시,금요일,경상북도 포항시 남구 대도동,경상사고,0,0,1,0,차대사람 - 기타,안전운전불이행,건조,맑음,단일로 - 기타,승용,남,58세,상해없음,보행자,남,78세,경상
2022032500100321,2022년 3월 25일 17시,금요일,경상북도 상주시 복룡동,경상사고,0,0,1,0,차대차 - 측면충돌,안전운전불이행,건조,맑음,교차로 - 교차로안,승용,남,33세,상해없음,자전거,남,23세,경상
2022032500100322,2022년 3월 25일 17시,금요일,경상북도 포항시 남구 장흥동,경상사고,0,0,1,0,차대차 - 기타,직진우회전진행방해,건조,맑음,교차로 - 교차로안,승용,여,22세,상해없음,승용,남,36세,경상
2022032500100323,2022년 3월 25일 17시,금요일,경상북도 포항시 남구 효자동,경상사고,0,0,1,0,차대차 - 측면충돌,교차로운행방법위반,건조,맑음,교차로 - 교차로안,승합,남,56세,상해없음,승용,남,28세,경상
2022032500100357,2022년 3월 25일 18시,금요일,경상북도 경주시 용강동,경상사고,0,0,1,0,차대차 - 후진중충돌,안전운전불이행,건조,맑음,단일로 - 기타,승용,여,32세,상해없음,원동기,남,26세,경상
2022032500100358,2022년 3월 25일 18시,금요일,경상북도 영주시 영주동,중상사고,0,1,2,1,차대차 - 추돌,안전운전불이행,건조,맑음,교차로 - 교차로안,승용,남,74세,부상신고,승용,여,27세,경상
2022032500100359,2022년 3월 25일 18시,금요일,경상북도 영주시 가흥동,경상사고,0,0,2,0,차대차 - 기타,중앙선침범,건조,맑음,단일로 - 기타,이륜,남,43세,상해없음,승용,남,19세,경상
2022032500100360,2022년 3월 25일 18시,금요일,경상북도 경산시 중방동,중상사고,0,1,0,0,차대차 - 기타,안전운전불이행,건조,맑음,교차로 - 교차로부근,승용,여,30세,상해없음,이륜,남,30세,중상
2022032500100361,2022년 3월 25일 18시,금요일,경상북도 구미시 사곡동,경상사고,0,0,1,0,차대차 - 측면충돌,안전운전불이행,건조,맑음,교차로 - 교차로안,자전거,남,8세,경상,승용,남,34세,상해없음
2022032500100362,2022년 3월 25일 18시,금요일,경상북도 구미시 도량동,중상사고,0,1,0,0,차대차 - 측면충돌,직진우회전진행방해,건조,맑음,교차로 - 교차로안,승용,남,63세,상해없음,이륜,남,28세,중상
2022032500100363,2022년 3월 25일 18시,금요일,경상북도 포항시 남구 오천읍,경상사고,0,0,1,0,차대차 - 후진중충돌,안전운전불이행,건조,맑음,단일로 - 기타,승용,남,35세,상해없음,승용,남,23세,경상
2022032500100459,2022년 3월 25일 20시,금요일,경상북도 영주시 이산면,사망사고,1,0,0,0,차량단독 - 도로외이탈 - 추락,안전운전불이행,젖음/습기,비,기타 - 기타,화물,남,54세,사망,,,,
2022032500100460,2022년 3월 25일 20시,금요일,경상북도 구미시 비산동,경상사고,0,0,4,0,차대차 - 정면충돌,안전운전불이행,젖음/습기,비,단일로 - 기타,승용,여,50세,경상,승용,여,29세,경상
2022032500100505,2022년 3월 25일 21시,금요일,경상북도 안동시 옥동,중상사고,0,1,0,0,차대차 - 기타,직진우회전진행방해,젖음/습기,흐림,교차로 - 교차로안,이륜,남,65세,상해없음,이륜,남,46세,중상
2022032500100506,2022년 3월 25일 21시,금요일,경상북도 상주시 모동면,중상사고,0,1,0,0,차량단독 - 공작물충돌,안전운전불이행,젖음/습기,비,단일로 - 기타,화물,남,60세,중상,,,,
2022032500100507,2022년 3월 25일 21시,금요일,경상북도 구미시 옥계동,중상사고,0,1,1,0,차대차 - 기타,신호위반,젖음/습기,비,교차로 - 교차로안,이륜,남,18세,중상,승용,여,30세,경상
2022032500100508,2022년 3월 25일 21시,금요일,경상북도 구미시 황상동,경상사고,0,0,1,0,차대차 - 추돌,기타,건조,맑음,교차로 - 교차로부근,승용,남,26세,상해없음,승용,남,26세,경상