사고번호,사고일시,요일,시군구,사고내용,사망자수,중상자수,경상자수,부상신고자수,사고유형,법규위반,노면상태,기상상태,도로형태,가해운전자 차종,가해운전자 성별,가해운전자 연령,가해운전자 상해정도,피해운전자 차종,피해운전자 성별,피해운전자 연령,피해운전자 상해정도
2022032500100561,2022년 3월 25일 22시,금요일,경상북도 영주시 휴천동,중상사고,0,1,0,0,차대차 - 측면충돌,안전운전불이행,젖음/습기,비,교차로 - 교차로안,승용,여,48세,상해없음,승용,남,63세,상해없음
2022032500100562,2022년 3월 25일 22시,금요일,경상북도 성주군 초전면,경상사고,0,0,1,0,차대차 - 기타,안전운전불이행,젖음/습기,비,단일로 - 기타,승합,남,45세,경상,화물,남,30세,기타불명
2022032500100619,2022년 3월 25일 23시,금요일,경상북도 구미시 송정동,경상사고,0,0,2,0,차대사람 - 차도통행중,안전운전불이행,젖음/습기,비,단일로 - 기타,승용,남,25세,상해없음,보행자,남,20세,경상
2022032500100620,2022년 3월 25일 23시,금요일,경상북도 구미시 지산동,경상사고,0,0,2,0,차대차 - 기타,안전운전불이행,젖음/습기,비,교차로 - 교차로부근,승합,남,62세,상해없음,승용,남,23세,경상
2022032600100016,2022년 3월 26일 00시,토요일,경상북도 구미시 진평동,경상사고,0,0,3,0,차대차 - 측면충돌,교차로운행방법위반,젖음/습기,비,교차로 - 교차로안,승용,남,63세,상해없음,승용,남,51세,경상
2022032600100070,2022년 3월 26일 06시,토요일,경상북도 포항시 남구 송내동,중상사고,0,1,1,0,차대차 - 정면충돌,교차로운행방법위반,젖음/습기,비,교차로 - 교차로안,승용,여,33세,중상,승용,남,52세,경상
2022032600100087,2022년 3월 26일 08시,토요일,경상북도 구미시 시미동,중상사고,0,1,0,0,차대차 - 측면충돌,교차로운행방법위반,젖음/습기,비,교차로 - 교차로안,승용,남,40세,상해없음,승용,남,33세,중상
2022032600100105,2022년 3월 26일 09시,토요일,경상북도 경산시 옥산동,경상사고,0,0,2,0,차대차 - 기타,신호위반,건조,맑음,교차로 - 교차로안,승용,여,53세,상해없음,승용,남,69세,경상
2022032600100121,2022년 3월 26일 10시,토요일,경상북도 포항시 북구 두호동,중상사고,0,1,0,0,차대차 - 측면충돌,안전운전불이행,건조,맑음,교차로 - 교차로부근,승용,남,59세,상해없음,승용,남,62세,상해없음
2022032600100122,2022년 3월 26일 10시,토요일,경상북도 구미시 공단동,부상신고사고,0,0,0,1,차량단독 - 공작물충돌,안전운전불이행,건조,맑음,단일로 - 기타,승용,남,41세,부상신고,,,,
2022032600100167,2022년 3월 26일 12시,토요일,경상북도 포항시 북구 창포동,경상사고,0,0,1,0,차대차 - 측면충돌,교차로운행방법위반,건조,맑음,교차로 - 교차로안,승용,남,68세,상해없음,승용,여,22세,경상
2022032600100216,2022년 3월 26일 14시,토요일,경상북도 김천시 아포읍,경상사고,0,0,1,0,차대차 - 측면충돌,안전거리미확보,건조,맑음,교차로 - 교차로부근,승용,남,61세,상해없음,승용,남,60세,경상
2022032600100217,2022년 3월 26일 14시,토요일,경상북도 경산시 계양동,경상사고,0,0,1,0,차대차 - 추돌,신호위반,건조,맑음,교차로 - 교차로횡단보도내,이륜,남,36세,상해없음,자전거,남,13세,경상
2022032600100251,2022년 3월 26일 15시,토요일,경상북도 칠곡군 석적읍,경상사고,0,0,1,0,차대차 - 측면충돌,안전운전불이행,건조,맑음,교차로 - 교차로안,승용,여,22세,기타불명,승용,남,40세,경상
2022032600100283,2022년 3월 26일 16시,토요일,경상북도 청도군 풍각면,경상사고,0,0,1,0,차대사람 - 기타,안전운전불이행,건조,맑음,교차로 - 교차로부근,화물,남,65세,상해없음,보행자,남,48세,경상
2022032600100284,2022년 3월 26일 16시,토요일,경상북도 고령군 다산면,경상사고,0,0,2,0,차대차 - 추돌,안전운전불이행,건조,맑음,교차로 - 교차로부근,승용,남,53세,상해없음,승용,여,52세,경상
2022032600100326,2022년 3월 26일 18시,토요일,경상북도 김천시 부곡동,중상사고,0,1,0,0,차대차 - 측면충돌,안전운전불이행,건조,맑음,단일로 - 기타,승용,남,21세,상해없음,이륜,남,44세,중상
2022032600100327,2022년 3월 26일 18시,토요일,경상북도 경산시 압량읍,경상사고,0,0,1,0,차대차 - 추돌,안전운전불이행,건조,맑음,단일로 - 기타,승용,남,83세,상해없음,승용,남,24세,경상
2022032600100328,2022년 3월 26일 18시,토요일,경상북도 봉화군 봉화읍,중상사고,0,1,1,0,차대차 - 기타,안전운전불이행,건조,맑음,교차로 - 교차로안,승용,남,49세,상해없음,승용,남,69세,경상
2022032600100329,2022년 3월 26일 18시,토요일,경상북도 구미시 송정동,경상사고,0,0,3,0,차대차 - 추돌,안전운전불이행,건조,맑음,단일로 - 기타,화물,남,55세,상해없음,승용,여,51세,경상
2022032600100330,2022년 3월 26일 18시,토요일,경상북도 포항시 남구 상도동,중상사고,0,1,0,0,차대차 - 측면충돌,안전운전불이행,건조,맑음,단일로 - 지하차도(도로)내,승용,남,61세,상해없음,이륜,남,40세,중상
2022032600100358,2022년 3월 26일 19시,토요일,경상북도 영천시 망정동,경상사고,0,0,1,0,차대차 - 추돌,안전운전불이행,건조,맑음,교차로 - 교차로부근,승용,남,41세,상해없음,원동기,남,25세,경상
2022032600100378,2022년 3월 26일 20시,토요일,경상북도 의성군 안계면,중상사고,0,1,0,0,차대사람 - 기타,안전운전불이행,건조,맑음,단일로 - 기타,승용,남,51세,상해없음,보행자,남,39세,중상
2022032600100379,2022년 3월 26일 20시,토요일,경상북도 구미시 선산읍,중상사고,0,1,0,0,차대차 - 기타,안전운전불이행,건조,맑음,단일로 - 기타,승용,남,43세,상해없음,이륜,남,35세,중상
2022032600100428,2022년 3월 26일 22시,토요일,경상북도 성주군 벽진면,경상사고,0,0,1,0,차량단독 - 공작물충돌,안전운전불이행,건조,맑음,교차로 - 교차로부근,승용,남,45세,경상,,,,
2022032600100429,2022년 3월 26일 22시,토요일,경상북도 구미시 진평동,경상사고,0,0,1,0,차대차 - 측면충돌,직진우회전진행방해,건조,흐림,교차로 - 교차로안,개인형이동수단(PM),여,22세,경상,승용,남,29세,상해없음
2022032700100042,2022년 3월 27일 07시,일요일,경상북도 구미시 황상동,경상사고,0,0,1,0,차대차 - 측면충돌,안전운전불이행,건조,맑음,교차로 - 교차로안,승용,남,34세,상해없음,화물,여,58세,경상
2022032700100047,2022년 3월 27일 08시,일요일,경상북도 김천시 황금동,경상사고,0,0,1,0,차대차 - 측면충돌,안전운전불이행,건조,맑음,단일로 - 기타,승용,여,60세,상해없음,승용,남,27세,경상
2022032700100109,2022년 3월 27일 12시,일요일,경상북도 구미시 광평동,중상사고,0,1,0,0,차대차 - 기타,신호위반,건조,맑음,교차로 - 교차로안,화물,남,67세,상해없음,이륜,남,37세,중상
2022032700100137,2022년 3월 27일 13시,일요일,경상북도 봉화군 소천면,중상사고,0,3,0,0,차대차 - 정면충돌,중앙선침범,건조,맑음,단일로 - 기타,화물,남,73세,상해없음,승용,여,60세,중상
2022032700100160,2022년 3월 27일 14시,일요일,경상북도 경주시 탑동,경상사고,0,0,3,2,차대차 - 추돌,안전운전불이행,건조,맑음,단일로 - 기타,승용,남,34세,상해없음,승용,여,39세,부상신고
2022032700100161,2022년 3월 27일 14시,일요일,경상북도 청도군 운문면,중상사고,0,1,0,0,차량단독 - 공작물충돌,안전운전불이행,건조,맑음,단일로 - 기타,이륜,남,33세,중상,,,,
2022032700100162,2022년 3월 27일 14시,일요일,경상북도 구미시 선기동,경상사고,0,0,3,0,차대차 - 추돌,안전운전불이행,건조,맑음,단일로 - 기타,이륜,남,45세,상해없음,승용,남,23세,경상
2022032700100163,2022년 3월 27일 14시,일요일,경상북도 포항시 남구 상도동,경상사고,0,0,1,0,차대차 - 측면충돌,교차로운행방법위반,건조,맑음,교차로 - 교차로안,승용,남,26세,상해없음,이륜,남,17세,경상
2022032700100239,2022년 3월 27일 17시,일요일,경상북도 포항시 북구 우현동,중상사고,0,1,0,0,차대차 - 정면충돌,교차로운행방법위반,건조,맑음,교차로 - 교차로안,화물,여,63세,상해없음,이륜,남,57세,중상
2022032700100240,2022년 3월 27일 17시,일요일,경상북도 의성군 금성면,사망사고,1,1,1,0,차대차 - 정면충돌,중앙선침범,건조,맑음,단일로 - 기타,화물,여,60세,사망,승합,남,59세,경상
2022032700100241,2022년 3월 27일 17시,일요일,경상북도 영주시 이산면,사망사고,1,0,1,0,차대차 - 추돌,안전운전불이행,건조,맑음,단일로 - 교량,이륜,여,58세,사망,승용,남,40세,경상
2022032700100269,2022년 3월 27일 18시,일요일,경상북도 경주시 성동동,중상사고,0,1,1,0,차대차 - 측면충돌,신호위반,건조,맑음,교차로 - 교차로안,이륜,남,22세,경상,승용,남,74세,상해없음
2022032700100270,2022년 3월 27일 18시,일요일,경상북도 경주시 황오동,경상사고,0,0,1,0,차대차 - 추돌,안전운전불이행,건조,맑음,단일로 - 지하차도(도로)내,승용,여,36세,상해없음,승용,남,51세,경상
2022032700100291,2022년 3월 27일 19시,일요일,경상북도 경산시 정평동,경상사고,0,0,1,0,차대차 - 측면충돌,안전운전불이행,건조,맑음,단일로 - 기타,승용,남,32세,상해없음,승용,남,50세,경상
2022032700100323,2022년 3월 27일 20시,일요일,경상북도 구미시 봉곡동,경상사고,0,0,3,0,차대차 - 측면충돌,안전운전불이행,건조,맑음,교차로 - 교차로안,이륜,남,19세,경상,승용,여,45세,경상
2022032700100342,2022년 3월 27일 21시,일요일,경상북도 상주시 무양동,경상사고,0,0,1,0,차대차 - 측면충돌,직진우회전진행방해,건조,맑음,교차로 - 교차로안,승용,여,42세,상해없음,자전거,남,27세,경상
2022032700100361,2022년 3월 27일 22시,일요일,경상북도 포항시 북구 득량동,경상사고,0,0,1,0,차대차 - 기타,안전운전불이행,건조,맑음,단일로 - 기타,승용,남,32세,상해없음,승용,여,29세,경상
2022032700100362,2022년 3월 27일 22시,일요일,경상북도 구미시 옥계동,중상사고,0,1,0,0,차량단독 - 공작물충돌,안전운전불이행,건조,맑음,교차로 - 교차로안,승용,남,20세,상해없음,,,,
2022032800100027,2022년 3월 28일 06시,월요일,경상북도 구미시 고아읍,경상사고,0,0,1,0,차대차 - 측면충돌,안전운전불이행,건조,맑음,교차로 - 교차로안,화물,남,45세,상해없음,승용,남,41세,경상
2022032800100048,2022년 3월 28일 07시,월요일,경상북도 영주시 영주동,중상사고,0,1,0,0,차대사람 - 횡단중,보행자보호의무위반,건조,맑음,교차로 - 교차로횡단보도내,승용,남,42세,상해없음,보행자,남,82세,중상
2022032800100081,2022년 3월 28일 08시,월요일,경상북도 경주시 용강동,경상사고,0,0,2,0,차대차 - 측면충돌,안전운전불이행,건조,맑음,교차로 - 교차로안,승용,여,29세,경상,승용,여,35세,경상
2022032800100082,2022년 3월 28일 08시,월요일,경상북도 구미시 원평동,경상사고,0,0,1,0,차대차 - 측면충돌,안전운전불이행,건조,맑음,교차로 - 교차로부근,화물,여,61세,상해없음,승용,여,34세,경상
2022032800100108,2022년 3월 28일 09시,월요일,경상북도 영덕군 축산면,중상사고,0,1,0,0,차대차 - 기타,중앙선침범,건조,맑음,단일로 - 기타,승용,남,71세,상해없음,이륜,남,58세,중상
2022032800100136,2022년 3월 28일 10시,월요일,경상북도 영주시 영주동,중상사고,0,1,0,0,차대사람 - 횡단중,안전운전불이행,건조,맑음,단일로 - 기타,승용,남,65세,상해없음,보행자,여,71세,중상
2022032800100137,2022년 3월 28일 10시,월요일,경상북도 칠곡군 석적읍,중상사고,0,1,0,1,차대차 - 측면충돌,교차로운행방법위반,건조,맑음,교차로 - 교차로안,이륜,남,63세,부상신고,승용,남,62세,중상
2022032800100138,2022년 3월 28일 10시,월요일,경상북도 포항시 남구 연일읍,중상사고,0,1,0,0,차대사람 - 횡단중,보행자보호의무위반,건조,맑음,교차로 - 교차로횡단보도내,승용,남,57세,상해없음,보행자,여,38세,중상
2022032800100139,2022년 3월 28일 10시,월요일,경상북도 포항시 남구 호미곶면,중상사고,0,1,2,0,차대차 - 측면충돌,교차로운행방법위반,건조,맑음,교차로 - 교차로안,승용,여,32세,경상,승용,여,49세,중상
2022032800100166,2022년 3월 28일 11시,월요일,경상북도 경주시 외동읍,중상사고,0,2,1,0,차대차 - 추돌,안전운전불이행,건조,맑음,교차로 - 교차로부근,승용,여,46세,상해없음,승용,여,44세,중상
2022032800100167,2022년 3월 28일 11시,월요일,경상북도 김천시 평화동,중상사고,0,1,2,0,차대차 - 추돌,안전운전불이행,건조,맑음,교차로 - 교차로부근,건설기계,남,68세,상해없음,승용,여,51세,경상
2022032800100168,2022년 3월 28일 11시,월요일,경상북도 의성군 다인면,중상사고,0,2,2,0,차대차 - 측면충돌,신호위반,건조,맑음,교차로 - 교차로안,이륜,남,28세,중상,승용,남,66세,경상
2022032800100170,2022년 3월 28일 11시,월요일,경상북도 포항시 남구 오천읍,중상사고,0,1,0,0,차대차 - 측면충돌,안전운전불이행,건조,맑음,교차로 - 교차로부근,승용,남,35세,상해없음,자전거,남,79세,중상
2022032800100204,2022년 3월 28일 12시,월요일,경상북도 성주군 벽진면,중상사고,0,1,0,0,차대차 - 추돌,안전운전불이행,건조,맑음,단일로 - 기타,원동기,남,62세,중상,승용,남,57세,기타불명
2022032800100205,2022년 3월 28일 12시,월요일,경상북도 구미시 봉곡동,경상사고,0,0,1,0,차대차 - 기타,직진우회전진행방해,건조,맑음,교차로 - 교차로안,승용,남,52세,상해없음,이륜,남,54세,경상
2022032800100206,2022년 3월 28일 12시,월요일,경상북도 포항시 남구 이동,경상사고,0,0,3,0,차대차 - 측면충돌,교차로운행방법위반,건조,맑음,교차로 - 교차로안,승용,여,77세,상해없음,승용,남,65세,경상
2022032800100229,2022년 3월 28일 13시,월요일,경상북도 의성군 옥산면,중상사고,0,1,2,0,차대차 - 기타,안전운전불이행,건조,맑음,교차로 - 교차로안,승용,여,52세,경상,승용,남,41세,경상
2022032800100256,2022년 3월 28일 14시,월요일,경상북도 포항시 북구 흥해읍,경상사고,0,0,1,0,차대차 - 측면충돌,안전거리미확보,건조,맑음,단일로 - 교량,건설기계,남,51세,상해없음,승용,남,65세,경상
2022032800100257,2022년 3월 28일 14시,월요일,경상북도 칠곡군 왜관읍,경상사고,0,0,1,0,차대차 - 측면충돌,안전운전불이행,건조,맑음,교차로 - 교차로부근,이륜,남,34세,경상,승용,남,36세,상해없음
2022032800100258,2022년 3월 28일 14시,월요일,경상북도 경산시 사동,경상사고,0,0,1,0,차대차 - 측면충돌,중앙선침범,건조,맑음,단일로 - 기타,승용,남,65세,상해없음,승용,여,43세,경상
2022032800100259,2022년 3월 28일 14시,월요일,경상북도 구미시 선산읍,부상신고사고,0,0,0,1,차대사람 - 기타,안전운전불이행,건조,맑음,교차로 - 교차로안,승용,남,32세,상해없음,보행자,남,58세,부상신고
2022032800100281,2022년 3월 28일 15시,월요일,경상북도 의성군 의성읍,중상사고,0,1,0,0,차량단독 - 공작물충돌,안전운전불이행,건조,맑음,교차로 - 교차로부근,이륜,남,82세,중상,,,,
2022032800100282,2022년 3월 28일 15시,월요일,경상북도 영천시 문외동,경상사고,0,0,1,0,차대차 - 측면충돌,안전운전불이행,건조,맑음,교차로 - 교차로안,승용,여,62세,상해없음,승용,여,40세,경상
2022032800100283,2022년 3월 28일 15시,월요일,경상북도 경산시 용성면,중상사고,0,1,0,0,차량단독 - 기타,안전운전불이행,건조,맑음,단일로 - 기타,승합,남,57세,상해없음,,,,
2022032800100311,2022년 3월 28일 16시,월요일,경상북도 칠곡군 석적읍,경상사고,0,0,1,0,차대차 - 측면충돌,교차로운행방법위반,건조,맑음,교차로 - 교차로안,승용,남,73세,상해없음,승용,남,45세,경상
2022032800100450,2022년 3월 28일 20시,월요일,경상북도 포항시 북구 장성동,경상사고,0,0,4,0,차대차 - 측면충돌,교차로운행방법위반,건조,맑음,교차로 - 교차로안,승용,여,38세,상해없음,승합,남,57세,경상
2022032800100489,2022년 3월 28일 23시,월요일,경상북도 군위군 군위읍,중상사고,0,1,0,0,차량단독 - 공작물충돌,안전운전불이행,젖음/습기,흐림,기타 - 기타,승용,남,28세,중상,,,,
2022032900100037,2022년 3월 29일 07시,화요일,경상북도 경주시 천북면,경상사고,0,0,2,0,차대차 - 추돌,안전운전불이행,건조,맑음,단일로 - 기타,승용,남,36세,경상,화물,남,50세,상해없음
2022032900100038,2022년 3월 29일 07시,화요일,경상북도 칠곡군 석적읍,경상사고,0,0,1,1,차대차 - 측면충돌,직진우회전진행방해,건조,맑음,교차로 - 교차로안,승용,남,44세,부상신고,승용,여,45세,경상
2022032900100062,2022년 3월 29일 08시,화요일,경상북도 문경시 문경읍,경상사고,0,0,1,0,차대차 - 후진중충돌,안전운전불이행,건조,맑음,단일로 - 기타,화물,남,78세,상해없음,승용,남,39세,경상
2022032900100063,2022년 3월 29일 08시,화요일,경상북도 울진군 울진읍,중상사고,0,1,0,0,차대차 - 측면충돌,직진우회전진행방해,건조,맑음,교차로 - 교차로안,승용,여,59세,상해없음,이륜,여,57세,중상
2022032900100090,2022년 3월 29일 09시,화요일,경상북도 경주시 충효동,경상사고,0,0,1,0,차대사람 - 길가장자리구역통행중,안전운전불이행,건조,맑음,단일로 - 기타,승용,여,46세,상해없음,보행자,남,32세,경상
2022032900100091,2022년 3월 29일 09시,화요일,경상북도 경주시 구정동,부상신고사고,0,0,0,1,차대사람 - 기타,안전운전불이행,건조,맑음,단일로 - 기타,기타불명,남,79세,상해없음,보행자,여,70세,부상신고
2022032900100092,2022년 3월 29일 09시,화요일,경상북도 상주시 가장동,경상사고,0,0,1,0,차대사람 - 기타,안전운전불이행,건조,맑음,기타 - 기타,승합,남,53세,상해없음,보행자,남,26세,경상
2022032900100093,2022년 3월 29일 09시,화요일,경상북도 의성군 가음면,중상사고,0,2,0,0,차량단독 - 도로외이탈 - 기타,안전운전불이행,건조,맑음,단일로 - 기타,화물,여,73세,중상,,,,
2022032900100147,2022년 3월 29일 11시,화요일,경상북도 경산시 용성면,중상사고,0,1,0,0,차대차 - 측면충돌,안전운전불이행,건조,맑음,교차로 - 교차로안,승용,여,62세,상해없음,이륜,남,87세,중상
2022032900100210,2022년 3월 29일 13시,화요일,경상북도 경주시 내남면,중상사고,0,1,0,0,차대차 - 측면충돌,안전운전불이행,건조,맑음,주차장 - 주차장,승용,남,79세,상해없음,승용,여,60세,중상
2022032900100211,2022년 3월 29일 13시,화요일,경상북도 영주시 휴천동,중상사고,0,1,0,0,차대차 - 측면충돌,교차로운행방법위반,건조,맑음,교차로 - 교차로안,승용,남,26세,상해없음,자전거,여,61세,중상
2022032900100212,2022년 3월 29일 13시,화요일,경상북도 문경시 유곡동,중상사고,0,1,0,0,차대차 - 측면충돌,안전운전불이행,건조,맑음,단일로 - 기타,화물,남,28세,상해없음,승용,남,42세,중상
2022032900100242,2022년 3월 29일 14시,화요일,경상북도 울진군 죽변면,사망사고,1,0,0,0,차량단독 - 공작물충돌,안전운전불이행,건조,맑음,교차로 - 교차로안,화물,남,76세,사망,,,,
2022032900100243,2022년 3월 29일 14시,화요일,경상북도 구미시 원평동,경상사고,0,0,1,0,차대사람 - 차도통행중,안전운전불이행,건조,맑음,교차로 - 교차로안,승용,남,34세,상해없음,보행자,여,60세,경상
2022032900100260,2022년 3월 29일 15시,화요일,경상북도 영주시 가흥동,경상사고,0,0,1,0,차대차 - 측면충돌,안전운전불이행,건조,맑음,단일로 - 기타,승용,남,20세,상해없음,승용,여,47세,경상
2022032900100261,2022년 3월 29일 15시,화요일,경상북도 경산시 진량읍,경상사고,0,0,1,0,차대사람 - 횡단중,보행자보호의무위반,건조,맑음,교차로 - 교차로안,화물,남,58세,상해없음,보행자,여,77세,경상
2022032900100262,2022년 3월 29일 15시,화요일,경상북도 포항시 남구 대도동,중상사고,0,1,1,0,차대차 - 측면충돌,신호위반,건조,맑음,교차로 - 교차로안,승용,남,49세,상해없음,승용,남,70세,경상
2022032900100312,2022년 3월 29일 16시,화요일,경상북도 포항시 북구 두호동,중상사고,0,1,0,0,차대사람 - 기타,안전운전불이행,건조,맑음,단일로 - 기타,자전거,남,19세,상해없음,보행자,남,11세,중상
2022032900100313,2022년 3월 29일 16시,화요일,경상북도 구미시 선산읍,경상사고,0,0,1,0,차대차 - 기타,직진우회전진행방해,건조,맑음,교차로 - 교차로안,승용,남,58세,상해없음,이륜,남,59세,경상
2022032900100435,2022년 3월 29일 19시,화요일,경상북도 영주시 하망동,중상사고,0,1,1,0,차대차 - 측면충돌,안전운전불이행,건조,맑음,교차로 - 교차로안,승용,남,48세,상해없음,승용,여,51세,경상
2022032900100436,2022년 3월 29일 19시,화요일,경상북도 칠곡군 왜관읍,경상사고,0,0,4,0,차대차 - 추돌,안전운전불이행,건조,맑음,교차로 - 교차로부근,승용,남,56세,상해없음,승용,남,62세,경상
2022032900100437,2022년 3월 29일 19시,화요일,경상북도 포항시 남구 오천읍,중상사고,0,1,0,0,차대사람 - 차도통행중,안전운전불이행,건조,맑음,교차로 - 교차로안,승용,여,56세,상해없음,보행자,남,22세,중상
2022032900100438,2022년 3월 29일 19시,화요일,경상북도 포항시 남구 구룡포읍,중상사고,0,1,0,0,차대차 - 측면충돌,안전운전불이행,건조,맑음,교차로 - 교차로안,승용,여,67세,상해없음,이륜,남,56세,중상
2022032900100480,2022년 3월 29일 21시,화요일,경상북도 영천시 망정동,경상사고,0,0,2,0,차대차 - 측면충돌,안전운전불이행,건조,맑음,교차로 - 교차로안,승용,남,43세,상해없음,승용,여,23세,경상
2022032900100497,2022년 3월 29일 22시,화요일,경상북도 포항시 남구 오천읍,중상사고,0,1,0,0,차대차 - 측면충돌,안전운전불이행,건조,맑음,단일로 - 지하차도(도로)내,이륜,남,21세,중상,화물,남,49세,기타불명
2022033000100073,2022년 3월 30일 08시,수요일,경상북도 영주시 가흥동,경상사고,0,0,1,0,차대차 - 추돌,안전운전불이행,건조,맑음,단일로 - 교량,승용,남,56세,상해없음,승용,여,45세,경상
2022033000100074,2022년 3월 30일 08시,수요일,경상북도 구미시 부곡동,경상사고,0,0,1,0,차대사람 - 길가장자리구역통행중,안전운전불이행,건조,맑음,단일로 - 기타,승용,여,18세,상해없음,보행자,남,19세,경상
2022033000100075,2022년 3월 30일 08시,수요일,경상북도 구미시 형곡동,경상사고,0,0,2,0,차대차 - 측면충돌,안전운전불이행,건조,맑음,교차로 - 교차로안,승용,여,27세,상해없음,승용,여,70세,경상
2022033000100102,2022년 3월 30일 09시,수요일,경상북도 경주시 안강읍,중상사고,0,1,0,0,차대차 - 측면충돌,안전운전불이행,건조,맑음,단일로 - 기타,승용,여,54세,상해없음,원동기,남,75세,중상
2022033000100122,2022년 3월 30일 10시,수요일,경상북도 경산시 중방동,경상사고,0,0,1,0,차대차 - 측면충돌,교차로운행방법위반,건조,맑음,교차로 - 교차로안,승용,여,49세,상해없음,승용,여,73세,경상
2022033000100123,2022년 3월 30일 10시,수요일,경상북도 구미시 선산읍,중상사고,0,1,0,0,차대사람 - 길가장자리구역통행중,안전운전불이행,건조,맑음,단일로 - 기타,화물,남,77세,상해없음,보행자,남,67세,중상
2022033000100124,2022년 3월 30일 10시,수요일,경상북도 포항시 남구 오천읍,경상사고,0,0,2,0,차대차 - 측면충돌,기타,건조,맑음,교차로 - 교차로안,화물,남,51세,경상,특수,남,60세,경상
2022033000100151,2022년 3월 30일 11시,수요일,경상북도 경주시 양남면,사망사고,1,0,0,0,차대차 - 추돌,안전운전불이행,건조,맑음,단일로 - 기타,원동기,남,66세,사망,화물,남,51세,상해없음
2022033000100152,2022년 3월 30일 11시,수요일,경상북도 칠곡군 석적읍,경상사고,0,0,1,0,차량단독 - 공작물충돌,안전운전불이행,건조,맑음,단일로 - 기타,승용,여,49세,상해없음,,,,
2022033000100175,2022년 3월 30일 12시,수요일,경상북도 포항시 북구 흥해읍,경상사고,0,0,1,0,차대차 - 후진중충돌,안전운전불이행,건조,맑음,기타 - 기타,건설기계,남,60세,상해없음,화물,남,56세,경상
2022033000100176,2022년 3월 30일 12시,수요일,경상북도 의성군 신평면,중상사고,0,1,0,0,차대사람 - 기타,안전운전불이행,건조,맑음,단일로 - 기타,승용,여,29세,상해없음,보행자,여,74세,중상
2022033000100177,2022년 3월 30일 12시,수요일,경상북도 예천군 호명면,중상사고,0,1,0,0,차대차 - 기타,안전운전불이행,건조,맑음,단일로 - 기타,화물,남,60세,상해없음,이륜,남,69세,중상
2022033000100205,2022년 3월 30일 13시,수요일,경상북도 영주시 가흥동,경상사고,0,0,1,0,차대차 - 측면충돌,안전운전불이행,건조,맑음,교차로 - 교차로부근,자전거,남,82세,경상,승용,남,33세,상해없음
2022033000100206,2022년 3월 30일 13시,수요일,경상북도 경산시 남천면,중상사고,0,1,0,0,차대차 - 추돌,안전운전불이행,건조,맑음,단일로 - 기타,승합,남,56세,상해없음,농기계,남,51세,중상
2022033000100232,2022년 3월 30일 14시,수요일,경상북도 경산시 정평동,경상사고,0,0,1,0,차대차 - 정면충돌,교차로운행방법위반,건조,맑음,교차로 - 교차로안,승용,남,61세,기타불명,승용,여,30세,경상
2022033000100278,2022년 3월 30일 15시,수요일,경상북도 안동시 정상동,경상사고,0,0,2,0,차대차 - 기타,직진우회전진행방해,건조,맑음,교차로 - 교차로안,승용,여,80세,기타불명,승용,남,25세,경상
2022033000100279,2022년 3월 30일 15시,수요일,경상북도 성주군 성주읍,중상사고,0,1,1,0,차대차 - 기타,안전운전불이행,건조,맑음,교차로 - 교차로안,화물,남,73세,상해없음,승용,남,25세,중상
2022033000100296,2022년 3월 30일 16시,수요일,경상북도 상주시 성하동,경상사고,0,0,1,0,차대사람 - 횡단중,안전운전불이행,건조,맑음,교차로 - 교차로안,승합,남,54세,상해없음,보행자,남,73세,경상
2022033000100297,2022년 3월 30일 16시,수요일,경상북도 상주시 화동면,중상사고,0,1,0,0,차량단독 - 기타,안전운전불이행,건조,맑음,단일로 - 지하차도(도로)내,승합,남,61세,상해없음,,,,
2022033000100298,2022년 3월 30일 16시,수요일,경상북도 경산시 하양읍,경상사고,0,0,1,0,차대사람 - 횡단중,보행자보호의무위반,건조,맑음,교차로 - 교차로안,승용,남,81세,상해없음,보행자,남,14세,경상
2022033000100299,2022년 3월 30일 16시,수요일,경상북도 구미시 황상동,경상사고,0,0,4,0,차대차 - 정면충돌,안전운전불이행,건조,맑음,단일로 - 기타,승용,남,38세,상해없음,승용,여,72세,경상
2022033000100329,2022년 3월 30일 17시,수요일,경상북도 김천시 봉산면,부상신고사고,0,0,0,1,차량단독 - 도로외이탈 - 기타,안전운전불이행,건조,맑음,단일로 - 교량,기타불명,남,79세,부상신고,,,,
2022033000100330,2022년 3월 30일 17시,수요일,경상북도 영주시 가흥동,경상사고,0,0,1,0,차대차 - 측면충돌,안전운전불이행,건조,맑음,단일로 - 기타,자전거,남,56세,경상,승용,여,62세,상해없음
2022033000100331,2022년 3월 30일 17시,수요일,경상북도 경산시 진량읍,중상사고,0,1,0,0,차대차 - 측면충돌,중앙선침범,건조,흐림,단일로 - 교량,자전거,남,78세,중상,승용,남,41세,상해없음
2022033000100364,2022년 3월 30일 18시,수요일,경상북도 안동시 태화동,경상사고,0,0,1,0,차대차 - 추돌,안전운전불이행,건조,맑음,단일로 - 기타,화물,남,69세,상해없음,승용,여,39세,경상
2022033000100365,2022년 3월 30일 18시,수요일,경상북도 칠곡군 석적읍,경상사고,0,0,1,0,차대차 - 측면충돌,기타,건조,맑음,단일로 - 기타,승용,남,44세,상해없음,승용,여,23세,경상
2022033000100366,2022년 3월 30일 18시,수요일,경상북도 칠곡군 석적읍,경상사고,0,0,1,0,차대차 - 측면충돌,직진우회전진행방해,건조,맑음,교차로 - 교차로안,자전거,남,14세,경상,승용,남,41세,상해없음