사고번호,사고일시,요일,시군구,사고내용,사망자수,중상자수,경상자수,부상신고자수,사고유형,법규위반,노면상태,기상상태,도로형태,가해운전자 차종,가해운전자 성별,가해운전자 연령,가해운전자 상해정도,피해운전자 차종,피해운전자 성별,피해운전자 연령,피해운전자 상해정도
2022041600100228,2022년 4월 16일 12시,토요일,경상북도 포항시 남구 대송면,중상사고,0,1,3,0,차대차 - 측면충돌,안전운전불이행,건조,맑음,교차로 - 교차로안,화물,남,54세,경상,화물,남,47세,경상
2022041600100267,2022년 4월 16일 13시,토요일,경상북도 경산시 중방동,경상사고,0,0,1,0,차대사람 - 기타,안전운전불이행,건조,맑음,교차로 - 교차로안,승용,여,38세,상해없음,보행자,남,13세,경상
2022041600100318,2022년 4월 16일 14시,토요일,경상북도 칠곡군 왜관읍,경상사고,0,0,4,0,차대차 - 측면충돌,직진우회전진행방해,건조,맑음,교차로 - 교차로안,승용,여,42세,경상,승용,여,61세,경상
2022041600100319,2022년 4월 16일 14시,토요일,경상북도 경산시 계양동,경상사고,0,0,2,0,차대차 - 추돌,안전운전불이행,건조,맑음,단일로 - 기타,승용,여,37세,상해없음,승용,남,32세,경상
2022041600100370,2022년 4월 16일 15시,토요일,경상북도 칠곡군 북삼읍,경상사고,0,0,2,0,차대차 - 측면충돌,직진우회전진행방해,건조,맑음,교차로 - 교차로안,승용,남,56세,상해없음,승용,여,47세,경상
2022041600100414,2022년 4월 16일 16시,토요일,경상북도 경주시 서부동,경상사고,0,0,1,0,차대차 - 측면충돌,안전운전불이행,건조,맑음,교차로 - 교차로부근,승용,남,63세,상해없음,이륜,남,29세,경상
2022041600100415,2022년 4월 16일 16시,토요일,경상북도 포항시 북구 덕산동,경상사고,0,0,2,0,차대차 - 기타,안전거리미확보,건조,맑음,단일로 - 기타,화물,남,69세,상해없음,승용,남,52세,경상
2022041600100416,2022년 4월 16일 16시,토요일,경상북도 영천시 완산동,경상사고,0,0,1,2,차대차 - 측면충돌,안전운전불이행,건조,맑음,단일로 - 기타,승용,남,63세,상해없음,승용,남,37세,상해없음
2022041600100461,2022년 4월 16일 17시,토요일,경상북도 칠곡군 북삼읍,경상사고,0,0,2,0,차대차 - 추돌,안전운전불이행,건조,맑음,교차로 - 교차로부근,승용,여,55세,상해없음,승용,남,44세,경상
2022041600100462,2022년 4월 16일 17시,토요일,경상북도 경산시 백천동,경상사고,0,0,1,0,차대사람 - 기타,안전운전불이행,건조,맑음,주차장 - 주차장,화물,남,52세,상해없음,보행자,여,61세,경상
2022041600100463,2022년 4월 16일 17시,토요일,경상북도 청도군 풍각면,경상사고,0,0,1,0,차량단독 - 공작물충돌,안전운전불이행,건조,맑음,단일로 - 기타,화물,남,43세,경상,,,,
2022041600100464,2022년 4월 16일 17시,토요일,경상북도 성주군 용암면,경상사고,0,0,1,0,차대사람 - 횡단중,안전운전불이행,건조,맑음,교차로 - 교차로안,승용,여,58세,상해없음,보행자,여,72세,경상
2022041600100465,2022년 4월 16일 17시,토요일,경상북도 구미시 봉곡동,경상사고,0,0,1,0,차대차 - 추돌,안전운전불이행,건조,맑음,단일로 - 기타,화물,남,60세,상해없음,승용,남,63세,상해없음
2022041600100466,2022년 4월 16일 17시,토요일,경상북도 포항시 남구 오천읍,경상사고,0,0,1,0,차대차 - 기타,신호위반,건조,맑음,교차로 - 교차로안,화물,남,60세,상해없음,자전거,여,9세,경상
2022041600100502,2022년 4월 16일 18시,토요일,경상북도 경주시 북군동,경상사고,0,0,1,0,차대사람 - 차도통행중,안전운전불이행,건조,맑음,단일로 - 기타,승용,남,26세,상해없음,보행자,여,70세,경상
2022041600100561,2022년 4월 16일 20시,토요일,경상북도 의성군 의성읍,중상사고,0,2,0,0,차대차 - 측면충돌,교차로운행방법위반,건조,맑음,교차로 - 교차로안,화물,남,77세,상해없음,승용,여,62세,중상
2022041600100610,2022년 4월 16일 22시,토요일,경상북도 구미시 도량동,경상사고,0,0,1,0,차대사람 - 횡단중,안전운전불이행,건조,맑음,교차로 - 교차로부근,승용,여,59세,상해없음,보행자,남,39세,경상
2022041600100631,2022년 4월 16일 23시,토요일,경상북도 안동시 운흥동,경상사고,0,0,1,0,차대사람 - 기타,안전운전불이행,건조,맑음,단일로 - 기타,승용,남,63세,상해없음,보행자,남,52세,경상
2022041600100632,2022년 4월 16일 23시,토요일,경상북도 구미시 공단동,사망사고,1,0,0,0,차대차 - 추돌,안전운전불이행,건조,맑음,교차로 - 교차로안,화물,남,67세,사망,화물,남,56세,기타불명
2022041700100012,2022년 4월 17일 00시,일요일,경상북도 문경시 모전동,경상사고,0,0,1,0,차대사람 - 기타,안전운전불이행,건조,맑음,교차로 - 교차로안,승용,여,19세,상해없음,보행자,여,62세,경상
2022041700100013,2022년 4월 17일 00시,일요일,경상북도 울진군 울진읍,경상사고,0,0,1,0,차대사람 - 차도통행중,안전운전불이행,건조,맑음,단일로 - 기타,승용,남,59세,상해없음,보행자,여,53세,경상
2022041700100014,2022년 4월 17일 00시,일요일,경상북도 구미시 임수동,중상사고,0,1,1,0,차대차 - 기타,안전운전불이행,건조,맑음,교차로 - 교차로안,승용,남,24세,상해없음,승용,여,53세,중상
2022041700100015,2022년 4월 17일 00시,일요일,경상북도 포항시 남구 대잠동,경상사고,0,0,5,0,차대차 - 추돌,안전운전불이행,건조,맑음,교차로 - 교차로부근,승용,남,61세,경상,승용,남,20세,경상
2022041700100016,2022년 4월 17일 00시,일요일,경상북도 포항시 남구 연일읍,부상신고사고,0,0,0,1,차량단독 - 공작물충돌,안전운전불이행,건조,맑음,단일로 - 교량,승용,남,37세,부상신고,,,,
2022041700100048,2022년 4월 17일 03시,일요일,경상북도 포항시 북구 죽도동,경상사고,0,0,1,0,차대차 - 추돌,안전운전불이행,건조,맑음,교차로 - 교차로부근,승용,남,27세,상해없음,승용,남,57세,상해없음
2022041700100072,2022년 4월 17일 07시,일요일,경상북도 경주시 조양동,중상사고,0,3,1,0,차대차 - 측면충돌,안전운전불이행,건조,맑음,단일로 - 지하차도(도로)내,승용,남,81세,경상,승용,남,20세,중상
2022041700100073,2022년 4월 17일 07시,일요일,경상북도 포항시 북구 죽도동,경상사고,0,0,2,0,차대차 - 추돌,안전운전불이행,건조,맑음,기타 - 기타,이륜,여,55세,경상,이륜,남,65세,경상
2022041700100078,2022년 4월 17일 08시,일요일,경상북도 상주시 공성면,경상사고,0,0,1,0,차량단독 - 전도전복 - 전도,안전운전불이행,건조,맑음,단일로 - 지하차도(도로)내,개인형이동수단(PM),남,13세,경상,,,,
2022041700100079,2022년 4월 17일 08시,일요일,경상북도 영주시 휴천동,경상사고,0,0,1,0,차대차 - 측면충돌,교차로운행방법위반,건조,맑음,교차로 - 교차로안,화물,여,48세,상해없음,승용,남,45세,상해없음
2022041700100080,2022년 4월 17일 08시,일요일,경상북도 영천시 완산동,중상사고,0,1,0,0,차대차 - 측면충돌,신호위반,건조,맑음,교차로 - 교차로안,승용,남,35세,상해없음,화물,남,46세,중상
2022041700100081,2022년 4월 17일 08시,일요일,경상북도 청도군 금천면,경상사고,0,0,1,0,차대차 - 정면충돌,안전운전불이행,건조,맑음,단일로 - 기타,사륜오토바이(ATV),남,67세,경상,승용,남,53세,상해없음
2022041700100103,2022년 4월 17일 09시,일요일,경상북도 영주시 풍기읍,중상사고,0,1,1,0,차대차 - 정면충돌,중앙선침범,건조,맑음,단일로 - 기타,승용,남,68세,경상,승용,여,37세,중상
2022041700100126,2022년 4월 17일 10시,일요일,경상북도 경주시 사정동,경상사고,0,0,1,0,차대사람 - 기타,안전운전불이행,건조,맑음,단일로 - 기타,승합,남,64세,상해없음,보행자,여,31세,경상
2022041700100127,2022년 4월 17일 10시,일요일,경상북도 칠곡군 가산면,중상사고,0,4,0,0,차대차 - 추돌,안전운전불이행,건조,맑음,교차로 - 교차로부근,승용,여,37세,상해없음,승용,남,57세,중상
2022041700100149,2022년 4월 17일 11시,일요일,경상북도 경주시 황남동,경상사고,0,0,5,0,차대차 - 추돌,안전운전불이행,건조,맑음,교차로 - 교차로부근,승용,여,25세,상해없음,승용,남,60세,경상
2022041700100150,2022년 4월 17일 11시,일요일,경상북도 칠곡군 동명면,중상사고,0,1,2,0,차대차 - 추돌,안전운전불이행,건조,맑음,단일로 - 기타,승용,남,55세,상해없음,승용,여,72세,중상
2022041700100151,2022년 4월 17일 11시,일요일,경상북도 성주군 성주읍,경상사고,0,0,1,0,차대사람 - 차도통행중,안전운전불이행,건조,맑음,단일로 - 기타,승용,남,67세,상해없음,보행자,남,60세,경상
2022041700100152,2022년 4월 17일 11시,일요일,경상북도 구미시 구평동,경상사고,0,0,1,0,차대사람 - 길가장자리구역통행중,안전운전불이행,건조,맑음,단일로 - 기타,화물,남,71세,상해없음,보행자,남,47세,경상
2022041700100181,2022년 4월 17일 12시,일요일,경상북도 칠곡군 동명면,중상사고,0,2,0,0,차대차 - 측면충돌,교차로운행방법위반,건조,맑음,교차로 - 교차로안,승용,남,52세,상해없음,화물,남,65세,중상
2022041700100182,2022년 4월 17일 12시,일요일,경상북도 칠곡군 동명면,경상사고,0,0,2,1,차대차 - 추돌,안전거리미확보,건조,맑음,단일로 - 기타,화물,남,64세,상해없음,승용,여,49세,경상
2022041700100183,2022년 4월 17일 12시,일요일,경상북도 울진군 온정면,중상사고,0,1,0,0,차대차 - 측면충돌,중앙선침범,건조,맑음,단일로 - 기타,특수,남,50세,상해없음,이륜,남,41세,중상
2022041700100208,2022년 4월 17일 13시,일요일,경상북도 경주시 천군동,경상사고,0,0,1,0,차대차 - 측면충돌,안전운전불이행,건조,맑음,교차로 - 교차로부근,승용,남,30세,상해없음,자전거,남,42세,경상
2022041700100209,2022년 4월 17일 13시,일요일,경상북도 구미시 형곡동,경상사고,0,0,4,0,차대차 - 측면충돌,안전운전불이행,건조,맑음,주차장 - 주차장,승용,여,61세,상해없음,승용,여,27세,경상
2022041700100240,2022년 4월 17일 14시,일요일,경상북도 포항시 남구 오천읍,경상사고,0,0,1,0,차대차 - 측면충돌,차로위반,건조,맑음,단일로 - 기타,승용,남,22세,상해없음,이륜,남,55세,경상
2022041700100241,2022년 4월 17일 14시,일요일,경상북도 포항시 남구 해도동,경상사고,0,0,1,0,차대차 - 측면충돌,교차로운행방법위반,건조,맑음,교차로 - 교차로안,승용,남,48세,상해없음,이륜,남,29세,경상
2022041700100242,2022년 4월 17일 14시,일요일,경상북도 포항시 남구 구룡포읍,중상사고,0,1,0,0,차대사람 - 기타,안전운전불이행,건조,맑음,교차로 - 교차로안,승용,남,60세,상해없음,보행자,남,79세,중상
2022041700100277,2022년 4월 17일 15시,일요일,경상북도 경주시 황오동,중상사고,0,1,1,0,차대차 - 측면충돌,신호위반,건조,맑음,교차로 - 교차로부근,승용,여,25세,상해없음,승용,여,55세,상해없음
2022041700100278,2022년 4월 17일 15시,일요일,경상북도 구미시 인의동,중상사고,0,1,0,0,차대차 - 측면충돌,교차로운행방법위반,건조,맑음,교차로 - 교차로안,승용,남,61세,상해없음,승용,여,54세,중상
2022041700100279,2022년 4월 17일 15시,일요일,경상북도 구미시 신동,중상사고,0,1,1,0,차대차 - 측면충돌,안전운전불이행,건조,맑음,교차로 - 교차로부근,승용,여,62세,경상,승용,남,25세,중상
2022041700100343,2022년 4월 17일 17시,일요일,경상북도 경주시 구정동,사망사고,1,0,0,0,차대사람 - 차도통행중,안전운전불이행,건조,맑음,교차로 - 교차로부근,승용,여,48세,상해없음,보행자,남,6세,사망
2022041700100344,2022년 4월 17일 17시,일요일,경상북도 안동시 옥동,경상사고,0,0,1,0,차대차 - 추돌,안전운전불이행,건조,맑음,단일로 - 기타,승용,남,33세,상해없음,승용,남,37세,상해없음
2022041700100345,2022년 4월 17일 17시,일요일,경상북도 경산시 정평동,중상사고,0,1,0,0,차대사람 - 횡단중,보행자보호의무위반,건조,맑음,교차로 - 교차로횡단보도내,승용,여,53세,상해없음,보행자,여,79세,중상
2022041700100346,2022년 4월 17일 17시,일요일,경상북도 영덕군 강구면,중상사고,0,2,0,0,차대차 - 추돌,안전거리미확보,건조,맑음,단일로 - 기타,승용,남,59세,상해없음,승용,여,63세,중상
2022041700100347,2022년 4월 17일 17시,일요일,경상북도 구미시 고아읍,중상사고,0,1,1,0,차대차 - 추돌,안전운전불이행,건조,맑음,단일로 - 기타,이륜,남,80세,경상,승용,남,30세,상해없음
2022041700100406,2022년 4월 17일 19시,일요일,경상북도 안동시 정하동,사망사고,1,0,0,0,차량단독 - 기타,안전운전불이행,건조,맑음,단일로 - 기타,자전거,남,86세,사망,,,,
2022041700100428,2022년 4월 17일 20시,일요일,경상북도 경주시 황성동,경상사고,0,0,2,0,차대사람 - 횡단중,안전운전불이행,건조,맑음,교차로 - 교차로횡단보도내,승용,기타불명,미분류,기타불명,보행자,여,14세,경상
2022041700100429,2022년 4월 17일 20시,일요일,경상북도 영덕군 영덕읍,경상사고,0,0,2,1,차대차 - 추돌,안전거리미확보,건조,맑음,교차로 - 교차로안,승용,남,54세,상해없음,승용,남,29세,경상
2022041700100430,2022년 4월 17일 20시,일요일,경상북도 포항시 남구 송도동,중상사고,0,1,0,0,차대차 - 측면충돌,안전운전불이행,건조,맑음,교차로 - 교차로안,승용,남,62세,상해없음,자전거,남,75세,중상
2022041800100063,2022년 4월 18일 07시,월요일,경상북도 경주시 양남면,중상사고,0,1,0,0,차량단독 - 전도전복 - 전도,안전운전불이행,건조,맑음,단일로 - 기타,화물,남,43세,중상,,,,
2022041800100064,2022년 4월 18일 07시,월요일,경상북도 경산시 압량읍,경상사고,0,0,1,0,차대차 - 측면충돌,신호위반,건조,맑음,교차로 - 교차로안,승용,남,40세,상해없음,승용,여,51세,경상
2022041800100065,2022년 4월 18일 07시,월요일,경상북도 구미시 산동읍,경상사고,0,0,1,0,차대차 - 측면충돌,안전운전불이행,건조,맑음,교차로 - 교차로부근,승용,남,60세,상해없음,승용,남,35세,경상
2022041800100066,2022년 4월 18일 07시,월요일,경상북도 청도군 청도읍,경상사고,0,0,1,0,차대차 - 기타,안전운전불이행,건조,맑음,단일로 - 기타,건설기계,남,37세,상해없음,승용,남,36세,경상
2022041800100103,2022년 4월 18일 08시,월요일,경상북도 성주군 성주읍,경상사고,0,0,1,0,차대사람 - 기타,보행자보호의무위반,건조,맑음,교차로 - 교차로안,승용,여,38세,상해없음,보행자,남,77세,경상
2022041800100104,2022년 4월 18일 08시,월요일,경상북도 구미시 도량동,중상사고,0,1,0,0,차대차 - 기타,안전운전불이행,건조,맑음,단일로 - 기타,승용,남,53세,상해없음,이륜,남,79세,중상
2022041800100133,2022년 4월 18일 09시,월요일,경상북도 의성군 금성면,중상사고,0,1,0,0,차대차 - 측면충돌,직진우회전진행방해,건조,맑음,교차로 - 교차로안,화물,남,71세,상해없음,이륜,남,82세,중상
2022041800100134,2022년 4월 18일 09시,월요일,경상북도 성주군 성주읍,경상사고,0,0,1,1,차대차 - 측면충돌,안전운전불이행,건조,맑음,교차로 - 교차로부근,화물,여,60세,기타불명,화물,남,61세,부상신고
2022041800100135,2022년 4월 18일 09시,월요일,경상북도 포항시 남구 상도동,경상사고,0,0,1,0,차대차 - 측면충돌,교차로운행방법위반,건조,맑음,교차로 - 교차로부근,승용,여,52세,상해없음,승용,여,56세,경상
2022041800100186,2022년 4월 18일 11시,월요일,경상북도 안동시 태화동,경상사고,0,0,1,0,차대차 - 기타,안전운전불이행,건조,맑음,단일로 - 기타,승용,남,74세,상해없음,이륜,남,58세,경상
2022041800100187,2022년 4월 18일 11시,월요일,경상북도 경산시 진량읍,경상사고,0,0,1,0,차대사람 - 횡단중,안전운전불이행,건조,맑음,단일로 - 기타,승용,남,65세,상해없음,보행자,남,68세,경상
2022041800100188,2022년 4월 18일 11시,월요일,경상북도 성주군 성주읍,경상사고,0,0,1,0,차대차 - 측면충돌,안전운전불이행,건조,맑음,교차로 - 교차로안,승용,여,59세,상해없음,자전거,여,71세,경상
2022041800100189,2022년 4월 18일 11시,월요일,경상북도 포항시 남구 상도동,경상사고,0,0,3,0,차대차 - 측면충돌,교차로운행방법위반,건조,맑음,단일로 - 기타,승용,남,55세,경상,승용,남,51세,경상
2022041800100219,2022년 4월 18일 12시,월요일,경상북도 경산시 하양읍,중상사고,0,1,0,0,차대차 - 기타,교차로운행방법위반,건조,맑음,교차로 - 교차로부근,승용,남,35세,상해없음,이륜,남,59세,중상
2022041800100251,2022년 4월 18일 13시,월요일,경상북도 안동시 태화동,경상사고,0,0,1,0,차대차 - 기타,신호위반,건조,맑음,교차로 - 교차로안,승합,남,54세,상해없음,이륜,남,40세,경상
2022041800100252,2022년 4월 18일 13시,월요일,경상북도 안동시 임하면,경상사고,0,0,1,0,차대차 - 정면충돌,중앙선침범,건조,맑음,단일로 - 기타,화물,남,36세,상해없음,건설기계,남,45세,경상
2022041800100297,2022년 4월 18일 14시,월요일,경상북도 영주시 문정동,중상사고,0,1,2,0,차대차 - 측면충돌,신호위반,건조,맑음,교차로 - 교차로안,승용,남,77세,경상,승용,여,33세,중상
2022041800100330,2022년 4월 18일 15시,월요일,경상북도 경주시 현곡면,경상사고,0,0,1,0,차대차 - 추돌,안전운전불이행,건조,맑음,교차로 - 교차로부근,화물,남,67세,상해없음,승용,남,66세,경상
2022041800100366,2022년 4월 18일 16시,월요일,경상북도 포항시 남구 연일읍,경상사고,0,0,1,0,차대사람 - 차도통행중,안전운전불이행,건조,맑음,단일로 - 기타,승용,여,63세,상해없음,보행자,여,67세,경상
2022041800100412,2022년 4월 18일 17시,월요일,경상북도 상주시 서문동,경상사고,0,0,1,0,차대차 - 추돌,안전운전불이행,건조,맑음,교차로 - 교차로안,승용,남,39세,상해없음,승용,남,29세,경상
2022041800100444,2022년 4월 18일 18시,월요일,경상북도 울진군 북면,경상사고,0,0,1,0,차량단독 - 공작물충돌,안전운전불이행,건조,맑음,단일로 - 기타,화물,남,66세,상해없음,,,,
2022041800100476,2022년 4월 18일 19시,월요일,경상북도 경주시 노서동,중상사고,0,1,0,0,차대차 - 측면충돌,안전운전불이행,건조,맑음,단일로 - 기타,원동기,남,41세,상해없음,자전거,남,68세,중상
2022041800100498,2022년 4월 18일 20시,월요일,경상북도 안동시 태화동,경상사고,0,0,2,0,차대차 - 기타,안전운전불이행,건조,맑음,기타 - 기타,승용,여,63세,상해없음,승용,남,74세,상해없음
2022041800100499,2022년 4월 18일 20시,월요일,경상북도 칠곡군 약목면,경상사고,0,0,1,0,차대차 - 측면충돌,안전운전불이행,건조,맑음,단일로 - 기타,승용,여,50세,상해없음,승용,여,37세,경상
2022041800100500,2022년 4월 18일 20시,월요일,경상북도 문경시 점촌동,부상신고사고,0,0,0,1,차대차 - 측면충돌,안전운전불이행,건조,맑음,교차로 - 교차로안,승용,여,43세,상해없음,개인형이동수단(PM),여,31세,부상신고
2022041800100501,2022년 4월 18일 20시,월요일,경상북도 울진군 울진읍,경상사고,0,0,1,0,차대차 - 측면충돌,직진우회전진행방해,건조,맑음,교차로 - 교차로안,화물,남,67세,상해없음,이륜,남,19세,경상
2022041800100523,2022년 4월 18일 21시,월요일,경상북도 군위군 소보면,경상사고,0,0,2,0,차대차 - 추돌,안전운전불이행,건조,맑음,단일로 - 기타,화물,남,56세,경상,화물,남,50세,경상
2022041800100524,2022년 4월 18일 21시,월요일,경상북도 포항시 남구 대도동,중상사고,0,2,0,0,차대차 - 측면충돌,교차로운행방법위반,건조,맑음,교차로 - 교차로안,원동기,남,28세,중상,원동기,남,43세,중상
2022041900100009,2022년 4월 19일 00시,화요일,경상북도 영천시 망정동,경상사고,0,0,4,0,차대차 - 정면충돌,중앙선침범,건조,맑음,교차로 - 교차로부근,승용,남,27세,경상,승용,남,49세,경상
2022041900100074,2022년 4월 19일 07시,화요일,경상북도 경주시 성건동,경상사고,0,0,2,0,차대차 - 측면충돌,안전운전불이행,건조,맑음,교차로 - 교차로안,승용,남,70세,경상,승용,여,26세,경상
2022041900100075,2022년 4월 19일 07시,화요일,경상북도 칠곡군 왜관읍,중상사고,0,1,0,1,차대차 - 측면충돌,중앙선침범,건조,맑음,단일로 - 기타,승용,남,61세,부상신고,화물,남,74세,중상
2022041900100076,2022년 4월 19일 07시,화요일,경상북도 칠곡군 동명면,경상사고,0,0,1,0,차대차 - 측면충돌,기타,건조,맑음,단일로 - 기타,승용,남,32세,상해없음,승용,남,34세,경상
2022041900100116,2022년 4월 19일 08시,화요일,경상북도 포항시 북구 죽도동,경상사고,0,0,2,0,차대차 - 추돌,안전운전불이행,건조,맑음,단일로 - 기타,승용,여,54세,상해없음,승용,여,63세,경상
2022041900100117,2022년 4월 19일 08시,화요일,경상북도 상주시 성동동,중상사고,0,1,0,0,차대차 - 측면충돌,안전운전불이행,건조,맑음,교차로 - 교차로안,화물,남,80세,상해없음,자전거,남,87세,중상
2022041900100153,2022년 4월 19일 09시,화요일,경상북도 경산시 자인면,중상사고,0,1,0,0,차대차 - 기타,신호위반,건조,맑음,교차로 - 교차로부근,승용,남,69세,상해없음,승합,남,62세,상해없음
2022041900100154,2022년 4월 19일 09시,화요일,경상북도 예천군 호명면,경상사고,0,0,1,0,차대차 - 측면충돌,신호위반,건조,맑음,교차로 - 교차로안,승용,여,35세,상해없음,승용,여,36세,경상
2022041900100155,2022년 4월 19일 09시,화요일,경상북도 포항시 남구 동해면,중상사고,0,1,0,0,차량단독 - 기타,안전운전불이행,건조,맑음,기타 - 기타,건설기계,남,52세,기타불명,,,,
2022041900100196,2022년 4월 19일 10시,화요일,경상북도 문경시 흥덕동,경상사고,0,0,2,0,차대차 - 측면충돌,안전운전불이행,건조,맑음,교차로 - 교차로안,화물,남,75세,경상,승용,남,79세,경상
2022041900100197,2022년 4월 19일 10시,화요일,경상북도 봉화군 물야면,경상사고,0,0,2,0,차대차 - 기타,안전운전불이행,건조,맑음,교차로 - 교차로안,화물,남,29세,상해없음,화물,남,70세,경상
2022041900100198,2022년 4월 19일 10시,화요일,경상북도 구미시 원평동,경상사고,0,0,1,0,차대차 - 측면충돌,직진우회전진행방해,건조,맑음,교차로 - 교차로안,화물,남,67세,상해없음,개인형이동수단(PM),남,65세,경상
2022041900100225,2022년 4월 19일 11시,화요일,경상북도 봉화군 소천면,중상사고,0,3,0,0,차대차 - 정면충돌,중앙선침범,건조,맑음,기타 - 기타,승용,여,38세,중상,승용,남,42세,중상
2022041900100226,2022년 4월 19일 11시,화요일,경상북도 구미시 인의동,경상사고,0,0,1,0,차대차 - 측면충돌,불법유턴,건조,맑음,단일로 - 기타,이륜,여,28세,상해없음,승용,남,29세,경상
2022041900100256,2022년 4월 19일 12시,화요일,경상북도 경주시 성동동,경상사고,0,0,1,0,차대차 - 기타,안전운전불이행,건조,맑음,기타 - 기타,화물,남,39세,상해없음,승용,여,28세,경상
2022041900100257,2022년 4월 19일 12시,화요일,경상북도 경주시 황오동,중상사고,0,1,0,0,차대사람 - 기타,안전운전불이행,건조,맑음,교차로 - 교차로부근,승용,남,73세,상해없음,보행자,여,83세,중상
2022041900100258,2022년 4월 19일 12시,화요일,경상북도 영천시 완산동,중상사고,0,1,0,0,차대사람 - 횡단중,안전운전불이행,건조,맑음,단일로 - 기타,승용,남,66세,상해없음,보행자,여,71세,중상
2022041900100301,2022년 4월 19일 13시,화요일,경상북도 경주시 안강읍,경상사고,0,0,1,0,차대차 - 측면충돌,신호위반,건조,맑음,교차로 - 교차로안,사륜오토바이(ATV),남,56세,경상,승용,남,72세,상해없음
2022041900100302,2022년 4월 19일 13시,화요일,경상북도 김천시 신음동,중상사고,0,1,0,0,차대차 - 정면충돌,신호위반,건조,맑음,교차로 - 교차로부근,화물,남,58세,상해없음,원동기,남,86세,중상
2022041900100303,2022년 4월 19일 13시,화요일,경상북도 의성군 금성면,경상사고,0,0,1,0,차량단독 - 공작물충돌,안전운전불이행,건조,맑음,단일로 - 기타,승용,남,58세,경상,,,,
2022041900100336,2022년 4월 19일 14시,화요일,경상북도 상주시 함창읍,경상사고,0,0,2,0,차대차 - 측면충돌,교차로운행방법위반,건조,맑음,교차로 - 교차로안,승용,남,77세,경상,화물,남,30세,경상
2022041900100412,2022년 4월 19일 16시,화요일,경상북도 경주시 외동읍,중상사고,0,1,0,0,차대차 - 측면충돌,안전운전불이행,건조,맑음,단일로 - 기타,화물,남,58세,상해없음,승용,남,47세,상해없음
2022041900100456,2022년 4월 19일 17시,화요일,경상북도 경주시 동천동,중상사고,0,1,0,0,차대사람 - 횡단중,보행자보호의무위반,건조,맑음,단일로 - 기타,승합,남,47세,상해없음,보행자,남,7세,중상
2022041900100457,2022년 4월 19일 17시,화요일,경상북도 포항시 북구 기계면,중상사고,0,1,0,0,차대차 - 추돌,안전운전불이행,건조,맑음,교차로 - 교차로부근,화물,남,80세,상해없음,승용,여,55세,중상
2022041900100503,2022년 4월 19일 18시,화요일,경상북도 칠곡군 석적읍,경상사고,0,0,1,0,차대차 - 후진중충돌,안전운전불이행,건조,맑음,교차로 - 교차로부근,승용,남,56세,상해없음,이륜,남,41세,경상
2022041900100504,2022년 4월 19일 18시,화요일,경상북도 경산시 중산동,중상사고,0,1,0,0,차대차 - 측면충돌,안전운전불이행,건조,맑음,교차로 - 교차로안,승용,남,71세,상해없음,이륜,남,37세,중상
2022041900100547,2022년 4월 19일 19시,화요일,경상북도 구미시 원평동,경상사고,0,0,1,0,차대차 - 측면충돌,안전운전불이행,건조,맑음,단일로 - 기타,승용,남,26세,상해없음,승용,여,23세,경상
2022042000100025,2022년 4월 20일 02시,수요일,경상북도 포항시 남구 상도동,사망사고,1,1,0,0,차대사람 - 횡단중,기타,건조,맑음,단일로 - 기타,이륜,남,31세,사망,보행자,남,38세,중상
2022042000100029,2022년 4월 20일 03시,수요일,경상북도 포항시 남구 호동,경상사고,0,0,1,0,차대차 - 추돌,안전운전불이행,건조,맑음,교차로 - 교차로부근,승용,남,34세,상해없음,승용,여,53세,경상
2022042000100035,2022년 4월 20일 04시,수요일,경상북도 경주시 서면,중상사고,0,1,0,0,차량단독 - 공작물충돌,안전운전불이행,건조,맑음,단일로 - 기타,이륜,남,40세,중상,,,,
2022042000100036,2022년 4월 20일 04시,수요일,경상북도 칠곡군 왜관읍,경상사고,0,0,1,0,차대사람 - 횡단중,안전운전불이행,건조,맑음,교차로 - 교차로부근,승용,여,27세,상해없음,보행자,남,67세,경상
2022042000100053,2022년 4월 20일 06시,수요일,경상북도 고령군 쌍림면,경상사고,0,0,1,0,차량단독 - 공작물충돌,안전운전불이행,건조,맑음,단일로 - 기타,승용,남,44세,경상,,,,
2022042000100054,2022년 4월 20일 06시,수요일,경상북도 포항시 남구 청림동,경상사고,0,0,2,0,차대차 - 측면충돌,직진우회전진행방해,건조,맑음,교차로 - 교차로안,승용,여,56세,경상,화물,남,62세,경상
2022042000100075,2022년 4월 20일 07시,수요일,경상북도 포항시 북구 상원동,경상사고,0,0,2,0,차대차 - 추돌,안전운전불이행,건조,맑음,단일로 - 기타,승용,남,42세,상해없음,승용,여,42세,상해없음
2022042000100120,2022년 4월 20일 08시,수요일,경상북도 경산시 계양동,경상사고,0,0,1,0,차대차 - 측면충돌,안전운전불이행,건조,맑음,주차장 - 주차장,승용,여,58세,상해없음,승용,여,25세,경상
2022042000100169,2022년 4월 20일 09시,수요일,경상북도 군위군 의흥면,중상사고,0,1,0,0,차대차 - 추돌,안전운전불이행,건조,맑음,단일로 - 기타,승용,남,72세,상해없음,농기계,남,72세,중상