사고번호,사고일시,요일,시군구,사고내용,사망자수,중상자수,경상자수,부상신고자수,사고유형,법규위반,노면상태,기상상태,도로형태,가해운전자 차종,가해운전자 성별,가해운전자 연령,가해운전자 상해정도,피해운전자 차종,피해운전자 성별,피해운전자 연령,피해운전자 상해정도
2022042000100170,2022년 4월 20일 09시,수요일,경상북도 구미시 거의동,경상사고,0,0,2,0,차대차 - 측면충돌,안전거리미확보,건조,맑음,단일로 - 기타,승용,여,37세,경상,화물,남,28세,경상
2022042000100229,2022년 4월 20일 11시,수요일,경상북도 포항시 남구 대잠동,경상사고,0,0,1,0,차대차 - 추돌,안전운전불이행,건조,맑음,교차로 - 교차로부근,승용,여,54세,상해없음,승용,남,65세,경상
2022042000100265,2022년 4월 20일 12시,수요일,경상북도 경산시 사동,경상사고,0,0,2,0,차대차 - 측면충돌,직진우회전진행방해,건조,맑음,교차로 - 교차로안,승용,남,50세,상해없음,승용,여,22세,경상
2022042000100297,2022년 4월 20일 13시,수요일,경상북도 구미시 도개면,경상사고,0,0,1,0,차량단독 - 전도전복 - 전도,안전운전불이행,건조,맑음,단일로 - 기타,사륜오토바이(ATV),여,85세,경상,,,,
2022042000100334,2022년 4월 20일 14시,수요일,경상북도 경산시 남천면,경상사고,0,0,2,0,차대차 - 정면충돌,안전운전불이행,건조,맑음,단일로 - 기타,화물,남,56세,상해없음,화물,남,35세,경상
2022042000100373,2022년 4월 20일 15시,수요일,경상북도 영주시 장수면,중상사고,0,1,1,0,차대차 - 측면충돌,안전운전불이행,건조,맑음,교차로 - 교차로안,승용,남,36세,경상,화물,남,63세,중상
2022042000100374,2022년 4월 20일 15시,수요일,경상북도 칠곡군 동명면,중상사고,0,2,2,0,차대차 - 추돌,안전운전불이행,건조,맑음,교차로 - 교차로부근,승용,남,78세,중상,승용,여,48세,경상
2022042000100375,2022년 4월 20일 15시,수요일,경상북도 문경시 모전동,경상사고,0,0,1,0,차대사람 - 횡단중,보행자보호의무위반,건조,맑음,교차로 - 교차로안,승용,남,77세,상해없음,보행자,여,19세,경상
2022042000100406,2022년 4월 20일 16시,수요일,경상북도 포항시 북구 죽도동,중상사고,0,1,5,0,차대차 - 기타,신호위반,건조,맑음,기타 - 기타,승용,남,64세,상해없음,승합,남,54세,경상
2022042000100436,2022년 4월 20일 17시,수요일,경상북도 포항시 북구 학산동,경상사고,0,0,1,0,차대차 - 기타,안전운전불이행,건조,맑음,단일로 - 기타,화물,남,47세,상해없음,승용,여,52세,경상
2022042000100437,2022년 4월 20일 17시,수요일,경상북도 안동시 풍천면,경상사고,0,0,1,0,차대사람 - 기타,안전운전불이행,건조,맑음,주차장 - 주차장,승합,남,43세,상해없음,보행자,여,82세,경상
2022042000100473,2022년 4월 20일 18시,수요일,경상북도 경주시 용강동,경상사고,0,0,1,0,차대차 - 추돌,안전운전불이행,건조,맑음,교차로 - 교차로안,승용,남,55세,기타불명,승용,여,44세,경상
2022042000100474,2022년 4월 20일 18시,수요일,경상북도 포항시 북구 득량동,중상사고,0,1,0,0,차대차 - 측면충돌,교차로운행방법위반,건조,맑음,교차로 - 교차로부근,승용,여,64세,상해없음,승용,남,40세,상해없음
2022042000100475,2022년 4월 20일 18시,수요일,경상북도 경산시 계양동,경상사고,0,0,2,0,차대차 - 측면충돌,안전운전불이행,건조,맑음,단일로 - 기타,승용,남,51세,상해없음,승용,남,49세,경상
2022042000100476,2022년 4월 20일 18시,수요일,경상북도 구미시 사곡동,중상사고,0,1,2,0,차대차 - 기타,기타,건조,맑음,단일로 - 기타,승용,여,50세,중상,승용,남,39세,경상
2022042000100477,2022년 4월 20일 18시,수요일,경상북도 구미시 황상동,경상사고,0,0,1,0,차대차 - 측면충돌,안전운전불이행,건조,맑음,단일로 - 기타,승용,남,32세,상해없음,자전거,남,63세,경상
2022042000100556,2022년 4월 20일 20시,수요일,경상북도 안동시 송현동,경상사고,0,0,2,1,차대차 - 측면충돌,안전운전불이행,건조,맑음,기타 - 기타,승용,여,26세,경상,승용,남,19세,상해없음
2022042000100578,2022년 4월 20일 21시,수요일,경상북도 경주시 안강읍,경상사고,0,0,1,0,차대차 - 측면충돌,안전운전불이행,건조,맑음,교차로 - 교차로안,승용,남,65세,상해없음,승용,남,53세,경상
2022042000100579,2022년 4월 20일 21시,수요일,경상북도 포항시 북구 우현동,중상사고,0,1,0,0,차대차 - 측면충돌,안전운전불이행,건조,맑음,교차로 - 교차로안,승용,여,58세,상해없음,이륜,남,30세,중상
2022042000100580,2022년 4월 20일 21시,수요일,경상북도 고령군 쌍림면,중상사고,0,1,0,0,차량단독 - 공작물충돌,안전운전불이행,건조,맑음,교차로 - 교차로안,화물,남,53세,중상,,,,
2022042000100581,2022년 4월 20일 21시,수요일,경상북도 구미시 임수동,경상사고,0,0,1,0,차대차 - 정면충돌,안전운전불이행,건조,맑음,기타 - 기타,승용,여,63세,상해없음,자전거,남,56세,경상
2022042000100596,2022년 4월 20일 22시,수요일,경상북도 포항시 남구 대송면,경상사고,0,0,2,0,차대차 - 측면충돌,안전운전불이행,건조,맑음,교차로 - 교차로부근,화물,남,37세,경상,승합,남,62세,경상
2022042000100618,2022년 4월 20일 23시,수요일,경상북도 포항시 북구 흥해읍,경상사고,0,0,1,0,차대차 - 측면충돌,직진우회전진행방해,건조,맑음,교차로 - 교차로안,승용,여,46세,상해없음,승용,남,61세,경상
2022042100100018,2022년 4월 21일 02시,목요일,경상북도 안동시 옥동,중상사고,0,1,0,0,차대사람 - 횡단중,보행자보호의무위반,건조,흐림,교차로 - 교차로부근,승용,남,40세,상해없음,보행자,남,54세,중상
2022042100100033,2022년 4월 21일 05시,목요일,경상북도 청도군 청도읍,경상사고,0,0,1,0,차대차 - 측면충돌,직진우회전진행방해,건조,맑음,교차로 - 교차로안,화물,남,73세,상해없음,승용,남,66세,경상
2022042100100061,2022년 4월 21일 07시,목요일,경상북도 예천군 예천읍,경상사고,0,0,1,0,차대차 - 추돌,안전운전불이행,건조,흐림,단일로 - 기타,화물,남,26세,상해없음,건설기계,남,43세,경상
2022042100100130,2022년 4월 21일 09시,목요일,경상북도 상주시 중동면,중상사고,0,1,0,0,차대차 - 기타,안전운전불이행,건조,맑음,단일로 - 기타,화물,남,51세,상해없음,자전거,여,53세,중상
2022042100100131,2022년 4월 21일 09시,목요일,경상북도 영주시 안정면,경상사고,0,0,1,0,차대차 - 추돌,안전운전불이행,건조,맑음,단일로 - 기타,승합,남,41세,상해없음,농기계,남,78세,경상
2022042100100156,2022년 4월 21일 10시,목요일,경상북도 영주시 가흥동,경상사고,0,0,1,0,차대차 - 측면충돌,안전거리미확보,건조,맑음,교차로 - 교차로부근,승용,남,55세,상해없음,승용,남,31세,경상
2022042100100157,2022년 4월 21일 10시,목요일,경상북도 영주시 안정면,중상사고,0,1,0,0,차량단독 - 기타,안전운전불이행,건조,흐림,단일로 - 기타,승용,남,77세,중상,,,,
2022042100100185,2022년 4월 21일 11시,목요일,경상북도 구미시 광평동,경상사고,0,0,1,0,차대차 - 측면충돌,신호위반,건조,맑음,교차로 - 교차로안,승용,남,49세,기타불명,승용,남,28세,경상
2022042100100236,2022년 4월 21일 13시,목요일,경상북도 경산시 하양읍,경상사고,0,0,1,0,차대차 - 후진중충돌,안전운전불이행,건조,맑음,단일로 - 지하차도(도로)내,승용,남,69세,상해없음,이륜,남,54세,경상
2022042100100262,2022년 4월 21일 14시,목요일,경상북도 안동시 송현동,경상사고,0,0,1,0,차대차 - 측면충돌,신호위반,건조,맑음,교차로 - 교차로안,건설기계,남,60세,상해없음,승용,남,53세,경상
2022042100100263,2022년 4월 21일 14시,목요일,경상북도 상주시 이안면,중상사고,0,2,0,0,차대차 - 추돌,안전운전불이행,건조,맑음,단일로 - 기타,이륜,남,84세,중상,이륜,남,79세,중상
2022042100100292,2022년 4월 21일 15시,목요일,경상북도 영주시 가흥동,중상사고,0,1,0,0,차대사람 - 기타,안전운전불이행,건조,맑음,교차로 - 교차로부근,화물,남,70세,상해없음,보행자,남,11세,중상
2022042100100293,2022년 4월 21일 15시,목요일,경상북도 문경시 모전동,경상사고,0,0,1,0,차대차 - 추돌,안전운전불이행,건조,맑음,단일로 - 기타,화물,남,52세,상해없음,승용,여,61세,경상
2022042100100372,2022년 4월 21일 17시,목요일,경상북도 경주시 인왕동,중상사고,0,1,0,0,차대사람 - 기타,안전운전불이행,건조,맑음,단일로 - 기타,승용,남,72세,상해없음,보행자,남,64세,중상
2022042100100373,2022년 4월 21일 17시,목요일,경상북도 영천시 신녕면,중상사고,0,1,0,0,차대차 - 측면충돌,안전운전불이행,건조,맑음,교차로 - 교차로안,승용,여,60세,상해없음,이륜,남,82세,중상
2022042100100413,2022년 4월 21일 18시,목요일,경상북도 포항시 북구 양덕동,경상사고,0,0,1,0,차대차 - 정면충돌,안전운전불이행,젖음/습기,비,단일로 - 기타,승용,여,35세,상해없음,자전거,남,13세,경상
2022042100100449,2022년 4월 21일 19시,목요일,경상북도 포항시 남구 상도동,중상사고,0,1,0,0,차대차 - 측면충돌,안전운전불이행,건조,맑음,교차로 - 교차로안,승용,남,27세,상해없음,자전거,여,56세,중상
2022042100100513,2022년 4월 21일 21시,목요일,경상북도 경주시 황성동,중상사고,0,1,0,0,차대차 - 측면충돌,직진우회전진행방해,건조,맑음,교차로 - 교차로안,승용,남,25세,상해없음,이륜,남,57세,중상
2022042100100514,2022년 4월 21일 21시,목요일,경상북도 경주시 안강읍,경상사고,0,0,1,0,차량단독 - 기타,안전운전불이행,건조,맑음,단일로 - 기타,승합,남,35세,상해없음,,,,
2022042100100515,2022년 4월 21일 21시,목요일,경상북도 영천시 망정동,중상사고,0,1,0,0,차대사람 - 횡단중,보행자보호의무위반,건조,맑음,단일로 - 기타,화물,남,53세,상해없음,보행자,남,53세,중상
2022042100100516,2022년 4월 21일 21시,목요일,경상북도 포항시 남구 호동,경상사고,0,0,4,0,차대차 - 측면충돌,안전운전불이행,건조,맑음,교차로 - 교차로안,승용,남,67세,경상,승용,남,54세,경상
2022042100100544,2022년 4월 21일 22시,목요일,경상북도 경산시 와촌면,중상사고,0,1,2,0,차대차 - 정면충돌,중앙선침범,건조,맑음,단일로 - 기타,승용,남,26세,상해없음,승용,여,46세,중상
2022042200100041,2022년 4월 22일 04시,금요일,경상북도 경산시 옥산동,중상사고,0,1,0,0,차대사람 - 횡단중,안전운전불이행,건조,맑음,교차로 - 교차로안,승용,여,54세,상해없음,보행자,여,67세,중상
2022042200100042,2022년 4월 22일 04시,금요일,경상북도 구미시 장천면,부상신고사고,0,0,0,1,차량단독 - 공작물충돌,안전운전불이행,건조,맑음,단일로 - 기타,특수,남,59세,부상신고,,,,
2022042200100053,2022년 4월 22일 06시,금요일,경상북도 구미시 산동읍,중상사고,0,1,0,0,차대차 - 기타,기타,건조,맑음,단일로 - 기타,원동기,남,56세,상해없음,자전거,남,28세,중상
2022042200100054,2022년 4월 22일 06시,금요일,경상북도 구미시 광평동,경상사고,0,0,2,0,차대차 - 기타,신호위반,건조,맑음,교차로 - 교차로안,승용,여,58세,상해없음,승용,남,67세,경상
2022042200100105,2022년 4월 22일 08시,금요일,경상북도 경주시 천북면,중상사고,0,1,0,0,차대차 - 측면충돌,신호위반,건조,맑음,교차로 - 교차로안,화물,남,64세,상해없음,승용,남,48세,중상
2022042200100106,2022년 4월 22일 08시,금요일,경상북도 안동시 이천동,경상사고,0,0,2,0,차대차 - 기타,안전운전불이행,건조,맑음,단일로 - 기타,승용,남,66세,경상,화물,남,55세,경상
2022042200100107,2022년 4월 22일 08시,금요일,경상북도 경산시 진량읍,중상사고,0,1,0,0,차대사람 - 기타,안전운전불이행,건조,맑음,단일로 - 기타,화물,남,67세,기타불명,보행자,남,70세,중상
2022042200100108,2022년 4월 22일 08시,금요일,경상북도 포항시 남구 연일읍,경상사고,0,0,1,0,차대차 - 측면충돌,안전운전불이행,건조,맑음,교차로 - 교차로안,승용,남,70세,상해없음,이륜,남,32세,경상
2022042200100131,2022년 4월 22일 09시,금요일,경상북도 구미시 구포동,경상사고,0,0,1,0,차대차 - 기타,안전운전불이행,건조,맑음,교차로 - 교차로안,승용,여,53세,기타불명,승용,남,30세,상해없음
2022042200100214,2022년 4월 22일 12시,금요일,경상북도 경주시 구정동,경상사고,0,0,1,0,차대차 - 추돌,안전운전불이행,건조,맑음,단일로 - 기타,승용,남,71세,기타불명,승용,여,44세,경상
2022042200100215,2022년 4월 22일 12시,금요일,경상북도 김천시 덕곡동,경상사고,0,0,1,0,차대차 - 측면충돌,불법유턴,건조,맑음,단일로 - 기타,승용,여,59세,상해없음,승용,여,49세,경상
2022042200100216,2022년 4월 22일 12시,금요일,경상북도 영양군 영양읍,중상사고,0,1,1,0,차대차 - 기타,안전거리미확보,건조,맑음,단일로 - 기타,승용,남,70세,기타불명,승합,남,56세,상해없음
2022042200100217,2022년 4월 22일 12시,금요일,경상북도 상주시 낙동면,경상사고,0,0,1,0,차대차 - 추돌,안전운전불이행,건조,맑음,단일로 - 기타,화물,남,53세,상해없음,화물,남,54세,경상
2022042200100240,2022년 4월 22일 13시,금요일,경상북도 경주시 동천동,경상사고,0,0,3,0,차대차 - 측면충돌,안전운전불이행,건조,맑음,교차로 - 교차로안,화물,남,74세,상해없음,승용,남,47세,경상
2022042200100270,2022년 4월 22일 14시,금요일,경상북도 경주시 노서동,중상사고,0,1,0,0,차대차 - 측면충돌,안전운전불이행,건조,맑음,교차로 - 교차로부근,승용,여,55세,상해없음,자전거,여,73세,중상
2022042200100271,2022년 4월 22일 14시,금요일,경상북도 영주시 가흥동,경상사고,0,0,1,0,차대사람 - 차도통행중,교차로운행방법위반,건조,맑음,교차로 - 교차로안,화물,여,71세,상해없음,보행자,여,68세,경상
2022042200100272,2022년 4월 22일 14시,금요일,경상북도 칠곡군 석적읍,경상사고,0,0,1,0,차대사람 - 횡단중,보행자보호의무위반,건조,맑음,교차로 - 교차로부근,승용,여,45세,상해없음,보행자,남,6세,경상
2022042200100273,2022년 4월 22일 14시,금요일,경상북도 칠곡군 석적읍,경상사고,0,0,2,0,차대차 - 측면충돌,직진우회전진행방해,건조,맑음,교차로 - 교차로안,승용,남,60세,경상,건설기계,남,43세,경상
2022042200100274,2022년 4월 22일 14시,금요일,경상북도 경산시 압량읍,경상사고,0,0,3,0,차대차 - 추돌,안전거리미확보,건조,맑음,단일로 - 기타,화물,남,40세,상해없음,화물,남,62세,경상
2022042200100275,2022년 4월 22일 14시,금요일,경상북도 성주군 선남면,중상사고,0,1,0,0,차대차 - 측면충돌,안전운전불이행,건조,맑음,교차로 - 교차로안,승용,남,59세,상해없음,이륜,남,74세,중상
2022042200100276,2022년 4월 22일 14시,금요일,경상북도 포항시 남구 대도동,경상사고,0,0,1,0,차대차 - 측면충돌,교차로운행방법위반,건조,맑음,교차로 - 교차로안,승용,여,39세,상해없음,자전거,남,75세,경상
2022042200100277,2022년 4월 22일 14시,금요일,경상북도 문경시 문경읍,중상사고,0,1,3,0,차대차 - 추돌,안전거리미확보,건조,맑음,단일로 - 터널,승용,남,57세,경상,승용,여,33세,중상
2022042200100308,2022년 4월 22일 15시,금요일,경상북도 경주시 문무대왕면,중상사고,0,1,0,0,차대차 - 기타,안전운전불이행,건조,흐림,단일로 - 기타,화물,남,64세,상해없음,이륜,여,63세,중상
2022042200100309,2022년 4월 22일 15시,금요일,경상북도 의성군 의성읍,중상사고,0,1,0,0,차대사람 - 기타,안전운전불이행,건조,맑음,교차로 - 교차로부근,승합,남,75세,상해없음,보행자,여,80세,중상
2022042200100310,2022년 4월 22일 15시,금요일,경상북도 울진군 울진읍,부상신고사고,0,0,0,1,차대차 - 측면충돌,안전운전불이행,건조,맑음,단일로 - 기타,승용,여,50세,상해없음,이륜,남,85세,부상신고
2022042200100347,2022년 4월 22일 16시,금요일,경상북도 안동시 풍천면,경상사고,0,0,1,0,차량단독 - 공작물충돌,안전운전불이행,건조,맑음,단일로 - 기타,화물,남,69세,경상,,,,
2022042200100348,2022년 4월 22일 16시,금요일,경상북도 영천시 야사동,경상사고,0,0,1,0,차량단독 - 기타,안전운전불이행,건조,맑음,단일로 - 기타,이륜,남,53세,경상,,,,
2022042200100388,2022년 4월 22일 17시,금요일,경상북도 안동시 서후면,경상사고,0,0,1,1,차대차 - 추돌,안전거리미확보,건조,맑음,단일로 - 기타,승합,여,55세,부상신고,승용,여,54세,경상
2022042200100389,2022년 4월 22일 17시,금요일,경상북도 안동시 남부동,경상사고,0,0,1,0,차대차 - 기타,신호위반,건조,맑음,단일로 - 기타,승용,여,45세,상해없음,개인형이동수단(PM),남,41세,경상
2022042200100391,2022년 4월 22일 17시,금요일,경상북도 구미시 선산읍,중상사고,0,1,0,0,차대차 - 측면충돌,안전운전불이행,건조,맑음,교차로 - 교차로안,화물,남,59세,상해없음,자전거,남,6세,중상
2022042200100434,2022년 4월 22일 18시,금요일,경상북도 경주시 탑동,경상사고,0,0,4,0,차대차 - 측면충돌,안전운전불이행,건조,맑음,교차로 - 교차로안,화물,남,60세,상해없음,승용,남,54세,경상
2022042200100435,2022년 4월 22일 18시,금요일,경상북도 영주시 영주동,경상사고,0,0,1,0,차대차 - 측면충돌,안전운전불이행,건조,맑음,단일로 - 기타,승용,남,67세,상해없음,이륜,남,56세,경상
2022042200100436,2022년 4월 22일 18시,금요일,경상북도 영주시 가흥동,경상사고,0,0,1,0,차대차 - 정면충돌,안전운전불이행,건조,맑음,단일로 - 기타,이륜,남,28세,상해없음,이륜,남,55세,경상
2022042200100437,2022년 4월 22일 18시,금요일,경상북도 칠곡군 약목면,경상사고,0,0,1,0,차대차 - 측면충돌,기타,건조,맑음,교차로 - 교차로안,승용,여,39세,상해없음,승용,남,26세,경상
2022042200100438,2022년 4월 22일 18시,금요일,경상북도 경산시 옥산동,경상사고,0,0,1,0,차대차 - 추돌,안전거리미확보,건조,맑음,단일로 - 기타,화물,남,33세,상해없음,승용,여,24세,경상
2022042200100439,2022년 4월 22일 18시,금요일,경상북도 성주군 성주읍,중상사고,0,1,0,0,차대차 - 측면충돌,안전운전불이행,건조,맑음,교차로 - 교차로안,승용,여,59세,중상,승합,남,31세,상해없음
2022042200100440,2022년 4월 22일 18시,금요일,경상북도 구미시 구평동,경상사고,0,0,1,0,차대차 - 측면충돌,기타,건조,맑음,단일로 - 기타,이륜,남,31세,상해없음,자전거,남,10세,경상
2022042200100482,2022년 4월 22일 19시,금요일,경상북도 포항시 남구 동촌동,중상사고,0,1,0,0,차대차 - 정면충돌,중앙선침범,건조,맑음,단일로 - 기타,승용,남,53세,상해없음,원동기,남,46세,중상
2022042200100513,2022년 4월 22일 20시,금요일,경상북도 경주시 노서동,중상사고,0,1,0,0,차대사람 - 차도통행중,안전운전불이행,건조,맑음,단일로 - 기타,승용,남,59세,상해없음,보행자,남,59세,중상
2022042200100514,2022년 4월 22일 20시,금요일,경상북도 성주군 성주읍,경상사고,0,0,1,0,차대차 - 측면충돌,안전운전불이행,건조,맑음,단일로 - 기타,승용,여,69세,기타불명,승용,남,31세,경상
2022042200100539,2022년 4월 22일 21시,금요일,경상북도 안동시 옥동,경상사고,0,0,1,0,차대차 - 기타,안전운전불이행,건조,맑음,단일로 - 기타,승용,남,35세,상해없음,이륜,남,28세,경상
2022042200100540,2022년 4월 22일 21시,금요일,경상북도 포항시 남구 오천읍,경상사고,0,0,3,0,차대차 - 측면충돌,교차로운행방법위반,건조,맑음,교차로 - 교차로안,승용,남,43세,상해없음,승용,여,28세,경상
2022042200100561,2022년 4월 22일 22시,금요일,경상북도 영천시 완산동,경상사고,0,0,1,0,차대차 - 추돌,안전운전불이행,건조,맑음,교차로 - 교차로부근,승용,여,56세,상해없음,승용,여,42세,경상
2022042200100579,2022년 4월 22일 23시,금요일,경상북도 포항시 북구 죽도동,경상사고,0,0,1,0,차대사람 - 횡단중,보행자보호의무위반,건조,맑음,단일로 - 기타,승용,여,46세,상해없음,보행자,남,29세,경상
2022042200100580,2022년 4월 22일 23시,금요일,경상북도 포항시 북구 동빈1가,경상사고,0,0,1,0,차대차 - 측면충돌,안전운전불이행,건조,맑음,단일로 - 기타,승용,남,27세,상해없음,승용,남,32세,경상
2022042200100581,2022년 4월 22일 23시,금요일,경상북도 문경시 문경읍,부상신고사고,0,0,0,1,차대차 - 측면충돌,교차로운행방법위반,건조,맑음,단일로 - 기타,승용,남,60세,상해없음,승용,남,26세,부상신고
2022042300100025,2022년 4월 23일 01시,토요일,경상북도 칠곡군 석적읍,경상사고,0,0,1,0,차대차 - 추돌,안전운전불이행,건조,맑음,교차로 - 교차로부근,승용,남,22세,상해없음,승용,남,39세,경상
2022042300100077,2022년 4월 23일 07시,토요일,경상북도 포항시 북구 대흥동,중상사고,0,1,0,0,차대차 - 측면충돌,안전운전불이행,건조,맑음,교차로 - 교차로횡단보도내,승용,남,70세,상해없음,자전거,여,72세,중상
2022042300100104,2022년 4월 23일 09시,토요일,경상북도 경주시 산내면,사망사고,2,2,0,0,차량단독 - 공작물충돌,안전운전불이행,건조,맑음,단일로 - 지하차도(도로)내,승용,남,76세,사망,,,,
2022042300100135,2022년 4월 23일 10시,토요일,경상북도 포항시 북구 흥해읍,경상사고,0,0,3,0,차대차 - 기타,안전운전불이행,건조,맑음,기타 - 기타,승용,여,61세,경상,승합,남,53세,경상
2022042300100136,2022년 4월 23일 10시,토요일,경상북도 칠곡군 동명면,경상사고,0,0,2,0,차대차 - 측면충돌,교차로운행방법위반,건조,맑음,교차로 - 교차로안,승용,여,58세,경상,승용,여,62세,경상
2022042300100137,2022년 4월 23일 10시,토요일,경상북도 울진군 금강송면,경상사고,0,0,1,0,차대차 - 추돌,중앙선침범,건조,맑음,교차로 - 교차로안,승용,남,36세,상해없음,승용,남,59세,경상
2022042300100166,2022년 4월 23일 11시,토요일,경상북도 안동시 평화동,경상사고,0,0,1,0,차대차 - 후진중충돌,안전운전불이행,건조,맑음,단일로 - 기타,화물,남,74세,상해없음,이륜,남,40세,경상
2022042300100167,2022년 4월 23일 11시,토요일,경상북도 문경시 모전동,경상사고,0,0,4,0,차대차 - 측면충돌,교차로운행방법위반,건조,맑음,단일로 - 기타,승용,여,61세,경상,승용,남,41세,경상
2022042300100168,2022년 4월 23일 11시,토요일,경상북도 경산시 사정동,중상사고,0,1,0,0,차대차 - 측면충돌,안전운전불이행,건조,맑음,교차로 - 교차로안,승용,여,28세,상해없음,이륜,남,84세,중상
2022042300100169,2022년 4월 23일 11시,토요일,경상북도 포항시 남구 효자동,경상사고,0,0,1,0,차대차 - 측면충돌,차로위반,건조,맑음,단일로 - 지하차도(도로)내,건설기계,여,45세,상해없음,승용,여,38세,경상
2022042300100195,2022년 4월 23일 12시,토요일,경상북도 포항시 북구 장성동,중상사고,0,2,0,0,차량단독 - 전도전복 - 전도,안전운전불이행,건조,맑음,교차로 - 교차로안,이륜,남,75세,중상,,,,
2022042300100228,2022년 4월 23일 13시,토요일,경상북도 포항시 북구 덕수동,경상사고,0,0,3,0,차대차 - 측면충돌,안전운전불이행,건조,맑음,단일로 - 기타,승용,남,65세,상해없음,승용,남,41세,경상
2022042300100229,2022년 4월 23일 13시,토요일,경상북도 영덕군 달산면,중상사고,0,1,0,0,차대사람 - 기타,안전운전불이행,건조,맑음,단일로 - 기타,승용,남,82세,상해없음,보행자,남,57세,중상
2022042300100230,2022년 4월 23일 13시,토요일,경상북도 영덕군 영덕읍,경상사고,0,0,1,0,차대차 - 추돌,안전운전불이행,건조,맑음,단일로 - 기타,승용,남,77세,경상,화물,남,37세,상해없음
2022042300100231,2022년 4월 23일 13시,토요일,경상북도 포항시 남구 대잠동,경상사고,0,0,1,0,차대차 - 추돌,안전운전불이행,건조,맑음,단일로 - 기타,승용,남,67세,상해없음,승용,여,55세,경상
2022042300100271,2022년 4월 23일 14시,토요일,경상북도 포항시 북구 흥해읍,중상사고,0,1,0,0,차대차 - 측면충돌,안전거리미확보,건조,맑음,단일로 - 기타,건설기계,남,65세,상해없음,화물,남,60세,중상
2022042300100304,2022년 4월 23일 15시,토요일,경상북도 울진군 북면,중상사고,0,1,5,0,차대차 - 정면충돌,중앙선침범,건조,맑음,단일로 - 기타,승용,남,53세,상해없음,승용,남,28세,경상
2022042300100350,2022년 4월 23일 16시,토요일,경상북도 울진군 기성면,중상사고,0,1,0,0,차량단독 - 공작물충돌,안전운전불이행,건조,맑음,단일로 - 기타,자전거,남,35세,중상,,,,
2022042300100351,2022년 4월 23일 16시,토요일,경상북도 구미시 고아읍,부상신고사고,0,0,0,1,차량단독 - 전도전복 - 전도,안전운전불이행,건조,맑음,교차로 - 교차로안,이륜,남,55세,부상신고,,,,
2022042300100381,2022년 4월 23일 17시,토요일,경상북도 상주시 무양동,중상사고,0,1,1,0,차대사람 - 횡단중,안전운전불이행,건조,맑음,단일로 - 기타,이륜,남,30세,경상,보행자,남,7세,중상
2022042300100423,2022년 4월 23일 18시,토요일,경상북도 경주시 내남면,중상사고,0,1,0,0,차대차 - 측면충돌,안전운전불이행,건조,맑음,교차로 - 교차로안,승용,남,55세,상해없음,이륜,남,26세,중상
2022042300100424,2022년 4월 23일 18시,토요일,경상북도 구미시 오태동,경상사고,0,0,5,0,차대차 - 기타,안전거리미확보,건조,맑음,교차로 - 교차로부근,승용,여,22세,상해없음,승용,남,36세,경상
2022042300100463,2022년 4월 23일 19시,토요일,경상북도 안동시 법흥동,경상사고,0,0,1,0,차대차 - 기타,안전운전불이행,건조,맑음,단일로 - 지하차도(도로)내,자전거,남,79세,경상,승용,여,49세,상해없음
2022042300100464,2022년 4월 23일 19시,토요일,경상북도 칠곡군 동명면,중상사고,0,1,1,1,차대차 - 측면충돌,신호위반,건조,맑음,교차로 - 교차로안,승용,남,62세,부상신고,승용,남,61세,중상
2022042300100465,2022년 4월 23일 19시,토요일,경상북도 경산시 하양읍,경상사고,0,0,1,0,차대차 - 기타,안전운전불이행,건조,맑음,교차로 - 교차로부근,승용,남,50세,상해없음,승용,여,42세,상해없음
2022042300100466,2022년 4월 23일 19시,토요일,경상북도 경산시 갑제동,경상사고,0,0,1,0,차대차 - 측면충돌,안전거리미확보,건조,맑음,단일로 - 기타,화물,남,66세,상해없음,승용,남,26세,경상
2022042300100538,2022년 4월 23일 22시,토요일,경상북도 안동시 태화동,경상사고,0,0,1,0,차대차 - 측면충돌,신호위반,건조,맑음,교차로 - 교차로횡단보도내,승용,남,62세,상해없음,개인형이동수단(PM),여,16세,경상
2022042300100551,2022년 4월 23일 23시,토요일,경상북도 칠곡군 왜관읍,부상신고사고,0,0,0,1,차대차 - 측면충돌,안전운전불이행,건조,맑음,교차로 - 교차로부근,승용,남,21세,상해없음,이륜,남,37세,부상신고
2022042400100012,2022년 4월 24일 00시,일요일,경상북도 경주시 문무대왕면,중상사고,0,1,0,0,차대사람 - 차도통행중,안전운전불이행,건조,맑음,단일로 - 지하차도(도로)내,승용,남,27세,상해없음,보행자,남,57세,중상
2022042400100013,2022년 4월 24일 00시,일요일,경상북도 안동시 풍산읍,중상사고,0,1,0,0,차량단독 - 전도전복 - 전도,안전운전불이행,건조,맑음,단일로 - 기타,화물,남,22세,상해없음,,,,
2022042400100028,2022년 4월 24일 01시,일요일,경상북도 예천군 예천읍,경상사고,0,0,2,0,차량단독 - 기타,안전운전불이행,건조,맑음,단일로 - 기타,승용,남,62세,상해없음,,,,
2022042400100037,2022년 4월 24일 02시,일요일,경상북도 경산시 중산동,중상사고,0,2,0,0,차대차 - 추돌,안전운전불이행,건조,맑음,단일로 - 기타,승용,남,26세,상해없음,승용,여,54세,중상
2022042400100038,2022년 4월 24일 02시,일요일,경상북도 청도군 청도읍,경상사고,0,0,3,0,차대차 - 추돌,안전운전불이행,건조,맑음,단일로 - 터널,승용,남,24세,상해없음,승용,여,39세,경상