사고번호,사고일시,요일,시군구,사고내용,사망자수,중상자수,경상자수,부상신고자수,사고유형,법규위반,노면상태,기상상태,도로형태,가해운전자 차종,가해운전자 성별,가해운전자 연령,가해운전자 상해정도,피해운전자 차종,피해운전자 성별,피해운전자 연령,피해운전자 상해정도
2022042400100079,2022년 4월 24일 08시,일요일,경상북도 칠곡군 약목면,중상사고,0,2,0,0,차대차 - 측면충돌,교차로운행방법위반,건조,맑음,교차로 - 교차로안,승용,남,33세,상해없음,승용,남,73세,중상
2022042400100080,2022년 4월 24일 08시,일요일,경상북도 성주군 용암면,중상사고,0,1,0,0,차대차 - 정면충돌,중앙선침범,건조,맑음,교차로 - 교차로안,승용,여,62세,기타불명,승용,여,62세,중상
2022042400100132,2022년 4월 24일 11시,일요일,경상북도 영천시 본촌동,경상사고,0,0,2,0,차대차 - 측면충돌,안전거리미확보,건조,맑음,단일로 - 기타,승용,남,47세,상해없음,승용,여,45세,상해없음
2022042400100160,2022년 4월 24일 12시,일요일,경상북도 경주시 광명동,중상사고,0,5,0,0,차대차 - 측면충돌,안전운전불이행,건조,맑음,교차로 - 교차로부근,승용,남,73세,상해없음,승용,남,46세,중상
2022042400100161,2022년 4월 24일 12시,일요일,경상북도 경산시 압량읍,경상사고,0,0,3,0,차대차 - 측면충돌,직진우회전진행방해,건조,맑음,교차로 - 교차로안,승용,여,55세,경상,승용,남,27세,경상
2022042400100211,2022년 4월 24일 14시,일요일,경상북도 영주시 상줄동,중상사고,0,3,0,0,차대차 - 정면충돌,기타,건조,맑음,교차로 - 교차로안,승용,남,76세,중상,승용,남,61세,중상
2022042400100253,2022년 4월 24일 15시,일요일,경상북도 칠곡군 지천면,부상신고사고,0,0,0,2,차대차 - 추돌,안전거리미확보,건조,맑음,단일로 - 기타,승용,여,52세,상해없음,화물,남,46세,부상신고
2022042400100254,2022년 4월 24일 15시,일요일,경상북도 영덕군 강구면,경상사고,0,0,3,0,차대사람 - 보도통행중,안전운전불이행,건조,맑음,단일로 - 기타,승용,남,51세,상해없음,보행자,남,48세,경상
2022042400100255,2022년 4월 24일 15시,일요일,경상북도 포항시 남구 동해면,중상사고,0,1,0,0,차대사람 - 기타,안전운전불이행,건조,맑음,단일로 - 기타,이륜,남,42세,상해없음,보행자,여,61세,중상
2022042400100283,2022년 4월 24일 16시,일요일,경상북도 상주시 무양동,중상사고,0,1,0,0,차대차 - 측면충돌,교차로운행방법위반,건조,맑음,교차로 - 교차로안,이륜,남,35세,중상,승용,여,29세,상해없음
2022042400100284,2022년 4월 24일 16시,일요일,경상북도 의성군 안평면,경상사고,0,0,1,0,차량단독 - 공작물충돌,안전운전불이행,건조,맑음,단일로 - 기타,승용,여,48세,경상,,,,
2022042400100285,2022년 4월 24일 16시,일요일,경상북도 칠곡군 동명면,중상사고,0,1,0,0,차대차 - 측면충돌,안전운전불이행,건조,맑음,교차로 - 교차로안,이륜,남,63세,상해없음,승용,남,64세,상해없음
2022042400100315,2022년 4월 24일 17시,일요일,경상북도 경주시 감포읍,중상사고,0,2,1,0,차대차 - 측면충돌,중앙선침범,건조,맑음,단일로 - 기타,화물,남,74세,상해없음,승용,남,35세,중상
2022042400100316,2022년 4월 24일 17시,일요일,경상북도 안동시 태화동,경상사고,0,0,3,0,차대차 - 측면충돌,안전운전불이행,건조,맑음,단일로 - 기타,승용,남,65세,경상,승용,남,62세,경상
2022042400100317,2022년 4월 24일 17시,일요일,경상북도 상주시 복룡동,사망사고,1,0,0,0,차량단독 - 공작물충돌,안전운전불이행,건조,맑음,단일로 - 지하차도(도로)내,이륜,남,72세,사망,,,,
2022042400100318,2022년 4월 24일 17시,일요일,경상북도 영천시 완산동,경상사고,0,0,6,0,차대차 - 측면충돌,안전운전불이행,건조,맑음,단일로 - 기타,승용,여,28세,경상,승용,남,30세,경상
2022042400100319,2022년 4월 24일 17시,일요일,경상북도 성주군 수륜면,경상사고,0,0,2,0,차대차 - 후진중충돌,안전운전불이행,건조,맑음,단일로 - 기타,승용,남,79세,상해없음,승용,남,61세,경상
2022042400100344,2022년 4월 24일 18시,일요일,경상북도 포항시 남구 연일읍,경상사고,0,0,1,0,차대사람 - 차도통행중,안전운전불이행,건조,맑음,단일로 - 지하차도(도로)내,승용,남,59세,상해없음,보행자,남,31세,경상
2022042400100381,2022년 4월 24일 20시,일요일,경상북도 경주시 문무대왕면,경상사고,0,0,1,0,차대차 - 기타,기타,건조,맑음,단일로 - 기타,승용,남,56세,상해없음,승용,여,40세,경상
2022042400100393,2022년 4월 24일 20시,일요일,경상북도 김천시 아포읍,중상사고,0,1,0,0,차대사람 - 횡단중,안전운전불이행,건조,맑음,단일로 - 기타,이륜,남,57세,상해없음,보행자,여,85세,중상
2022042400100394,2022년 4월 24일 20시,일요일,경상북도 칠곡군 북삼읍,경상사고,0,0,2,0,차대차 - 측면충돌,교차로운행방법위반,건조,맑음,교차로 - 교차로안,승용,남,45세,상해없음,자전거,남,13세,경상
2022042400100396,2022년 4월 24일 20시,일요일,경상북도 포항시 남구 효자동,경상사고,0,0,1,0,차대사람 - 기타,기타,건조,맑음,교차로 - 교차로안,승용,여,64세,상해없음,보행자,여,39세,경상
2022042500100010,2022년 4월 25일 01시,월요일,경상북도 구미시 황상동,사망사고,1,0,0,0,차대사람 - 기타,안전운전불이행,건조,맑음,단일로 - 기타,승용,남,57세,상해없음,보행자,남,52세,사망
2022042500100025,2022년 4월 25일 04시,월요일,경상북도 구미시 도량동,부상신고사고,0,0,0,1,차량단독 - 공작물충돌,안전운전불이행,건조,맑음,교차로 - 교차로안,이륜,남,16세,부상신고,,,,
2022042500100037,2022년 4월 25일 05시,월요일,경상북도 포항시 남구 송내동,경상사고,0,0,1,0,차대차 - 측면충돌,안전운전불이행,건조,맑음,단일로 - 기타,이륜,남,73세,기타불명,자전거,남,46세,경상
2022042500100048,2022년 4월 25일 06시,월요일,경상북도 의성군 금성면,경상사고,0,0,2,0,차대차 - 측면충돌,안전운전불이행,건조,맑음,단일로 - 기타,화물,여,68세,경상,승용,남,77세,경상
2022042500100072,2022년 4월 25일 07시,월요일,경상북도 경주시 성건동,경상사고,0,0,1,0,차대차 - 측면충돌,안전운전불이행,건조,맑음,교차로 - 교차로안,승용,남,22세,상해없음,자전거,여,73세,경상
2022042500100104,2022년 4월 25일 08시,월요일,경상북도 김천시 성내동,경상사고,0,0,1,0,차대차 - 측면충돌,교차로운행방법위반,건조,맑음,교차로 - 교차로안,화물,남,47세,상해없음,자전거,여,32세,경상
2022042500100105,2022년 4월 25일 08시,월요일,경상북도 구미시 고아읍,경상사고,0,0,1,0,차대차 - 추돌,안전운전불이행,건조,맑음,단일로 - 기타,승용,여,32세,상해없음,승용,남,29세,경상
2022042500100106,2022년 4월 25일 08시,월요일,경상북도 구미시 임수동,경상사고,0,0,2,0,차대차 - 추돌,안전운전불이행,건조,맑음,단일로 - 교량,화물,남,28세,상해없음,화물,남,43세,경상
2022042500100107,2022년 4월 25일 08시,월요일,경상북도 포항시 남구 대송면,경상사고,0,0,2,0,차대차 - 측면충돌,안전운전불이행,건조,맑음,교차로 - 교차로안,승용,여,62세,경상,승용,여,49세,경상
2022042500100136,2022년 4월 25일 09시,월요일,경상북도 영천시 완산동,경상사고,0,0,1,0,차대차 - 후진중충돌,안전운전불이행,건조,맑음,단일로 - 기타,승용,남,58세,상해없음,승용,남,50세,경상
2022042500100137,2022년 4월 25일 09시,월요일,경상북도 구미시 도량동,경상사고,0,0,1,0,차대사람 - 횡단중,신호위반,건조,맑음,교차로 - 교차로안,승용,여,53세,상해없음,보행자,여,19세,경상
2022042500100165,2022년 4월 25일 10시,월요일,경상북도 포항시 북구 득량동,경상사고,0,0,1,0,차대차 - 측면충돌,안전운전불이행,건조,맑음,기타 - 기타,승용,여,44세,상해없음,승용,남,30세,경상
2022042500100166,2022년 4월 25일 10시,월요일,경상북도 포항시 남구 상도동,경상사고,0,0,1,0,차대차 - 측면충돌,중앙선침범,건조,맑음,단일로 - 기타,자전거,남,65세,경상,특수,남,32세,상해없음
2022042500100195,2022년 4월 25일 11시,월요일,경상북도 상주시 남장동,중상사고,0,1,0,0,차대차 - 측면충돌,안전운전불이행,건조,맑음,단일로 - 기타,승용,남,76세,상해없음,자전거,남,76세,중상
2022042500100196,2022년 4월 25일 11시,월요일,경상북도 포항시 남구 해도동,경상사고,0,0,2,0,차대차 - 기타,교차로운행방법위반,건조,맑음,교차로 - 교차로안,승용,남,67세,기타불명,승용,남,38세,경상
2022042500100229,2022년 4월 25일 12시,월요일,경상북도 포항시 북구 양덕동,경상사고,0,0,1,0,차대차 - 측면충돌,직진우회전진행방해,건조,맑음,교차로 - 교차로안,승용,남,22세,상해없음,승용,남,66세,경상
2022042500100230,2022년 4월 25일 12시,월요일,경상북도 포항시 북구 청하면,경상사고,0,0,5,0,차대차 - 추돌,안전운전불이행,건조,맑음,기타 - 기타,화물,남,53세,경상,승용,여,58세,경상
2022042500100231,2022년 4월 25일 12시,월요일,경상북도 포항시 남구 대도동,부상신고사고,0,0,0,1,차대사람 - 차도통행중,안전운전불이행,건조,맑음,단일로 - 지하차도(도로)내,승용,여,32세,상해없음,보행자,남,71세,부상신고
2022042500100232,2022년 4월 25일 12시,월요일,경상북도 포항시 남구 상도동,경상사고,0,0,1,0,차대차 - 측면충돌,안전운전불이행,건조,맑음,단일로 - 기타,승용,여,58세,경상,화물,남,38세,상해없음
2022042500100299,2022년 4월 25일 14시,월요일,경상북도 경주시 성동동,중상사고,0,1,0,0,차대차 - 측면충돌,직진우회전진행방해,건조,맑음,교차로 - 교차로안,승용,남,83세,상해없음,승용,여,57세,중상
2022042500100300,2022년 4월 25일 14시,월요일,경상북도 경산시 대동,경상사고,0,0,1,0,차대차 - 기타,안전운전불이행,건조,맑음,단일로 - 기타,승용,남,77세,상해없음,이륜,남,24세,경상
2022042500100301,2022년 4월 25일 14시,월요일,경상북도 영덕군 영덕읍,경상사고,0,0,3,0,차대차 - 측면충돌,안전운전불이행,건조,맑음,단일로 - 기타,승용,남,69세,경상,승합,남,60세,경상
2022042500100302,2022년 4월 25일 14시,월요일,경상북도 구미시 옥계동,부상신고사고,0,0,0,1,차대사람 - 보도통행중,안전운전불이행,건조,맑음,기타 - 기타,자전거,기타불명,미분류,기타불명,보행자,여,7세,부상신고
2022042500100303,2022년 4월 25일 14시,월요일,경상북도 영천시 신기동,중상사고,0,2,0,0,차대차 - 후진중충돌,중앙선침범,건조,맑음,단일로 - 기타,승용,여,55세,중상,화물,남,38세,중상
2022042500100348,2022년 4월 25일 15시,월요일,경상북도 칠곡군 기산면,부상신고사고,0,0,0,1,차량단독 - 공작물충돌,안전운전불이행,건조,맑음,단일로 - 기타,승용,남,49세,부상신고,,,,
2022042500100396,2022년 4월 25일 16시,월요일,경상북도 경산시 백천동,경상사고,0,0,1,0,차대사람 - 횡단중,보행자보호의무위반,건조,맑음,교차로 - 교차로횡단보도내,승용,남,59세,상해없음,보행자,여,12세,경상
2022042500100397,2022년 4월 25일 16시,월요일,경상북도 포항시 남구 해도동,중상사고,0,1,6,0,차대차 - 추돌,안전운전불이행,건조,맑음,교차로 - 교차로부근,승합,남,49세,상해없음,승합,남,64세,경상
2022042500100442,2022년 4월 25일 17시,월요일,경상북도 청도군 풍각면,경상사고,0,0,1,0,차대사람 - 기타,안전운전불이행,건조,맑음,단일로 - 기타,승용,여,40세,상해없음,보행자,여,76세,경상
2022042500100476,2022년 4월 25일 18시,월요일,경상북도 경주시 건천읍,경상사고,0,0,2,0,차대차 - 측면충돌,안전운전불이행,건조,맑음,단일로 - 기타,승용,여,31세,경상,승용,여,50세,경상
2022042500100477,2022년 4월 25일 18시,월요일,경상북도 청도군 각남면,중상사고,0,1,0,0,차대차 - 측면충돌,교차로운행방법위반,건조,맑음,교차로 - 교차로안,승용,여,65세,상해없음,이륜,여,63세,중상
2022042500100516,2022년 4월 25일 19시,월요일,경상북도 포항시 북구 죽도동,중상사고,0,1,0,0,차대사람 - 횡단중,보행자보호의무위반,건조,맑음,단일로 - 기타,승용,남,53세,상해없음,보행자,남,64세,중상
2022042500100517,2022년 4월 25일 19시,월요일,경상북도 구미시 광평동,경상사고,0,0,1,0,차대차 - 측면충돌,교차로운행방법위반,건조,맑음,교차로 - 교차로안,승용,여,53세,상해없음,특수,남,38세,경상
2022042500100547,2022년 4월 25일 20시,월요일,경상북도 구미시 산동읍,경상사고,0,0,1,0,차대차 - 기타,안전운전불이행,건조,맑음,교차로 - 교차로안,승용,여,35세,기타불명,승용,남,32세,경상
2022042500100548,2022년 4월 25일 20시,월요일,경상북도 포항시 남구 오천읍,경상사고,0,0,1,0,차대사람 - 길가장자리구역통행중,안전운전불이행,건조,맑음,교차로 - 교차로안,승용,여,39세,상해없음,보행자,여,53세,경상
2022042500100574,2022년 4월 25일 21시,월요일,경상북도 김천시 평화동,중상사고,0,1,0,0,차대사람 - 횡단중,안전운전불이행,건조,맑음,교차로 - 교차로안,승용,남,51세,상해없음,보행자,남,59세,중상
2022042500100575,2022년 4월 25일 21시,월요일,경상북도 구미시 황상동,중상사고,0,1,0,0,차대사람 - 기타,안전운전불이행,건조,맑음,단일로 - 기타,승용,여,47세,상해없음,보행자,여,42세,중상
2022042500100594,2022년 4월 25일 22시,월요일,경상북도 구미시 산동읍,경상사고,0,0,1,0,차대차 - 측면충돌,안전운전불이행,젖음/습기,비,단일로 - 기타,승용,남,56세,기타불명,이륜,남,39세,경상
2022042500100613,2022년 4월 25일 23시,월요일,경상북도 경주시 외동읍,경상사고,0,0,1,0,차대차 - 정면충돌,신호위반,건조,맑음,교차로 - 교차로안,승용,남,67세,상해없음,승용,남,21세,경상
2022042500100614,2022년 4월 25일 23시,월요일,경상북도 칠곡군 석적읍,부상신고사고,0,0,0,1,차대차 - 추돌,안전운전불이행,건조,맑음,교차로 - 교차로부근,승용,남,34세,상해없음,승용,남,44세,부상신고
2022042600100013,2022년 4월 26일 00시,화요일,경상북도 상주시 가장동,경상사고,0,0,1,0,차량단독 - 공작물충돌,안전운전불이행,건조,맑음,교차로 - 교차로안,화물,남,61세,경상,,,,
2022042600100042,2022년 4월 26일 02시,화요일,경상북도 포항시 남구 오천읍,사망사고,1,0,0,0,차대사람 - 횡단중,안전운전불이행,젖음/습기,비,단일로 - 기타,승용,남,56세,상해없음,보행자,남,25세,사망
2022042600100047,2022년 4월 26일 03시,화요일,경상북도 경주시 충효동,사망사고,1,0,0,0,차량단독 - 공작물충돌,안전운전불이행,젖음/습기,비,단일로 - 기타,승용,남,42세,사망,,,,
2022042600100059,2022년 4월 26일 05시,화요일,경상북도 영주시 문정동,중상사고,0,1,0,0,차대차 - 측면충돌,중앙선침범,젖음/습기,비,단일로 - 기타,승용,남,65세,중상,건설기계,남,65세,상해없음
2022042600100069,2022년 4월 26일 06시,화요일,경상북도 포항시 남구 동촌동,경상사고,0,0,1,0,차대차 - 추돌,안전운전불이행,젖음/습기,비,교차로 - 교차로부근,화물,남,55세,상해없음,승용,남,50세,경상
2022042600100090,2022년 4월 26일 07시,화요일,경상북도 구미시 공단동,경상사고,0,0,1,0,차대차 - 측면충돌,안전운전불이행,건조,맑음,교차로 - 교차로안,승용,남,33세,상해없음,승용,여,30세,경상
2022042600100091,2022년 4월 26일 07시,화요일,경상북도 포항시 남구 대송면,경상사고,0,0,1,0,차대차 - 측면충돌,안전운전불이행,건조,맑음,단일로 - 기타,건설기계,남,53세,상해없음,승용,남,39세,경상
2022042600100120,2022년 4월 26일 08시,화요일,경상북도 경산시 사정동,경상사고,0,0,1,0,차대사람 - 횡단중,안전운전불이행,젖음/습기,비,단일로 - 기타,승용,여,33세,상해없음,보행자,여,31세,경상
2022042600100121,2022년 4월 26일 08시,화요일,경상북도 구미시 신평동,경상사고,0,0,1,0,차대차 - 측면충돌,안전거리미확보,건조,맑음,교차로 - 교차로부근,특수,남,61세,상해없음,승용,여,56세,경상
2022042600100169,2022년 4월 26일 09시,화요일,경상북도 포항시 북구 대흥동,경상사고,0,0,1,0,차대사람 - 횡단중,안전운전불이행,건조,맑음,교차로 - 교차로안,화물,남,68세,상해없음,보행자,남,83세,경상
2022042600100170,2022년 4월 26일 09시,화요일,경상북도 구미시 원평동,경상사고,0,0,2,0,차대차 - 기타,교차로운행방법위반,젖음/습기,비,교차로 - 교차로안,승용,여,60세,경상,이륜,남,68세,경상
2022042600100205,2022년 4월 26일 10시,화요일,경상북도 안동시 대석동,중상사고,0,1,0,0,차대사람 - 기타,보행자보호의무위반,젖음/습기,비,교차로 - 교차로횡단보도내,승용,여,68세,상해없음,보행자,여,72세,중상
2022042600100206,2022년 4월 26일 10시,화요일,경상북도 칠곡군 왜관읍,경상사고,0,0,1,0,차대차 - 추돌,안전운전불이행,건조,맑음,단일로 - 지하차도(도로)내,승용,남,57세,상해없음,승용,여,55세,경상
2022042600100207,2022년 4월 26일 10시,화요일,경상북도 문경시 호계면,경상사고,0,0,1,0,차대차 - 정면충돌,안전운전불이행,젖음/습기,비,단일로 - 기타,건설기계,남,57세,상해없음,승용,여,35세,경상
2022042600100238,2022년 4월 26일 11시,화요일,경상북도 안동시 태화동,중상사고,0,1,0,0,차대사람 - 기타,안전운전불이행,젖음/습기,흐림,단일로 - 기타,화물,남,32세,상해없음,보행자,남,38세,중상
2022042600100239,2022년 4월 26일 11시,화요일,경상북도 영덕군 영해면,중상사고,0,1,0,0,차대사람 - 차도통행중,안전운전불이행,건조,맑음,교차로 - 교차로안,승용,여,47세,상해없음,보행자,여,39세,중상
2022042600100240,2022년 4월 26일 11시,화요일,경상북도 구미시 선산읍,중상사고,0,1,0,1,차대차 - 측면충돌,교차로운행방법위반,젖음/습기,비,교차로 - 교차로안,승용,여,20세,부상신고,이륜,남,46세,중상
2022042600100266,2022년 4월 26일 12시,화요일,경상북도 칠곡군 북삼읍,경상사고,0,0,1,0,차대차 - 기타,안전운전불이행,젖음/습기,비,단일로 - 기타,승용,여,37세,상해없음,승용,남,46세,기타불명
2022042600100267,2022년 4월 26일 12시,화요일,경상북도 문경시 문경읍,경상사고,0,0,1,0,차량단독 - 전도전복 - 전도,안전운전불이행,건조,맑음,단일로 - 기타,이륜,남,78세,경상,,,,
2022042600100268,2022년 4월 26일 12시,화요일,경상북도 구미시 지산동,부상신고사고,0,0,0,1,차량단독 - 전도전복 - 전도,안전운전불이행,젖음/습기,비,단일로 - 기타,이륜,남,64세,부상신고,,,,
2022042600100293,2022년 4월 26일 13시,화요일,경상북도 김천시 용두동,경상사고,0,0,1,0,차대차 - 측면충돌,교차로운행방법위반,건조,흐림,교차로 - 교차로안,승용,남,44세,상해없음,승용,남,51세,경상
2022042600100294,2022년 4월 26일 13시,화요일,경상북도 칠곡군 가산면,경상사고,0,0,1,0,차대차 - 정면충돌,중앙선침범,젖음/습기,흐림,단일로 - 기타,승용,여,47세,상해없음,화물,남,61세,경상
2022042600100295,2022년 4월 26일 13시,화요일,경상북도 칠곡군 왜관읍,경상사고,0,0,1,0,차대차 - 추돌,안전운전불이행,건조,흐림,교차로 - 교차로부근,승용,남,72세,상해없음,승용,여,53세,경상
2022042600100296,2022년 4월 26일 13시,화요일,경상북도 경산시 백천동,경상사고,0,0,1,0,차대차 - 측면충돌,안전운전불이행,건조,맑음,기타 - 기타,승용,남,28세,상해없음,화물,남,30세,경상
2022042600100297,2022년 4월 26일 13시,화요일,경상북도 구미시 황상동,중상사고,0,1,0,0,차대사람 - 횡단중,안전운전불이행,건조,맑음,교차로 - 교차로안,화물,남,58세,상해없음,보행자,여,44세,중상
2022042600100326,2022년 4월 26일 14시,화요일,경상북도 청도군 이서면,경상사고,0,0,1,0,차대차 - 추돌,안전운전불이행,건조,맑음,교차로 - 교차로부근,화물,남,68세,상해없음,승용,여,37세,경상
2022042600100327,2022년 4월 26일 14시,화요일,경상북도 고령군 성산면,경상사고,0,0,1,0,차대차 - 기타,중앙선침범,건조,맑음,단일로 - 기타,승용,남,65세,상해없음,화물,남,65세,상해없음
2022042600100328,2022년 4월 26일 14시,화요일,경상북도 고령군 대가야읍,경상사고,0,0,2,0,차대차 - 추돌,안전운전불이행,건조,맑음,교차로 - 교차로부근,승용,남,62세,상해없음,승용,남,83세,경상
2022042600100352,2022년 4월 26일 15시,화요일,경상북도 경산시 진량읍,경상사고,0,0,1,0,차대차 - 추돌,안전운전불이행,건조,맑음,단일로 - 기타,승용,남,52세,상해없음,이륜,남,22세,경상
2022042600100382,2022년 4월 26일 16시,화요일,경상북도 칠곡군 북삼읍,경상사고,0,0,2,1,차대차 - 측면충돌,직진우회전진행방해,건조,맑음,교차로 - 교차로안,승용,여,58세,부상신고,승용,여,25세,경상
2022042600100411,2022년 4월 26일 17시,화요일,경상북도 김천시 농소면,중상사고,0,1,0,0,차대차 - 측면충돌,교차로운행방법위반,건조,맑음,교차로 - 교차로안,승용,남,61세,상해없음,농기계,남,79세,중상
2022042600100413,2022년 4월 26일 17시,화요일,경상북도 상주시 사벌국면,경상사고,0,0,1,0,차대차 - 추돌,안전운전불이행,건조,맑음,교차로 - 교차로부근,화물,남,33세,상해없음,농기계,남,66세,경상
2022042600100445,2022년 4월 26일 18시,화요일,경상북도 경주시 동천동,중상사고,0,1,0,0,차대차 - 측면충돌,안전운전불이행,건조,맑음,교차로 - 교차로안,승용,여,29세,상해없음,원동기,남,49세,중상
2022042600100469,2022년 4월 26일 19시,화요일,경상북도 의성군 금성면,중상사고,0,1,0,0,차대사람 - 길가장자리구역통행중,안전운전불이행,건조,맑음,단일로 - 기타,화물,남,61세,상해없음,보행자,여,57세,중상
2022042600100536,2022년 4월 26일 22시,화요일,경상북도 구미시 옥계동,사망사고,1,0,0,0,차량단독 - 공작물충돌,중앙선침범,건조,맑음,교차로 - 교차로부근,이륜,남,60세,사망,,,,
2022042700100031,2022년 4월 27일 04시,수요일,경상북도 영덕군 강구면,중상사고,0,1,0,0,차대차 - 측면충돌,안전거리미확보,건조,맑음,단일로 - 기타,화물,남,61세,상해없음,화물,남,63세,중상
2022042700100049,2022년 4월 27일 06시,수요일,경상북도 포항시 북구 흥해읍,경상사고,0,0,1,0,차대차 - 측면충돌,신호위반,건조,맑음,교차로 - 교차로안,건설기계,남,52세,상해없음,화물,남,70세,경상
2022042700100050,2022년 4월 27일 06시,수요일,경상북도 칠곡군 약목면,경상사고,0,0,1,0,차대차 - 측면충돌,신호위반,건조,맑음,교차로 - 교차로안,승용,남,60세,상해없음,화물,남,64세,경상
2022042700100076,2022년 4월 27일 07시,수요일,경상북도 경주시 사정동,경상사고,0,0,1,0,차대차 - 측면충돌,신호위반,건조,맑음,교차로 - 교차로안,화물,남,61세,상해없음,화물,남,35세,경상
2022042700100077,2022년 4월 27일 07시,수요일,경상북도 구미시 상모동,경상사고,0,0,1,0,차대사람 - 횡단중,보행자보호의무위반,건조,맑음,교차로 - 교차로안,승용,남,33세,상해없음,보행자,여,58세,경상
2022042700100113,2022년 4월 27일 08시,수요일,경상북도 상주시 이안면,중상사고,0,1,0,0,차대차 - 측면충돌,안전운전불이행,건조,맑음,단일로 - 기타,승용,여,57세,상해없음,이륜,남,79세,중상
2022042700100114,2022년 4월 27일 08시,수요일,경상북도 예천군 호명면,경상사고,0,0,1,0,차대차 - 측면충돌,안전거리미확보,건조,맑음,단일로 - 기타,승용,남,47세,상해없음,승용,여,59세,경상
2022042700100115,2022년 4월 27일 08시,수요일,경상북도 구미시 임수동,경상사고,0,0,1,0,차대차 - 기타,안전운전불이행,건조,맑음,교차로 - 교차로안,승용,남,61세,상해없음,승용,남,50세,경상
2022042700100146,2022년 4월 27일 09시,수요일,경상북도 포항시 북구 환호동,중상사고,0,1,0,0,차대사람 - 횡단중,신호위반,건조,맑음,단일로 - 기타,승용,남,56세,상해없음,보행자,남,31세,중상
2022042700100147,2022년 4월 27일 09시,수요일,경상북도 의성군 의성읍,중상사고,0,1,0,0,차량단독 - 공작물충돌,안전운전불이행,건조,맑음,교차로 - 교차로부근,이륜,남,81세,중상,,,,
2022042700100148,2022년 4월 27일 09시,수요일,경상북도 영천시 금호읍,중상사고,0,1,0,0,차대사람 - 횡단중,보행자보호의무위반,건조,맑음,교차로 - 교차로횡단보도내,승용,여,56세,상해없음,보행자,여,67세,중상
2022042700100149,2022년 4월 27일 09시,수요일,경상북도 구미시 형곡동,경상사고,0,0,2,0,차대차 - 기타,안전운전불이행,건조,맑음,단일로 - 기타,승용,여,60세,상해없음,승용,남,26세,경상
2022042700100180,2022년 4월 27일 10시,수요일,경상북도 경주시 성동동,부상신고사고,0,0,0,2,차대차 - 기타,중앙선침범,건조,맑음,교차로 - 교차로부근,승용,여,56세,상해없음,승용,여,35세,부상신고
2022042700100181,2022년 4월 27일 10시,수요일,경상북도 포항시 북구 죽도동,경상사고,0,0,2,0,차대차 - 추돌,안전거리미확보,건조,맑음,교차로 - 교차로안,승용,남,59세,상해없음,승용,남,64세,경상
2022042700100182,2022년 4월 27일 10시,수요일,경상북도 포항시 북구 흥해읍,중상사고,0,1,0,0,차대사람 - 횡단중,안전운전불이행,건조,맑음,단일로 - 기타,화물,여,57세,상해없음,보행자,여,78세,중상
2022042700100183,2022년 4월 27일 10시,수요일,경상북도 경산시 조영동,경상사고,0,0,2,0,차대사람 - 기타,안전운전불이행,건조,맑음,교차로 - 교차로부근,승용,여,31세,경상,보행자,여,26세,경상
2022042700100184,2022년 4월 27일 10시,수요일,경상북도 영덕군 창수면,중상사고,0,1,0,0,차대차 - 정면충돌,중앙선침범,건조,맑음,교차로 - 교차로안,화물,남,81세,상해없음,이륜,남,74세,중상
2022042700100185,2022년 4월 27일 10시,수요일,경상북도 영덕군 영덕읍,중상사고,0,1,0,0,차대차 - 측면충돌,기타,건조,맑음,단일로 - 기타,화물,남,28세,상해없음,자전거,남,83세,중상
2022042700100206,2022년 4월 27일 11시,수요일,경상북도 경산시 평산동,경상사고,0,0,1,0,차대차 - 정면충돌,안전운전불이행,건조,맑음,교차로 - 교차로안,승용,여,23세,상해없음,승용,남,33세,경상
2022042700100207,2022년 4월 27일 11시,수요일,경상북도 청도군 청도읍,중상사고,0,2,1,0,차대차 - 측면충돌,직진우회전진행방해,건조,맑음,교차로 - 교차로안,승용,남,74세,상해없음,승용,남,48세,경상
2022042700100233,2022년 4월 27일 12시,수요일,경상북도 영덕군 지품면,사망사고,1,0,0,0,차대사람 - 길가장자리구역통행중,안전운전불이행,건조,맑음,단일로 - 기타,화물,남,60세,상해없음,보행자,여,80세,사망
2022042700100269,2022년 4월 27일 13시,수요일,경상북도 포항시 북구 죽도동,중상사고,0,1,0,0,차대사람 - 횡단중,안전운전불이행,건조,맑음,단일로 - 기타,승용,여,66세,상해없음,보행자,남,62세,중상
2022042700100270,2022년 4월 27일 13시,수요일,경상북도 성주군 성주읍,경상사고,0,0,1,0,차대사람 - 길가장자리구역통행중,안전운전불이행,건조,맑음,단일로 - 기타,승용,여,66세,상해없음,보행자,남,65세,경상
2022042700100271,2022년 4월 27일 13시,수요일,경상북도 포항시 남구 인덕동,경상사고,0,0,1,0,차대사람 - 기타,기타,건조,맑음,단일로 - 기타,승합,남,52세,상해없음,보행자,여,80세,경상
2022042700100307,2022년 4월 27일 14시,수요일,경상북도 김천시 삼락동,경상사고,0,0,1,0,차량단독 - 기타,교차로운행방법위반,건조,맑음,교차로 - 교차로안,승합,남,50세,상해없음,,,,
2022042700100308,2022년 4월 27일 14시,수요일,경상북도 영천시 청통면,경상사고,0,0,1,0,차량단독 - 도로외이탈 - 추락,안전운전불이행,건조,맑음,단일로 - 기타,건설기계,남,62세,경상,,,,