사고번호,사고일시,요일,시군구,사고내용,사망자수,중상자수,경상자수,부상신고자수,사고유형,법규위반,노면상태,기상상태,도로형태,가해운전자 차종,가해운전자 성별,가해운전자 연령,가해운전자 상해정도,피해운전자 차종,피해운전자 성별,피해운전자 연령,피해운전자 상해정도
2022050600100042,2022년 5월 6일 06시,금요일,경상북도 구미시 옥계동,경상사고,0,0,1,0,차대차 - 측면충돌,안전운전불이행,건조,맑음,주차장 - 주차장,승용,남,31세,상해없음,승용,여,52세,경상
2022050600100058,2022년 5월 6일 07시,금요일,경상북도 구미시 공단동,중상사고,0,1,0,0,차대차 - 기타,안전운전불이행,건조,맑음,단일로 - 기타,승용,남,32세,상해없음,자전거,남,38세,중상
2022050600100085,2022년 5월 6일 08시,금요일,경상북도 상주시 화동면,경상사고,0,0,1,0,차대차 - 측면충돌,교차로운행방법위반,건조,맑음,교차로 - 교차로안,승용,여,59세,경상,건설기계,남,54세,상해없음
2022050600100086,2022년 5월 6일 08시,금요일,경상북도 포항시 남구 해도동,경상사고,0,0,1,0,차대차 - 측면충돌,안전운전불이행,건조,맑음,단일로 - 지하차도(도로)내,승용,여,51세,상해없음,승합,남,52세,상해없음
2022050600100119,2022년 5월 6일 09시,금요일,경상북도 의성군 의성읍,중상사고,0,1,0,0,차대차 - 측면충돌,안전거리미확보,건조,맑음,단일로 - 기타,원동기,남,65세,중상,화물,남,57세,상해없음
2022050600100120,2022년 5월 6일 09시,금요일,경상북도 칠곡군 왜관읍,경상사고,0,0,2,0,차대차 - 측면충돌,교차로운행방법위반,건조,맑음,교차로 - 교차로안,승용,남,20세,상해없음,승용,여,47세,경상
2022050600100153,2022년 5월 6일 10시,금요일,경상북도 안동시 옥동,중상사고,0,1,0,1,차대차 - 기타,안전운전불이행,건조,맑음,교차로 - 교차로안,개인형이동수단(PM),여,70세,부상신고,이륜,남,42세,중상
2022050600100154,2022년 5월 6일 10시,금요일,경상북도 안동시 용상동,중상사고,0,1,0,0,차대차 - 정면충돌,안전운전불이행,건조,맑음,교차로 - 교차로안,승용,여,46세,상해없음,자전거,여,82세,중상
2022050600100155,2022년 5월 6일 10시,금요일,경상북도 고령군 우곡면,경상사고,0,0,1,0,차대차 - 측면충돌,신호위반,건조,맑음,교차로 - 교차로안,승용,남,66세,상해없음,화물,남,55세,경상
2022050600100197,2022년 5월 6일 11시,금요일,경상북도 의성군 단북면,중상사고,0,1,0,0,차대사람 - 차도통행중,안전운전불이행,건조,맑음,단일로 - 기타,승용,남,67세,상해없음,보행자,여,80세,중상
2022050600100198,2022년 5월 6일 11시,금요일,경상북도 경산시 자인면,경상사고,0,0,1,0,차대차 - 측면충돌,교차로운행방법위반,건조,맑음,교차로 - 교차로안,화물,남,57세,상해없음,화물,남,64세,경상
2022050600100243,2022년 5월 6일 12시,금요일,경상북도 포항시 북구 동빈1가,경상사고,0,0,1,0,차대차 - 정면충돌,중앙선침범,건조,맑음,단일로 - 기타,승용,남,28세,상해없음,이륜,남,49세,경상
2022050600100244,2022년 5월 6일 12시,금요일,경상북도 청도군 풍각면,경상사고,0,0,1,0,차대사람 - 기타,안전운전불이행,건조,맑음,기타 - 기타,승용,여,49세,상해없음,보행자,여,78세,경상
2022050600100278,2022년 5월 6일 13시,금요일,경상북도 상주시 청리면,사망사고,1,0,0,0,차대차 - 추돌,안전운전불이행,건조,맑음,단일로 - 기타,건설기계,남,58세,상해없음,승용,남,55세,사망
2022050600100279,2022년 5월 6일 13시,금요일,경상북도 봉화군 명호면,경상사고,0,0,1,0,차대차 - 측면충돌,안전운전불이행,건조,맑음,단일로 - 기타,승용,남,72세,경상,화물,남,60세,상해없음
2022050600100280,2022년 5월 6일 13시,금요일,경상북도 청도군 화양읍,경상사고,0,0,1,0,차대차 - 측면충돌,안전운전불이행,건조,맑음,교차로 - 교차로안,이륜,남,41세,상해없음,승용,여,65세,경상
2022050600100322,2022년 5월 6일 14시,금요일,경상북도 안동시 풍산읍,중상사고,0,1,1,0,차대차 - 측면충돌,안전운전불이행,건조,맑음,교차로 - 교차로안,이륜,남,72세,중상,승용,여,51세,경상
2022050600100323,2022년 5월 6일 14시,금요일,경상북도 김천시 응명동,중상사고,0,1,0,0,차대차 - 측면충돌,교차로운행방법위반,건조,맑음,교차로 - 교차로안,승용,남,70세,상해없음,승용,여,65세,중상
2022050600100324,2022년 5월 6일 14시,금요일,경상북도 포항시 남구 오천읍,경상사고,0,0,1,0,차대차 - 측면충돌,안전운전불이행,건조,맑음,단일로 - 기타,승용,남,36세,상해없음,이륜,남,17세,경상
2022050600100417,2022년 5월 6일 16시,금요일,경상북도 포항시 북구 장성동,중상사고,0,1,0,0,차대차 - 정면충돌,안전운전불이행,건조,맑음,교차로 - 교차로안,승용,여,72세,상해없음,이륜,남,23세,중상
2022050600100418,2022년 5월 6일 16시,금요일,경상북도 상주시 공검면,부상신고사고,0,0,0,1,차량단독 - 전도전복 - 전도,안전운전불이행,건조,맑음,단일로 - 기타,이륜,남,65세,부상신고,,,,
2022050600100419,2022년 5월 6일 16시,금요일,경상북도 구미시 신평동,중상사고,0,1,0,0,차대차 - 기타,안전운전불이행,건조,맑음,교차로 - 교차로안,이륜,남,70세,중상,승용,남,72세,상해없음
2022050600100465,2022년 5월 6일 17시,금요일,경상북도 포항시 북구 용흥동,중상사고,0,1,0,0,차대차 - 측면충돌,안전운전불이행,건조,맑음,교차로 - 교차로안,자전거,남,23세,중상,승용,남,62세,상해없음
2022050600100466,2022년 5월 6일 17시,금요일,경상북도 울진군 울진읍,중상사고,0,1,1,0,차량단독 - 공작물충돌,안전운전불이행,건조,맑음,단일로 - 기타,승용,남,48세,경상,,,,
2022050600100524,2022년 5월 6일 18시,금요일,경상북도 의성군 의성읍,경상사고,0,0,1,0,차대차 - 측면충돌,신호위반,건조,맑음,교차로 - 교차로안,승용,남,81세,상해없음,승용,남,46세,상해없음
2022050600100525,2022년 5월 6일 18시,금요일,경상북도 칠곡군 북삼읍,경상사고,0,0,1,0,차대차 - 기타,안전운전불이행,건조,맑음,교차로 - 교차로부근,승용,남,50세,상해없음,원동기,남,24세,경상
2022050600100526,2022년 5월 6일 18시,금요일,경상북도 구미시 구평동,경상사고,0,0,1,0,차대사람 - 기타,안전운전불이행,건조,맑음,단일로 - 기타,승용,여,48세,상해없음,보행자,여,30세,경상
2022050600100569,2022년 5월 6일 19시,금요일,경상북도 포항시 남구 동해면,경상사고,0,0,2,0,차대차 - 측면충돌,직진우회전진행방해,건조,맑음,교차로 - 교차로안,승용,남,39세,경상,이륜,남,34세,경상
2022050600100595,2022년 5월 6일 20시,금요일,경상북도 구미시 송정동,경상사고,0,0,1,0,차대차 - 정면충돌,신호위반,건조,맑음,교차로 - 교차로안,승용,여,42세,상해없음,승용,남,40세,경상
2022050600100623,2022년 5월 6일 21시,금요일,경상북도 김천시 신음동,경상사고,0,0,1,0,차대사람 - 횡단중,보행자보호의무위반,건조,맑음,교차로 - 교차로횡단보도내,이륜,남,28세,상해없음,보행자,남,26세,경상
2022050600100624,2022년 5월 6일 21시,금요일,경상북도 영주시 휴천동,중상사고,0,1,0,0,차대사람 - 기타,보행자보호의무위반,건조,맑음,교차로 - 교차로부근,승용,남,65세,상해없음,보행자,남,52세,중상
2022050600100625,2022년 5월 6일 21시,금요일,경상북도 청송군 청송읍,부상신고사고,0,0,0,1,차대차 - 측면충돌,안전운전불이행,건조,맑음,단일로 - 지하차도(도로)내,승용,남,65세,부상신고,화물,여,51세,기타불명
2022050700100016,2022년 5월 7일 01시,토요일,경상북도 예천군 호명면,경상사고,0,0,1,0,차대차 - 측면충돌,기타,건조,맑음,교차로 - 교차로안,승용,남,30세,경상,승용,남,35세,상해없음
2022050700100022,2022년 5월 7일 02시,토요일,경상북도 안동시 태화동,경상사고,0,0,1,0,차대차 - 측면충돌,기타,건조,맑음,교차로 - 교차로안,자전거,여,30세,경상,승용,여,63세,상해없음
2022050700100063,2022년 5월 7일 07시,토요일,경상북도 상주시 모동면,중상사고,0,1,0,0,차대차 - 측면충돌,교차로운행방법위반,건조,맑음,교차로 - 교차로안,원동기,남,32세,중상,화물,여,57세,상해없음
2022050700100114,2022년 5월 7일 10시,토요일,경상북도 영주시 상줄동,경상사고,0,0,2,0,차대차 - 추돌,안전운전불이행,건조,맑음,교차로 - 교차로부근,화물,남,55세,상해없음,승용,여,61세,경상
2022050700100115,2022년 5월 7일 10시,토요일,경상북도 봉화군 명호면,경상사고,0,0,2,0,차대차 - 정면충돌,안전운전불이행,건조,맑음,교차로 - 교차로부근,승용,남,70세,상해없음,화물,남,45세,상해없음
2022050700100116,2022년 5월 7일 10시,토요일,경상북도 포항시 남구 대도동,경상사고,0,0,1,0,차대차 - 기타,안전운전불이행,건조,맑음,단일로 - 지하차도(도로)내,승용,남,67세,상해없음,승용,남,51세,경상
2022050700100145,2022년 5월 7일 11시,토요일,경상북도 영덕군 강구면,경상사고,0,0,2,0,차대차 - 측면충돌,직진우회전진행방해,건조,맑음,교차로 - 교차로안,화물,남,63세,경상,승용,여,48세,경상
2022050700100146,2022년 5월 7일 11시,토요일,경상북도 청도군 화양읍,경상사고,0,0,4,0,차대차 - 측면충돌,안전운전불이행,건조,맑음,교차로 - 교차로안,승용,여,57세,상해없음,승용,여,49세,경상
2022050700100184,2022년 5월 7일 12시,토요일,경상북도 포항시 남구 연일읍,경상사고,0,0,2,0,차대차 - 측면충돌,안전운전불이행,건조,맑음,교차로 - 교차로안,승용,남,56세,상해없음,원동기,남,76세,경상
2022050700100229,2022년 5월 7일 13시,토요일,경상북도 청도군 각북면,경상사고,0,0,1,0,차량단독 - 기타,안전운전불이행,건조,맑음,단일로 - 기타,자전거,남,26세,경상,,,,
2022050700100272,2022년 5월 7일 14시,토요일,경상북도 영주시 하망동,경상사고,0,0,1,0,차대차 - 추돌,안전운전불이행,건조,맑음,교차로 - 교차로부근,승용,여,26세,상해없음,이륜,남,28세,경상
2022050700100310,2022년 5월 7일 15시,토요일,경상북도 경산시 와촌면,중상사고,0,1,0,0,차대차 - 추돌,안전운전불이행,건조,맑음,단일로 - 기타,승용,남,30세,상해없음,승용,여,50세,상해없음
2022050700100346,2022년 5월 7일 16시,토요일,경상북도 포항시 북구 장성동,경상사고,0,0,1,0,차대차 - 추돌,안전운전불이행,건조,맑음,교차로 - 교차로안,승용,남,45세,상해없음,승용,남,70세,경상
2022050700100347,2022년 5월 7일 16시,토요일,경상북도 경산시 중방동,경상사고,0,0,1,0,차대차 - 측면충돌,안전운전불이행,건조,맑음,단일로 - 기타,승용,여,25세,상해없음,승용,여,53세,경상
2022050700100348,2022년 5월 7일 16시,토요일,경상북도 구미시 산동읍,경상사고,0,0,2,0,차대차 - 기타,신호위반,건조,맑음,교차로 - 교차로안,화물,남,72세,상해없음,승용,남,28세,경상
2022050700100389,2022년 5월 7일 17시,토요일,경상북도 안동시 용상동,경상사고,0,0,1,0,차대차 - 추돌,안전운전불이행,건조,맑음,단일로 - 교량,화물,남,52세,상해없음,승용,여,59세,경상
2022050700100390,2022년 5월 7일 17시,토요일,경상북도 청도군 화양읍,경상사고,0,0,2,0,차대차 - 측면충돌,안전운전불이행,건조,맑음,단일로 - 기타,화물,남,81세,상해없음,승용,남,37세,경상
2022050700100456,2022년 5월 7일 19시,토요일,경상북도 포항시 북구 죽도동,중상사고,0,1,0,0,차대사람 - 횡단중,보행자보호의무위반,건조,맑음,교차로 - 교차로횡단보도내,화물,남,72세,상해없음,보행자,남,54세,중상
2022050700100512,2022년 5월 7일 21시,토요일,경상북도 구미시 도량동,중상사고,0,1,0,0,차대사람 - 차도통행중,교차로운행방법위반,건조,맑음,교차로 - 교차로안,승용,여,32세,상해없음,보행자,여,62세,중상
2022050700100523,2022년 5월 7일 22시,토요일,경상북도 영천시 화산면,사망사고,1,0,1,0,차대차 - 추돌,안전운전불이행,건조,맑음,단일로 - 기타,화물,남,44세,상해없음,승용,여,47세,경상
2022050700100541,2022년 5월 7일 23시,토요일,경상북도 경주시 동천동,중상사고,0,1,1,0,차대차 - 측면충돌,안전운전불이행,건조,맑음,교차로 - 교차로부근,승용,남,69세,상해없음,승용,남,62세,중상
2022050800100008,2022년 5월 8일 00시,일요일,경상북도 포항시 북구 중앙동,중상사고,0,1,0,0,차대차 - 측면충돌,안전운전불이행,건조,맑음,단일로 - 기타,승용,여,52세,상해없음,이륜,여,62세,중상
2022050800100053,2022년 5월 8일 06시,일요일,경상북도 경주시 건천읍,경상사고,0,0,1,0,차대차 - 측면충돌,안전운전불이행,건조,맑음,교차로 - 교차로안,승용,남,42세,경상,화물,남,62세,상해없음
2022050800100062,2022년 5월 8일 07시,일요일,경상북도 울진군 북면,중상사고,0,1,0,0,차량단독 - 도로외이탈 - 추락,안전운전불이행,건조,맑음,단일로 - 기타,승용,여,61세,중상,,,,
2022050800100078,2022년 5월 8일 09시,일요일,경상북도 포항시 북구 학잠동,경상사고,0,0,1,0,차대사람 - 차도통행중,안전운전불이행,건조,맑음,교차로 - 교차로안,승용,여,74세,상해없음,보행자,남,60세,경상
2022050800100079,2022년 5월 8일 09시,일요일,경상북도 칠곡군 왜관읍,경상사고,0,0,2,0,차대차 - 측면충돌,직진우회전진행방해,건조,맑음,교차로 - 교차로안,승용,남,50세,상해없음,승용,남,35세,경상
2022050800100080,2022년 5월 8일 09시,일요일,경상북도 포항시 남구 연일읍,경상사고,0,0,4,0,차대차 - 측면충돌,기타,건조,맑음,교차로 - 교차로안,화물,남,41세,경상,승용,남,66세,경상
2022050800100081,2022년 5월 8일 09시,일요일,경상북도 문경시 문경읍,경상사고,0,0,2,0,차대차 - 추돌,안전운전불이행,건조,맑음,단일로 - 터널,승용,남,37세,상해없음,승용,남,46세,경상
2022050800100099,2022년 5월 8일 10시,일요일,경상북도 경주시 시래동,경상사고,0,0,2,0,차대차 - 측면충돌,안전운전불이행,건조,맑음,단일로 - 기타,승용,남,49세,상해없음,승용,남,43세,경상
2022050800100100,2022년 5월 8일 10시,일요일,경상북도 안동시 서후면,경상사고,0,0,4,0,차대차 - 정면충돌,안전운전불이행,건조,맑음,교차로 - 교차로부근,승용,남,64세,경상,승용,남,61세,경상
2022050800100101,2022년 5월 8일 10시,일요일,경상북도 구미시 원평동,경상사고,0,0,1,0,차대차 - 기타,안전운전불이행,건조,맑음,교차로 - 교차로안,이륜,남,56세,경상,승용,남,64세,상해없음
2022050800100122,2022년 5월 8일 11시,일요일,경상북도 안동시 용상동,경상사고,0,0,1,0,차대차 - 측면충돌,교차로운행방법위반,건조,맑음,교차로 - 교차로안,화물,남,69세,상해없음,승용,여,42세,경상
2022050800100123,2022년 5월 8일 11시,일요일,경상북도 포항시 남구 오천읍,경상사고,0,0,2,0,차대차 - 측면충돌,신호위반,건조,맑음,교차로 - 교차로안,승용,여,58세,상해없음,승용,남,46세,경상
2022050800100156,2022년 5월 8일 12시,일요일,경상북도 의성군 사곡면,경상사고,0,0,1,0,차대차 - 측면충돌,안전운전불이행,건조,맑음,단일로 - 기타,승용,남,63세,상해없음,승용,남,31세,경상
2022050800100157,2022년 5월 8일 12시,일요일,경상북도 칠곡군 약목면,경상사고,0,0,1,0,차대차 - 측면충돌,안전운전불이행,건조,맑음,단일로 - 지하차도(도로)내,승용,남,79세,상해없음,이륜,남,81세,상해없음
2022050800100199,2022년 5월 8일 13시,일요일,경상북도 포항시 북구 죽도동,경상사고,0,0,4,0,차대차 - 기타,안전운전불이행,건조,맑음,단일로 - 기타,승용,여,75세,상해없음,승용,여,42세,경상
2022050800100200,2022년 5월 8일 13시,일요일,경상북도 포항시 남구 지곡동,중상사고,0,1,0,0,차량단독 - 공작물충돌,안전운전불이행,건조,맑음,단일로 - 고가도로위,승용,여,67세,중상,,,,
2022050800100232,2022년 5월 8일 14시,일요일,경상북도 구미시 광평동,중상사고,0,1,0,0,차대차 - 정면충돌,중앙선침범,건조,맑음,단일로 - 기타,승용,남,37세,상해없음,승용,남,43세,중상
2022050800100262,2022년 5월 8일 15시,일요일,경상북도 포항시 북구 환호동,경상사고,0,0,1,0,차대차 - 추돌,안전거리미확보,건조,맑음,교차로 - 교차로부근,승용,남,26세,상해없음,승용,남,40세,경상
2022050800100289,2022년 5월 8일 16시,일요일,경상북도 칠곡군 가산면,중상사고,0,1,0,0,차대차 - 정면충돌,신호위반,건조,맑음,교차로 - 교차로안,승용,남,32세,상해없음,승용,남,63세,중상
2022050800100290,2022년 5월 8일 16시,일요일,경상북도 구미시 원평동,중상사고,0,1,0,0,차대사람 - 차도통행중,안전운전불이행,건조,맑음,교차로 - 교차로안,승용,남,49세,상해없음,보행자,남,42세,중상
2022050900100023,2022년 5월 9일 02시,월요일,경상북도 경산시 유곡동,경상사고,0,0,1,0,차대차 - 측면충돌,신호위반,건조,맑음,교차로 - 교차로안,승용,남,46세,상해없음,승용,여,60세,경상
2022050900100033,2022년 5월 9일 05시,월요일,경상북도 칠곡군 석적읍,경상사고,0,0,1,0,차대사람 - 차도통행중,중앙선침범,젖음/습기,흐림,단일로 - 기타,이륜,남,30세,상해없음,보행자,남,25세,경상
2022050900100049,2022년 5월 9일 06시,월요일,경상북도 포항시 북구 우현동,경상사고,0,0,1,0,차대차 - 추돌,안전거리미확보,건조,맑음,단일로 - 기타,승용,남,61세,상해없음,승용,남,48세,경상
2022050900100050,2022년 5월 9일 06시,월요일,경상북도 포항시 남구 지곡동,경상사고,0,0,2,0,차대차 - 측면충돌,교차로운행방법위반,건조,맑음,단일로 - 기타,승용,남,70세,경상,승합,남,68세,경상
2022050900100107,2022년 5월 9일 08시,월요일,경상북도 포항시 북구 우현동,경상사고,0,0,3,0,차대차 - 추돌,안전거리미확보,건조,맑음,단일로 - 기타,승용,여,58세,상해없음,승합,남,60세,경상
2022050900100144,2022년 5월 9일 09시,월요일,경상북도 경산시 사정동,경상사고,0,0,2,0,차대사람 - 기타,안전운전불이행,건조,맑음,단일로 - 기타,승용,여,43세,상해없음,보행자,여,1세,경상
2022050900100145,2022년 5월 9일 09시,월요일,경상북도 구미시 형곡동,경상사고,0,0,1,0,차대차 - 측면충돌,안전운전불이행,건조,맑음,교차로 - 교차로부근,승용,여,45세,상해없음,승용,여,62세,경상
2022050900100146,2022년 5월 9일 09시,월요일,경상북도 구미시 비산동,경상사고,0,0,3,0,차대차 - 측면충돌,교차로운행방법위반,건조,맑음,교차로 - 교차로안,특수,남,54세,상해없음,화물,남,28세,경상
2022050900100177,2022년 5월 9일 10시,월요일,경상북도 포항시 남구 대도동,경상사고,0,0,1,0,차대차 - 추돌,안전운전불이행,건조,맑음,단일로 - 기타,승용,남,48세,상해없음,승용,여,28세,경상
2022050900100242,2022년 5월 9일 12시,월요일,경상북도 영덕군 병곡면,경상사고,0,0,2,0,차대차 - 측면충돌,직진우회전진행방해,건조,맑음,교차로 - 교차로안,승합,남,78세,경상,화물,남,43세,경상
2022050900100243,2022년 5월 9일 12시,월요일,경상북도 울진군 근남면,중상사고,0,1,0,0,차대차 - 측면충돌,직진우회전진행방해,건조,맑음,교차로 - 교차로안,승용,남,30세,상해없음,이륜,남,81세,중상
2022050900100244,2022년 5월 9일 12시,월요일,경상북도 포항시 남구 상도동,경상사고,0,0,1,0,차대차 - 정면충돌,안전운전불이행,건조,맑음,단일로 - 기타,승용,여,38세,상해없음,원동기,남,27세,경상
2022050900100278,2022년 5월 9일 13시,월요일,경상북도 경주시 안강읍,경상사고,0,0,2,0,차대차 - 추돌,안전운전불이행,건조,맑음,교차로 - 교차로부근,승용,여,43세,상해없음,승용,여,53세,경상
2022050900100279,2022년 5월 9일 13시,월요일,경상북도 경주시 동천동,중상사고,0,1,1,0,차대차 - 추돌,안전운전불이행,건조,맑음,교차로 - 교차로부근,승용,남,61세,상해없음,승용,여,59세,중상
2022050900100280,2022년 5월 9일 13시,월요일,경상북도 칠곡군 왜관읍,중상사고,0,1,0,0,차대차 - 측면충돌,중앙선침범,건조,맑음,교차로 - 교차로부근,승용,여,38세,상해없음,승용,남,63세,중상
2022050900100281,2022년 5월 9일 13시,월요일,경상북도 영덕군 창수면,중상사고,0,1,1,0,차량단독 - 기타,안전운전불이행,건조,맑음,단일로 - 기타,승용,남,72세,중상,,,,
2022050900100323,2022년 5월 9일 14시,월요일,경상북도 포항시 북구 장성동,경상사고,0,0,2,0,차대차 - 후진중충돌,안전운전불이행,건조,맑음,단일로 - 기타,화물,남,39세,기타불명,승용,여,25세,경상
2022050900100324,2022년 5월 9일 14시,월요일,경상북도 영주시 봉현면,중상사고,0,1,0,0,차량단독 - 공작물충돌,중앙선침범,건조,맑음,단일로 - 기타,승용,여,56세,중상,,,,
2022050900100325,2022년 5월 9일 14시,월요일,경상북도 성주군 월항면,중상사고,0,1,0,0,차대차 - 기타,안전운전불이행,건조,맑음,단일로 - 기타,화물,남,63세,중상,농기계,남,58세,상해없음
2022050900100363,2022년 5월 9일 15시,월요일,경상북도 포항시 북구 두호동,경상사고,0,0,1,0,차대차 - 측면충돌,안전운전불이행,건조,맑음,기타 - 기타,승합,남,24세,상해없음,승용,여,45세,경상
2022050900100364,2022년 5월 9일 15시,월요일,경상북도 상주시 가장동,경상사고,0,0,1,0,차대차 - 추돌,안전운전불이행,건조,맑음,단일로 - 지하차도(도로)내,화물,남,68세,상해없음,승용,남,23세,경상
2022050900100365,2022년 5월 9일 15시,월요일,경상북도 구미시 황상동,경상사고,0,0,3,0,차대차 - 추돌,안전거리미확보,건조,맑음,단일로 - 기타,승용,남,56세,상해없음,승용,여,38세,경상
2022050900100416,2022년 5월 9일 16시,월요일,경상북도 포항시 북구 흥해읍,경상사고,0,0,1,0,차대차 - 측면충돌,안전운전불이행,건조,맑음,교차로 - 교차로부근,승용,여,67세,상해없음,화물,남,51세,경상
2022050900100417,2022년 5월 9일 16시,월요일,경상북도 칠곡군 왜관읍,경상사고,0,0,2,0,차대차 - 측면충돌,신호위반,건조,맑음,교차로 - 교차로안,승용,여,63세,경상,화물,남,55세,경상
2022050900100455,2022년 5월 9일 17시,월요일,경상북도 울진군 후포면,중상사고,0,1,0,0,차대차 - 측면충돌,안전운전불이행,건조,맑음,교차로 - 교차로부근,승용,여,45세,상해없음,이륜,남,71세,중상
2022050900100456,2022년 5월 9일 17시,월요일,경상북도 구미시 구평동,중상사고,0,1,0,0,차대차 - 기타,안전거리미확보,건조,맑음,교차로 - 교차로안,이륜,남,72세,중상,승용,여,37세,상해없음
2022050900100457,2022년 5월 9일 17시,월요일,경상북도 구미시 원평동,경상사고,0,0,1,0,차대사람 - 기타,안전운전불이행,건조,맑음,단일로 - 기타,승용,여,41세,상해없음,보행자,여,53세,경상
2022050900100501,2022년 5월 9일 18시,월요일,경상북도 포항시 북구 두호동,경상사고,0,0,1,0,차대차 - 기타,중앙선침범,건조,맑음,교차로 - 교차로부근,이륜,남,17세,경상,승용,남,72세,상해없음
2022050900100502,2022년 5월 9일 18시,월요일,경상북도 김천시 율곡동,경상사고,0,0,1,0,차대차 - 측면충돌,교차로운행방법위반,건조,맑음,교차로 - 교차로안,승용,여,42세,상해없음,이륜,남,30세,경상
2022050900100597,2022년 5월 9일 22시,월요일,경상북도 안동시 태화동,경상사고,0,0,1,0,차대차 - 측면충돌,중앙선침범,건조,맑음,단일로 - 기타,승용,여,50세,상해없음,이륜,남,26세,경상
2022051000100008,2022년 5월 10일 00시,화요일,경상북도 구미시 신평동,경상사고,0,0,1,0,차대차 - 기타,안전운전불이행,건조,맑음,단일로 - 기타,승용,남,38세,상해없음,승용,남,56세,상해없음
2022051000100009,2022년 5월 10일 00시,화요일,경상북도 포항시 남구 오천읍,경상사고,0,0,2,0,차대차 - 측면충돌,안전운전불이행,건조,맑음,교차로 - 교차로안,승용,남,23세,상해없음,승용,남,27세,경상
2022051000100021,2022년 5월 10일 01시,화요일,경상북도 구미시 황상동,부상신고사고,0,0,0,1,차대차 - 기타,안전운전불이행,건조,맑음,단일로 - 기타,승용,여,31세,상해없음,승용,남,31세,부상신고
2022051000100039,2022년 5월 10일 05시,화요일,경상북도 안동시 옥야동,경상사고,0,0,1,1,차대차 - 기타,신호위반,건조,맑음,교차로 - 교차로횡단보도내,이륜,남,16세,경상,승용,남,47세,부상신고
2022051000100066,2022년 5월 10일 07시,화요일,경상북도 경산시 진량읍,중상사고,0,1,0,0,차대차 - 측면충돌,불법유턴,건조,맑음,단일로 - 기타,화물,남,43세,상해없음,화물,남,38세,중상
2022051000100067,2022년 5월 10일 07시,화요일,경상북도 구미시 고아읍,중상사고,0,1,0,0,차대차 - 기타,안전운전불이행,건조,맑음,교차로 - 교차로안,승용,남,45세,상해없음,승용,여,68세,중상
2022051000100111,2022년 5월 10일 08시,화요일,경상북도 구미시 송정동,부상신고사고,0,0,0,1,차대차 - 기타,안전운전불이행,건조,맑음,교차로 - 교차로부근,승용,여,58세,상해없음,승용,남,31세,부상신고
2022051000100165,2022년 5월 10일 09시,화요일,경상북도 경산시 남천면,경상사고,0,0,1,0,차대차 - 기타,안전운전불이행,건조,맑음,단일로 - 기타,화물,남,57세,상해없음,화물,남,50세,경상
2022051000100166,2022년 5월 10일 09시,화요일,경상북도 성주군 선남면,경상사고,0,0,2,0,차대차 - 추돌,안전운전불이행,건조,맑음,교차로 - 교차로부근,화물,남,49세,경상,화물,남,33세,상해없음
2022051000100195,2022년 5월 10일 10시,화요일,경상북도 구미시 원평동,중상사고,0,1,0,0,차대차 - 측면충돌,안전운전불이행,건조,맑음,교차로 - 교차로안,승용,남,68세,상해없음,이륜,남,53세,중상
2022051000100223,2022년 5월 10일 11시,화요일,경상북도 포항시 북구 여천동,중상사고,0,1,0,0,차대사람 - 횡단중,신호위반,건조,맑음,교차로 - 교차로부근,승용,남,49세,상해없음,보행자,여,69세,중상
2022051000100224,2022년 5월 10일 11시,화요일,경상북도 경산시 계양동,경상사고,0,0,1,0,차대사람 - 횡단중,신호위반,건조,맑음,교차로 - 교차로횡단보도내,승용,여,60세,상해없음,보행자,여,31세,경상
2022051000100225,2022년 5월 10일 11시,화요일,경상북도 구미시 봉곡동,경상사고,0,0,1,0,차대차 - 정면충돌,신호위반,건조,맑음,교차로 - 교차로안,승용,여,20세,상해없음,승용,여,48세,경상
2022051000100226,2022년 5월 10일 11시,화요일,경상북도 포항시 남구 대도동,경상사고,0,0,2,0,차대차 - 측면충돌,중앙선침범,건조,맑음,단일로 - 기타,승용,남,63세,경상,승용,여,51세,경상
2022051000100261,2022년 5월 10일 12시,화요일,경상북도 군위군 효령면,경상사고,0,0,3,0,차대차 - 측면충돌,신호위반,건조,맑음,단일로 - 터널,건설기계,남,54세,상해없음,승용,여,54세,경상
2022051000100301,2022년 5월 10일 13시,화요일,경상북도 경주시 진현동,부상신고사고,0,0,0,1,차대차 - 측면충돌,안전운전불이행,건조,맑음,교차로 - 교차로안,원동기,남,72세,부상신고,화물,남,50세,상해없음
2022051000100302,2022년 5월 10일 13시,화요일,경상북도 포항시 남구 대잠동,경상사고,0,0,1,0,차대차 - 측면충돌,안전운전불이행,건조,맑음,교차로 - 교차로안,화물,남,61세,상해없음,승용,여,45세,경상
2022051000100364,2022년 5월 10일 15시,화요일,경상북도 포항시 북구 장성동,중상사고,0,2,2,0,차대차 - 기타,안전운전불이행,건조,맑음,교차로 - 교차로부근,승용,남,72세,상해없음,승용,여,65세,중상
2022051000100365,2022년 5월 10일 15시,화요일,경상북도 김천시 용두동,경상사고,0,0,2,1,차대차 - 측면충돌,안전운전불이행,건조,맑음,교차로 - 교차로부근,승용,남,37세,부상신고,승용,남,50세,경상
2022051000100366,2022년 5월 10일 15시,화요일,경상북도 문경시 점촌동,중상사고,0,1,0,0,차대사람 - 횡단중,안전운전불이행,건조,맑음,교차로 - 교차로안,승용,여,52세,상해없음,보행자,여,78세,중상