사고번호,사고일시,요일,시군구,사고내용,사망자수,중상자수,경상자수,부상신고자수,사고유형,법규위반,노면상태,기상상태,도로형태,가해운전자 차종,가해운전자 성별,가해운전자 연령,가해운전자 상해정도,피해운전자 차종,피해운전자 성별,피해운전자 연령,피해운전자 상해정도
2022051400100063,2022년 5월 14일 04시,토요일,경상북도 경주시 용강동,중상사고,0,1,0,0,차량단독 - 공작물충돌,안전운전불이행,건조,맑음,교차로 - 교차로부근,자전거,남,49세,중상,,,,
2022051400100069,2022년 5월 14일 05시,토요일,경상북도 김천시 아포읍,중상사고,0,1,0,0,차대차 - 측면충돌,교차로운행방법위반,건조,맑음,교차로 - 교차로부근,화물,남,58세,상해없음,이륜,남,51세,중상
2022051400100070,2022년 5월 14일 05시,토요일,경상북도 영덕군 영해면,중상사고,0,1,0,0,차대차 - 측면충돌,중앙선침범,건조,맑음,교차로 - 교차로부근,화물,남,67세,상해없음,자전거,여,77세,중상
2022051400100079,2022년 5월 14일 06시,토요일,경상북도 포항시 남구 대도동,경상사고,0,0,2,6,차대차 - 추돌,안전거리미확보,건조,맑음,단일로 - 지하차도(도로)내,승용,남,61세,상해없음,승합,남,48세,경상
2022051400100094,2022년 5월 14일 07시,토요일,경상북도 성주군 선남면,경상사고,0,0,2,0,차대차 - 기타,직진우회전진행방해,건조,맑음,교차로 - 교차로안,승용,남,55세,기타불명,승용,남,59세,경상
2022051400100095,2022년 5월 14일 07시,토요일,경상북도 구미시 도량동,중상사고,0,1,0,0,차대차 - 기타,안전운전불이행,건조,맑음,단일로 - 기타,승용,남,66세,상해없음,자전거,남,75세,중상
2022051400100096,2022년 5월 14일 07시,토요일,경상북도 상주시 낙동면,경상사고,0,0,4,0,차대차 - 기타,안전운전불이행,건조,맑음,단일로 - 기타,특수,남,59세,상해없음,승합,남,42세,경상
2022051400100109,2022년 5월 14일 08시,토요일,경상북도 구미시 지산동,중상사고,0,1,0,0,차대차 - 측면충돌,안전운전불이행,건조,맑음,단일로 - 기타,화물,남,57세,상해없음,화물,남,46세,중상
2022051400100132,2022년 5월 14일 09시,토요일,경상북도 포항시 북구 두호동,경상사고,0,0,1,0,차대차 - 측면충돌,중앙선침범,건조,맑음,기타 - 기타,승용,남,62세,상해없음,이륜,남,47세,경상
2022051400100133,2022년 5월 14일 09시,토요일,경상북도 봉화군 소천면,중상사고,0,1,1,0,차대차 - 측면충돌,안전운전불이행,건조,맑음,교차로 - 교차로안,승용,여,66세,상해없음,승용,남,64세,중상
2022051400100162,2022년 5월 14일 10시,토요일,경상북도 경주시 시래동,중상사고,0,1,1,0,차대차 - 측면충돌,신호위반,건조,맑음,교차로 - 교차로안,이륜,남,34세,중상,승용,남,28세,경상
2022051400100163,2022년 5월 14일 10시,토요일,경상북도 의성군 다인면,경상사고,0,0,1,0,차대차 - 측면충돌,직진우회전진행방해,건조,맑음,교차로 - 교차로안,원동기,남,70세,경상,승용,여,36세,상해없음
2022051400100202,2022년 5월 14일 11시,토요일,경상북도 포항시 북구 장성동,경상사고,0,0,1,0,차대차 - 측면충돌,교차로운행방법위반,건조,맑음,단일로 - 기타,승용,여,50세,상해없음,승용,남,62세,경상
2022051400100203,2022년 5월 14일 11시,토요일,경상북도 안동시 성곡동,중상사고,0,1,2,0,차대차 - 측면충돌,직진우회전진행방해,건조,맑음,교차로 - 교차로안,승용,여,27세,경상,화물,남,31세,중상
2022051400100204,2022년 5월 14일 11시,토요일,경상북도 구미시 구평동,경상사고,0,0,1,0,차대차 - 측면충돌,안전거리미확보,건조,맑음,교차로 - 교차로부근,승용,남,44세,상해없음,승용,남,43세,경상
2022051400100238,2022년 5월 14일 12시,토요일,경상북도 영천시 고경면,중상사고,0,1,0,0,차대차 - 측면충돌,안전운전불이행,건조,맑음,단일로 - 기타,이륜,남,39세,중상,농기계,남,58세,상해없음
2022051400100239,2022년 5월 14일 12시,토요일,경상북도 성주군 성주읍,경상사고,0,0,1,0,차대차 - 측면충돌,교차로운행방법위반,건조,맑음,교차로 - 교차로안,승용,남,66세,상해없음,승용,남,19세,경상
2022051400100321,2022년 5월 14일 14시,토요일,경상북도 경산시 서상동,경상사고,0,0,1,0,차대사람 - 기타,안전운전불이행,건조,맑음,단일로 - 기타,승용,여,65세,상해없음,보행자,남,53세,경상
2022051400100322,2022년 5월 14일 14시,토요일,경상북도 영덕군 남정면,경상사고,0,0,4,0,차대차 - 측면충돌,신호위반,건조,맑음,교차로 - 교차로안,화물,남,58세,상해없음,승용,남,42세,경상
2022051400100370,2022년 5월 14일 15시,토요일,경상북도 구미시 황상동,경상사고,0,0,4,0,차대차 - 기타,안전운전불이행,건조,맑음,교차로 - 교차로부근,승용,남,26세,상해없음,승용,여,72세,경상
2022051400100415,2022년 5월 14일 16시,토요일,경상북도 경주시 현곡면,경상사고,0,0,1,0,차대차 - 측면충돌,안전운전불이행,건조,맑음,교차로 - 교차로부근,승용,남,67세,상해없음,승용,남,21세,경상
2022051400100416,2022년 5월 14일 16시,토요일,경상북도 안동시 송천동,경상사고,0,0,1,0,차대차 - 측면충돌,안전운전불이행,건조,맑음,교차로 - 교차로안,승용,여,35세,상해없음,승용,남,28세,경상
2022051400100417,2022년 5월 14일 16시,토요일,경상북도 성주군 벽진면,경상사고,0,0,1,0,차량단독 - 기타,안전운전불이행,건조,맑음,기타 - 기타,승용,남,61세,경상,,,,
2022051400100418,2022년 5월 14일 16시,토요일,경상북도 청도군 청도읍,경상사고,0,0,1,0,차대차 - 추돌,안전운전불이행,건조,맑음,단일로 - 기타,승용,남,64세,상해없음,승용,남,52세,경상
2022051400100537,2022년 5월 14일 19시,토요일,경상북도 경주시 건천읍,경상사고,0,0,1,0,차대차 - 측면충돌,기타,건조,맑음,교차로 - 교차로부근,승용,남,22세,상해없음,승용,남,48세,경상
2022051400100538,2022년 5월 14일 19시,토요일,경상북도 포항시 북구 신광면,중상사고,0,1,1,0,차대차 - 기타,안전거리미확보,기타,맑음,단일로 - 기타,이륜,남,64세,경상,승용,남,56세,상해없음
2022051400100539,2022년 5월 14일 19시,토요일,경상북도 칠곡군 지천면,중상사고,0,1,0,0,차량단독 - 공작물충돌,안전운전불이행,건조,맑음,교차로 - 교차로부근,승용,남,72세,중상,,,,
2022051400100540,2022년 5월 14일 19시,토요일,경상북도 고령군 대가야읍,경상사고,0,0,1,0,차대차 - 정면충돌,중앙선침범,건조,맑음,교차로 - 교차로부근,승용,남,68세,상해없음,승합,남,55세,경상
2022051400100604,2022년 5월 14일 21시,토요일,경상북도 경주시 성건동,중상사고,0,1,0,0,차대사람 - 횡단중,안전운전불이행,건조,맑음,교차로 - 교차로안,승용,남,26세,상해없음,보행자,여,76세,중상
2022051400100625,2022년 5월 14일 22시,토요일,경상북도 포항시 남구 동해면,경상사고,0,0,3,0,차대차 - 측면충돌,안전거리미확보,건조,맑음,단일로 - 기타,승용,남,67세,상해없음,승용,남,55세,경상
2022051400100648,2022년 5월 14일 23시,토요일,경상북도 경주시 신평동,중상사고,0,2,0,0,차대차 - 추돌,안전운전불이행,건조,맑음,교차로 - 교차로부근,승용,남,50세,상해없음,승용,남,42세,중상
2022051400100649,2022년 5월 14일 23시,토요일,경상북도 구미시 임은동,경상사고,0,0,1,0,차대차 - 기타,교차로운행방법위반,건조,맑음,교차로 - 교차로안,승용,남,23세,상해없음,승용,여,35세,경상
2022051400100650,2022년 5월 14일 23시,토요일,경상북도 구미시 송정동,경상사고,0,0,4,0,차대차 - 추돌,안전운전불이행,건조,맑음,단일로 - 기타,승용,남,31세,상해없음,승용,남,41세,경상
2022051500100033,2022년 5월 15일 01시,일요일,경상북도 경주시 동천동,중상사고,0,1,0,0,차대차 - 측면충돌,안전운전불이행,건조,맑음,단일로 - 기타,이륜,남,17세,중상,승용,남,22세,상해없음
2022051500100034,2022년 5월 15일 01시,일요일,경상북도 경산시 중방동,중상사고,0,1,0,0,차대차 - 측면충돌,신호위반,건조,맑음,교차로 - 교차로안,승용,남,21세,상해없음,승용,남,52세,중상
2022051500100041,2022년 5월 15일 02시,일요일,경상북도 경산시 조영동,경상사고,0,0,2,0,차대차 - 측면충돌,안전운전불이행,건조,맑음,단일로 - 기타,승용,남,31세,상해없음,승용,남,33세,경상
2022051500100064,2022년 5월 15일 04시,일요일,경상북도 경산시 진량읍,중상사고,0,2,0,0,차대차 - 측면충돌,중앙선침범,건조,맑음,단일로 - 기타,승용,남,32세,상해없음,승용,남,48세,중상
2022051500100083,2022년 5월 15일 06시,일요일,경상북도 경주시 서면,사망사고,1,0,0,0,차량단독 - 공작물충돌,안전운전불이행,건조,맑음,단일로 - 기타,승용,남,27세,사망,,,,
2022051500100093,2022년 5월 15일 07시,일요일,경상북도 포항시 남구 지곡동,경상사고,0,0,2,0,차대차 - 측면충돌,직진우회전진행방해,건조,맑음,교차로 - 교차로안,승용,남,54세,경상,승용,남,23세,경상
2022051500100108,2022년 5월 15일 08시,일요일,경상북도 포항시 북구 죽도동,경상사고,0,0,3,0,차대사람 - 기타,신호위반,건조,맑음,교차로 - 교차로부근,승용,남,22세,상해없음,보행자,여,57세,경상
2022051500100115,2022년 5월 15일 09시,일요일,경상북도 경주시 서면,중상사고,0,1,2,0,차대차 - 측면충돌,신호위반,건조,맑음,교차로 - 교차로안,승합,남,64세,경상,화물,남,59세,경상
2022051500100140,2022년 5월 15일 10시,일요일,경상북도 경주시 용강동,중상사고,0,2,1,0,차대차 - 기타,중앙선침범,건조,맑음,단일로 - 기타,승용,여,57세,상해없음,승용,남,48세,중상
2022051500100141,2022년 5월 15일 10시,일요일,경상북도 포항시 북구 죽도동,중상사고,0,1,0,0,차대차 - 측면충돌,신호위반,건조,맑음,단일로 - 고가도로위,승용,여,59세,상해없음,이륜,남,72세,중상
2022051500100142,2022년 5월 15일 10시,일요일,경상북도 영덕군 축산면,중상사고,0,1,0,0,차대차 - 측면충돌,안전운전불이행,건조,맑음,단일로 - 기타,승용,여,38세,상해없음,이륜,남,85세,중상
2022051500100143,2022년 5월 15일 10시,일요일,경상북도 구미시 해평면,중상사고,0,1,0,1,차대차 - 측면충돌,안전운전불이행,건조,맑음,교차로 - 교차로안,농기계,남,84세,부상신고,화물,남,53세,중상
2022051500100198,2022년 5월 15일 12시,일요일,경상북도 안동시 법흥동,경상사고,0,0,1,0,차대차 - 측면충돌,안전운전불이행,건조,맑음,교차로 - 교차로안,화물,남,48세,상해없음,승용,여,27세,경상
2022051500100199,2022년 5월 15일 12시,일요일,경상북도 예천군 용문면,중상사고,0,1,0,0,차량단독 - 도로외이탈 - 추락,안전운전불이행,건조,맑음,단일로 - 기타,승용,남,56세,상해없음,,,,
2022051500100200,2022년 5월 15일 12시,일요일,경상북도 구미시 황상동,경상사고,0,0,1,0,차대사람 - 횡단중,보행자보호의무위반,건조,맑음,교차로 - 교차로횡단보도내,승용,여,47세,상해없음,보행자,여,13세,경상
2022051500100201,2022년 5월 15일 12시,일요일,경상북도 구미시 고아읍,경상사고,0,0,1,0,차대차 - 기타,안전거리미확보,건조,맑음,단일로 - 기타,승용,여,23세,상해없음,승용,여,31세,경상
2022051500100229,2022년 5월 15일 13시,일요일,경상북도 봉화군 명호면,중상사고,0,1,0,0,차대차 - 기타,직진우회전진행방해,건조,맑음,교차로 - 교차로안,화물,남,48세,상해없음,이륜,남,44세,중상
2022051500100230,2022년 5월 15일 13시,일요일,경상북도 고령군 쌍림면,경상사고,0,0,3,0,차대차 - 후진중충돌,안전운전불이행,건조,맑음,기타 - 기타,승용,남,48세,상해없음,승용,남,49세,경상
2022051500100264,2022년 5월 15일 14시,일요일,경상북도 칠곡군 북삼읍,경상사고,0,0,3,0,차대차 - 측면충돌,직진우회전진행방해,건조,맑음,교차로 - 교차로안,승용,여,27세,경상,승용,남,45세,경상
2022051500100265,2022년 5월 15일 14시,일요일,경상북도 칠곡군 왜관읍,경상사고,0,0,1,0,차대차 - 측면충돌,안전운전불이행,건조,맑음,단일로 - 기타,자전거,남,11세,경상,승용,남,41세,상해없음
2022051500100266,2022년 5월 15일 14시,일요일,경상북도 성주군 선남면,경상사고,0,0,1,0,차대사람 - 기타,안전운전불이행,건조,맑음,단일로 - 기타,승용,남,60세,상해없음,보행자,여,69세,경상
2022051500100328,2022년 5월 15일 16시,일요일,경상북도 경주시 외동읍,경상사고,0,0,1,0,차대차 - 측면충돌,중앙선침범,건조,맑음,교차로 - 교차로부근,승용,남,41세,상해없음,승용,남,47세,경상
2022051500100329,2022년 5월 15일 16시,일요일,경상북도 포항시 북구 용흥동,경상사고,0,0,1,0,차대차 - 측면충돌,안전운전불이행,건조,맑음,교차로 - 교차로부근,승용,남,63세,상해없음,승용,남,31세,경상
2022051500100330,2022년 5월 15일 16시,일요일,경상북도 상주시 청리면,중상사고,0,2,1,0,차대차 - 기타,안전운전불이행,건조,맑음,단일로 - 기타,승용,여,51세,상해없음,승용,남,72세,중상
2022051500100331,2022년 5월 15일 16시,일요일,경상북도 구미시 옥성면,중상사고,0,1,0,0,차대차 - 측면충돌,안전운전불이행,건조,맑음,교차로 - 교차로안,승용,남,42세,상해없음,자전거,남,52세,중상
2022051500100371,2022년 5월 15일 17시,일요일,경상북도 구미시 시미동,경상사고,0,0,5,0,차대차 - 추돌,안전운전불이행,건조,맑음,교차로 - 교차로부근,승용,남,43세,상해없음,승용,여,47세,경상
2022051500100405,2022년 5월 15일 18시,일요일,경상북도 김천시 지례면,경상사고,0,0,1,0,차대차 - 기타,중앙선침범,건조,맑음,단일로 - 기타,화물,남,66세,상해없음,승합,남,60세,상해없음
2022051500100406,2022년 5월 15일 18시,일요일,경상북도 고령군 쌍림면,경상사고,0,0,1,0,차대차 - 추돌,안전운전불이행,건조,맑음,교차로 - 교차로부근,승용,여,33세,기타불명,승용,여,42세,경상
2022051500100407,2022년 5월 15일 18시,일요일,경상북도 포항시 남구 효자동,부상신고사고,0,0,0,1,차대차 - 측면충돌,교차로운행방법위반,건조,맑음,교차로 - 교차로안,승용,남,36세,부상신고,승용,여,20세,상해없음
2022051500100428,2022년 5월 15일 19시,일요일,경상북도 구미시 선산읍,경상사고,0,0,1,0,차대차 - 추돌,안전운전불이행,건조,맑음,교차로 - 교차로부근,승용,남,63세,상해없음,승용,여,59세,경상
2022051500100449,2022년 5월 15일 20시,일요일,경상북도 청송군 진보면,중상사고,0,1,0,0,차량단독 - 도로외이탈 - 추락,안전운전불이행,건조,맑음,단일로 - 지하차도(도로)내,화물,남,61세,중상,,,,
2022051600100003,2022년 5월 16일 00시,월요일,경상북도 고령군 다산면,중상사고,0,1,0,0,차량단독 - 전도전복 - 전도,안전운전불이행,건조,맑음,단일로 - 기타,이륜,남,30세,중상,,,,
2022051600100020,2022년 5월 16일 03시,월요일,경상북도 포항시 남구 대도동,사망사고,1,0,0,0,차대사람 - 기타,안전운전불이행,건조,맑음,단일로 - 지하차도(도로)내,승용,남,51세,상해없음,보행자,남,55세,사망
2022051600100067,2022년 5월 16일 07시,월요일,경상북도 상주시 서문동,중상사고,0,1,0,0,차대사람 - 횡단중,안전운전불이행,건조,맑음,교차로 - 교차로부근,승합,남,61세,상해없음,보행자,여,89세,중상
2022051600100112,2022년 5월 16일 08시,월요일,경상북도 안동시 서부동,중상사고,0,2,1,0,차대차 - 측면충돌,직진우회전진행방해,건조,맑음,교차로 - 교차로안,승용,남,79세,경상,승용,여,34세,중상
2022051600100113,2022년 5월 16일 08시,월요일,경상북도 성주군 성주읍,중상사고,0,1,0,0,차대사람 - 기타,안전운전불이행,건조,맑음,기타 - 기타,승용,남,63세,상해없음,보행자,여,82세,중상
2022051600100155,2022년 5월 16일 09시,월요일,경상북도 경주시 천북면,경상사고,0,0,1,0,차대차 - 기타,안전운전불이행,건조,맑음,기타 - 기타,화물,남,69세,상해없음,승용,남,68세,상해없음
2022051600100156,2022년 5월 16일 09시,월요일,경상북도 상주시 모서면,사망사고,1,0,0,0,차대사람 - 기타,안전운전불이행,건조,맑음,단일로 - 기타,화물,남,48세,상해없음,보행자,여,86세,사망
2022051600100192,2022년 5월 16일 10시,월요일,경상북도 포항시 남구 상도동,중상사고,0,1,0,0,차대차 - 측면충돌,차로위반,건조,맑음,교차로 - 교차로부근,승용,남,69세,상해없음,승용,여,58세,중상
2022051600100219,2022년 5월 16일 11시,월요일,경상북도 경주시 용강동,경상사고,0,0,2,0,차대차 - 기타,신호위반,건조,맑음,교차로 - 교차로부근,승용,여,71세,경상,이륜,남,32세,경상
2022051600100220,2022년 5월 16일 11시,월요일,경상북도 상주시 낙양동,경상사고,0,0,1,0,차대차 - 측면충돌,안전운전불이행,건조,맑음,단일로 - 기타,승용,여,34세,상해없음,이륜,남,71세,경상
2022051600100254,2022년 5월 16일 12시,월요일,경상북도 경주시 강동면,경상사고,0,0,1,0,차대차 - 추돌,안전운전불이행,건조,맑음,단일로 - 기타,승용,남,61세,상해없음,화물,남,72세,경상
2022051600100319,2022년 5월 16일 14시,월요일,경상북도 의성군 안계면,경상사고,0,0,1,0,차대사람 - 길가장자리구역통행중,안전운전불이행,건조,맑음,단일로 - 기타,승용,여,66세,상해없음,보행자,남,43세,경상
2022051600100320,2022년 5월 16일 14시,월요일,경상북도 경산시 남산면,경상사고,0,0,1,0,차대차 - 측면충돌,안전거리미확보,건조,맑음,단일로 - 지하차도(도로)내,승용,여,61세,상해없음,승용,남,28세,경상
2022051600100321,2022년 5월 16일 14시,월요일,경상북도 영덕군 강구면,경상사고,0,0,1,0,차대사람 - 기타,안전운전불이행,건조,맑음,단일로 - 기타,승용,여,49세,상해없음,보행자,남,38세,경상
2022051600100322,2022년 5월 16일 14시,월요일,경상북도 구미시 고아읍,중상사고,0,1,0,0,차대차 - 기타,안전운전불이행,건조,맑음,단일로 - 기타,승용,여,43세,상해없음,개인형이동수단(PM),남,34세,중상
2022051600100363,2022년 5월 16일 15시,월요일,경상북도 영덕군 남정면,중상사고,0,1,0,0,차대차 - 추돌,안전거리미확보,건조,맑음,교차로 - 교차로안,화물,남,64세,상해없음,화물,남,61세,중상
2022051600100447,2022년 5월 16일 17시,월요일,경상북도 김천시 율곡동,경상사고,0,0,1,0,차대사람 - 차도통행중,안전운전불이행,건조,맑음,단일로 - 기타,자전거,남,7세,상해없음,보행자,남,4세,경상
2022051600100448,2022년 5월 16일 17시,월요일,경상북도 경산시 진량읍,경상사고,0,0,1,0,차대차 - 추돌,안전운전불이행,건조,맑음,교차로 - 교차로부근,승용,여,33세,상해없음,승용,남,54세,경상
2022051600100525,2022년 5월 16일 19시,월요일,경상북도 포항시 남구 해도동,중상사고,0,1,0,0,차대차 - 측면충돌,안전운전불이행,건조,맑음,단일로 - 기타,승용,남,45세,상해없음,이륜,남,24세,중상
2022051600100526,2022년 5월 16일 19시,월요일,경상북도 구미시 원평동,중상사고,0,1,1,0,차대차 - 추돌,신호위반,건조,맑음,단일로 - 기타,승용,여,21세,중상,특수,남,30세,경상
2022051600100555,2022년 5월 16일 20시,월요일,경상북도 김천시 아포읍,중상사고,0,1,0,0,차대차 - 측면충돌,교차로운행방법위반,건조,맑음,교차로 - 교차로안,승용,여,43세,상해없음,승용,남,47세,중상
2022051600100556,2022년 5월 16일 20시,월요일,경상북도 영천시 신녕면,경상사고,0,0,1,0,차대사람 - 차도통행중,안전운전불이행,건조,맑음,교차로 - 교차로안,승용,여,54세,상해없음,보행자,여,80세,경상
2022051600100557,2022년 5월 16일 20시,월요일,경상북도 울릉군 울릉읍,중상사고,0,2,3,0,차대사람 - 기타,안전운전불이행,건조,맑음,단일로 - 기타,승합,남,67세,상해없음,보행자,여,62세,중상
2022051600100575,2022년 5월 16일 21시,월요일,경상북도 김천시 신음동,경상사고,0,0,5,0,차대차 - 정면충돌,교차로운행방법위반,건조,맑음,교차로 - 교차로안,승용,남,43세,경상,승용,남,32세,경상
2022051600100618,2022년 5월 16일 23시,월요일,경상북도 김천시 봉산면,사망사고,2,0,0,0,차대차 - 정면충돌,안전운전불이행,건조,맑음,단일로 - 기타,특수,남,58세,상해없음,승용,남,55세,사망
2022051700100015,2022년 5월 17일 01시,화요일,경상북도 구미시 오태동,경상사고,0,0,1,0,차대차 - 측면충돌,신호위반,건조,맑음,교차로 - 교차로안,승용,남,46세,상해없음,승용,여,54세,경상
2022051700100027,2022년 5월 17일 03시,화요일,경상북도 구미시 진평동,중상사고,0,1,0,0,차대차 - 추돌,안전운전불이행,건조,맑음,교차로 - 교차로부근,승용,남,38세,상해없음,승용,남,27세,중상
2022051700100032,2022년 5월 17일 04시,화요일,경상북도 울진군 매화면,중상사고,0,1,0,0,차대차 - 추돌,안전운전불이행,건조,맑음,교차로 - 교차로부근,화물,남,59세,중상,화물,여,64세,상해없음
2022051700100064,2022년 5월 17일 07시,화요일,경상북도 영주시 가흥동,중상사고,0,1,0,0,차대차 - 측면충돌,안전운전불이행,건조,맑음,교차로 - 교차로횡단보도내,승용,남,30세,상해없음,자전거,여,63세,중상
2022051700100103,2022년 5월 17일 08시,화요일,경상북도 안동시 용상동,경상사고,0,0,1,0,차대차 - 기타,안전운전불이행,건조,맑음,교차로 - 교차로부근,승용,여,73세,상해없음,이륜,여,25세,경상
2022051700100104,2022년 5월 17일 08시,화요일,경상북도 칠곡군 북삼읍,경상사고,0,0,1,0,차대차 - 추돌,안전거리미확보,건조,맑음,교차로 - 교차로부근,승용,남,52세,상해없음,승용,여,55세,경상
2022051700100105,2022년 5월 17일 08시,화요일,경상북도 경산시 진량읍,중상사고,0,1,2,0,차대차 - 측면충돌,안전운전불이행,건조,맑음,교차로 - 교차로부근,화물,여,51세,경상,승용,남,40세,중상
2022051700100106,2022년 5월 17일 08시,화요일,경상북도 봉화군 봉화읍,경상사고,0,0,1,0,차대차 - 기타,안전운전불이행,건조,맑음,교차로 - 교차로안,승용,남,68세,상해없음,자전거,남,10세,경상
2022051700100107,2022년 5월 17일 08시,화요일,경상북도 구미시 공단동,중상사고,0,1,0,0,차량단독 - 도로외이탈 - 추락,기타,건조,맑음,단일로 - 기타,승용,여,55세,중상,,,,
2022051700100108,2022년 5월 17일 08시,화요일,경상북도 구미시 임은동,경상사고,0,0,1,0,차대차 - 기타,안전운전불이행,건조,맑음,교차로 - 교차로안,승용,남,36세,상해없음,승용,여,32세,경상
2022051700100109,2022년 5월 17일 08시,화요일,경상북도 포항시 남구 호동,부상신고사고,0,0,0,1,차대차 - 측면충돌,중앙선침범,건조,맑음,교차로 - 교차로안,자전거,남,23세,부상신고,화물,남,30세,상해없음
2022051700100110,2022년 5월 17일 08시,화요일,경상북도 포항시 남구 오천읍,경상사고,0,0,1,0,차대사람 - 보도통행중,안전운전불이행,건조,맑음,단일로 - 기타,승용,남,54세,상해없음,보행자,남,13세,경상
2022051700100135,2022년 5월 17일 09시,화요일,경상북도 경주시 시래동,중상사고,0,1,0,0,차대차 - 기타,신호위반,건조,맑음,단일로 - 기타,화물,남,66세,상해없음,승용,남,73세,중상
2022051700100136,2022년 5월 17일 09시,화요일,경상북도 안동시 수상동,경상사고,0,0,1,0,차대차 - 기타,안전거리미확보,건조,맑음,단일로 - 기타,승용,여,41세,상해없음,승용,여,28세,경상
2022051700100137,2022년 5월 17일 09시,화요일,경상북도 구미시 구평동,경상사고,0,0,1,0,차대차 - 추돌,안전운전불이행,건조,맑음,단일로 - 기타,승용,여,43세,상해없음,승용,남,36세,상해없음
2022051700100173,2022년 5월 17일 10시,화요일,경상북도 김천시 신음동,경상사고,0,0,1,0,차대차 - 측면충돌,안전운전불이행,건조,맑음,교차로 - 교차로부근,화물,남,68세,상해없음,이륜,남,58세,경상
2022051700100174,2022년 5월 17일 10시,화요일,경상북도 영천시 화남면,경상사고,0,0,2,0,차대차 - 측면충돌,중앙선침범,건조,맑음,단일로 - 기타,화물,남,73세,경상,승용,여,63세,경상
2022051700100199,2022년 5월 17일 11시,화요일,경상북도 김천시 어모면,중상사고,0,1,0,0,차대차 - 측면충돌,교차로운행방법위반,건조,맑음,교차로 - 교차로안,건설기계,남,49세,상해없음,승용,남,44세,중상
2022051700100200,2022년 5월 17일 11시,화요일,경상북도 영천시 금호읍,경상사고,0,0,1,0,차대사람 - 횡단중,중앙선침범,건조,맑음,교차로 - 교차로부근,승용,여,39세,상해없음,보행자,남,55세,경상
2022051700100238,2022년 5월 17일 12시,화요일,경상북도 경산시 대동,경상사고,0,0,1,0,차대차 - 기타,안전운전불이행,건조,맑음,교차로 - 교차로안,승용,남,22세,상해없음,이륜,남,33세,경상
2022051700100239,2022년 5월 17일 12시,화요일,경상북도 구미시 인의동,경상사고,0,0,1,0,차대차 - 기타,교차로운행방법위반,건조,맑음,교차로 - 교차로안,승용,남,24세,상해없음,이륜,남,25세,경상
2022051700100275,2022년 5월 17일 13시,화요일,경상북도 구미시 진평동,경상사고,0,0,1,0,차대차 - 추돌,안전운전불이행,건조,맑음,단일로 - 기타,승용,남,31세,상해없음,승용,남,51세,경상
2022051700100276,2022년 5월 17일 13시,화요일,경상북도 구미시 봉곡동,경상사고,0,0,1,0,차대차 - 기타,직진우회전진행방해,건조,맑음,교차로 - 교차로부근,승용,여,40세,상해없음,이륜,남,26세,경상
2022051700100277,2022년 5월 17일 13시,화요일,경상북도 구미시 봉곡동,경상사고,0,0,1,0,차대차 - 기타,안전운전불이행,건조,맑음,단일로 - 기타,승용,남,66세,상해없음,승용,여,51세,경상
2022051700100307,2022년 5월 17일 14시,화요일,경상북도 경주시 서면,경상사고,0,0,1,0,차대차 - 측면충돌,중앙선침범,건조,맑음,단일로 - 기타,화물,남,60세,상해없음,화물,남,34세,경상
2022051700100343,2022년 5월 17일 15시,화요일,경상북도 안동시 용상동,경상사고,0,0,1,0,차대차 - 측면충돌,기타,건조,맑음,단일로 - 기타,승용,남,41세,상해없음,화물,남,65세,상해없음
2022051700100344,2022년 5월 17일 15시,화요일,경상북도 영주시 가흥동,경상사고,0,0,1,0,차대차 - 기타,안전운전불이행,건조,맑음,단일로 - 기타,승용,여,63세,상해없음,화물,남,59세,경상
2022051700100345,2022년 5월 17일 15시,화요일,경상북도 성주군 성주읍,경상사고,0,0,2,0,차대차 - 측면충돌,안전운전불이행,건조,맑음,단일로 - 교량,승용,여,66세,경상,승용,여,60세,경상
2022051700100380,2022년 5월 17일 16시,화요일,경상북도 문경시 점촌동,경상사고,0,0,1,0,차대차 - 측면충돌,기타,건조,맑음,교차로 - 교차로안,승용,여,67세,상해없음,이륜,여,59세,경상
2022051700100381,2022년 5월 17일 16시,화요일,경상북도 포항시 남구 오천읍,중상사고,0,1,0,0,차대차 - 측면충돌,신호위반,건조,맑음,교차로 - 교차로안,자전거,남,74세,중상,승용,여,56세,상해없음
2022051700100431,2022년 5월 17일 17시,화요일,경상북도 경주시 건천읍,경상사고,0,0,1,0,차대차 - 측면충돌,신호위반,건조,맑음,교차로 - 교차로안,승용,여,39세,상해없음,승용,남,59세,경상
2022051700100432,2022년 5월 17일 17시,화요일,경상북도 구미시 신평동,경상사고,0,0,1,0,차대차 - 측면충돌,안전운전불이행,건조,맑음,단일로 - 기타,승합,남,25세,상해없음,화물,남,50세,경상
2022051700100516,2022년 5월 17일 19시,화요일,경상북도 영주시 가흥동,경상사고,0,0,1,0,차대사람 - 차도통행중,안전운전불이행,건조,맑음,교차로 - 교차로부근,승용,남,37세,상해없음,보행자,여,25세,경상
2022051700100543,2022년 5월 17일 20시,화요일,경상북도 칠곡군 석적읍,경상사고,0,0,1,0,차대차 - 추돌,안전운전불이행,건조,맑음,단일로 - 지하차도(도로)내,승용,남,64세,상해없음,자전거,여,62세,경상