사고번호,사고일시,요일,시군구,사고내용,사망자수,중상자수,경상자수,부상신고자수,사고유형,법규위반,노면상태,기상상태,도로형태,가해운전자 차종,가해운전자 성별,가해운전자 연령,가해운전자 상해정도,피해운전자 차종,피해운전자 성별,피해운전자 연령,피해운전자 상해정도
2022051700100567,2022년 5월 17일 21시,화요일,경상북도 경주시 건천읍,사망사고,1,0,0,0,차량단독 - 기타,안전운전불이행,건조,맑음,단일로 - 기타,농기계,남,83세,사망,,,,
2022051700100568,2022년 5월 17일 21시,화요일,경상북도 영주시 가흥동,경상사고,0,0,1,0,차대차 - 측면충돌,안전운전불이행,건조,맑음,교차로 - 교차로부근,승용,남,88세,상해없음,화물,남,71세,경상
2022051700100569,2022년 5월 17일 21시,화요일,경상북도 구미시 공단동,중상사고,0,1,0,0,차대차 - 측면충돌,안전운전불이행,건조,맑음,교차로 - 교차로안,자전거,남,47세,중상,승용,여,56세,상해없음
2022051700100588,2022년 5월 17일 22시,화요일,경상북도 포항시 북구 송라면,중상사고,0,1,1,1,차대차 - 추돌,안전거리미확보,건조,맑음,교차로 - 교차로부근,승용,여,55세,부상신고,승용,여,49세,경상
2022051700100589,2022년 5월 17일 22시,화요일,경상북도 상주시 청리면,중상사고,0,1,0,0,차대사람 - 기타,기타,건조,맑음,단일로 - 기타,화물,남,46세,상해없음,보행자,남,30세,중상
2022051700100590,2022년 5월 17일 22시,화요일,경상북도 구미시 형곡동,경상사고,0,0,4,0,차대차 - 추돌,안전운전불이행,건조,맑음,단일로 - 기타,승용,남,56세,상해없음,승용,여,24세,경상
2022051800100034,2022년 5월 18일 04시,수요일,경상북도 포항시 북구 흥해읍,중상사고,0,1,0,0,차량단독 - 전도전복 - 전도,기타,건조,맑음,단일로 - 기타,이륜,남,26세,중상,,,,
2022051800100039,2022년 5월 18일 05시,수요일,경상북도 김천시 봉산면,경상사고,0,0,1,0,차대차 - 측면충돌,불법유턴,건조,맑음,단일로 - 기타,건설기계,남,61세,상해없음,화물,남,62세,경상
2022051800100040,2022년 5월 18일 05시,수요일,경상북도 구미시 인의동,경상사고,0,0,1,0,차대차 - 측면충돌,신호위반,건조,맑음,교차로 - 교차로부근,승용,남,66세,상해없음,승용,남,48세,경상
2022051800100056,2022년 5월 18일 06시,수요일,경상북도 칠곡군 왜관읍,경상사고,0,0,2,0,차대차 - 측면충돌,안전운전불이행,건조,맑음,단일로 - 기타,건설기계,남,44세,상해없음,승용,남,70세,경상
2022051800100077,2022년 5월 18일 07시,수요일,경상북도 칠곡군 북삼읍,중상사고,0,1,1,0,차대차 - 측면충돌,교차로운행방법위반,건조,맑음,교차로 - 교차로안,승용,여,61세,경상,승용,남,60세,중상
2022051800100078,2022년 5월 18일 07시,수요일,경상북도 칠곡군 동명면,경상사고,0,0,1,0,차대차 - 추돌,안전운전불이행,건조,맑음,교차로 - 교차로부근,승용,남,57세,상해없음,승용,남,62세,경상
2022051800100109,2022년 5월 18일 08시,수요일,경상북도 칠곡군 왜관읍,경상사고,0,0,2,0,차대차 - 정면충돌,안전운전불이행,건조,맑음,단일로 - 기타,승용,여,42세,상해없음,승용,여,46세,경상
2022051800100110,2022년 5월 18일 08시,수요일,경상북도 포항시 남구 이동,중상사고,0,1,3,0,차대차 - 정면충돌,안전거리미확보,건조,맑음,단일로 - 지하차도(도로)내,승용,여,38세,상해없음,승용,여,40세,중상
2022051800100155,2022년 5월 18일 09시,수요일,경상북도 안동시 용상동,경상사고,0,0,1,0,차대차 - 후진중충돌,안전운전불이행,건조,맑음,단일로 - 기타,승용,남,68세,상해없음,승용,여,59세,경상
2022051800100156,2022년 5월 18일 09시,수요일,경상북도 구미시 봉곡동,경상사고,0,0,1,0,차대차 - 기타,안전거리미확보,건조,맑음,교차로 - 교차로안,승용,남,49세,상해없음,이륜,남,27세,경상
2022051800100183,2022년 5월 18일 10시,수요일,경상북도 경주시 양남면,중상사고,0,1,0,0,차대차 - 정면충돌,중앙선침범,건조,맑음,교차로 - 교차로부근,이륜,남,85세,중상,건설기계,남,64세,상해없음
2022051800100184,2022년 5월 18일 10시,수요일,경상북도 영천시 문외동,중상사고,0,1,0,0,차대사람 - 횡단중,안전운전불이행,건조,맑음,단일로 - 기타,승용,여,42세,상해없음,보행자,여,42세,중상
2022051800100185,2022년 5월 18일 10시,수요일,경상북도 영덕군 남정면,중상사고,0,1,0,0,차대차 - 정면충돌,중앙선침범,건조,맑음,단일로 - 기타,농기계,남,66세,상해없음,승용,여,67세,중상
2022051800100186,2022년 5월 18일 10시,수요일,경상북도 구미시 봉곡동,경상사고,0,0,1,0,차대사람 - 횡단중,안전운전불이행,건조,맑음,교차로 - 교차로안,승용,여,71세,상해없음,보행자,여,61세,경상
2022051800100226,2022년 5월 18일 12시,수요일,경상북도 경주시 감포읍,경상사고,0,0,1,0,차대사람 - 길가장자리구역통행중,안전운전불이행,건조,맑음,단일로 - 기타,화물,남,65세,상해없음,보행자,여,63세,경상
2022051800100227,2022년 5월 18일 12시,수요일,경상북도 봉화군 봉화읍,경상사고,0,0,2,0,차대차 - 측면충돌,신호위반,건조,맑음,교차로 - 교차로안,승용,남,35세,경상,승용,여,40세,경상
2022051800100228,2022년 5월 18일 12시,수요일,경상북도 구미시 광평동,경상사고,0,0,1,0,차대차 - 기타,안전거리미확보,건조,맑음,단일로 - 기타,승용,남,32세,상해없음,승용,남,62세,상해없음
2022051800100257,2022년 5월 18일 13시,수요일,경상북도 구미시 공단동,경상사고,0,0,1,0,차대차 - 후진중충돌,안전운전불이행,건조,맑음,단일로 - 기타,승용,여,27세,상해없음,승용,여,30세,경상
2022051800100291,2022년 5월 18일 14시,수요일,경상북도 안동시 태화동,중상사고,0,1,0,0,차대사람 - 횡단중,안전운전불이행,건조,맑음,교차로 - 교차로횡단보도내,승용,여,78세,상해없음,보행자,여,69세,중상
2022051800100346,2022년 5월 18일 15시,수요일,경상북도 포항시 북구 양덕동,경상사고,0,0,1,0,차대차 - 측면충돌,안전운전불이행,건조,맑음,단일로 - 기타,승용,남,66세,상해없음,이륜,남,36세,경상
2022051800100347,2022년 5월 18일 15시,수요일,경상북도 영덕군 영덕읍,부상신고사고,0,0,0,1,차대차 - 기타,교차로운행방법위반,건조,맑음,교차로 - 교차로안,자전거,남,86세,부상신고,승용,여,53세,상해없음
2022051800100391,2022년 5월 18일 16시,수요일,경상북도 경주시 황성동,중상사고,0,1,0,0,차대차 - 측면충돌,안전운전불이행,건조,맑음,교차로 - 교차로안,승용,여,57세,상해없음,자전거,남,15세,중상
2022051800100392,2022년 5월 18일 16시,수요일,경상북도 영주시 휴천동,경상사고,0,0,2,0,차대차 - 측면충돌,교차로운행방법위반,건조,맑음,교차로 - 교차로안,승용,여,39세,경상,화물,남,64세,경상
2022051800100436,2022년 5월 18일 17시,수요일,경상북도 경산시 사동,경상사고,0,0,2,0,차대차 - 측면충돌,교차로운행방법위반,건조,맑음,교차로 - 교차로부근,승용,남,66세,상해없음,승용,남,31세,경상
2022051800100437,2022년 5월 18일 17시,수요일,경상북도 울진군 울진읍,중상사고,0,1,0,0,차대차 - 추돌,안전운전불이행,건조,맑음,단일로 - 기타,승용,남,24세,상해없음,승용,여,49세,중상
2022051800100438,2022년 5월 18일 17시,수요일,경상북도 구미시 고아읍,경상사고,0,0,2,0,차대차 - 측면충돌,교차로운행방법위반,건조,맑음,교차로 - 교차로안,승용,여,63세,상해없음,승용,남,62세,경상
2022051800100489,2022년 5월 18일 18시,수요일,경상북도 김천시 어모면,경상사고,0,0,1,0,차대차 - 측면충돌,차로위반,건조,맑음,교차로 - 교차로부근,승용,여,58세,상해없음,승용,남,34세,경상
2022051800100490,2022년 5월 18일 18시,수요일,경상북도 포항시 남구 송도동,부상신고사고,0,0,0,1,차대차 - 측면충돌,안전운전불이행,건조,맑음,교차로 - 교차로안,승용,여,54세,상해없음,자전거,남,10세,부상신고
2022051800100491,2022년 5월 18일 18시,수요일,경상북도 포항시 남구 송내동,경상사고,0,0,1,1,차대차 - 추돌,안전운전불이행,건조,맑음,단일로 - 기타,승용,남,31세,상해없음,승용,여,28세,경상
2022051800100526,2022년 5월 18일 19시,수요일,경상북도 경주시 양남면,중상사고,0,1,0,0,차대차 - 측면충돌,안전운전불이행,건조,맑음,단일로 - 기타,승합,남,50세,상해없음,이륜,여,29세,중상
2022051800100527,2022년 5월 18일 19시,수요일,경상북도 상주시 중덕동,중상사고,0,1,0,0,차량단독 - 전도전복 - 전도,안전운전불이행,건조,맑음,단일로 - 기타,이륜,남,72세,중상,,,,
2022051800100550,2022년 5월 18일 20시,수요일,경상북도 경산시 계양동,경상사고,0,0,1,0,차대차 - 측면충돌,교차로운행방법위반,건조,맑음,교차로 - 교차로부근,승용,여,44세,상해없음,승용,남,30세,경상
2022051800100551,2022년 5월 18일 20시,수요일,경상북도 포항시 남구 이동,경상사고,0,0,1,0,차대차 - 측면충돌,안전거리미확보,건조,맑음,교차로 - 교차로부근,승용,남,28세,상해없음,승용,남,44세,경상
2022051800100575,2022년 5월 18일 21시,수요일,경상북도 안동시 북문동,중상사고,0,1,0,0,차량단독 - 기타,안전운전불이행,건조,맑음,교차로 - 교차로부근,개인형이동수단(PM),여,23세,중상,,,,
2022051800100576,2022년 5월 18일 21시,수요일,경상북도 경산시 계양동,경상사고,0,0,1,0,차대차 - 추돌,안전거리미확보,건조,맑음,단일로 - 기타,승용,남,51세,상해없음,승용,여,53세,경상
2022051800100594,2022년 5월 18일 22시,수요일,경상북도 경산시 조영동,경상사고,0,0,1,0,차대사람 - 기타,안전운전불이행,건조,맑음,단일로 - 기타,승용,여,19세,상해없음,보행자,남,23세,경상
2022051800100595,2022년 5월 18일 22시,수요일,경상북도 성주군 성주읍,경상사고,0,0,2,0,차대차 - 측면충돌,신호위반,건조,맑음,교차로 - 교차로안,승용,여,56세,경상,승용,여,57세,경상
2022051900100005,2022년 5월 19일 00시,목요일,경상북도 경주시 용강동,경상사고,0,0,2,0,차량단독 - 공작물충돌,안전운전불이행,건조,맑음,주차장 - 주차장,승용,남,42세,상해없음,,,,
2022051900100055,2022년 5월 19일 06시,목요일,경상북도 경주시 황성동,경상사고,0,0,1,0,차대차 - 측면충돌,중앙선침범,건조,맑음,교차로 - 교차로안,자전거,남,64세,경상,승합,남,64세,상해없음
2022051900100056,2022년 5월 19일 06시,목요일,경상북도 김천시 모암동,경상사고,0,0,1,0,차대차 - 측면충돌,중앙선침범,건조,맑음,교차로 - 교차로부근,승용,남,23세,상해없음,승용,남,56세,경상
2022051900100057,2022년 5월 19일 06시,목요일,경상북도 구미시 공단동,경상사고,0,0,1,0,차대차 - 측면충돌,신호위반,건조,맑음,단일로 - 기타,승용,여,36세,상해없음,승용,여,51세,경상
2022051900100122,2022년 5월 19일 08시,목요일,경상북도 포항시 북구 양덕동,경상사고,0,0,1,0,차대차 - 측면충돌,안전운전불이행,건조,맑음,기타 - 기타,승용,남,36세,기타불명,승용,여,39세,경상
2022051900100123,2022년 5월 19일 08시,목요일,경상북도 안동시 운흥동,중상사고,0,1,0,0,차대차 - 기타,불법유턴,건조,맑음,단일로 - 기타,자전거,남,87세,중상,승용,여,63세,상해없음
2022051900100124,2022년 5월 19일 08시,목요일,경상북도 구미시 광평동,경상사고,0,0,1,0,차대차 - 측면충돌,안전거리미확보,건조,맑음,기타 - 기타,승용,여,56세,상해없음,승용,여,23세,경상
2022051900100179,2022년 5월 19일 10시,목요일,경상북도 경주시 안강읍,중상사고,0,1,0,0,차대사람 - 기타,안전운전불이행,건조,맑음,단일로 - 기타,화물,남,36세,상해없음,보행자,여,84세,중상
2022051900100180,2022년 5월 19일 10시,목요일,경상북도 안동시 옥야동,경상사고,0,0,1,0,차대차 - 기타,안전운전불이행,건조,맑음,단일로 - 기타,화물,남,44세,상해없음,화물,남,63세,경상
2022051900100181,2022년 5월 19일 10시,목요일,경상북도 경산시 진량읍,사망사고,1,0,1,0,차대차 - 추돌,안전운전불이행,건조,맑음,교차로 - 교차로부근,화물,남,60세,사망,화물,남,61세,경상
2022051900100182,2022년 5월 19일 10시,목요일,경상북도 청송군 진보면,경상사고,0,0,1,0,차대차 - 측면충돌,안전운전불이행,건조,맑음,교차로 - 교차로안,화물,남,71세,상해없음,승용,여,57세,상해없음
2022051900100214,2022년 5월 19일 11시,목요일,경상북도 경주시 안강읍,부상신고사고,0,0,0,1,차대차 - 정면충돌,안전운전불이행,건조,맑음,단일로 - 기타,이륜,남,79세,부상신고,화물,남,32세,상해없음
2022051900100240,2022년 5월 19일 12시,목요일,경상북도 영천시 신녕면,경상사고,0,0,1,0,차대차 - 정면충돌,안전운전불이행,건조,맑음,교차로 - 교차로안,이륜,여,50세,경상,승용,남,65세,상해없음
2022051900100271,2022년 5월 19일 13시,목요일,경상북도 안동시 광석동,중상사고,0,1,0,0,차대차 - 기타,교차로운행방법위반,건조,맑음,교차로 - 교차로안,승용,여,50세,상해없음,이륜,남,39세,중상
2022051900100272,2022년 5월 19일 13시,목요일,경상북도 안동시 용상동,경상사고,0,0,2,0,차대차 - 기타,직진우회전진행방해,건조,맑음,교차로 - 교차로안,승용,여,71세,경상,승용,남,65세,상해없음
2022051900100273,2022년 5월 19일 13시,목요일,경상북도 문경시 모전동,부상신고사고,0,0,0,1,차대차 - 측면충돌,교차로운행방법위반,건조,맑음,교차로 - 교차로안,승용,남,59세,상해없음,원동기,남,65세,부상신고
2022051900100274,2022년 5월 19일 13시,목요일,경상북도 영덕군 남정면,중상사고,0,1,0,0,차대사람 - 기타,안전운전불이행,건조,맑음,단일로 - 기타,승용,여,52세,상해없음,보행자,남,32세,중상
2022051900100275,2022년 5월 19일 13시,목요일,경상북도 예천군 호명면,부상신고사고,0,0,0,1,차량단독 - 전도전복 - 전도,안전운전불이행,건조,맑음,단일로 - 기타,이륜,남,64세,부상신고,,,,
2022051900100320,2022년 5월 19일 15시,목요일,경상북도 영주시 하망동,중상사고,0,1,0,0,차대차 - 측면충돌,교차로운행방법위반,건조,맑음,교차로 - 교차로안,승용,여,60세,상해없음,승용,남,72세,중상
2022051900100321,2022년 5월 19일 15시,목요일,경상북도 울진군 울진읍,경상사고,0,0,2,0,차대차 - 추돌,안전거리미확보,건조,맑음,단일로 - 기타,화물,남,32세,상해없음,승용,남,66세,경상
2022051900100351,2022년 5월 19일 16시,목요일,경상북도 포항시 북구 동빈2가,경상사고,0,0,1,0,차대차 - 추돌,안전거리미확보,건조,맑음,단일로 - 기타,화물,남,56세,상해없음,승용,남,22세,경상
2022051900100352,2022년 5월 19일 16시,목요일,경상북도 칠곡군 석적읍,경상사고,0,0,1,0,차대차 - 측면충돌,기타,건조,맑음,교차로 - 교차로안,승용,여,38세,상해없음,승용,여,32세,경상
2022051900100353,2022년 5월 19일 16시,목요일,경상북도 경산시 용성면,경상사고,0,0,1,0,차대사람 - 차도통행중,안전운전불이행,건조,맑음,단일로 - 기타,승용,여,68세,상해없음,보행자,여,84세,경상
2022051900100354,2022년 5월 19일 16시,목요일,경상북도 경산시 옥곡동,경상사고,0,0,1,0,차대사람 - 차도통행중,안전운전불이행,건조,맑음,단일로 - 기타,승용,여,44세,상해없음,보행자,여,13세,경상
2022051900100406,2022년 5월 19일 17시,목요일,경상북도 포항시 북구 양덕동,경상사고,0,0,1,0,차대사람 - 횡단중,안전운전불이행,건조,맑음,교차로 - 교차로부근,승용,남,53세,상해없음,보행자,남,13세,경상
2022051900100407,2022년 5월 19일 17시,목요일,경상북도 경산시 대평동,경상사고,0,0,1,0,차대차 - 기타,안전운전불이행,건조,맑음,교차로 - 교차로안,건설기계,남,68세,상해없음,승용,남,54세,경상
2022051900100408,2022년 5월 19일 17시,목요일,경상북도 구미시 송정동,경상사고,0,0,1,0,차대차 - 기타,안전운전불이행,건조,맑음,교차로 - 교차로안,이륜,남,65세,경상,승용,남,34세,상해없음
2022051900100409,2022년 5월 19일 17시,목요일,경상북도 포항시 남구 연일읍,사망사고,1,0,0,0,차대사람 - 횡단중,보행자보호의무위반,건조,맑음,교차로 - 교차로횡단보도내,화물,남,77세,상해없음,보행자,여,61세,사망
2022051900100445,2022년 5월 19일 18시,목요일,경상북도 경주시 황성동,중상사고,0,1,0,0,차대차 - 기타,신호위반,건조,맑음,교차로 - 교차로안,승용,여,30세,상해없음,이륜,남,32세,중상
2022051900100446,2022년 5월 19일 18시,목요일,경상북도 경산시 조영동,경상사고,0,0,3,0,차대차 - 측면충돌,안전운전불이행,건조,맑음,교차로 - 교차로안,이륜,여,20세,경상,승용,남,30세,경상
2022051900100503,2022년 5월 19일 20시,목요일,경상북도 경주시 안강읍,경상사고,0,0,1,0,차대차 - 추돌,안전운전불이행,건조,맑음,단일로 - 기타,승용,남,37세,상해없음,승용,여,44세,경상
2022051900100504,2022년 5월 19일 20시,목요일,경상북도 울진군 후포면,중상사고,0,1,0,0,차대차 - 추돌,안전운전불이행,건조,맑음,교차로 - 교차로부근,승용,여,36세,상해없음,승용,여,59세,중상
2022051900100581,2022년 5월 19일 23시,목요일,경상북도 영주시 단산면,경상사고,0,0,1,0,차대차 - 측면충돌,안전운전불이행,건조,맑음,단일로 - 기타,승용,남,57세,상해없음,승용,남,23세,경상
2022052000100024,2022년 5월 20일 01시,금요일,경상북도 군위군 효령면,중상사고,0,1,2,0,차대차 - 추돌,안전운전불이행,건조,맑음,단일로 - 기타,특수,남,21세,경상,특수,남,53세,중상
2022052000100055,2022년 5월 20일 06시,금요일,경상북도 구미시 원평동,경상사고,0,0,1,0,차대차 - 기타,직진우회전진행방해,건조,맑음,교차로 - 교차로안,승용,여,33세,상해없음,자전거,여,65세,경상
2022052000100127,2022년 5월 20일 08시,금요일,경상북도 칠곡군 석적읍,경상사고,0,0,2,0,차대차 - 측면충돌,안전운전불이행,건조,맑음,교차로 - 교차로안,승용,남,51세,경상,승용,여,30세,경상
2022052000100128,2022년 5월 20일 08시,금요일,경상북도 칠곡군 석적읍,경상사고,0,0,2,0,차대차 - 측면충돌,안전운전불이행,건조,맑음,교차로 - 교차로안,승용,여,45세,경상,승용,남,64세,경상
2022052000100158,2022년 5월 20일 09시,금요일,경상북도 포항시 북구 죽도동,경상사고,0,0,2,0,차대차 - 기타,안전운전불이행,건조,맑음,단일로 - 기타,승용,여,40세,상해없음,승합,남,54세,경상
2022052000100211,2022년 5월 20일 11시,금요일,경상북도 울진군 기성면,중상사고,0,1,0,0,차대차 - 측면충돌,안전운전불이행,건조,맑음,단일로 - 기타,화물,남,80세,상해없음,승용,여,70세,중상
2022052000100212,2022년 5월 20일 11시,금요일,경상북도 포항시 남구 오천읍,중상사고,0,1,0,0,차대사람 - 횡단중,안전운전불이행,건조,맑음,교차로 - 교차로부근,화물,남,69세,상해없음,보행자,여,74세,중상
2022052000100241,2022년 5월 20일 12시,금요일,경상북도 영주시 휴천동,경상사고,0,0,1,0,차대사람 - 횡단중,보행자보호의무위반,건조,맑음,교차로 - 교차로횡단보도내,승용,여,56세,상해없음,보행자,여,66세,경상
2022052000100274,2022년 5월 20일 13시,금요일,경상북도 김천시 감천면,경상사고,0,0,2,0,차대차 - 측면충돌,기타,건조,맑음,교차로 - 교차로안,이륜,남,50세,경상,화물,여,56세,경상
2022052000100275,2022년 5월 20일 13시,금요일,경상북도 성주군 벽진면,중상사고,0,1,4,0,차량단독 - 공작물충돌,안전운전불이행,건조,맑음,단일로 - 기타,화물,남,66세,경상,,,,
2022052000100276,2022년 5월 20일 13시,금요일,경상북도 구미시 원평동,경상사고,0,0,1,0,차대차 - 측면충돌,교차로운행방법위반,건조,맑음,교차로 - 교차로안,승용,남,34세,상해없음,이륜,남,81세,경상
2022052000100309,2022년 5월 20일 14시,금요일,경상북도 영천시 봉동,경상사고,0,0,1,0,차대차 - 측면충돌,차로위반,건조,맑음,단일로 - 기타,승용,남,48세,상해없음,승용,남,23세,경상
2022052000100310,2022년 5월 20일 14시,금요일,경상북도 영천시 매산동,경상사고,0,0,1,0,차대차 - 추돌,기타,건조,맑음,기타 - 기타,화물,남,67세,상해없음,승용,여,61세,경상
2022052000100354,2022년 5월 20일 15시,금요일,경상북도 포항시 남구 대송면,경상사고,0,0,2,0,차대차 - 측면충돌,안전운전불이행,건조,맑음,교차로 - 교차로안,농기계,남,76세,경상,승용,남,77세,경상
2022052000100401,2022년 5월 20일 16시,금요일,경상북도 김천시 율곡동,경상사고,0,0,1,0,차대차 - 측면충돌,교차로운행방법위반,건조,맑음,교차로 - 교차로안,승용,여,39세,상해없음,자전거,남,9세,경상
2022052000100458,2022년 5월 20일 17시,금요일,경상북도 경산시 대평동,경상사고,0,0,1,0,차대차 - 측면충돌,안전운전불이행,건조,맑음,단일로 - 기타,승용,여,66세,상해없음,승용,여,24세,경상
2022052000100459,2022년 5월 20일 17시,금요일,경상북도 구미시 구평동,경상사고,0,0,1,0,차대사람 - 횡단중,안전운전불이행,건조,맑음,단일로 - 기타,승용,여,43세,상해없음,보행자,남,4세,경상
2022052000100506,2022년 5월 20일 18시,금요일,경상북도 경주시 황성동,경상사고,0,0,1,0,차대차 - 정면충돌,신호위반,건조,맑음,교차로 - 교차로안,승용,남,45세,상해없음,이륜,남,28세,경상
2022052000100507,2022년 5월 20일 18시,금요일,경상북도 포항시 북구 대흥동,경상사고,0,0,2,0,차대차 - 정면충돌,중앙선침범,건조,맑음,단일로 - 기타,승용,남,66세,상해없음,승용,여,37세,경상
2022052000100508,2022년 5월 20일 18시,금요일,경상북도 칠곡군 약목면,경상사고,0,0,3,0,차대차 - 측면충돌,직진우회전진행방해,건조,맑음,교차로 - 교차로안,화물,남,65세,경상,화물,남,70세,경상
2022052000100509,2022년 5월 20일 18시,금요일,경상북도 영덕군 영해면,중상사고,0,2,0,0,차대차 - 측면충돌,안전거리미확보,건조,맑음,단일로 - 기타,화물,남,79세,상해없음,승용,여,43세,중상
2022052000100510,2022년 5월 20일 18시,금요일,경상북도 예천군 예천읍,경상사고,0,0,1,0,차대사람 - 차도통행중,안전운전불이행,건조,맑음,단일로 - 기타,승용,여,46세,상해없음,보행자,남,53세,경상
2022052000100511,2022년 5월 20일 18시,금요일,경상북도 성주군 초전면,중상사고,0,1,0,0,차대차 - 정면충돌,중앙선침범,건조,맑음,단일로 - 지하차도(도로)내,승합,여,62세,상해없음,승용,여,51세,중상
2022052000100512,2022년 5월 20일 18시,금요일,경상북도 고령군 우곡면,사망사고,1,0,0,0,차량단독 - 도로외이탈 - 추락,안전운전불이행,건조,맑음,기타 - 기타,자전거,남,75세,사망,,,,
2022052000100513,2022년 5월 20일 18시,금요일,경상북도 구미시 선산읍,경상사고,0,0,1,0,차대차 - 기타,중앙선침범,건조,맑음,단일로 - 기타,화물,남,29세,상해없음,승용,남,44세,경상
2022052000100514,2022년 5월 20일 18시,금요일,경상북도 구미시 지산동,중상사고,0,4,2,1,차대차 - 추돌,안전운전불이행,건조,맑음,단일로 - 교량,승용,남,29세,부상신고,승용,여,45세,경상
2022052000100625,2022년 5월 20일 21시,금요일,경상북도 성주군 초전면,경상사고,0,0,1,0,차량단독 - 전도전복 - 전도,안전운전불이행,건조,맑음,단일로 - 기타,화물,남,86세,경상,,,,
2022052000100626,2022년 5월 20일 21시,금요일,경상북도 영주시 풍기읍,사망사고,1,0,0,0,차대차 - 추돌,안전운전불이행,건조,맑음,단일로 - 기타,화물,남,63세,사망,화물,남,44세,상해없음
2022052000100654,2022년 5월 20일 22시,금요일,경상북도 김천시 성내동,경상사고,0,0,1,0,차대차 - 추돌,안전거리미확보,건조,맑음,단일로 - 기타,승용,남,41세,상해없음,승용,남,23세,경상
2022052000100655,2022년 5월 20일 22시,금요일,경상북도 포항시 남구 송도동,경상사고,0,0,1,0,차대차 - 추돌,안전운전불이행,건조,맑음,단일로 - 기타,승용,남,44세,상해없음,승용,남,33세,경상
2022052100100054,2022년 5월 21일 03시,토요일,경상북도 구미시 옥계동,중상사고,0,1,0,0,차대차 - 추돌,기타,건조,맑음,교차로 - 교차로부근,자전거,남,45세,중상,화물,남,49세,기타불명
2022052100100070,2022년 5월 21일 06시,토요일,경상북도 경주시 안강읍,중상사고,0,1,0,0,차대차 - 추돌,안전운전불이행,건조,맑음,교차로 - 교차로부근,승용,남,49세,상해없음,화물,남,67세,중상
2022052100100071,2022년 5월 21일 06시,토요일,경상북도 김천시 농소면,경상사고,0,0,2,0,차대차 - 측면충돌,신호위반,건조,맑음,교차로 - 교차로안,농기계,남,81세,경상,승용,남,34세,경상
2022052100100081,2022년 5월 21일 07시,토요일,경상북도 구미시 선산읍,중상사고,0,1,0,0,차대차 - 기타,교차로운행방법위반,건조,맑음,교차로 - 교차로안,이륜,남,74세,중상,승용,여,56세,상해없음
2022052100100098,2022년 5월 21일 08시,토요일,경상북도 의성군 단촌면,중상사고,0,1,0,0,차량단독 - 도로외이탈 - 기타,안전운전불이행,건조,맑음,교차로 - 교차로안,사륜오토바이(ATV),남,86세,상해없음,,,,
2022052100100099,2022년 5월 21일 08시,토요일,경상북도 경산시 계양동,중상사고,0,1,0,0,차대차 - 측면충돌,교차로운행방법위반,건조,맑음,교차로 - 교차로안,승용,남,62세,상해없음,이륜,남,35세,중상
2022052100100124,2022년 5월 21일 09시,토요일,경상북도 포항시 북구 흥해읍,중상사고,0,2,1,0,차대차 - 추돌,안전거리미확보,건조,맑음,단일로 - 기타,승용,여,32세,상해없음,승용,남,34세,중상
2022052100100125,2022년 5월 21일 09시,토요일,경상북도 구미시 도량동,경상사고,0,0,1,0,차대차 - 측면충돌,중앙선침범,건조,맑음,교차로 - 교차로부근,승용,남,70세,상해없음,승용,남,43세,경상
2022052100100126,2022년 5월 21일 09시,토요일,경상북도 구미시 옥성면,중상사고,0,1,0,0,차대사람 - 차도통행중,안전운전불이행,건조,맑음,단일로 - 기타,화물,남,54세,상해없음,보행자,남,75세,중상
2022052100100199,2022년 5월 21일 11시,토요일,경상북도 칠곡군 석적읍,부상신고사고,0,0,0,1,차량단독 - 공작물충돌,안전운전불이행,건조,맑음,교차로 - 교차로안,승용,여,43세,상해없음,,,,
2022052100100200,2022년 5월 21일 11시,토요일,경상북도 영천시 오미동,경상사고,0,0,2,0,차대차 - 측면충돌,안전운전불이행,건조,맑음,단일로 - 기타,승용,남,74세,기타불명,승용,남,33세,경상
2022052100100201,2022년 5월 21일 11시,토요일,경상북도 성주군 성주읍,경상사고,0,0,2,0,차대차 - 기타,안전운전불이행,건조,맑음,단일로 - 기타,승용,여,60세,상해없음,승용,남,50세,경상
2022052100100248,2022년 5월 21일 12시,토요일,경상북도 경주시 서면,경상사고,0,0,2,0,차대차 - 측면충돌,안전운전불이행,건조,맑음,단일로 - 기타,원동기,남,32세,상해없음,승용,남,79세,경상
2022052100100249,2022년 5월 21일 12시,토요일,경상북도 경주시 용강동,경상사고,0,0,4,0,차대차 - 추돌,안전운전불이행,건조,맑음,단일로 - 지하차도(도로)내,원동기,남,25세,경상,승용,남,34세,경상
2022052100100250,2022년 5월 21일 12시,토요일,경상북도 안동시 송현동,중상사고,0,1,0,0,차대차 - 측면충돌,차로위반,건조,맑음,단일로 - 기타,승용,남,64세,상해없음,이륜,남,49세,중상
2022052100100251,2022년 5월 21일 12시,토요일,경상북도 영천시 고경면,경상사고,0,0,1,0,차대차 - 측면충돌,안전운전불이행,건조,맑음,단일로 - 기타,승용,여,23세,상해없음,승용,여,54세,경상
2022052100100252,2022년 5월 21일 12시,토요일,경상북도 영덕군 창수면,사망사고,1,0,0,0,차량단독 - 기타,안전운전불이행,건조,맑음,교차로 - 교차로안,농기계,남,78세,사망,,,,