사고번호,사고일시,요일,시군구,사고내용,사망자수,중상자수,경상자수,부상신고자수,사고유형,법규위반,노면상태,기상상태,도로형태,가해운전자 차종,가해운전자 성별,가해운전자 연령,가해운전자 상해정도,피해운전자 차종,피해운전자 성별,피해운전자 연령,피해운전자 상해정도
2022052100100253,2022년 5월 21일 12시,토요일,경상북도 김천시 봉산면,중상사고,0,2,0,0,차대차 - 기타,안전거리미확보,건조,맑음,단일로 - 기타,승용,남,31세,상해없음,승용,남,61세,중상
2022052100100290,2022년 5월 21일 13시,토요일,경상북도 안동시 일직면,경상사고,0,0,1,0,차대사람 - 기타,안전운전불이행,건조,맑음,기타 - 기타,화물,남,61세,상해없음,보행자,여,78세,경상
2022052100100291,2022년 5월 21일 13시,토요일,경상북도 영천시 고경면,경상사고,0,0,1,0,차대사람 - 횡단중,신호위반,건조,맑음,교차로 - 교차로안,승용,여,63세,상해없음,보행자,여,27세,경상
2022052100100292,2022년 5월 21일 13시,토요일,경상북도 영천시 자양면,중상사고,0,1,0,0,차대차 - 정면충돌,중앙선침범,건조,맑음,교차로 - 교차로안,화물,남,58세,상해없음,이륜,남,40세,중상
2022052100100333,2022년 5월 21일 14시,토요일,경상북도 포항시 북구 대흥동,경상사고,0,0,1,0,차대차 - 기타,안전거리미확보,건조,맑음,교차로 - 교차로안,화물,남,73세,상해없음,승용,여,41세,경상
2022052100100334,2022년 5월 21일 14시,토요일,경상북도 영천시 금호읍,중상사고,0,1,1,0,차대차 - 정면충돌,중앙선침범,건조,맑음,단일로 - 기타,화물,남,29세,상해없음,승용,남,63세,경상
2022052100100335,2022년 5월 21일 14시,토요일,경상북도 구미시 원평동,경상사고,0,0,1,0,차대차 - 측면충돌,교차로운행방법위반,건조,맑음,교차로 - 교차로안,승용,남,29세,상해없음,승용,남,64세,경상
2022052100100336,2022년 5월 21일 14시,토요일,경상북도 구미시 도량동,중상사고,0,2,1,0,차대차 - 기타,기타,건조,맑음,단일로 - 기타,승용,남,32세,중상,승용,여,56세,상해없음
2022052100100337,2022년 5월 21일 14시,토요일,경상북도 구미시 원평동,경상사고,0,0,1,0,차대차 - 측면충돌,안전거리미확보,건조,맑음,단일로 - 기타,승용,남,64세,상해없음,승용,남,60세,경상
2022052100100375,2022년 5월 21일 15시,토요일,경상북도 안동시 용상동,중상사고,0,1,0,0,차대사람 - 횡단중,보행자보호의무위반,건조,맑음,교차로 - 교차로횡단보도내,화물,남,40세,상해없음,보행자,여,17세,중상
2022052100100376,2022년 5월 21일 15시,토요일,경상북도 상주시 화서면,경상사고,0,0,1,0,차대차 - 기타,안전운전불이행,건조,맑음,단일로 - 기타,이륜,남,85세,경상,승합,남,44세,상해없음
2022052100100411,2022년 5월 21일 16시,토요일,경상북도 영주시 가흥동,경상사고,0,0,2,0,차대차 - 추돌,안전운전불이행,건조,맑음,교차로 - 교차로부근,승용,여,40세,경상,승용,여,43세,경상
2022052100100445,2022년 5월 21일 17시,토요일,경상북도 영덕군 영해면,경상사고,0,0,3,0,차대차 - 추돌,안전거리미확보,건조,맑음,단일로 - 기타,화물,남,81세,경상,승용,남,61세,경상
2022052100100446,2022년 5월 21일 17시,토요일,경상북도 성주군 대가면,경상사고,0,0,1,0,차량단독 - 전도전복 - 전도,안전운전불이행,건조,맑음,단일로 - 기타,이륜,남,61세,경상,,,,
2022052100100447,2022년 5월 21일 17시,토요일,경상북도 포항시 남구 인덕동,사망사고,1,0,0,0,차대차 - 측면충돌,중앙선침범,건조,맑음,단일로 - 기타,승용,여,49세,상해없음,이륜,남,52세,사망
2022052100100481,2022년 5월 21일 18시,토요일,경상북도 문경시 문경읍,경상사고,0,0,1,0,차대차 - 측면충돌,안전운전불이행,건조,맑음,단일로 - 기타,승용,남,34세,상해없음,이륜,남,31세,경상
2022052100100482,2022년 5월 21일 18시,토요일,경상북도 경산시 진량읍,경상사고,0,0,1,0,차대차 - 측면충돌,신호위반,건조,맑음,교차로 - 교차로안,승용,여,68세,상해없음,승용,남,48세,경상
2022052100100505,2022년 5월 21일 19시,토요일,경상북도 울진군 죽변면,중상사고,0,1,0,0,차대사람 - 차도통행중,안전운전불이행,건조,맑음,단일로 - 기타,승용,남,50세,상해없음,보행자,남,68세,중상
2022052100100540,2022년 5월 21일 20시,토요일,경상북도 경주시 내남면,경상사고,0,0,1,0,차대차 - 측면충돌,신호위반,건조,맑음,교차로 - 교차로안,승용,남,26세,상해없음,화물,남,54세,경상
2022052100100541,2022년 5월 21일 20시,토요일,경상북도 상주시 남성동,중상사고,0,1,0,0,차대차 - 측면충돌,기타,건조,맑음,교차로 - 교차로횡단보도내,이륜,남,28세,상해없음,개인형이동수단(PM),남,21세,중상
2022052100100564,2022년 5월 21일 21시,토요일,경상북도 경주시 강동면,경상사고,0,0,2,0,차대차 - 측면충돌,안전운전불이행,건조,맑음,단일로 - 기타,승용,여,25세,상해없음,승용,남,44세,상해없음
2022052100100586,2022년 5월 21일 22시,토요일,경상북도 문경시 공평동,경상사고,0,0,1,0,차량단독 - 공작물충돌,안전운전불이행,건조,맑음,단일로 - 기타,이륜,남,29세,경상,,,,
2022052100100610,2022년 5월 21일 23시,토요일,경상북도 칠곡군 왜관읍,경상사고,0,0,1,0,차대사람 - 횡단중,보행자보호의무위반,건조,맑음,교차로 - 교차로횡단보도내,승용,여,63세,상해없음,보행자,남,48세,경상
2022052100100611,2022년 5월 21일 23시,토요일,경상북도 경산시 하양읍,중상사고,0,1,0,0,차대차 - 측면충돌,안전운전불이행,건조,맑음,주차장 - 주차장,승용,여,48세,상해없음,화물,남,69세,중상
2022052100100612,2022년 5월 21일 23시,토요일,경상북도 포항시 남구 오천읍,경상사고,0,0,1,0,차대차 - 측면충돌,교차로운행방법위반,건조,맑음,교차로 - 교차로안,승용,남,61세,상해없음,승용,남,25세,경상
2022052200100009,2022년 5월 22일 00시,일요일,경상북도 포항시 남구 대잠동,경상사고,0,0,3,0,차대차 - 기타,안전운전불이행,건조,맑음,단일로 - 지하차도(도로)내,승용,남,29세,기타불명,승용,여,37세,경상
2022052200100039,2022년 5월 22일 03시,일요일,경상북도 의성군 안평면,중상사고,0,1,0,0,차대차 - 정면충돌,안전운전불이행,건조,맑음,단일로 - 기타,화물,남,42세,상해없음,승용,남,48세,중상
2022052200100066,2022년 5월 22일 07시,일요일,경상북도 영천시 북안면,경상사고,0,0,1,0,차대차 - 기타,안전운전불이행,건조,맑음,교차로 - 교차로안,농기계,남,66세,경상,승합,남,57세,상해없음
2022052200100092,2022년 5월 22일 09시,일요일,경상북도 영천시 금호읍,중상사고,0,1,1,0,차대차 - 정면충돌,중앙선침범,건조,맑음,교차로 - 교차로안,승용,남,36세,상해없음,이륜,여,56세,중상
2022052200100105,2022년 5월 22일 10시,일요일,경상북도 포항시 북구 우현동,중상사고,0,1,0,0,차대차 - 측면충돌,안전운전불이행,건조,맑음,교차로 - 교차로안,승용,여,46세,상해없음,승합,남,59세,중상
2022052200100106,2022년 5월 22일 10시,일요일,경상북도 구미시 진평동,부상신고사고,0,0,0,1,차대차 - 측면충돌,교차로운행방법위반,건조,맑음,기타 - 기타,승용,남,34세,상해없음,승용,남,54세,부상신고
2022052200100107,2022년 5월 22일 10시,일요일,경상북도 포항시 남구 상도동,부상신고사고,0,0,0,1,차대사람 - 차도통행중,안전운전불이행,건조,맑음,단일로 - 기타,화물,남,76세,상해없음,보행자,남,27세,부상신고
2022052200100135,2022년 5월 22일 11시,일요일,경상북도 경주시 현곡면,경상사고,0,0,1,0,차량단독 - 도로외이탈 - 추락,안전운전불이행,건조,맑음,단일로 - 기타,화물,남,74세,경상,,,,
2022052200100136,2022년 5월 22일 11시,일요일,경상북도 성주군 벽진면,경상사고,0,0,1,0,차량단독 - 전도전복 - 전도,안전운전불이행,건조,맑음,교차로 - 교차로부근,승용,남,63세,경상,,,,
2022052200100137,2022년 5월 22일 11시,일요일,경상북도 구미시 지산동,부상신고사고,0,0,0,1,차대차 - 기타,안전운전불이행,건조,맑음,교차로 - 교차로안,이륜,남,32세,상해없음,이륜,남,79세,부상신고
2022052200100138,2022년 5월 22일 11시,일요일,경상북도 포항시 남구 구룡포읍,경상사고,0,0,1,0,차대사람 - 기타,안전운전불이행,건조,맑음,단일로 - 지하차도(도로)내,승용,남,59세,상해없음,보행자,여,52세,경상
2022052200100139,2022년 5월 22일 11시,일요일,경상북도 포항시 남구 상도동,경상사고,0,0,2,0,차대차 - 측면충돌,차로위반,건조,맑음,교차로 - 교차로부근,원동기,남,39세,상해없음,승용,남,53세,경상
2022052200100168,2022년 5월 22일 12시,일요일,경상북도 김천시 감호동,경상사고,0,0,1,0,차대사람 - 차도통행중,안전운전불이행,건조,맑음,단일로 - 기타,승용,남,79세,상해없음,보행자,남,37세,경상
2022052200100169,2022년 5월 22일 12시,일요일,경상북도 의성군 단북면,경상사고,0,0,1,0,차대차 - 측면충돌,안전운전불이행,건조,맑음,단일로 - 기타,화물,남,58세,상해없음,자전거,여,83세,경상
2022052200100170,2022년 5월 22일 12시,일요일,경상북도 봉화군 봉화읍,경상사고,0,0,2,0,차대차 - 추돌,직진우회전진행방해,건조,맑음,교차로 - 교차로부근,승용,남,52세,상해없음,화물,남,53세,경상
2022052200100201,2022년 5월 22일 13시,일요일,경상북도 경주시 황성동,중상사고,0,1,0,0,차대차 - 측면충돌,안전운전불이행,건조,맑음,교차로 - 교차로안,승용,남,66세,상해없음,자전거,여,74세,중상
2022052200100202,2022년 5월 22일 13시,일요일,경상북도 영덕군 영덕읍,중상사고,0,1,0,0,차대차 - 측면충돌,직진우회전진행방해,건조,맑음,교차로 - 교차로안,화물,남,66세,상해없음,승용,여,78세,중상
2022052200100203,2022년 5월 22일 13시,일요일,경상북도 성주군 벽진면,경상사고,0,0,1,0,차대차 - 측면충돌,안전운전불이행,건조,맑음,교차로 - 교차로안,승용,여,38세,상해없음,이륜,남,82세,경상
2022052200100237,2022년 5월 22일 14시,일요일,경상북도 안동시 용상동,중상사고,0,1,1,0,차대차 - 추돌,안전운전불이행,건조,맑음,교차로 - 교차로부근,이륜,남,27세,중상,승용,여,42세,경상
2022052200100269,2022년 5월 22일 15시,일요일,경상북도 경산시 중방동,경상사고,0,0,2,0,차대차 - 측면충돌,안전운전불이행,건조,맑음,단일로 - 기타,화물,남,50세,상해없음,승용,남,35세,경상
2022052200100270,2022년 5월 22일 15시,일요일,경상북도 청송군 현동면,중상사고,0,3,0,0,차대차 - 측면충돌,중앙선침범,건조,맑음,단일로 - 지하차도(도로)내,화물,남,57세,중상,승용,여,46세,중상
2022052200100271,2022년 5월 22일 15시,일요일,경상북도 구미시 오태동,경상사고,0,0,1,0,차대차 - 후진중충돌,안전운전불이행,건조,맑음,단일로 - 기타,승용,여,31세,상해없음,승합,남,62세,경상
2022052200100306,2022년 5월 22일 16시,일요일,경상북도 경주시 성건동,경상사고,0,0,1,0,차대사람 - 차도통행중,안전운전불이행,건조,맑음,교차로 - 교차로안,승용,남,30세,상해없음,보행자,남,5세,경상
2022052200100307,2022년 5월 22일 16시,일요일,경상북도 칠곡군 북삼읍,경상사고,0,0,1,0,차대차 - 정면충돌,안전운전불이행,건조,맑음,단일로 - 기타,승용,남,27세,상해없음,이륜,남,40세,경상
2022052200100308,2022년 5월 22일 16시,일요일,경상북도 구미시 송정동,중상사고,0,1,0,0,차대차 - 기타,차로위반,건조,맑음,교차로 - 교차로부근,승용,여,44세,상해없음,원동기,남,26세,중상
2022052200100310,2022년 5월 22일 16시,일요일,경상북도 고령군 성산면,중상사고,0,1,5,0,차대차 - 추돌,안전운전불이행,건조,맑음,단일로 - 기타,승용,남,39세,중상,승용,남,41세,상해없음
2022052200100353,2022년 5월 22일 17시,일요일,경상북도 경주시 용강동,경상사고,0,0,1,0,차대차 - 측면충돌,안전운전불이행,건조,맑음,교차로 - 교차로안,이륜,남,42세,경상,승용,남,74세,상해없음
2022052200100354,2022년 5월 22일 17시,일요일,경상북도 칠곡군 동명면,중상사고,0,2,0,0,차대차 - 추돌,안전운전불이행,건조,맑음,단일로 - 터널,승용,남,45세,상해없음,승용,여,44세,중상
2022052200100384,2022년 5월 22일 18시,일요일,경상북도 경주시 감포읍,중상사고,0,2,1,0,차대차 - 정면충돌,중앙선침범,건조,맑음,단일로 - 기타,승용,남,25세,상해없음,승용,여,24세,중상
2022052200100385,2022년 5월 22일 18시,일요일,경상북도 포항시 북구 용흥동,경상사고,0,0,1,0,차대차 - 기타,안전거리미확보,건조,맑음,교차로 - 교차로부근,승용,남,73세,상해없음,승용,남,36세,상해없음
2022052200100386,2022년 5월 22일 18시,일요일,경상북도 칠곡군 지천면,중상사고,0,2,3,2,차대차 - 정면충돌,중앙선침범,건조,맑음,단일로 - 기타,승용,남,18세,부상신고,승용,남,56세,경상
2022052200100387,2022년 5월 22일 18시,일요일,경상북도 고령군 덕곡면,중상사고,0,1,1,1,차대차 - 정면충돌,중앙선침범,건조,맑음,단일로 - 기타,화물,남,73세,부상신고,승용,남,55세,경상
2022052200100388,2022년 5월 22일 18시,일요일,경상북도 구미시 원평동,사망사고,1,0,0,0,차량단독 - 공작물충돌,안전운전불이행,건조,맑음,교차로 - 교차로안,이륜,남,75세,사망,,,,
2022052200100436,2022년 5월 22일 20시,일요일,경상북도 경주시 성건동,경상사고,0,0,1,0,차대차 - 측면충돌,안전운전불이행,건조,맑음,교차로 - 교차로안,승용,여,23세,상해없음,승용,여,40세,경상
2022052200100452,2022년 5월 22일 21시,일요일,경상북도 경산시 중산동,경상사고,0,0,1,0,차대사람 - 횡단중,보행자보호의무위반,건조,맑음,교차로 - 교차로횡단보도내,승용,여,49세,상해없음,보행자,남,22세,경상
2022052200100493,2022년 5월 22일 23시,일요일,경상북도 영주시 휴천동,경상사고,0,0,2,0,차대차 - 기타,안전운전불이행,건조,맑음,교차로 - 교차로안,화물,남,41세,상해없음,승합,남,64세,경상
2022052200100494,2022년 5월 22일 23시,일요일,경상북도 경주시 율동,사망사고,1,1,2,0,차대차 - 추돌,안전운전불이행,건조,맑음,단일로 - 지하차도(도로)내,승용,남,35세,상해없음,승용,남,68세,경상
2022052300100007,2022년 5월 23일 00시,월요일,경상북도 영천시 완산동,중상사고,0,1,0,0,차대사람 - 횡단중,안전운전불이행,건조,맑음,단일로 - 기타,승용,여,39세,상해없음,보행자,남,35세,중상
2022052300100008,2022년 5월 23일 00시,월요일,경상북도 예천군 예천읍,중상사고,0,1,0,0,차대사람 - 차도통행중,안전운전불이행,건조,맑음,교차로 - 교차로안,승용,남,60세,상해없음,보행자,남,56세,중상
2022052300100009,2022년 5월 23일 00시,월요일,경상북도 구미시 진평동,경상사고,0,0,1,0,차대사람 - 기타,신호위반,건조,맑음,교차로 - 교차로안,이륜,남,16세,상해없음,보행자,남,25세,경상
2022052300100072,2022년 5월 23일 07시,월요일,경상북도 영천시 조교동,경상사고,0,0,1,0,차대차 - 기타,안전운전불이행,건조,맑음,교차로 - 교차로부근,자전거,남,14세,경상,승용,여,42세,상해없음
2022052300100106,2022년 5월 23일 08시,월요일,경상북도 경주시 성동동,경상사고,0,0,1,0,차대사람 - 길가장자리구역통행중,안전운전불이행,건조,맑음,단일로 - 기타,승용,여,26세,상해없음,보행자,여,69세,경상
2022052300100107,2022년 5월 23일 08시,월요일,경상북도 경주시 황성동,중상사고,0,1,0,0,차대차 - 측면충돌,안전운전불이행,건조,맑음,단일로 - 지하차도(도로)내,승용,여,49세,상해없음,승용,여,29세,중상
2022052300100108,2022년 5월 23일 08시,월요일,경상북도 영주시 장수면,중상사고,0,1,0,0,차대차 - 측면충돌,교차로운행방법위반,건조,맑음,교차로 - 교차로부근,화물,여,69세,상해없음,승용,여,67세,중상
2022052300100109,2022년 5월 23일 08시,월요일,경상북도 경산시 진량읍,경상사고,0,0,2,0,차대차 - 측면충돌,교차로운행방법위반,건조,맑음,교차로 - 교차로안,승용,여,32세,상해없음,승용,남,61세,경상
2022052300100110,2022년 5월 23일 08시,월요일,경상북도 영덕군 영해면,경상사고,0,0,1,0,차대사람 - 기타,안전운전불이행,건조,맑음,단일로 - 기타,승용,남,70세,상해없음,보행자,여,17세,경상
2022052300100147,2022년 5월 23일 09시,월요일,경상북도 경주시 성건동,경상사고,0,0,1,0,차대차 - 측면충돌,안전운전불이행,건조,맑음,교차로 - 교차로안,승용,남,69세,상해없음,자전거,여,59세,경상
2022052300100148,2022년 5월 23일 09시,월요일,경상북도 경산시 자인면,중상사고,0,1,0,0,차대사람 - 길가장자리구역통행중,안전운전불이행,건조,맑음,단일로 - 기타,승용,남,78세,상해없음,보행자,여,75세,중상
2022052300100149,2022년 5월 23일 09시,월요일,경상북도 포항시 남구 대잠동,경상사고,0,0,1,0,차대차 - 측면충돌,직진우회전진행방해,건조,맑음,교차로 - 교차로안,승용,남,80세,상해없음,이륜,남,28세,경상
2022052300100252,2022년 5월 23일 12시,월요일,경상북도 안동시 녹전면,사망사고,1,1,1,0,차량단독 - 도로외이탈 - 추락,안전운전불이행,건조,맑음,단일로 - 기타,승용,여,61세,경상,,,,
2022052300100253,2022년 5월 23일 12시,월요일,경상북도 의성군 의성읍,경상사고,0,0,1,0,차대차 - 측면충돌,안전운전불이행,건조,맑음,교차로 - 교차로안,승용,남,68세,상해없음,이륜,남,90세,경상
2022052300100286,2022년 5월 23일 13시,월요일,경상북도 경산시 사동,중상사고,0,1,0,0,차대차 - 측면충돌,안전운전불이행,건조,맑음,교차로 - 교차로안,승합,남,53세,상해없음,이륜,남,35세,중상
2022052300100287,2022년 5월 23일 13시,월요일,경상북도 고령군 대가야읍,경상사고,0,0,3,0,차대차 - 기타,안전운전불이행,건조,맑음,교차로 - 교차로안,승용,여,57세,경상,화물,남,59세,경상
2022052300100320,2022년 5월 23일 14시,월요일,경상북도 경주시 안강읍,경상사고,0,0,1,0,차대차 - 측면충돌,신호위반,건조,맑음,교차로 - 교차로안,승용,남,72세,상해없음,승용,남,44세,경상
2022052300100321,2022년 5월 23일 14시,월요일,경상북도 안동시 옥야동,경상사고,0,0,1,0,차대차 - 기타,안전운전불이행,건조,맑음,교차로 - 교차로부근,자전거,남,79세,경상,이륜,남,42세,상해없음
2022052300100322,2022년 5월 23일 14시,월요일,경상북도 상주시 사벌국면,중상사고,0,1,0,0,차대차 - 측면충돌,교차로운행방법위반,건조,맑음,교차로 - 교차로안,승용,여,69세,상해없음,이륜,남,76세,중상
2022052300100323,2022년 5월 23일 14시,월요일,경상북도 구미시 옥계동,경상사고,0,0,1,0,차대차 - 측면충돌,안전거리미확보,건조,맑음,교차로 - 교차로부근,승용,남,69세,상해없음,특수,남,27세,상해없음
2022052300100356,2022년 5월 23일 15시,월요일,경상북도 상주시 모서면,중상사고,0,1,0,0,차대차 - 기타,중앙선침범,건조,맑음,단일로 - 기타,승용,여,52세,상해없음,승용,남,43세,중상
2022052300100357,2022년 5월 23일 15시,월요일,경상북도 영천시 금호읍,경상사고,0,0,1,0,차대차 - 기타,안전운전불이행,건조,맑음,교차로 - 교차로안,농기계,남,79세,경상,화물,남,49세,상해없음
2022052300100358,2022년 5월 23일 15시,월요일,경상북도 구미시 형곡동,경상사고,0,0,1,0,차대차 - 추돌,안전운전불이행,건조,맑음,교차로 - 교차로부근,승용,남,55세,상해없음,승용,남,43세,경상
2022052300100410,2022년 5월 23일 16시,월요일,경상북도 영천시 문외동,중상사고,0,1,0,0,차대사람 - 횡단중,보행자보호의무위반,건조,맑음,단일로 - 기타,승용,남,33세,상해없음,보행자,여,76세,중상
2022052300100452,2022년 5월 23일 17시,월요일,경상북도 영주시 휴천동,중상사고,0,1,0,0,차대사람 - 횡단중,안전운전불이행,건조,맑음,단일로 - 기타,승용,여,54세,상해없음,보행자,여,55세,중상
2022052300100453,2022년 5월 23일 17시,월요일,경상북도 칠곡군 석적읍,경상사고,0,0,2,0,차대차 - 추돌,안전운전불이행,건조,맑음,단일로 - 지하차도(도로)내,화물,여,45세,상해없음,승용,남,29세,경상
2022052300100501,2022년 5월 23일 18시,월요일,경상북도 김천시 평화동,경상사고,0,0,1,0,차대사람 - 차도통행중,안전운전불이행,건조,맑음,단일로 - 기타,승용,남,61세,상해없음,보행자,여,34세,경상
2022052300100530,2022년 5월 23일 19시,월요일,경상북도 안동시 풍산읍,경상사고,0,0,1,0,차량단독 - 도로외이탈 - 추락,안전운전불이행,건조,맑음,단일로 - 기타,승용,남,61세,경상,,,,
2022052300100531,2022년 5월 23일 19시,월요일,경상북도 경산시 진량읍,경상사고,0,0,2,0,차대차 - 추돌,안전운전불이행,건조,맑음,교차로 - 교차로부근,승용,남,52세,상해없음,승용,여,37세,경상
2022052300100532,2022년 5월 23일 19시,월요일,경상북도 영양군 영양읍,경상사고,0,0,1,0,차대사람 - 횡단중,보행자보호의무위반,건조,맑음,교차로 - 교차로횡단보도내,승용,여,40세,상해없음,보행자,여,14세,경상
2022052300100559,2022년 5월 23일 20시,월요일,경상북도 의성군 의성읍,경상사고,0,0,2,0,차대차 - 추돌,안전운전불이행,건조,맑음,교차로 - 교차로부근,승용,여,63세,상해없음,승용,여,32세,경상
2022052300100560,2022년 5월 23일 20시,월요일,경상북도 구미시 구평동,중상사고,0,1,0,0,차대사람 - 기타,안전운전불이행,건조,맑음,단일로 - 기타,승용,남,72세,상해없음,보행자,여,70세,중상
2022052300100561,2022년 5월 23일 20시,월요일,경상북도 포항시 남구 송도동,중상사고,0,1,0,1,차대차 - 측면충돌,안전운전불이행,건조,맑음,단일로 - 기타,승용,남,21세,부상신고,이륜,남,31세,중상
2022052300100590,2022년 5월 23일 21시,월요일,경상북도 경산시 와촌면,중상사고,0,1,0,0,차대사람 - 횡단중,안전운전불이행,건조,맑음,단일로 - 지하차도(도로)내,승용,남,28세,상해없음,보행자,남,74세,중상
2022052300100620,2022년 5월 23일 23시,월요일,경상북도 영양군 영양읍,경상사고,0,0,1,0,차대차 - 측면충돌,안전운전불이행,건조,맑음,단일로 - 기타,승용,여,39세,상해없음,승용,여,72세,경상
2022052300100621,2022년 5월 23일 23시,월요일,경상북도 구미시 남통동,중상사고,0,1,0,0,차대사람 - 기타,안전운전불이행,건조,맑음,단일로 - 기타,승용,남,53세,상해없음,보행자,여,25세,중상
2022052300100622,2022년 5월 23일 23시,월요일,경상북도 포항시 남구 오천읍,경상사고,0,0,1,0,차대차 - 추돌,안전운전불이행,건조,맑음,교차로 - 교차로부근,승용,남,33세,상해없음,승용,남,23세,경상
2022052400100006,2022년 5월 24일 00시,화요일,경상북도 영덕군 영해면,경상사고,0,0,1,0,차대차 - 측면충돌,안전운전불이행,건조,맑음,교차로 - 교차로안,화물,남,52세,상해없음,승용,여,66세,경상
2022052400100025,2022년 5월 24일 03시,화요일,경상북도 포항시 북구 죽도동,중상사고,0,1,0,0,차대차 - 추돌,안전운전불이행,건조,맑음,단일로 - 기타,이륜,남,22세,중상,특수,남,34세,상해없음
2022052400100042,2022년 5월 24일 06시,화요일,경상북도 구미시 봉곡동,경상사고,0,0,1,0,차대차 - 측면충돌,안전운전불이행,건조,맑음,교차로 - 교차로부근,승용,남,20세,상해없음,승용,남,27세,경상
2022052400100054,2022년 5월 24일 07시,화요일,경상북도 구미시 송정동,중상사고,0,1,0,0,차대차 - 추돌,안전운전불이행,건조,맑음,교차로 - 교차로부근,승용,남,21세,상해없음,승용,남,48세,중상
2022052400100055,2022년 5월 24일 07시,화요일,경상북도 구미시 인의동,경상사고,0,0,1,0,차대차 - 기타,직진우회전진행방해,건조,맑음,교차로 - 교차로안,승용,남,57세,상해없음,화물,남,52세,경상
2022052400100056,2022년 5월 24일 07시,화요일,경상북도 포항시 남구 오천읍,중상사고,0,1,0,0,차대사람 - 횡단중,중앙선침범,건조,맑음,교차로 - 교차로안,승용,남,61세,상해없음,보행자,여,85세,중상
2022052400100095,2022년 5월 24일 08시,화요일,경상북도 김천시 조마면,경상사고,0,0,1,1,차대차 - 측면충돌,중앙선침범,건조,맑음,단일로 - 기타,승용,남,66세,부상신고,건설기계,남,60세,경상
2022052400100096,2022년 5월 24일 08시,화요일,경상북도 칠곡군 약목면,중상사고,0,1,0,0,차대차 - 측면충돌,중앙선침범,건조,맑음,단일로 - 기타,승용,남,50세,상해없음,승용,남,53세,중상
2022052400100097,2022년 5월 24일 08시,화요일,경상북도 경산시 하양읍,경상사고,0,0,2,0,차대차 - 추돌,안전운전불이행,건조,맑음,단일로 - 기타,승용,남,45세,상해없음,승용,여,35세,경상
2022052400100098,2022년 5월 24일 08시,화요일,경상북도 구미시 고아읍,중상사고,0,1,0,0,차대차 - 측면충돌,안전운전불이행,건조,맑음,교차로 - 교차로안,승용,여,44세,중상,승용,남,39세,상해없음
2022052400100099,2022년 5월 24일 08시,화요일,경상북도 구미시 원평동,경상사고,0,0,1,0,차대차 - 측면충돌,교차로운행방법위반,건조,맑음,교차로 - 교차로안,승용,여,64세,상해없음,승용,여,28세,경상
2022052400100100,2022년 5월 24일 08시,화요일,경상북도 칠곡군 왜관읍,경상사고,0,0,1,0,차대차 - 측면충돌,안전운전불이행,건조,맑음,단일로 - 기타,화물,남,49세,상해없음,승용,여,54세,경상
2022052400100149,2022년 5월 24일 09시,화요일,경상북도 경주시 시래동,중상사고,0,1,0,0,차대사람 - 기타,안전운전불이행,건조,맑음,단일로 - 기타,기타불명,남,82세,상해없음,보행자,여,74세,중상
2022052400100150,2022년 5월 24일 09시,화요일,경상북도 경주시 충효동,중상사고,0,4,1,0,차대차 - 측면충돌,직진우회전진행방해,건조,맑음,교차로 - 교차로안,화물,남,56세,상해없음,승용,남,29세,경상
2022052400100151,2022년 5월 24일 09시,화요일,경상북도 문경시 모전동,중상사고,0,1,0,0,차대차 - 측면충돌,안전운전불이행,건조,맑음,교차로 - 교차로안,승용,남,64세,상해없음,이륜,남,53세,중상
2022052400100183,2022년 5월 24일 10시,화요일,경상북도 안동시 풍산읍,중상사고,0,1,0,0,차대차 - 기타,중앙선침범,건조,맑음,단일로 - 교량,이륜,남,61세,중상,승용,여,42세,상해없음
2022052400100184,2022년 5월 24일 10시,화요일,경상북도 문경시 모전동,경상사고,0,0,3,0,차대차 - 측면충돌,안전운전불이행,건조,맑음,단일로 - 기타,승용,여,77세,경상,화물,남,55세,경상
2022052400100221,2022년 5월 24일 11시,화요일,경상북도 청송군 파천면,경상사고,0,0,1,0,차대차 - 측면충돌,안전운전불이행,건조,맑음,단일로 - 지하차도(도로)내,승용,여,48세,상해없음,승용,여,63세,경상
2022052400100222,2022년 5월 24일 11시,화요일,경상북도 포항시 남구 연일읍,경상사고,0,0,1,0,차대차 - 측면충돌,안전운전불이행,건조,맑음,교차로 - 교차로부근,자전거,남,69세,경상,화물,남,44세,상해없음
2022052400100253,2022년 5월 24일 12시,화요일,경상북도 청도군 화양읍,경상사고,0,0,1,0,차대차 - 측면충돌,기타,건조,맑음,교차로 - 교차로안,건설기계,남,54세,상해없음,승용,남,46세,경상
2022052400100254,2022년 5월 24일 12시,화요일,경상북도 성주군 용암면,사망사고,1,0,0,0,차량단독 - 전도전복 - 전도,안전운전불이행,건조,맑음,단일로 - 기타,이륜,남,72세,사망,,,,
2022052400100255,2022년 5월 24일 12시,화요일,경상북도 포항시 남구 인덕동,사망사고,1,0,0,0,차대차 - 측면충돌,안전거리미확보,건조,맑음,단일로 - 기타,개인형이동수단(PM),남,76세,사망,승용,남,39세,상해없음
2022052400100314,2022년 5월 24일 14시,화요일,경상북도 상주시 함창읍,중상사고,0,1,0,0,차량단독 - 전도전복 - 전도,안전운전불이행,건조,맑음,단일로 - 기타,이륜,남,65세,중상,,,,
2022052400100315,2022년 5월 24일 14시,화요일,경상북도 영주시 영주동,경상사고,0,0,2,0,차대차 - 추돌,안전운전불이행,건조,맑음,단일로 - 기타,승용,여,31세,상해없음,승용,여,35세,경상