사고번호,사고일시,요일,시군구,사고내용,사망자수,중상자수,경상자수,부상신고자수,사고유형,법규위반,노면상태,기상상태,도로형태,가해운전자 차종,가해운전자 성별,가해운전자 연령,가해운전자 상해정도,피해운전자 차종,피해운전자 성별,피해운전자 연령,피해운전자 상해정도
2022052400100316,2022년 5월 24일 14시,화요일,경상북도 경산시 중산동,경상사고,0,0,1,0,차대차 - 추돌,안전거리미확보,건조,맑음,단일로 - 기타,승용,남,60세,상해없음,승용,여,36세,경상
2022052400100358,2022년 5월 24일 15시,화요일,경상북도 상주시 신봉동,중상사고,0,1,0,0,차대차 - 측면충돌,기타,건조,맑음,단일로 - 기타,승용,남,20세,상해없음,자전거,남,11세,중상
2022052400100395,2022년 5월 24일 16시,화요일,경상북도 칠곡군 석적읍,경상사고,0,0,1,0,차대차 - 측면충돌,안전운전불이행,건조,맑음,교차로 - 교차로부근,자전거,남,14세,경상,승용,여,26세,상해없음
2022052400100396,2022년 5월 24일 16시,화요일,경상북도 문경시 영신동,경상사고,0,0,1,0,차대차 - 추돌,안전운전불이행,건조,맑음,교차로 - 교차로부근,농기계,남,66세,상해없음,승용,여,41세,경상
2022052400100397,2022년 5월 24일 16시,화요일,경상북도 경산시 중산동,경상사고,0,0,1,0,차대차 - 후진중충돌,안전운전불이행,건조,맑음,단일로 - 기타,건설기계,남,58세,상해없음,건설기계,남,54세,경상
2022052400100438,2022년 5월 24일 17시,화요일,경상북도 칠곡군 왜관읍,경상사고,0,0,1,0,차대차 - 측면충돌,안전운전불이행,건조,맑음,주차장 - 주차장,승용,여,61세,상해없음,승용,남,62세,경상
2022052400100439,2022년 5월 24일 17시,화요일,경상북도 포항시 남구 청림동,경상사고,0,0,1,0,차대차 - 측면충돌,신호위반,건조,맑음,교차로 - 교차로안,승용,여,39세,상해없음,화물,남,47세,경상
2022052400100484,2022년 5월 24일 18시,화요일,경상북도 포항시 남구 이동,경상사고,0,0,1,0,차대사람 - 횡단중,안전운전불이행,건조,맑음,교차로 - 교차로횡단보도내,승용,남,72세,상해없음,보행자,남,12세,경상
2022052400100517,2022년 5월 24일 19시,화요일,경상북도 구미시 무을면,사망사고,1,1,0,0,차대차 - 추돌,기타,건조,맑음,단일로 - 기타,화물,남,49세,상해없음,농기계,남,52세,사망
2022052400100541,2022년 5월 24일 20시,화요일,경상북도 청도군 풍각면,경상사고,0,0,1,0,차대사람 - 횡단중,보행자보호의무위반,건조,맑음,기타 - 기타,승용,남,31세,상해없음,보행자,남,16세,경상
2022052400100542,2022년 5월 24일 20시,화요일,경상북도 포항시 남구 해도동,경상사고,0,0,1,0,차대차 - 추돌,안전운전불이행,건조,맑음,교차로 - 교차로부근,승용,여,64세,상해없음,승용,남,32세,경상
2022052400100568,2022년 5월 24일 21시,화요일,경상북도 고령군 다산면,중상사고,0,1,0,0,차대사람 - 차도통행중,안전운전불이행,건조,흐림,교차로 - 교차로안,승용,남,53세,상해없음,보행자,여,41세,중상
2022052400100590,2022년 5월 24일 22시,화요일,경상북도 김천시 아포읍,경상사고,0,0,1,0,차대차 - 기타,안전운전불이행,건조,맑음,단일로 - 기타,승용,여,55세,상해없음,승용,남,31세,상해없음
2022052400100608,2022년 5월 24일 23시,화요일,경상북도 상주시 이안면,사망사고,1,1,0,0,차대차 - 추돌,안전운전불이행,건조,맑음,단일로 - 기타,화물,남,41세,중상,승용,남,40세,사망
2022052400100609,2022년 5월 24일 23시,화요일,경상북도 상주시 이안면,중상사고,0,2,2,0,차대차 - 추돌,안전운전불이행,건조,맑음,단일로 - 기타,특수,남,40세,중상,특수,남,40세,경상
2022052500100066,2022년 5월 25일 07시,수요일,경상북도 칠곡군 지천면,경상사고,0,0,1,0,차대차 - 측면충돌,안전거리미확보,건조,맑음,교차로 - 교차로안,승용,남,56세,상해없음,승용,남,34세,경상
2022052500100067,2022년 5월 25일 07시,수요일,경상북도 구미시 황상동,경상사고,0,0,1,0,차대차 - 측면충돌,중앙선침범,건조,맑음,단일로 - 기타,승용,여,52세,상해없음,승합,남,42세,경상
2022052500100111,2022년 5월 25일 08시,수요일,경상북도 의성군 의성읍,경상사고,0,0,1,0,차대차 - 측면충돌,안전운전불이행,건조,맑음,단일로 - 기타,승용,남,61세,상해없음,승용,여,34세,경상
2022052500100112,2022년 5월 25일 08시,수요일,경상북도 칠곡군 북삼읍,경상사고,0,0,1,0,차대차 - 측면충돌,교차로운행방법위반,건조,맑음,교차로 - 교차로안,승용,남,48세,상해없음,자전거,남,12세,경상
2022052500100113,2022년 5월 25일 08시,수요일,경상북도 성주군 초전면,중상사고,0,1,0,0,차대차 - 추돌,기타,건조,맑음,교차로 - 교차로안,승용,여,31세,상해없음,승용,여,63세,중상
2022052500100153,2022년 5월 25일 09시,수요일,경상북도 포항시 북구 우현동,경상사고,0,0,1,0,차대차 - 추돌,안전운전불이행,건조,맑음,단일로 - 기타,승용,여,63세,상해없음,승용,여,50세,경상
2022052500100154,2022년 5월 25일 09시,수요일,경상북도 포항시 남구 연일읍,중상사고,0,1,1,0,차대차 - 측면충돌,기타,건조,맑음,교차로 - 교차로안,승용,남,43세,중상,승용,남,56세,경상
2022052500100183,2022년 5월 25일 10시,수요일,경상북도 포항시 남구 해도동,경상사고,0,0,2,1,차대차 - 추돌,안전운전불이행,건조,맑음,교차로 - 교차로부근,승용,남,27세,상해없음,승용,여,54세,경상
2022052500100213,2022년 5월 25일 11시,수요일,경상북도 상주시 신봉동,경상사고,0,0,1,0,차대차 - 기타,안전운전불이행,건조,맑음,단일로 - 기타,승용,남,80세,상해없음,이륜,남,57세,경상
2022052500100214,2022년 5월 25일 11시,수요일,경상북도 청도군 청도읍,중상사고,0,1,0,0,차대차 - 측면충돌,직진우회전진행방해,건조,맑음,교차로 - 교차로안,승합,남,28세,상해없음,이륜,남,82세,중상
2022052500100215,2022년 5월 25일 11시,수요일,경상북도 칠곡군 동명면,경상사고,0,0,1,0,차대차 - 기타,기타,건조,맑음,단일로 - 기타,건설기계,남,53세,상해없음,승용,남,48세,경상
2022052500100249,2022년 5월 25일 12시,수요일,경상북도 경주시 내남면,중상사고,0,1,1,0,차대차 - 정면충돌,안전운전불이행,건조,맑음,단일로 - 지하차도(도로)내,화물,남,60세,중상,화물,남,62세,경상
2022052500100250,2022년 5월 25일 12시,수요일,경상북도 포항시 북구 용흥동,중상사고,0,1,0,0,차대차 - 추돌,안전운전불이행,건조,맑음,단일로 - 기타,승용,남,36세,상해없음,화물,남,69세,상해없음
2022052500100251,2022년 5월 25일 12시,수요일,경상북도 안동시 법흥동,경상사고,0,0,1,0,차대차 - 기타,안전운전불이행,건조,맑음,단일로 - 기타,승용,여,30세,상해없음,승용,남,39세,경상
2022052500100252,2022년 5월 25일 12시,수요일,경상북도 칠곡군 북삼읍,경상사고,0,0,1,0,차대차 - 측면충돌,교차로운행방법위반,건조,맑음,교차로 - 교차로안,승용,남,28세,상해없음,이륜,남,37세,경상
2022052500100253,2022년 5월 25일 12시,수요일,경상북도 성주군 선남면,중상사고,0,1,1,0,차대차 - 정면충돌,중앙선침범,건조,맑음,교차로 - 교차로부근,승용,여,66세,중상,승용,남,67세,경상
2022052500100286,2022년 5월 25일 13시,수요일,경상북도 영천시 완산동,중상사고,0,1,0,0,차대차 - 측면충돌,안전운전불이행,건조,맑음,교차로 - 교차로부근,승용,여,69세,상해없음,이륜,여,60세,중상
2022052500100287,2022년 5월 25일 13시,수요일,경상북도 영천시 문내동,경상사고,0,0,1,0,차대차 - 측면충돌,안전운전불이행,건조,맑음,교차로 - 교차로안,승용,남,65세,상해없음,승용,남,35세,경상
2022052500100288,2022년 5월 25일 13시,수요일,경상북도 성주군 수륜면,경상사고,0,0,2,0,차대차 - 정면충돌,안전운전불이행,건조,맑음,단일로 - 기타,화물,남,32세,경상,승용,남,67세,상해없음
2022052500100329,2022년 5월 25일 14시,수요일,경상북도 구미시 고아읍,경상사고,0,0,1,0,차대차 - 기타,중앙선침범,건조,맑음,단일로 - 기타,승용,여,44세,상해없음,화물,남,51세,경상
2022052500100370,2022년 5월 25일 15시,수요일,경상북도 영주시 하망동,경상사고,0,0,1,0,차대차 - 기타,교차로운행방법위반,건조,맑음,교차로 - 교차로안,승합,남,58세,상해없음,승용,남,69세,상해없음
2022052500100371,2022년 5월 25일 15시,수요일,경상북도 칠곡군 석적읍,경상사고,0,0,1,0,차대사람 - 길가장자리구역통행중,안전운전불이행,건조,맑음,단일로 - 기타,승합,남,26세,상해없음,보행자,남,68세,경상
2022052500100410,2022년 5월 25일 16시,수요일,경상북도 안동시 안기동,중상사고,0,1,0,0,차대차 - 기타,안전운전불이행,건조,맑음,교차로 - 교차로횡단보도내,자전거,남,87세,중상,승용,남,55세,상해없음
2022052500100411,2022년 5월 25일 16시,수요일,경상북도 포항시 남구 송도동,경상사고,0,0,1,0,차대사람 - 보도통행중,안전운전불이행,건조,맑음,단일로 - 지하차도(도로)내,자전거,여,55세,상해없음,보행자,여,28세,경상
2022052500100457,2022년 5월 25일 17시,수요일,경상북도 김천시 봉산면,중상사고,0,1,0,0,차량단독 - 공작물충돌,안전운전불이행,건조,맑음,단일로 - 교량,원동기,남,82세,중상,,,,
2022052500100495,2022년 5월 25일 18시,수요일,경상북도 경주시 안강읍,경상사고,0,0,2,0,차대차 - 기타,중앙선침범,건조,맑음,단일로 - 기타,승용,남,60세,상해없음,화물,남,54세,경상
2022052500100496,2022년 5월 25일 18시,수요일,경상북도 경산시 하양읍,경상사고,0,0,1,0,차대사람 - 횡단중,안전운전불이행,건조,맑음,단일로 - 기타,승용,여,46세,상해없음,보행자,여,51세,경상
2022052500100542,2022년 5월 25일 19시,수요일,경상북도 경산시 사동,경상사고,0,0,1,0,차대차 - 측면충돌,기타,건조,맑음,단일로 - 기타,승용,남,22세,상해없음,이륜,남,22세,경상
2022052500100543,2022년 5월 25일 19시,수요일,경상북도 경산시 중방동,경상사고,0,0,1,0,차대차 - 추돌,안전운전불이행,건조,맑음,단일로 - 기타,이륜,남,35세,상해없음,승용,남,28세,경상
2022052500100581,2022년 5월 25일 20시,수요일,경상북도 포항시 북구 장성동,중상사고,0,1,0,0,차대차 - 기타,신호위반,건조,맑음,교차로 - 교차로부근,이륜,남,31세,상해없음,승용,남,32세,중상
2022052500100582,2022년 5월 25일 20시,수요일,경상북도 구미시 형곡동,부상신고사고,0,0,0,1,차대사람 - 기타,안전운전불이행,건조,맑음,단일로 - 기타,승용,여,53세,상해없음,보행자,남,68세,부상신고
2022052500100624,2022년 5월 25일 21시,수요일,경상북도 포항시 북구 죽도동,경상사고,0,0,2,0,차대차 - 측면충돌,신호위반,건조,맑음,기타 - 기타,화물,남,62세,상해없음,승용,남,40세,경상
2022052600100026,2022년 5월 26일 01시,목요일,경상북도 칠곡군 석적읍,부상신고사고,0,0,0,1,차량단독 - 공작물충돌,안전운전불이행,건조,맑음,교차로 - 교차로부근,승용,남,38세,부상신고,,,,
2022052600100045,2022년 5월 26일 03시,목요일,경상북도 김천시 아포읍,경상사고,0,0,1,0,차대차 - 기타,안전운전불이행,건조,맑음,단일로 - 기타,화물,남,41세,상해없음,화물,남,58세,경상
2022052600100075,2022년 5월 26일 06시,목요일,경상북도 포항시 북구 청하면,중상사고,0,1,0,0,차대차 - 후진중충돌,안전운전불이행,건조,맑음,단일로 - 기타,화물,남,58세,상해없음,이륜,남,65세,중상
2022052600100091,2022년 5월 26일 07시,목요일,경상북도 경주시 구정동,경상사고,0,0,2,0,차대차 - 측면충돌,안전운전불이행,건조,맑음,교차로 - 교차로부근,승용,남,40세,경상,승합,남,59세,경상
2022052600100092,2022년 5월 26일 07시,목요일,경상북도 문경시 흥덕동,중상사고,0,1,0,0,차량단독 - 전도전복 - 전도,안전운전불이행,건조,맑음,단일로 - 교량,이륜,남,77세,중상,,,,
2022052600100134,2022년 5월 26일 08시,목요일,경상북도 칠곡군 석적읍,경상사고,0,0,1,0,차대차 - 정면충돌,신호위반,건조,맑음,교차로 - 교차로안,승용,여,30세,상해없음,승용,여,64세,경상
2022052600100229,2022년 5월 26일 11시,목요일,경상북도 안동시 일직면,경상사고,0,0,1,0,차대차 - 추돌,안전운전불이행,건조,맑음,단일로 - 기타,승용,남,36세,상해없음,승용,남,55세,상해없음
2022052600100230,2022년 5월 26일 11시,목요일,경상북도 영천시 완산동,경상사고,0,0,1,0,차대차 - 측면충돌,안전운전불이행,건조,맑음,교차로 - 교차로안,승용,남,55세,상해없음,승용,남,62세,경상
2022052600100231,2022년 5월 26일 11시,목요일,경상북도 경산시 옥곡동,경상사고,0,0,1,0,차대차 - 측면충돌,안전운전불이행,건조,맑음,단일로 - 기타,건설기계,남,47세,상해없음,승용,여,74세,경상
2022052600100232,2022년 5월 26일 11시,목요일,경상북도 영덕군 병곡면,중상사고,0,1,2,0,차대차 - 측면충돌,직진우회전진행방해,건조,맑음,교차로 - 교차로안,화물,남,75세,중상,화물,여,49세,경상
2022052600100257,2022년 5월 26일 12시,목요일,경상북도 의성군 의성읍,중상사고,0,2,0,0,차량단독 - 공작물충돌,안전운전불이행,건조,맑음,단일로 - 기타,승용,여,61세,중상,,,,
2022052600100293,2022년 5월 26일 13시,목요일,경상북도 포항시 북구 장성동,경상사고,0,0,1,0,차대차 - 측면충돌,안전운전불이행,건조,맑음,단일로 - 기타,승용,여,54세,상해없음,승용,여,43세,경상
2022052600100294,2022년 5월 26일 13시,목요일,경상북도 의성군 구천면,중상사고,0,1,0,0,차대차 - 기타,안전운전불이행,건조,맑음,단일로 - 기타,승용,남,44세,상해없음,이륜,남,63세,중상
2022052600100355,2022년 5월 26일 15시,목요일,경상북도 경주시 충효동,중상사고,0,1,0,0,차대차 - 측면충돌,안전운전불이행,건조,맑음,교차로 - 교차로안,화물,남,44세,상해없음,자전거,남,49세,중상
2022052600100356,2022년 5월 26일 15시,목요일,경상북도 안동시 태화동,사망사고,1,0,0,0,차대차 - 기타,기타,건조,맑음,교차로 - 교차로부근,화물,남,66세,상해없음,이륜,남,71세,사망
2022052600100357,2022년 5월 26일 15시,목요일,경상북도 청도군 매전면,경상사고,0,0,4,0,차대차 - 측면충돌,중앙선침범,건조,맑음,교차로 - 교차로부근,화물,남,51세,상해없음,화물,남,41세,경상
2022052600100358,2022년 5월 26일 15시,목요일,경상북도 포항시 남구 대도동,중상사고,0,1,0,0,차대차 - 측면충돌,신호위반,건조,맑음,교차로 - 교차로안,이륜,남,54세,중상,승용,남,49세,상해없음
2022052600100359,2022년 5월 26일 15시,목요일,경상북도 포항시 남구 동해면,중상사고,0,1,0,0,차대차 - 측면충돌,안전운전불이행,건조,맑음,교차로 - 교차로부근,승용,남,66세,상해없음,이륜,남,26세,중상
2022052600100360,2022년 5월 26일 15시,목요일,경상북도 포항시 남구 지곡동,경상사고,0,0,2,0,차대차 - 추돌,차로위반,건조,맑음,교차로 - 교차로안,승용,남,68세,상해없음,승합,남,41세,상해없음
2022052600100361,2022년 5월 26일 15시,목요일,경상북도 포항시 남구 해도동,경상사고,0,0,1,0,차대차 - 측면충돌,교차로운행방법위반,건조,맑음,교차로 - 교차로부근,승용,남,71세,상해없음,승용,여,62세,경상
2022052600100403,2022년 5월 26일 16시,목요일,경상북도 경산시 옥산동,경상사고,0,0,2,0,차대차 - 측면충돌,안전운전불이행,건조,맑음,단일로 - 기타,화물,남,39세,상해없음,승용,남,23세,상해없음
2022052600100460,2022년 5월 26일 17시,목요일,경상북도 포항시 북구 죽도동,중상사고,0,1,0,0,차대사람 - 횡단중,안전운전불이행,건조,맑음,교차로 - 교차로안,화물,남,65세,상해없음,보행자,남,82세,중상
2022052600100461,2022년 5월 26일 17시,목요일,경상북도 경산시 여천동,경상사고,0,0,1,0,차대차 - 측면충돌,차로위반,건조,맑음,단일로 - 기타,화물,남,69세,상해없음,승용,남,28세,경상
2022052600100462,2022년 5월 26일 17시,목요일,경상북도 포항시 남구 대도동,중상사고,0,1,0,0,차대차 - 측면충돌,직진우회전진행방해,건조,맑음,교차로 - 교차로안,승용,남,31세,상해없음,원동기,남,56세,중상
2022052600100463,2022년 5월 26일 17시,목요일,경상북도 포항시 남구 인덕동,부상신고사고,0,0,0,2,차량단독 - 기타,안전운전불이행,건조,맑음,단일로 - 지하차도(도로)내,승합,남,46세,상해없음,,,,
2022052600100516,2022년 5월 26일 18시,목요일,경상북도 안동시 용상동,중상사고,0,1,0,0,차대차 - 측면충돌,신호위반,건조,맑음,교차로 - 교차로안,승용,여,50세,상해없음,이륜,남,74세,중상
2022052600100517,2022년 5월 26일 18시,목요일,경상북도 김천시 부곡동,경상사고,0,0,2,0,차대차 - 측면충돌,안전운전불이행,건조,맑음,교차로 - 교차로횡단보도내,승용,여,46세,상해없음,개인형이동수단(PM),여,31세,경상
2022052600100518,2022년 5월 26일 18시,목요일,경상북도 영주시 휴천동,경상사고,0,0,1,0,차대차 - 측면충돌,교차로운행방법위반,건조,맑음,교차로 - 교차로안,승용,여,70세,상해없음,승용,남,63세,경상
2022052600100519,2022년 5월 26일 18시,목요일,경상북도 경산시 사동,경상사고,0,0,1,0,차대차 - 기타,안전운전불이행,건조,맑음,단일로 - 기타,승용,여,22세,상해없음,자전거,남,12세,경상
2022052600100520,2022년 5월 26일 18시,목요일,경상북도 구미시 선산읍,부상신고사고,0,0,0,1,차대차 - 기타,안전운전불이행,건조,맑음,교차로 - 교차로부근,자전거,남,11세,부상신고,승용,남,58세,상해없음
2022052600100565,2022년 5월 26일 19시,목요일,경상북도 칠곡군 북삼읍,경상사고,0,0,1,0,차대차 - 측면충돌,교차로운행방법위반,건조,맑음,교차로 - 교차로안,승용,남,36세,상해없음,승용,여,51세,경상
2022052600100566,2022년 5월 26일 19시,목요일,경상북도 구미시 선산읍,경상사고,0,0,3,0,차대차 - 측면충돌,교차로운행방법위반,건조,맑음,교차로 - 교차로안,승용,여,65세,경상,승용,여,26세,경상
2022052600100621,2022년 5월 26일 21시,목요일,경상북도 포항시 북구 죽도동,경상사고,0,0,1,0,차대사람 - 횡단중,보행자보호의무위반,건조,맑음,교차로 - 교차로안,승용,남,69세,상해없음,보행자,남,60세,경상
2022052600100622,2022년 5월 26일 21시,목요일,경상북도 구미시 송정동,경상사고,0,0,2,0,차대차 - 정면충돌,신호위반,건조,맑음,교차로 - 교차로안,승용,남,34세,상해없음,승용,여,50세,경상
2022052600100659,2022년 5월 26일 23시,목요일,경상북도 경산시 자인면,경상사고,0,0,1,0,차량단독 - 공작물충돌,안전운전불이행,건조,맑음,단일로 - 기타,이륜,남,47세,경상,,,,
2022052700100029,2022년 5월 27일 02시,금요일,경상북도 경주시 현곡면,부상신고사고,0,0,0,1,차대차 - 추돌,안전운전불이행,건조,맑음,단일로 - 터널,승용,남,29세,부상신고,화물,남,29세,상해없음
2022052700100032,2022년 5월 27일 03시,금요일,경상북도 안동시 송현동,중상사고,0,1,0,0,차량단독 - 공작물충돌,안전운전불이행,건조,맑음,단일로 - 기타,승용,남,35세,중상,,,,
2022052700100033,2022년 5월 27일 03시,금요일,경상북도 칠곡군 석적읍,부상신고사고,0,0,0,1,차량단독 - 공작물충돌,안전운전불이행,건조,맑음,교차로 - 교차로안,승용,남,36세,부상신고,,,,
2022052700100054,2022년 5월 27일 05시,금요일,경상북도 영천시 자양면,중상사고,0,1,0,1,차대차 - 정면충돌,중앙선침범,건조,맑음,단일로 - 기타,화물,남,72세,상해없음,화물,남,62세,중상
2022052700100065,2022년 5월 27일 06시,금요일,경상북도 영주시 가흥동,경상사고,0,0,1,0,차대차 - 측면충돌,교차로운행방법위반,건조,맑음,교차로 - 교차로안,승용,여,69세,상해없음,자전거,남,62세,경상
2022052700100081,2022년 5월 27일 07시,금요일,경상북도 안동시 용상동,경상사고,0,0,1,0,차대차 - 측면충돌,교차로운행방법위반,건조,맑음,교차로 - 교차로안,화물,남,61세,상해없음,승용,여,61세,경상
2022052700100120,2022년 5월 27일 08시,금요일,경상북도 영주시 풍기읍,경상사고,0,0,2,0,차대차 - 측면충돌,신호위반,건조,맑음,교차로 - 교차로안,승용,남,79세,상해없음,화물,남,61세,경상
2022052700100121,2022년 5월 27일 08시,금요일,경상북도 경산시 하양읍,경상사고,0,0,1,0,차대차 - 기타,안전운전불이행,건조,맑음,단일로 - 기타,화물,남,60세,상해없음,승합,남,31세,경상
2022052700100122,2022년 5월 27일 08시,금요일,경상북도 구미시 공단동,경상사고,0,0,1,0,차대차 - 측면충돌,교차로운행방법위반,건조,맑음,교차로 - 교차로안,승용,여,45세,상해없음,승용,남,30세,경상
2022052700100158,2022년 5월 27일 09시,금요일,경상북도 포항시 북구 덕수동,경상사고,0,0,3,0,차대차 - 측면충돌,안전운전불이행,건조,맑음,단일로 - 기타,승용,여,20세,경상,승용,여,40세,경상
2022052700100218,2022년 5월 27일 11시,금요일,경상북도 포항시 북구 죽도동,중상사고,0,1,0,0,차량단독 - 기타,안전운전불이행,건조,맑음,단일로 - 기타,승합,남,51세,상해없음,,,,
2022052700100219,2022년 5월 27일 11시,금요일,경상북도 영천시 화남면,중상사고,0,1,0,0,차대차 - 측면충돌,안전운전불이행,건조,맑음,단일로 - 기타,승합,남,55세,상해없음,승용,남,42세,중상
2022052700100220,2022년 5월 27일 11시,금요일,경상북도 성주군 월항면,중상사고,0,1,0,0,차대차 - 추돌,안전운전불이행,건조,맑음,단일로 - 기타,승용,남,62세,상해없음,승용,남,66세,중상
2022052700100221,2022년 5월 27일 11시,금요일,경상북도 군위군 군위읍,경상사고,0,0,1,0,차대사람 - 보도통행중,안전운전불이행,건조,맑음,단일로 - 기타,화물,남,49세,상해없음,보행자,남,69세,경상
2022052700100222,2022년 5월 27일 11시,금요일,경상북도 구미시 공단동,경상사고,0,0,3,0,차대차 - 측면충돌,안전거리미확보,건조,맑음,단일로 - 기타,건설기계,남,48세,상해없음,승용,여,37세,경상
2022052700100223,2022년 5월 27일 11시,금요일,경상북도 구미시 거의동,경상사고,0,0,1,0,차대차 - 추돌,안전운전불이행,건조,맑음,단일로 - 기타,화물,남,27세,상해없음,건설기계,남,59세,경상
2022052700100278,2022년 5월 27일 13시,금요일,경상북도 안동시 용상동,경상사고,0,0,1,0,차대사람 - 기타,보행자보호의무위반,건조,맑음,단일로 - 기타,승용,여,54세,상해없음,보행자,남,9세,경상
2022052700100279,2022년 5월 27일 13시,금요일,경상북도 의성군 금성면,중상사고,0,1,0,0,차대차 - 기타,직진우회전진행방해,건조,맑음,교차로 - 교차로부근,승용,여,67세,상해없음,승용,남,34세,중상
2022052700100311,2022년 5월 27일 14시,금요일,경상북도 경주시 동천동,경상사고,0,0,1,0,차대차 - 측면충돌,안전운전불이행,건조,맑음,교차로 - 교차로안,화물,남,66세,상해없음,화물,남,22세,경상
2022052700100351,2022년 5월 27일 15시,금요일,경상북도 경주시 서부동,경상사고,0,0,1,0,차대차 - 측면충돌,안전운전불이행,건조,맑음,단일로 - 기타,승용,남,82세,상해없음,승용,여,64세,경상
2022052700100352,2022년 5월 27일 15시,금요일,경상북도 안동시 운안동,중상사고,0,1,0,0,차대사람 - 기타,안전운전불이행,건조,맑음,단일로 - 기타,화물,남,64세,상해없음,보행자,여,72세,중상
2022052700100353,2022년 5월 27일 15시,금요일,경상북도 칠곡군 왜관읍,경상사고,0,0,1,0,차대차 - 측면충돌,안전운전불이행,건조,맑음,교차로 - 교차로부근,승용,여,40세,경상,승용,여,60세,상해없음
2022052700100354,2022년 5월 27일 15시,금요일,경상북도 포항시 남구 오천읍,중상사고,0,1,0,0,차대사람 - 횡단중,안전운전불이행,건조,맑음,교차로 - 교차로안,승용,남,69세,상해없음,보행자,여,67세,중상
2022052700100403,2022년 5월 27일 16시,금요일,경상북도 김천시 신음동,경상사고,0,0,1,0,차대차 - 추돌,안전운전불이행,건조,맑음,단일로 - 기타,승용,남,33세,상해없음,승용,남,42세,경상
2022052700100404,2022년 5월 27일 16시,금요일,경상북도 영천시 고경면,경상사고,0,0,1,0,차대차 - 측면충돌,안전거리미확보,건조,맑음,단일로 - 기타,승용,여,42세,상해없음,승용,남,40세,경상
2022052700100405,2022년 5월 27일 16시,금요일,경상북도 구미시 임은동,경상사고,0,0,1,0,차대차 - 측면충돌,안전운전불이행,건조,맑음,교차로 - 교차로안,승용,여,43세,상해없음,자전거,남,10세,경상
2022052700100480,2022년 5월 27일 17시,금요일,경상북도 김천시 양천동,중상사고,0,1,0,0,차대차 - 측면충돌,신호위반,건조,맑음,교차로 - 교차로안,승용,여,68세,상해없음,이륜,남,32세,중상
2022052700100481,2022년 5월 27일 17시,금요일,경상북도 구미시 고아읍,경상사고,0,0,3,0,차대차 - 추돌,안전운전불이행,건조,맑음,기타 - 기타,건설기계,남,68세,상해없음,승용,남,53세,상해없음
2022052700100538,2022년 5월 27일 18시,금요일,경상북도 경주시 성건동,경상사고,0,0,1,0,차대차 - 추돌,안전운전불이행,건조,맑음,단일로 - 기타,승용,여,33세,상해없음,승용,여,50세,경상
2022052700100539,2022년 5월 27일 18시,금요일,경상북도 경주시 충효동,경상사고,0,0,1,0,차대차 - 측면충돌,안전운전불이행,건조,맑음,교차로 - 교차로안,승용,여,44세,상해없음,승용,여,68세,경상
2022052700100540,2022년 5월 27일 18시,금요일,경상북도 안동시 송현동,경상사고,0,0,1,0,차대차 - 측면충돌,신호위반,건조,맑음,교차로 - 교차로안,이륜,남,62세,경상,승용,남,49세,상해없음
2022052700100541,2022년 5월 27일 18시,금요일,경상북도 상주시 낙양동,중상사고,0,1,0,0,차대차 - 측면충돌,직진우회전진행방해,건조,맑음,교차로 - 교차로안,승용,여,56세,상해없음,승용,여,70세,중상
2022052700100542,2022년 5월 27일 18시,금요일,경상북도 경산시 대정동,경상사고,0,0,1,0,차대차 - 측면충돌,직진우회전진행방해,건조,맑음,교차로 - 교차로안,승용,남,48세,상해없음,자전거,남,23세,경상
2022052700100543,2022년 5월 27일 18시,금요일,경상북도 영덕군 강구면,경상사고,0,0,2,0,차대차 - 측면충돌,신호위반,건조,맑음,교차로 - 교차로안,승용,여,59세,상해없음,승용,여,22세,경상
2022052700100580,2022년 5월 27일 19시,금요일,경상북도 포항시 북구 흥해읍,경상사고,0,0,1,0,차대차 - 측면충돌,안전운전불이행,건조,맑음,단일로 - 기타,승합,남,59세,상해없음,승합,남,51세,경상
2022052700100581,2022년 5월 27일 19시,금요일,경상북도 경산시 진량읍,경상사고,0,0,1,0,차대차 - 측면충돌,신호위반,건조,맑음,교차로 - 교차로안,화물,남,34세,상해없음,승용,남,61세,경상
2022052700100582,2022년 5월 27일 19시,금요일,경상북도 경산시 옥산동,중상사고,0,1,0,0,차대차 - 기타,안전운전불이행,건조,맑음,단일로 - 기타,승용,남,32세,상해없음,승합,남,61세,상해없음
2022052700100583,2022년 5월 27일 19시,금요일,경상북도 구미시 공단동,경상사고,0,0,1,0,차대차 - 측면충돌,교차로운행방법위반,건조,맑음,교차로 - 교차로안,승용,남,48세,상해없음,승용,여,66세,경상
2022052700100618,2022년 5월 27일 20시,금요일,경상북도 경주시 동천동,중상사고,0,1,0,0,차대차 - 측면충돌,안전운전불이행,건조,맑음,교차로 - 교차로안,승용,남,38세,상해없음,자전거,여,74세,중상
2022052700100619,2022년 5월 27일 20시,금요일,경상북도 안동시 풍산읍,경상사고,0,0,3,0,차대차 - 정면충돌,중앙선침범,건조,맑음,단일로 - 기타,농기계,남,51세,경상,승용,여,27세,경상
2022052700100620,2022년 5월 27일 20시,금요일,경상북도 영주시 하망동,중상사고,0,1,0,0,차대사람 - 횡단중,안전운전불이행,건조,맑음,교차로 - 교차로안,승용,여,25세,상해없음,보행자,여,77세,중상