사고번호,사고일시,요일,시군구,사고내용,사망자수,중상자수,경상자수,부상신고자수,사고유형,법규위반,노면상태,기상상태,도로형태,가해운전자 차종,가해운전자 성별,가해운전자 연령,가해운전자 상해정도,피해운전자 차종,피해운전자 성별,피해운전자 연령,피해운전자 상해정도
2022052700100621,2022년 5월 27일 20시,금요일,경상북도 칠곡군 북삼읍,중상사고,0,1,0,0,차대차 - 측면충돌,신호위반,건조,맑음,교차로 - 교차로부근,이륜,남,58세,중상,승용,남,36세,상해없음
2022052700100622,2022년 5월 27일 20시,금요일,경상북도 포항시 남구 오천읍,경상사고,0,0,3,0,차대차 - 기타,불법유턴,건조,맑음,교차로 - 교차로부근,승용,남,69세,상해없음,승용,남,42세,경상
2022052700100623,2022년 5월 27일 20시,금요일,경상북도 칠곡군 왜관읍,경상사고,0,0,1,0,차대차 - 측면충돌,안전운전불이행,건조,맑음,단일로 - 기타,승용,여,18세,상해없음,승용,여,59세,경상
2022052700100644,2022년 5월 27일 21시,금요일,경상북도 경주시 충효동,중상사고,0,1,0,0,차대차 - 측면충돌,안전운전불이행,건조,맑음,교차로 - 교차로안,승용,남,30세,중상,승용,남,50세,상해없음
2022052700100702,2022년 5월 27일 23시,금요일,경상북도 포항시 남구 이동,경상사고,0,0,1,0,차대사람 - 차도통행중,안전운전불이행,건조,맑음,단일로 - 기타,승용,남,72세,상해없음,보행자,남,39세,경상
2022052800100011,2022년 5월 28일 01시,토요일,경상북도 안동시 풍산읍,경상사고,0,0,2,0,차량단독 - 전도전복 - 전도,안전운전불이행,건조,맑음,단일로 - 기타,이륜,남,33세,경상,,,,
2022052800100012,2022년 5월 28일 01시,토요일,경상북도 구미시 도량동,경상사고,0,0,2,0,차대차 - 추돌,안전운전불이행,건조,맑음,단일로 - 기타,승용,남,40세,상해없음,승용,남,24세,경상
2022052800100057,2022년 5월 28일 06시,토요일,경상북도 영주시 휴천동,경상사고,0,0,1,0,차대차 - 측면충돌,안전운전불이행,건조,맑음,단일로 - 기타,승용,남,19세,상해없음,승용,여,59세,경상
2022052800100058,2022년 5월 28일 06시,토요일,경상북도 영천시 도동,중상사고,0,1,0,0,차대사람 - 차도통행중,안전운전불이행,건조,맑음,단일로 - 기타,화물,남,78세,상해없음,보행자,여,79세,중상
2022052800100059,2022년 5월 28일 06시,토요일,경상북도 영양군 수비면,경상사고,0,0,3,0,차대차 - 기타,중앙선침범,건조,맑음,단일로 - 기타,화물,남,59세,경상,승용,남,75세,경상
2022052800100060,2022년 5월 28일 06시,토요일,경상북도 구미시 고아읍,중상사고,0,1,1,0,차대차 - 추돌,안전운전불이행,건조,맑음,단일로 - 기타,승용,남,28세,상해없음,농기계,남,85세,경상
2022052800100076,2022년 5월 28일 07시,토요일,경상북도 문경시 산북면,중상사고,0,1,0,0,차대차 - 측면충돌,중앙선침범,건조,맑음,단일로 - 기타,화물,남,67세,상해없음,승용,여,69세,중상
2022052800100088,2022년 5월 28일 08시,토요일,경상북도 포항시 북구 죽도동,경상사고,0,0,1,0,차대차 - 측면충돌,신호위반,건조,맑음,교차로 - 교차로부근,승용,남,61세,상해없음,이륜,남,51세,경상
2022052800100089,2022년 5월 28일 08시,토요일,경상북도 경산시 옥산동,경상사고,0,0,1,0,차대차 - 추돌,안전운전불이행,건조,맑음,단일로 - 기타,승용,남,33세,상해없음,자전거,남,58세,경상
2022052800100090,2022년 5월 28일 08시,토요일,경상북도 경산시 하양읍,경상사고,0,0,1,0,차대차 - 측면충돌,교차로운행방법위반,건조,맑음,교차로 - 교차로횡단보도내,승용,남,31세,상해없음,자전거,남,12세,경상
2022052800100091,2022년 5월 28일 08시,토요일,경상북도 문경시 마성면,경상사고,0,0,1,0,차대차 - 추돌,안전운전불이행,건조,맑음,단일로 - 기타,승용,남,56세,상해없음,승용,남,49세,경상
2022052800100116,2022년 5월 28일 09시,토요일,경상북도 의성군 가음면,중상사고,0,1,0,0,차대사람 - 횡단중,안전운전불이행,건조,맑음,교차로 - 교차로부근,화물,남,70세,상해없음,보행자,여,78세,중상
2022052800100117,2022년 5월 28일 09시,토요일,경상북도 영덕군 강구면,중상사고,0,1,0,0,차량단독 - 공작물충돌,안전운전불이행,건조,맑음,단일로 - 기타,승용,여,62세,상해없음,,,,
2022052800100118,2022년 5월 28일 09시,토요일,경상북도 예천군 호명면,경상사고,0,0,1,0,차대차 - 추돌,안전운전불이행,건조,맑음,단일로 - 기타,승용,여,28세,상해없음,승용,남,36세,상해없음
2022052800100119,2022년 5월 28일 09시,토요일,경상북도 봉화군 상운면,중상사고,0,1,0,0,차대사람 - 기타,안전운전불이행,건조,맑음,단일로 - 기타,승용,여,60세,상해없음,보행자,여,84세,중상
2022052800100120,2022년 5월 28일 09시,토요일,경상북도 울진군 죽변면,경상사고,0,0,1,0,차대차 - 측면충돌,중앙선침범,건조,맑음,단일로 - 기타,승용,남,70세,상해없음,승용,여,60세,경상
2022052800100194,2022년 5월 28일 11시,토요일,경상북도 경주시 시래동,경상사고,0,0,1,0,차대차 - 측면충돌,안전운전불이행,건조,맑음,교차로 - 교차로안,승용,남,29세,상해없음,원동기,남,27세,경상
2022052800100195,2022년 5월 28일 11시,토요일,경상북도 상주시 화남면,중상사고,0,1,2,0,차대차 - 측면충돌,중앙선침범,건조,맑음,단일로 - 지하차도(도로)내,화물,남,59세,상해없음,승용,남,67세,경상
2022052800100196,2022년 5월 28일 11시,토요일,경상북도 성주군 성주읍,경상사고,0,0,1,0,차량단독 - 전도전복 - 전도,안전운전불이행,건조,맑음,단일로 - 기타,이륜,남,17세,상해없음,,,,
2022052800100197,2022년 5월 28일 11시,토요일,경상북도 청송군 진보면,중상사고,0,1,1,0,차대차 - 측면충돌,중앙선침범,건조,맑음,단일로 - 지하차도(도로)내,화물,남,67세,상해없음,화물,남,79세,경상
2022052800100198,2022년 5월 28일 11시,토요일,경상북도 포항시 남구 대잠동,경상사고,0,0,1,0,차대차 - 측면충돌,신호위반,건조,맑음,교차로 - 교차로횡단보도내,승용,남,64세,상해없음,승용,남,31세,경상
2022052800100243,2022년 5월 28일 12시,토요일,경상북도 구미시 형곡동,경상사고,0,0,1,0,차대차 - 기타,안전운전불이행,건조,맑음,교차로 - 교차로안,승용,여,70세,기타불명,승용,남,30세,경상
2022052800100278,2022년 5월 28일 13시,토요일,경상북도 포항시 북구 덕산동,경상사고,0,0,2,0,차대차 - 추돌,안전운전불이행,건조,맑음,교차로 - 교차로부근,승용,남,67세,상해없음,승용,여,36세,경상
2022052800100279,2022년 5월 28일 13시,토요일,경상북도 안동시 용상동,중상사고,0,1,0,0,차대차 - 기타,신호위반,건조,맑음,교차로 - 교차로안,승용,남,54세,상해없음,이륜,남,43세,중상
2022052800100280,2022년 5월 28일 13시,토요일,경상북도 안동시 운흥동,경상사고,0,0,1,0,차대차 - 측면충돌,신호위반,건조,맑음,교차로 - 교차로안,화물,남,41세,상해없음,승용,남,27세,경상
2022052800100281,2022년 5월 28일 13시,토요일,경상북도 청도군 화양읍,중상사고,0,1,0,0,차대차 - 측면충돌,안전운전불이행,건조,맑음,교차로 - 교차로안,승용,남,39세,상해없음,이륜,남,62세,중상
2022052800100282,2022년 5월 28일 13시,토요일,경상북도 울진군 후포면,사망사고,1,0,0,0,차량단독 - 공작물충돌,중앙선침범,건조,맑음,교차로 - 교차로안,화물,여,74세,사망,,,,
2022052800100283,2022년 5월 28일 13시,토요일,경상북도 구미시 원평동,경상사고,0,0,1,0,차대차 - 기타,기타,건조,맑음,교차로 - 교차로안,화물,남,53세,상해없음,이륜,남,50세,경상
2022052800100284,2022년 5월 28일 13시,토요일,경상북도 구미시 도개면,중상사고,0,1,0,0,차대사람 - 기타,기타,건조,맑음,단일로 - 기타,승용,여,65세,상해없음,보행자,여,64세,중상
2022052800100315,2022년 5월 28일 14시,토요일,경상북도 경주시 탑동,경상사고,0,0,1,0,차대차 - 측면충돌,안전운전불이행,건조,맑음,단일로 - 기타,승용,남,45세,상해없음,승용,남,29세,경상
2022052800100316,2022년 5월 28일 14시,토요일,경상북도 청도군 청도읍,중상사고,0,1,2,0,차대차 - 측면충돌,중앙선침범,건조,맑음,단일로 - 기타,승용,남,81세,상해없음,승용,남,48세,경상
2022052800100317,2022년 5월 28일 14시,토요일,경상북도 청도군 매전면,중상사고,0,1,0,0,차대차 - 측면충돌,중앙선침범,건조,맑음,단일로 - 기타,승용,여,47세,상해없음,이륜,남,46세,중상
2022052800100366,2022년 5월 28일 15시,토요일,경상북도 경주시 배반동,경상사고,0,0,2,0,차대차 - 추돌,안전운전불이행,건조,맑음,단일로 - 기타,승용,남,32세,상해없음,승용,남,65세,경상
2022052800100367,2022년 5월 28일 15시,토요일,경상북도 고령군 쌍림면,경상사고,0,0,2,0,차대차 - 측면충돌,안전운전불이행,건조,맑음,단일로 - 기타,화물,남,63세,상해없음,승용,남,49세,경상
2022052800100368,2022년 5월 28일 15시,토요일,경상북도 구미시 옥계동,경상사고,0,0,1,0,차대차 - 측면충돌,안전운전불이행,건조,맑음,단일로 - 기타,승용,남,53세,상해없음,이륜,남,42세,경상
2022052800100369,2022년 5월 28일 15시,토요일,경상북도 포항시 남구 상도동,경상사고,0,0,2,0,차대차 - 측면충돌,신호위반,건조,맑음,교차로 - 교차로부근,승용,남,70세,상해없음,승용,여,58세,경상
2022052800100400,2022년 5월 28일 16시,토요일,경상북도 포항시 북구 신광면,중상사고,0,1,1,0,차대차 - 정면충돌,중앙선침범,건조,맑음,교차로 - 교차로안,화물,남,67세,상해없음,승용,남,60세,경상
2022052800100401,2022년 5월 28일 16시,토요일,경상북도 구미시 선산읍,경상사고,0,0,1,0,차대차 - 기타,안전운전불이행,건조,맑음,단일로 - 기타,승용,남,28세,상해없음,승용,남,44세,기타불명
2022052800100441,2022년 5월 28일 17시,토요일,경상북도 안동시 태화동,경상사고,0,0,1,0,차대차 - 기타,신호위반,건조,맑음,단일로 - 기타,화물,남,54세,상해없음,승용,여,65세,경상
2022052800100442,2022년 5월 28일 17시,토요일,경상북도 봉화군 봉화읍,경상사고,0,0,1,0,차대차 - 정면충돌,안전운전불이행,건조,맑음,교차로 - 교차로부근,승용,남,43세,상해없음,자전거,남,17세,경상
2022052800100472,2022년 5월 28일 18시,토요일,경상북도 경주시 동천동,경상사고,0,0,1,0,차대사람 - 길가장자리구역통행중,안전운전불이행,건조,맑음,단일로 - 기타,승용,남,48세,상해없음,보행자,남,41세,경상
2022052800100473,2022년 5월 28일 18시,토요일,경상북도 구미시 공단동,경상사고,0,0,1,0,차대차 - 기타,신호위반,건조,맑음,교차로 - 교차로부근,승용,남,71세,상해없음,승용,남,30세,경상
2022052800100474,2022년 5월 28일 18시,토요일,경상북도 구미시 선산읍,중상사고,0,1,0,0,차량단독 - 공작물충돌,안전운전불이행,건조,맑음,교차로 - 교차로부근,이륜,남,69세,중상,,,,
2022052800100475,2022년 5월 28일 18시,토요일,경상북도 포항시 남구 오천읍,경상사고,0,0,1,0,차대차 - 측면충돌,안전운전불이행,건조,맑음,기타 - 기타,승용,남,50세,상해없음,승용,여,45세,경상
2022052800100509,2022년 5월 28일 19시,토요일,경상북도 상주시 서성동,부상신고사고,0,0,0,1,차대차 - 기타,안전운전불이행,건조,맑음,단일로 - 기타,자전거,남,65세,부상신고,승용,남,23세,기타불명
2022052800100510,2022년 5월 28일 19시,토요일,경상북도 구미시 남통동,중상사고,0,1,0,0,차대사람 - 기타,안전운전불이행,건조,맑음,단일로 - 기타,승용,남,38세,상해없음,보행자,남,1세,중상
2022052800100544,2022년 5월 28일 20시,토요일,경상북도 상주시 낙동면,부상신고사고,0,0,0,1,차대차 - 추돌,안전거리미확보,건조,맑음,교차로 - 교차로안,승용,여,40세,상해없음,이륜,남,67세,부상신고
2022052800100545,2022년 5월 28일 20시,토요일,경상북도 상주시 공성면,중상사고,0,1,0,0,차대사람 - 길가장자리구역통행중,안전운전불이행,건조,맑음,교차로 - 교차로안,화물,남,55세,상해없음,보행자,여,62세,중상
2022052800100546,2022년 5월 28일 20시,토요일,경상북도 영주시 가흥동,경상사고,0,0,2,0,차대차 - 측면충돌,기타,건조,맑음,단일로 - 기타,승용,남,26세,기타불명,승용,여,63세,경상
2022052800100547,2022년 5월 28일 20시,토요일,경상북도 구미시 진평동,중상사고,0,1,1,0,차대차 - 측면충돌,교차로운행방법위반,건조,맑음,교차로 - 교차로부근,승용,남,38세,상해없음,개인형이동수단(PM),여,13세,경상
2022052800100548,2022년 5월 28일 20시,토요일,경상북도 포항시 남구 상도동,경상사고,0,0,2,0,차대차 - 측면충돌,안전거리미확보,건조,맑음,단일로 - 기타,화물,남,69세,경상,승용,여,60세,경상
2022052800100572,2022년 5월 28일 21시,토요일,경상북도 포항시 북구 득량동,중상사고,0,1,1,0,차대차 - 측면충돌,신호위반,건조,맑음,교차로 - 교차로안,승용,남,35세,상해없음,승용,여,28세,경상
2022052800100601,2022년 5월 28일 22시,토요일,경상북도 포항시 북구 신흥동,경상사고,0,0,2,0,차대차 - 기타,기타,건조,맑음,교차로 - 교차로안,승용,남,63세,상해없음,개인형이동수단(PM),여,15세,경상
2022052800100602,2022년 5월 28일 22시,토요일,경상북도 영천시 조교동,경상사고,0,0,1,0,차대차 - 기타,안전운전불이행,건조,맑음,단일로 - 기타,승용,남,63세,상해없음,승용,남,48세,상해없음
2022052800100603,2022년 5월 28일 22시,토요일,경상북도 문경시 마성면,부상신고사고,0,0,0,1,차량단독 - 전도전복 - 전도,안전운전불이행,건조,맑음,단일로 - 기타,승용,남,58세,부상신고,,,,
2022052800100604,2022년 5월 28일 22시,토요일,경상북도 성주군 성주읍,중상사고,0,1,0,1,차대차 - 측면충돌,안전운전불이행,건조,맑음,교차로 - 교차로안,승용,남,30세,상해없음,원동기,남,29세,중상
2022052800100605,2022년 5월 28일 22시,토요일,경상북도 고령군 덕곡면,경상사고,0,0,1,0,차량단독 - 도로외이탈 - 추락,안전운전불이행,건조,맑음,단일로 - 기타,화물,남,57세,경상,,,,
2022052800100621,2022년 5월 28일 23시,토요일,경상북도 문경시 흥덕동,경상사고,0,0,1,0,차대차 - 측면충돌,직진우회전진행방해,건조,맑음,교차로 - 교차로안,승용,남,58세,상해없음,화물,남,47세,경상
2022052800100622,2022년 5월 28일 23시,토요일,경상북도 구미시 선산읍,부상신고사고,0,0,0,1,차량단독 - 기타,안전운전불이행,건조,맑음,단일로 - 기타,화물,남,55세,부상신고,,,,
2022052900100011,2022년 5월 29일 00시,일요일,경상북도 경주시 강동면,중상사고,0,1,0,0,차대차 - 측면충돌,안전운전불이행,건조,맑음,단일로 - 기타,승용,남,67세,상해없음,승용,남,29세,중상
2022052900100037,2022년 5월 29일 02시,일요일,경상북도 상주시 이안면,경상사고,0,0,1,0,차량단독 - 공작물충돌,안전운전불이행,건조,맑음,단일로 - 기타,승용,남,59세,경상,,,,
2022052900100048,2022년 5월 29일 03시,일요일,경상북도 의성군 의성읍,경상사고,0,0,1,0,차량단독 - 공작물충돌,안전운전불이행,건조,맑음,교차로 - 교차로부근,화물,남,45세,경상,,,,
2022052900100049,2022년 5월 29일 03시,일요일,경상북도 구미시 임수동,경상사고,0,0,4,0,차대차 - 기타,안전운전불이행,건조,맑음,교차로 - 교차로부근,승용,남,25세,상해없음,승용,남,27세,경상
2022052900100054,2022년 5월 29일 04시,일요일,경상북도 경주시 시동,경상사고,0,0,1,0,차대차 - 측면충돌,안전운전불이행,건조,맑음,단일로 - 기타,승용,남,41세,상해없음,이륜,여,74세,경상
2022052900100070,2022년 5월 29일 06시,일요일,경상북도 김천시 아포읍,중상사고,0,2,0,1,차대차 - 측면충돌,직진우회전진행방해,건조,맑음,교차로 - 교차로안,승용,여,60세,부상신고,승용,여,56세,상해없음
2022052900100088,2022년 5월 29일 08시,일요일,경상북도 경주시 외동읍,경상사고,0,0,4,0,차대차 - 추돌,안전운전불이행,건조,맑음,단일로 - 기타,승용,남,39세,상해없음,승용,남,47세,경상
2022052900100089,2022년 5월 29일 08시,일요일,경상북도 칠곡군 동명면,중상사고,0,1,1,0,차대차 - 측면충돌,신호위반,건조,맑음,단일로 - 지하차도(도로)내,승용,여,56세,경상,이륜,남,64세,중상
2022052900100120,2022년 5월 29일 10시,일요일,경상북도 김천시 대항면,경상사고,0,0,1,0,차대사람 - 길가장자리구역통행중,안전운전불이행,건조,맑음,교차로 - 교차로부근,화물,남,59세,상해없음,보행자,여,93세,경상
2022052900100121,2022년 5월 29일 10시,일요일,경상북도 상주시 함창읍,경상사고,0,0,1,0,차대차 - 측면충돌,안전운전불이행,건조,맑음,교차로 - 교차로부근,승용,남,70세,상해없음,화물,남,60세,경상
2022052900100122,2022년 5월 29일 10시,일요일,경상북도 경산시 사동,경상사고,0,0,2,0,차대차 - 측면충돌,신호위반,건조,맑음,교차로 - 교차로안,승용,남,66세,상해없음,승용,여,60세,경상
2022052900100123,2022년 5월 29일 10시,일요일,경상북도 청도군 청도읍,부상신고사고,0,0,0,1,차대사람 - 기타,안전운전불이행,건조,맑음,단일로 - 기타,기타불명,여,79세,상해없음,보행자,여,66세,부상신고
2022052900100124,2022년 5월 29일 10시,일요일,경상북도 구미시 옥계동,경상사고,0,0,1,1,차대차 - 후진중충돌,안전운전불이행,건조,맑음,주차장 - 주차장,승용,남,33세,부상신고,승용,남,46세,경상
2022052900100214,2022년 5월 29일 13시,일요일,경상북도 포항시 북구 흥해읍,경상사고,0,0,2,0,차대차 - 정면충돌,중앙선침범,건조,맑음,교차로 - 교차로부근,승용,남,22세,상해없음,승용,남,27세,경상
2022052900100215,2022년 5월 29일 13시,일요일,경상북도 안동시 와룡면,사망사고,1,6,1,0,차대차 - 정면충돌,중앙선침범,건조,맑음,교차로 - 교차로안,승용,남,77세,중상,승용,남,36세,중상
2022052900100216,2022년 5월 29일 13시,일요일,경상북도 성주군 가천면,경상사고,0,0,1,0,차대사람 - 횡단중,안전운전불이행,건조,맑음,단일로 - 기타,승용,남,66세,상해없음,보행자,여,74세,경상
2022052900100217,2022년 5월 29일 13시,일요일,경상북도 포항시 남구 대도동,중상사고,0,1,0,0,차대차 - 측면충돌,신호위반,건조,맑음,교차로 - 교차로안,이륜,남,20세,상해없음,이륜,남,42세,중상
2022052900100237,2022년 5월 29일 14시,일요일,경상북도 영주시 봉현면,경상사고,0,0,1,0,차대차 - 측면충돌,중앙선침범,건조,맑음,단일로 - 기타,승용,남,68세,상해없음,승용,남,28세,경상
2022052900100238,2022년 5월 29일 14시,일요일,경상북도 칠곡군 왜관읍,경상사고,0,0,1,0,차량단독 - 전도전복 - 전도,안전운전불이행,건조,맑음,단일로 - 기타,자전거,남,12세,경상,,,,
2022052900100239,2022년 5월 29일 14시,일요일,경상북도 포항시 남구 오천읍,경상사고,0,0,2,0,차대차 - 측면충돌,안전운전불이행,건조,맑음,단일로 - 지하차도(도로)내,승용,남,60세,상해없음,승용,남,29세,경상
2022052900100240,2022년 5월 29일 14시,일요일,경상북도 포항시 남구 동해면,중상사고,0,1,2,0,차대차 - 정면충돌,중앙선침범,건조,맑음,단일로 - 지하차도(도로)내,이륜,남,45세,경상,승용,남,55세,경상
2022052900100268,2022년 5월 29일 15시,일요일,경상북도 경주시 감포읍,경상사고,0,0,3,0,차대차 - 측면충돌,안전운전불이행,건조,맑음,교차로 - 교차로안,승용,남,30세,상해없음,승용,남,29세,경상
2022052900100269,2022년 5월 29일 15시,일요일,경상북도 의성군 안계면,중상사고,0,1,0,0,차대차 - 측면충돌,안전운전불이행,건조,맑음,단일로 - 기타,화물,남,53세,상해없음,이륜,남,62세,중상
2022052900100270,2022년 5월 29일 15시,일요일,경상북도 영천시 야사동,경상사고,0,0,1,0,차량단독 - 기타,안전운전불이행,건조,맑음,단일로 - 기타,이륜,남,37세,경상,,,,
2022052900100271,2022년 5월 29일 15시,일요일,경상북도 문경시 문경읍,중상사고,0,3,1,0,차대차 - 추돌,안전운전불이행,건조,맑음,단일로 - 터널,승용,남,41세,중상,승용,여,36세,경상
2022052900100304,2022년 5월 29일 16시,일요일,경상북도 경주시 건천읍,중상사고,0,1,0,0,차대차 - 기타,안전운전불이행,건조,맑음,단일로 - 기타,승합,남,55세,상해없음,자전거,남,88세,중상
2022052900100305,2022년 5월 29일 16시,일요일,경상북도 경산시 진량읍,경상사고,0,0,2,0,차대차 - 추돌,안전운전불이행,건조,맑음,교차로 - 교차로부근,화물,남,53세,상해없음,승용,남,31세,경상
2022052900100338,2022년 5월 29일 17시,일요일,경상북도 문경시 산북면,경상사고,0,0,1,0,차대차 - 추돌,안전운전불이행,건조,맑음,단일로 - 기타,이륜,남,50세,경상,이륜,남,45세,기타불명
2022052900100375,2022년 5월 29일 18시,일요일,경상북도 포항시 북구 두호동,경상사고,0,0,1,0,차량단독 - 기타,기타,건조,맑음,단일로 - 기타,승용,남,70세,상해없음,,,,
2022052900100426,2022년 5월 29일 20시,일요일,경상북도 경주시 황성동,중상사고,0,1,0,0,차대차 - 측면충돌,중앙선침범,건조,맑음,교차로 - 교차로부근,이륜,남,22세,상해없음,이륜,남,23세,중상
2022052900100447,2022년 5월 29일 21시,일요일,경상북도 안동시 태화동,경상사고,0,0,1,0,차대사람 - 기타,안전운전불이행,건조,맑음,단일로 - 기타,승용,남,64세,상해없음,보행자,여,55세,경상
2022052900100478,2022년 5월 29일 23시,일요일,경상북도 포항시 북구 두호동,중상사고,0,2,1,0,차대차 - 기타,안전거리미확보,건조,맑음,단일로 - 기타,이륜,남,17세,중상,이륜,남,16세,중상
2022053000100028,2022년 5월 30일 06시,월요일,경상북도 포항시 북구 두호동,경상사고,0,0,1,0,차대차 - 추돌,안전운전불이행,건조,맑음,교차로 - 교차로부근,화물,남,69세,상해없음,승용,여,30세,경상
2022053000100041,2022년 5월 30일 07시,월요일,경상북도 김천시 남면,중상사고,0,1,0,0,차대차 - 정면충돌,교차로운행방법위반,건조,맑음,교차로 - 교차로안,승용,남,68세,상해없음,사륜오토바이(ATV),여,80세,중상
2022053000100042,2022년 5월 30일 07시,월요일,경상북도 포항시 남구 오천읍,경상사고,0,0,1,0,차대차 - 측면충돌,직진우회전진행방해,건조,맑음,교차로 - 교차로안,승용,여,40세,상해없음,승용,남,27세,경상
2022053000100081,2022년 5월 30일 08시,월요일,경상북도 포항시 북구 죽도동,중상사고,0,1,0,0,차대사람 - 횡단중,보행자보호의무위반,건조,맑음,교차로 - 교차로횡단보도내,승용,여,61세,상해없음,보행자,여,59세,중상
2022053000100121,2022년 5월 30일 09시,월요일,경상북도 의성군 다인면,중상사고,0,1,0,0,차대차 - 후진중충돌,안전운전불이행,건조,흐림,기타 - 기타,농기계,남,91세,중상,승용,남,62세,상해없음
2022053000100122,2022년 5월 30일 09시,월요일,경상북도 칠곡군 왜관읍,경상사고,0,0,2,0,차대차 - 추돌,안전거리미확보,건조,맑음,교차로 - 교차로안,승용,남,67세,상해없음,화물,남,70세,상해없음
2022053000100166,2022년 5월 30일 11시,월요일,경상북도 성주군 성주읍,경상사고,0,0,1,0,차대차 - 추돌,안전운전불이행,건조,맑음,교차로 - 교차로안,화물,남,62세,상해없음,이륜,여,73세,경상
2022053000100233,2022년 5월 30일 13시,월요일,경상북도 경주시 용강동,경상사고,0,0,1,0,차대차 - 측면충돌,직진우회전진행방해,건조,맑음,교차로 - 교차로안,승용,남,25세,상해없음,승용,여,42세,경상
2022053000100234,2022년 5월 30일 13시,월요일,경상북도 경주시 노서동,경상사고,0,0,1,0,차대차 - 추돌,안전운전불이행,건조,맑음,교차로 - 교차로부근,승용,여,63세,상해없음,승용,여,34세,경상
2022053000100235,2022년 5월 30일 13시,월요일,경상북도 영주시 봉현면,사망사고,1,0,0,0,차대차 - 정면충돌,중앙선침범,건조,맑음,단일로 - 기타,이륜,남,87세,사망,승용,남,60세,상해없음
2022053000100236,2022년 5월 30일 13시,월요일,경상북도 울릉군 울릉읍,중상사고,0,1,0,0,차대차 - 후진중충돌,안전운전불이행,건조,맑음,단일로 - 기타,사륜오토바이(ATV),남,78세,상해없음,이륜,남,57세,중상
2022053000100237,2022년 5월 30일 13시,월요일,경상북도 구미시 산동읍,경상사고,0,0,1,0,차대차 - 측면충돌,안전운전불이행,건조,맑음,교차로 - 교차로안,원동기,남,65세,경상,화물,남,24세,상해없음
2022053000100238,2022년 5월 30일 13시,월요일,경상북도 포항시 남구 장흥동,경상사고,0,0,2,0,차대차 - 측면충돌,기타,건조,맑음,교차로 - 교차로안,화물,남,73세,상해없음,화물,남,46세,상해없음
2022053000100271,2022년 5월 30일 14시,월요일,경상북도 경주시 사정동,중상사고,0,1,0,0,차량단독 - 공작물충돌,안전운전불이행,건조,맑음,교차로 - 교차로부근,승용,남,65세,상해없음,,,,
2022053000100272,2022년 5월 30일 14시,월요일,경상북도 문경시 모전동,경상사고,0,0,1,0,차대차 - 정면충돌,안전운전불이행,건조,맑음,교차로 - 교차로부근,승용,남,77세,상해없음,자전거,남,86세,경상
2022053000100273,2022년 5월 30일 14시,월요일,경상북도 성주군 월항면,경상사고,0,0,2,0,차대차 - 측면충돌,신호위반,건조,맑음,교차로 - 교차로안,승용,남,77세,상해없음,화물,남,73세,경상
2022053000100274,2022년 5월 30일 14시,월요일,경상북도 구미시 도량동,경상사고,0,0,2,0,차대차 - 기타,중앙선침범,건조,맑음,단일로 - 기타,승용,남,69세,상해없음,승용,남,21세,경상
2022053000100275,2022년 5월 30일 14시,월요일,경상북도 칠곡군 왜관읍,중상사고,0,1,1,0,차대차 - 추돌,안전운전불이행,건조,맑음,단일로 - 기타,승용,남,55세,상해없음,승용,여,48세,경상
2022053000100304,2022년 5월 30일 15시,월요일,경상북도 경산시 사동,경상사고,0,0,1,0,차대차 - 추돌,안전운전불이행,건조,맑음,단일로 - 기타,화물,남,62세,상해없음,승용,여,40세,경상
2022053000100341,2022년 5월 30일 16시,월요일,경상북도 경주시 동부동,경상사고,0,0,1,0,차대사람 - 보도통행중,기타,건조,맑음,단일로 - 기타,개인형이동수단(PM),남,15세,상해없음,보행자,남,47세,경상
2022053000100342,2022년 5월 30일 16시,월요일,경상북도 예천군 예천읍,사망사고,1,0,0,0,차대차 - 측면충돌,안전운전불이행,건조,맑음,교차로 - 교차로안,화물,남,56세,상해없음,이륜,남,81세,사망
2022053000100343,2022년 5월 30일 16시,월요일,경상북도 청도군 각남면,사망사고,1,0,0,0,차대사람 - 기타,안전거리미확보,건조,맑음,단일로 - 기타,승용,남,35세,상해없음,보행자,여,72세,사망
2022053000100344,2022년 5월 30일 16시,월요일,경상북도 고령군 성산면,경상사고,0,0,2,0,차대차 - 측면충돌,안전운전불이행,건조,맑음,단일로 - 기타,승용,남,23세,상해없음,승용,남,46세,경상
2022053000100345,2022년 5월 30일 16시,월요일,경상북도 구미시 도량동,중상사고,0,1,0,0,차대사람 - 기타,안전운전불이행,건조,맑음,단일로 - 기타,기타불명,기타불명,미분류,기타불명,보행자,여,61세,중상
2022053000100389,2022년 5월 30일 17시,월요일,경상북도 경주시 성동동,중상사고,0,1,2,0,차대차 - 측면충돌,안전운전불이행,건조,맑음,교차로 - 교차로부근,승용,여,67세,상해없음,승합,남,39세,경상
2022053000100390,2022년 5월 30일 17시,월요일,경상북도 경주시 용강동,경상사고,0,0,1,0,차량단독 - 전도전복 - 전도,안전운전불이행,건조,맑음,단일로 - 지하차도(도로)내,원동기,남,15세,경상,,,,
2022053000100391,2022년 5월 30일 17시,월요일,경상북도 경산시 중방동,경상사고,0,0,1,0,차대사람 - 기타,안전운전불이행,건조,맑음,단일로 - 기타,승용,남,33세,상해없음,보행자,남,47세,경상