사고번호,사고일시,요일,시군구,사고내용,사망자수,중상자수,경상자수,부상신고자수,사고유형,법규위반,노면상태,기상상태,도로형태,가해운전자 차종,가해운전자 성별,가해운전자 연령,가해운전자 상해정도,피해운전자 차종,피해운전자 성별,피해운전자 연령,피해운전자 상해정도
2022053000100392,2022년 5월 30일 17시,월요일,경상북도 구미시 장천면,중상사고,0,1,0,0,차대차 - 기타,안전운전불이행,건조,맑음,교차로 - 교차로안,승용,남,31세,상해없음,자전거,남,75세,중상
2022053000100437,2022년 5월 30일 18시,월요일,경상북도 안동시 정하동,경상사고,0,0,1,0,차대사람 - 기타,기타,건조,맑음,단일로 - 기타,승용,여,64세,상해없음,보행자,여,39세,경상
2022053000100438,2022년 5월 30일 18시,월요일,경상북도 구미시 공단동,중상사고,0,1,0,0,차대차 - 기타,안전운전불이행,건조,맑음,기타 - 기타,자전거,남,16세,중상,승용,남,27세,상해없음
2022053000100439,2022년 5월 30일 18시,월요일,경상북도 구미시 임은동,경상사고,0,0,1,0,차대사람 - 횡단중,보행자보호의무위반,건조,맑음,교차로 - 교차로부근,화물,남,37세,상해없음,보행자,남,53세,경상
2022053000100511,2022년 5월 30일 21시,월요일,경상북도 포항시 북구 장성동,경상사고,0,0,4,0,차대차 - 추돌,안전운전불이행,젖음/습기,비,단일로 - 기타,승용,남,45세,상해없음,승합,남,49세,상해없음
2022053000100512,2022년 5월 30일 21시,월요일,경상북도 경산시 조영동,경상사고,0,0,1,0,차대차 - 측면충돌,안전운전불이행,건조,맑음,단일로 - 기타,이륜,남,24세,상해없음,이륜,남,26세,경상
2022053000100548,2022년 5월 30일 23시,월요일,경상북도 성주군 선남면,부상신고사고,0,0,0,2,차대차 - 측면충돌,안전운전불이행,건조,맑음,단일로 - 교량,승용,남,27세,상해없음,승용,남,49세,부상신고
2022053100100029,2022년 5월 31일 04시,화요일,경상북도 상주시 내서면,중상사고,0,2,0,0,차대차 - 기타,안전운전불이행,건조,맑음,단일로 - 기타,특수,남,72세,중상,화물,남,56세,중상
2022053100100037,2022년 5월 31일 05시,화요일,경상북도 영천시 조교동,경상사고,0,0,1,0,차대차 - 측면충돌,안전운전불이행,건조,맑음,교차로 - 교차로부근,승용,남,80세,상해없음,승용,남,61세,경상
2022053100100046,2022년 5월 31일 06시,화요일,경상북도 경산시 압량읍,경상사고,0,0,2,0,차대차 - 측면충돌,교차로운행방법위반,건조,맑음,교차로 - 교차로안,승용,남,61세,경상,건설기계,남,51세,경상
2022053100100047,2022년 5월 31일 06시,화요일,경상북도 구미시 산동읍,중상사고,0,1,1,0,차대차 - 추돌,안전운전불이행,건조,맑음,단일로 - 기타,승용,남,19세,상해없음,화물,남,54세,경상
2022053100100073,2022년 5월 31일 07시,화요일,경상북도 칠곡군 동명면,경상사고,0,0,2,0,차대차 - 정면충돌,신호위반,건조,맑음,교차로 - 교차로안,승용,남,58세,경상,승용,남,57세,경상
2022053100100074,2022년 5월 31일 07시,화요일,경상북도 청도군 화양읍,중상사고,0,2,0,0,차대차 - 측면충돌,신호위반,건조,맑음,교차로 - 교차로안,승용,남,40세,상해없음,화물,남,56세,중상
2022053100100124,2022년 5월 31일 08시,화요일,경상북도 영천시 고경면,경상사고,0,0,1,0,차대차 - 측면충돌,안전운전불이행,건조,맑음,단일로 - 기타,화물,남,40세,상해없음,승용,남,60세,경상
2022053100100125,2022년 5월 31일 08시,화요일,경상북도 구미시 부곡동,경상사고,0,0,1,0,차대차 - 추돌,안전운전불이행,건조,맑음,단일로 - 기타,승용,여,43세,상해없음,승용,여,53세,경상
2022053100100126,2022년 5월 31일 08시,화요일,경상북도 구미시 고아읍,경상사고,0,0,2,0,차대차 - 기타,안전거리미확보,건조,맑음,교차로 - 교차로부근,승합,남,64세,상해없음,승용,남,37세,경상
2022053100100163,2022년 5월 31일 09시,화요일,경상북도 포항시 북구 항구동,경상사고,0,0,1,0,차대사람 - 기타,안전운전불이행,건조,맑음,단일로 - 기타,승합,남,57세,상해없음,보행자,여,52세,경상
2022053100100164,2022년 5월 31일 09시,화요일,경상북도 영천시 완산동,경상사고,0,0,1,0,차대차 - 측면충돌,안전운전불이행,건조,맑음,교차로 - 교차로부근,화물,여,71세,상해없음,승용,남,67세,경상
2022053100100165,2022년 5월 31일 09시,화요일,경상북도 구미시 인의동,경상사고,0,0,1,0,차대차 - 기타,안전운전불이행,건조,맑음,단일로 - 기타,화물,남,41세,상해없음,승용,남,31세,경상
2022053100100166,2022년 5월 31일 09시,화요일,경상북도 포항시 남구 대도동,경상사고,0,0,1,0,차대차 - 측면충돌,안전운전불이행,건조,맑음,교차로 - 교차로안,자전거,여,66세,경상,승용,여,49세,상해없음
2022053100100193,2022년 5월 31일 10시,화요일,경상북도 영주시 봉현면,중상사고,0,1,0,0,차대차 - 추돌,기타,건조,맑음,단일로 - 기타,승용,여,32세,상해없음,승용,남,43세,중상
2022053100100194,2022년 5월 31일 10시,화요일,경상북도 포항시 남구 오천읍,경상사고,0,0,1,0,차량단독 - 공작물충돌,기타,건조,맑음,단일로 - 지하차도(도로)내,승합,남,60세,기타불명,,,,
2022053100100235,2022년 5월 31일 11시,화요일,경상북도 경주시 황성동,경상사고,0,0,1,0,차대차 - 기타,안전운전불이행,건조,맑음,단일로 - 지하차도(도로)내,승용,남,54세,경상,화물,남,49세,상해없음
2022053100100236,2022년 5월 31일 11시,화요일,경상북도 안동시 금곡동,중상사고,0,1,0,0,차대차 - 기타,안전운전불이행,건조,맑음,단일로 - 기타,화물,남,77세,상해없음,이륜,남,82세,중상
2022053100100237,2022년 5월 31일 11시,화요일,경상북도 상주시 외남면,경상사고,0,0,3,0,차대차 - 측면충돌,중앙선침범,건조,맑음,단일로 - 기타,화물,남,48세,상해없음,승합,남,65세,경상
2022053100100238,2022년 5월 31일 11시,화요일,경상북도 경산시 사동,경상사고,0,0,1,0,차대차 - 후진중충돌,안전운전불이행,건조,맑음,교차로 - 교차로부근,승용,남,67세,상해없음,승용,남,32세,경상
2022053100100277,2022년 5월 31일 12시,화요일,경상북도 포항시 북구 우현동,경상사고,0,0,1,0,차대차 - 후진중충돌,안전운전불이행,건조,맑음,교차로 - 교차로부근,승용,여,43세,상해없음,승용,여,42세,경상
2022053100100278,2022년 5월 31일 12시,화요일,경상북도 영주시 풍기읍,중상사고,0,1,0,0,차대사람 - 차도통행중,안전운전불이행,건조,맑음,단일로 - 기타,개인형이동수단(PM),남,18세,상해없음,보행자,여,63세,중상
2022053100100279,2022년 5월 31일 12시,화요일,경상북도 칠곡군 약목면,경상사고,0,0,1,0,차대차 - 측면충돌,안전운전불이행,건조,맑음,단일로 - 기타,승합,남,41세,상해없음,승용,여,46세,경상
2022053100100280,2022년 5월 31일 12시,화요일,경상북도 구미시 도량동,중상사고,0,1,0,0,차대차 - 기타,직진우회전진행방해,건조,맑음,교차로 - 교차로안,승용,남,73세,상해없음,이륜,남,52세,중상
2022053100100309,2022년 5월 31일 13시,화요일,경상북도 문경시 가은읍,중상사고,0,1,0,0,차대차 - 측면충돌,안전운전불이행,건조,맑음,단일로 - 기타,화물,여,65세,상해없음,원동기,남,56세,중상
2022053100100310,2022년 5월 31일 13시,화요일,경상북도 경산시 중방동,경상사고,0,0,1,0,차대사람 - 기타,안전운전불이행,건조,맑음,교차로 - 교차로부근,기타불명,기타불명,미분류,기타불명,보행자,여,24세,경상
2022053100100311,2022년 5월 31일 13시,화요일,경상북도 포항시 남구 대잠동,경상사고,0,0,3,0,차대차 - 측면충돌,안전운전불이행,건조,맑음,단일로 - 기타,승용,남,74세,상해없음,승용,남,33세,경상
2022053100100350,2022년 5월 31일 14시,화요일,경상북도 영주시 하망동,부상신고사고,0,0,0,1,차대사람 - 보도통행중,안전운전불이행,건조,맑음,단일로 - 기타,승용,여,69세,상해없음,보행자,여,59세,부상신고
2022053100100392,2022년 5월 31일 15시,화요일,경상북도 포항시 북구 죽도동,중상사고,0,1,0,0,차대사람 - 차도통행중,안전운전불이행,건조,맑음,단일로 - 기타,승용,남,52세,상해없음,보행자,여,8세,중상
2022053100100393,2022년 5월 31일 15시,화요일,경상북도 영주시 가흥동,중상사고,0,1,0,0,차대사람 - 횡단중,안전운전불이행,건조,맑음,교차로 - 교차로안,승용,여,52세,상해없음,보행자,여,8세,중상
2022053100100439,2022년 5월 31일 16시,화요일,경상북도 칠곡군 왜관읍,중상사고,0,1,0,0,차대차 - 측면충돌,안전운전불이행,건조,맑음,교차로 - 교차로안,승용,여,49세,상해없음,자전거,남,13세,중상
2022053100100440,2022년 5월 31일 16시,화요일,경상북도 구미시 진평동,경상사고,0,0,1,0,차대차 - 측면충돌,안전운전불이행,건조,맑음,교차로 - 교차로안,승합,남,48세,상해없음,승용,남,43세,경상
2022053100100489,2022년 5월 31일 17시,화요일,경상북도 경주시 건천읍,중상사고,0,1,0,0,차대차 - 측면충돌,안전운전불이행,건조,맑음,교차로 - 교차로안,승용,여,48세,상해없음,자전거,여,79세,중상
2022053100100490,2022년 5월 31일 17시,화요일,경상북도 칠곡군 약목면,경상사고,0,0,1,0,차대사람 - 차도통행중,안전운전불이행,건조,맑음,교차로 - 교차로부근,화물,남,51세,상해없음,보행자,여,69세,경상
2022053100100491,2022년 5월 31일 17시,화요일,경상북도 성주군 성주읍,경상사고,0,0,2,0,차대차 - 추돌,안전운전불이행,건조,맑음,단일로 - 기타,승용,여,42세,상해없음,승용,여,64세,경상
2022053100100684,2022년 5월 31일 22시,화요일,경상북도 포항시 남구 대도동,경상사고,0,0,1,0,차대차 - 정면충돌,안전운전불이행,건조,맑음,교차로 - 교차로부근,승용,남,67세,상해없음,승용,남,53세,경상
2022053100100707,2022년 5월 31일 23시,화요일,경상북도 구미시 남통동,경상사고,0,0,1,0,차대차 - 정면충돌,중앙선침범,건조,맑음,단일로 - 기타,화물,남,66세,상해없음,자전거,여,59세,경상
2022060100100035,2022년 6월 1일 01시,수요일,경상북도 포항시 북구 두호동,경상사고,0,0,1,0,차대차 - 기타,안전운전불이행,건조,맑음,단일로 - 기타,승용,남,31세,상해없음,승용,남,22세,경상
2022060100100079,2022년 6월 1일 05시,수요일,경상북도 안동시 정상동,중상사고,0,1,0,0,차량단독 - 공작물충돌,안전운전불이행,건조,맑음,기타 - 기타,승용,여,43세,중상,,,,
2022060100100091,2022년 6월 1일 06시,수요일,경상북도 포항시 남구 대도동,경상사고,0,0,1,0,차대차 - 측면충돌,안전운전불이행,건조,맑음,단일로 - 기타,승용,남,62세,상해없음,승용,남,63세,경상
2022060100100128,2022년 6월 1일 08시,수요일,경상북도 김천시 신음동,중상사고,0,1,0,0,차대사람 - 횡단중,안전운전불이행,건조,맑음,기타 - 기타,화물,남,64세,상해없음,보행자,여,59세,중상
2022060100100147,2022년 6월 1일 09시,수요일,경상북도 칠곡군 가산면,경상사고,0,0,1,0,차대차 - 측면충돌,안전운전불이행,건조,맑음,교차로 - 교차로부근,승용,남,42세,상해없음,화물,남,65세,경상
2022060100100148,2022년 6월 1일 09시,수요일,경상북도 포항시 남구 동해면,경상사고,0,0,1,0,차대사람 - 기타,보행자보호의무위반,건조,맑음,교차로 - 교차로안,승용,여,63세,상해없음,보행자,남,71세,경상
2022060100100172,2022년 6월 1일 10시,수요일,경상북도 경주시 성동동,경상사고,0,0,1,0,차대차 - 측면충돌,안전운전불이행,건조,맑음,교차로 - 교차로안,승용,여,41세,상해없음,승용,여,56세,경상
2022060100100173,2022년 6월 1일 10시,수요일,경상북도 경주시 충효동,경상사고,0,0,1,0,차대차 - 측면충돌,안전운전불이행,건조,맑음,단일로 - 교량,승용,남,64세,상해없음,승용,남,36세,상해없음
2022060100100229,2022년 6월 1일 12시,수요일,경상북도 안동시 옥동,사망사고,1,0,0,0,차량단독 - 공작물충돌,안전운전불이행,건조,맑음,교차로 - 교차로안,승용,남,62세,사망,,,,
2022060100100230,2022년 6월 1일 12시,수요일,경상북도 칠곡군 왜관읍,중상사고,0,2,1,0,차대차 - 추돌,안전거리미확보,건조,맑음,단일로 - 기타,승용,남,70세,중상,승용,남,27세,경상
2022060100100269,2022년 6월 1일 13시,수요일,경상북도 상주시 무양동,경상사고,0,0,1,0,차대차 - 측면충돌,교차로운행방법위반,건조,맑음,교차로 - 교차로횡단보도내,승용,남,58세,상해없음,자전거,여,55세,경상
2022060100100270,2022년 6월 1일 13시,수요일,경상북도 영주시 영주동,경상사고,0,0,1,0,차대차 - 측면충돌,교차로운행방법위반,건조,맑음,교차로 - 교차로안,화물,남,49세,상해없음,승용,여,66세,경상
2022060100100271,2022년 6월 1일 13시,수요일,경상북도 구미시 공단동,중상사고,0,1,0,0,차대차 - 측면충돌,안전운전불이행,건조,맑음,교차로 - 교차로안,승용,남,34세,상해없음,이륜,남,24세,중상
2022060100100308,2022년 6월 1일 14시,수요일,경상북도 안동시 옥동,경상사고,0,0,1,0,차대차 - 측면충돌,안전운전불이행,건조,맑음,단일로 - 기타,승용,남,70세,상해없음,승용,여,43세,경상
2022060100100309,2022년 6월 1일 14시,수요일,경상북도 영천시 문외동,경상사고,0,0,2,0,차대차 - 기타,안전운전불이행,건조,맑음,단일로 - 기타,이륜,남,25세,기타불명,승용,남,28세,경상
2022060100100310,2022년 6월 1일 14시,수요일,경상북도 구미시 원평동,경상사고,0,0,2,0,차대차 - 측면충돌,안전운전불이행,건조,맑음,교차로 - 교차로부근,승용,여,33세,상해없음,승용,여,39세,경상
2022060100100385,2022년 6월 1일 16시,수요일,경상북도 구미시 원평동,중상사고,0,2,1,0,차대차 - 측면충돌,교차로운행방법위반,건조,맑음,교차로 - 교차로안,승용,남,61세,경상,승용,남,23세,중상
2022060100100413,2022년 6월 1일 17시,수요일,경상북도 포항시 북구 죽도동,중상사고,0,1,0,0,차대사람 - 차도통행중,안전운전불이행,건조,맑음,교차로 - 교차로안,승용,남,38세,상해없음,보행자,여,74세,중상
2022060100100414,2022년 6월 1일 17시,수요일,경상북도 구미시 비산동,경상사고,0,0,1,0,차대차 - 기타,불법유턴,건조,맑음,교차로 - 교차로안,개인형이동수단(PM),남,26세,경상,승용,남,36세,상해없음
2022060100100415,2022년 6월 1일 17시,수요일,경상북도 구미시 공단동,경상사고,0,0,2,0,차대차 - 측면충돌,신호위반,건조,맑음,교차로 - 교차로안,승용,남,34세,상해없음,승용,남,25세,경상
2022060100100456,2022년 6월 1일 18시,수요일,경상북도 포항시 북구 장성동,경상사고,0,0,2,0,차대차 - 기타,안전운전불이행,건조,맑음,단일로 - 기타,승용,여,46세,상해없음,승합,남,51세,경상
2022060100100485,2022년 6월 1일 19시,수요일,경상북도 경주시 용강동,중상사고,0,1,0,0,차대사람 - 보도통행중,기타,건조,맑음,기타 - 기타,개인형이동수단(PM),남,14세,상해없음,보행자,남,50세,중상
2022060100100486,2022년 6월 1일 19시,수요일,경상북도 영천시 화남면,중상사고,0,1,0,0,차대사람 - 차도통행중,안전운전불이행,건조,맑음,단일로 - 기타,승용,여,65세,상해없음,보행자,여,90세,중상
2022060100100533,2022년 6월 1일 21시,수요일,경상북도 경주시 천군동,중상사고,0,1,1,0,차대차 - 추돌,안전운전불이행,건조,맑음,단일로 - 기타,승용,여,35세,상해없음,원동기,여,15세,경상
2022060100100534,2022년 6월 1일 21시,수요일,경상북도 상주시 서문동,경상사고,0,0,1,0,차대사람 - 보도통행중,보행자보호의무위반,건조,맑음,교차로 - 교차로부근,이륜,남,25세,상해없음,보행자,남,64세,경상
2022060100100549,2022년 6월 1일 22시,수요일,경상북도 포항시 남구 호미곶면,경상사고,0,0,2,0,차대차 - 정면충돌,안전운전불이행,건조,맑음,단일로 - 기타,승용,남,47세,기타불명,화물,남,64세,경상
2022060100100550,2022년 6월 1일 22시,수요일,경상북도 포항시 남구 장기면,중상사고,0,3,0,0,차대차 - 측면충돌,안전운전불이행,건조,맑음,교차로 - 교차로부근,화물,남,66세,상해없음,승용,남,48세,중상
2022060200100060,2022년 6월 2일 07시,목요일,경상북도 의성군 봉양면,중상사고,0,1,0,0,차대사람 - 기타,안전운전불이행,건조,맑음,단일로 - 기타,기타불명,여,32세,상해없음,보행자,여,63세,중상
2022060200100061,2022년 6월 2일 07시,목요일,경상북도 문경시 모전동,경상사고,0,0,1,0,차대차 - 측면충돌,교차로운행방법위반,건조,맑음,교차로 - 교차로부근,승용,남,66세,상해없음,자전거,여,62세,경상
2022060200100062,2022년 6월 2일 07시,목요일,경상북도 포항시 남구 연일읍,중상사고,0,1,0,1,차대차 - 측면충돌,안전운전불이행,건조,맑음,단일로 - 기타,특수,남,55세,부상신고,승용,남,43세,중상
2022060200100090,2022년 6월 2일 08시,목요일,경상북도 구미시 산동읍,경상사고,0,0,1,0,차대차 - 측면충돌,신호위반,건조,맑음,교차로 - 교차로부근,승용,여,45세,상해없음,승용,남,55세,경상
2022060200100091,2022년 6월 2일 08시,목요일,경상북도 구미시 송정동,중상사고,0,1,0,0,차대차 - 측면충돌,교차로운행방법위반,건조,맑음,교차로 - 교차로안,승용,여,29세,상해없음,자전거,여,54세,중상
2022060200100122,2022년 6월 2일 09시,목요일,경상북도 영양군 영양읍,중상사고,0,1,0,0,차량단독 - 전도전복 - 전도,기타,건조,맑음,단일로 - 기타,화물,남,70세,중상,,,,
2022060200100123,2022년 6월 2일 09시,목요일,경상북도 구미시 원평동,부상신고사고,0,0,0,1,차대사람 - 횡단중,안전운전불이행,건조,맑음,단일로 - 기타,승용,여,51세,상해없음,보행자,여,26세,부상신고
2022060200100124,2022년 6월 2일 09시,목요일,경상북도 포항시 남구 대도동,경상사고,0,0,1,0,차대차 - 정면충돌,중앙선침범,건조,맑음,단일로 - 지하차도(도로)내,승용,여,63세,상해없음,자전거,여,73세,경상
2022060200100185,2022년 6월 2일 11시,목요일,경상북도 포항시 북구 흥해읍,경상사고,0,0,1,0,차대차 - 기타,안전운전불이행,건조,맑음,단일로 - 기타,화물,남,77세,상해없음,승용,남,65세,경상
2022060200100186,2022년 6월 2일 11시,목요일,경상북도 예천군 예천읍,중상사고,0,1,0,0,차대차 - 측면충돌,안전운전불이행,건조,맑음,기타 - 기타,화물,남,69세,상해없음,자전거,남,79세,중상
2022060200100188,2022년 6월 2일 11시,목요일,경상북도 구미시 산동읍,사망사고,1,0,0,0,차량단독 - 공작물충돌,중앙선침범,건조,맑음,교차로 - 교차로부근,승용,여,60세,사망,,,,
2022060200100190,2022년 6월 2일 11시,목요일,경상북도 포항시 남구 효자동,경상사고,0,0,1,0,차대차 - 측면충돌,차로위반,건조,맑음,단일로 - 기타,특수,남,54세,상해없음,승용,남,49세,경상
2022060200100191,2022년 6월 2일 11시,목요일,경상북도 경주시 서면,중상사고,0,1,0,0,차대차 - 추돌,안전운전불이행,건조,맑음,단일로 - 기타,화물,남,62세,중상,화물,남,67세,상해없음
2022060200100216,2022년 6월 2일 12시,목요일,경상북도 경산시 와촌면,경상사고,0,0,3,0,차대차 - 기타,안전운전불이행,건조,맑음,단일로 - 기타,승용,여,55세,상해없음,승용,남,67세,경상
2022060200100248,2022년 6월 2일 13시,목요일,경상북도 문경시 흥덕동,경상사고,0,0,1,0,차대차 - 추돌,안전운전불이행,건조,맑음,단일로 - 기타,화물,남,52세,상해없음,승용,남,45세,경상
2022060200100249,2022년 6월 2일 13시,목요일,경상북도 구미시 원평동,경상사고,0,0,1,0,차대차 - 기타,직진우회전진행방해,건조,맑음,교차로 - 교차로안,화물,남,67세,기타불명,승용,여,34세,경상
2022060200100250,2022년 6월 2일 13시,목요일,경상북도 고령군 성산면,중상사고,0,1,1,0,차대차 - 추돌,안전운전불이행,건조,맑음,단일로 - 기타,화물,남,42세,상해없음,특수,남,33세,중상
2022060200100280,2022년 6월 2일 14시,목요일,경상북도 경주시 내남면,중상사고,0,1,0,0,차대차 - 측면충돌,기타,건조,맑음,교차로 - 교차로안,승용,남,39세,상해없음,이륜,남,69세,중상
2022060200100281,2022년 6월 2일 14시,목요일,경상북도 상주시 무양동,중상사고,0,1,4,0,차대차 - 추돌,안전거리미확보,건조,맑음,단일로 - 교량,화물,남,58세,상해없음,화물,남,59세,경상
2022060200100282,2022년 6월 2일 14시,목요일,경상북도 영천시 청통면,경상사고,0,0,1,0,차대사람 - 기타,안전운전불이행,건조,맑음,기타 - 기타,승용,여,71세,상해없음,보행자,여,80세,경상
2022060200100316,2022년 6월 2일 15시,목요일,경상북도 경주시 성건동,경상사고,0,0,1,0,차대차 - 기타,안전운전불이행,건조,맑음,교차로 - 교차로안,화물,남,65세,상해없음,자전거,여,71세,경상
2022060200100317,2022년 6월 2일 15시,목요일,경상북도 영주시 영주동,중상사고,0,1,0,0,차대차 - 측면충돌,기타,건조,맑음,교차로 - 교차로안,승용,남,59세,상해없음,자전거,남,11세,중상
2022060200100318,2022년 6월 2일 15시,목요일,경상북도 구미시 고아읍,경상사고,0,0,1,0,차대차 - 기타,안전운전불이행,건조,맑음,교차로 - 교차로안,승용,여,65세,상해없음,승용,남,37세,경상
2022060200100363,2022년 6월 2일 16시,목요일,경상북도 칠곡군 왜관읍,경상사고,0,0,1,0,차대차 - 추돌,안전운전불이행,건조,맑음,교차로 - 교차로부근,승용,여,33세,상해없음,승용,여,52세,경상
2022060200100364,2022년 6월 2일 16시,목요일,경상북도 구미시 송정동,경상사고,0,0,1,0,차대차 - 측면충돌,안전운전불이행,건조,맑음,단일로 - 기타,승용,남,62세,상해없음,승용,남,59세,경상
2022060200100403,2022년 6월 2일 17시,목요일,경상북도 안동시 옥동,부상신고사고,0,0,0,1,차대사람 - 기타,안전운전불이행,건조,맑음,교차로 - 교차로안,승용,남,63세,상해없음,보행자,남,56세,부상신고
2022060200100457,2022년 6월 2일 18시,목요일,경상북도 포항시 북구 기계면,경상사고,0,0,1,0,차대차 - 측면충돌,안전운전불이행,건조,맑음,교차로 - 교차로안,승용,여,50세,상해없음,이륜,남,53세,경상
2022060200100458,2022년 6월 2일 18시,목요일,경상북도 안동시 남문동,경상사고,0,0,1,0,차대사람 - 횡단중,보행자보호의무위반,건조,맑음,교차로 - 교차로횡단보도내,승용,여,23세,상해없음,보행자,남,58세,경상
2022060200100459,2022년 6월 2일 18시,목요일,경상북도 영천시 완산동,중상사고,0,1,0,0,차대사람 - 기타,안전운전불이행,건조,맑음,단일로 - 기타,승용,남,30세,상해없음,보행자,남,79세,중상
2022060200100460,2022년 6월 2일 18시,목요일,경상북도 경산시 중방동,중상사고,0,1,0,0,차대차 - 정면충돌,안전운전불이행,건조,맑음,단일로 - 기타,개인형이동수단(PM),남,21세,상해없음,자전거,여,52세,중상
2022060200100461,2022년 6월 2일 18시,목요일,경상북도 고령군 우곡면,사망사고,1,0,0,0,차량단독 - 기타,안전운전불이행,서리/결빙,맑음,단일로 - 기타,자전거,남,80세,사망,,,,
2022060200100505,2022년 6월 2일 19시,목요일,경상북도 포항시 남구 지곡동,경상사고,0,0,2,0,차대사람 - 횡단중,신호위반,건조,맑음,교차로 - 교차로안,이륜,남,49세,경상,보행자,남,55세,경상
2022060200100531,2022년 6월 2일 20시,목요일,경상북도 안동시 임동면,중상사고,0,1,0,0,차대차 - 추돌,안전운전불이행,건조,맑음,단일로 - 기타,승용,남,57세,상해없음,이륜,남,56세,중상
2022060200100532,2022년 6월 2일 20시,목요일,경상북도 경산시 옥곡동,경상사고,0,0,1,0,차대사람 - 횡단중,보행자보호의무위반,건조,맑음,교차로 - 교차로횡단보도내,승용,남,59세,상해없음,보행자,여,61세,경상
2022060200100533,2022년 6월 2일 20시,목요일,경상북도 경산시 옥산동,경상사고,0,0,1,0,차대차 - 기타,안전운전불이행,건조,맑음,교차로 - 교차로안,승용,기타불명,미분류,기타불명,승용,남,21세,경상
2022060200100558,2022년 6월 2일 21시,목요일,경상북도 포항시 북구 흥해읍,경상사고,0,0,1,0,차대차 - 기타,안전운전불이행,건조,맑음,단일로 - 기타,화물,남,62세,상해없음,농기계,남,58세,경상
2022060200100559,2022년 6월 2일 21시,목요일,경상북도 상주시 화서면,중상사고,0,3,0,0,차대차 - 정면충돌,중앙선침범,건조,맑음,단일로 - 기타,화물,남,56세,중상,화물,남,64세,중상
2022060200100560,2022년 6월 2일 21시,목요일,경상북도 영천시 문내동,경상사고,0,0,2,1,차대차 - 측면충돌,교차로운행방법위반,건조,맑음,교차로 - 교차로안,승용,남,43세,경상,승용,남,60세,경상
2022060200100584,2022년 6월 2일 22시,목요일,경상북도 김천시 삼락동,중상사고,0,2,0,0,차대차 - 추돌,안전운전불이행,건조,맑음,단일로 - 기타,특수,남,51세,중상,특수,남,56세,중상
2022060300100048,2022년 6월 3일 06시,금요일,경상북도 포항시 북구 항구동,경상사고,0,0,1,0,차대사람 - 횡단중,안전운전불이행,건조,맑음,단일로 - 기타,자전거,남,70세,상해없음,보행자,남,66세,경상
2022060300100100,2022년 6월 3일 08시,금요일,경상북도 경주시 안강읍,중상사고,0,1,0,0,차대차 - 측면충돌,안전운전불이행,건조,맑음,교차로 - 교차로안,승용,남,49세,상해없음,이륜,남,37세,중상
2022060300100101,2022년 6월 3일 08시,금요일,경상북도 칠곡군 북삼읍,경상사고,0,0,1,0,차대사람 - 길가장자리구역통행중,안전운전불이행,건조,맑음,단일로 - 기타,승용,남,43세,상해없음,보행자,남,12세,경상
2022060300100136,2022년 6월 3일 09시,금요일,경상북도 문경시 마성면,중상사고,0,1,0,0,차량단독 - 전도전복 - 전도,안전운전불이행,건조,맑음,단일로 - 기타,사륜오토바이(ATV),여,65세,중상,,,,
2022060300100137,2022년 6월 3일 09시,금요일,경상북도 군위군 산성면,사망사고,1,0,0,0,차대차 - 정면충돌,중앙선침범,건조,맑음,단일로 - 기타,이륜,남,80세,사망,승용,남,80세,상해없음
2022060300100180,2022년 6월 3일 10시,금요일,경상북도 김천시 증산면,경상사고,0,0,2,0,차대차 - 추돌,안전거리미확보,건조,맑음,단일로 - 기타,승용,남,71세,상해없음,화물,남,74세,경상
2022060300100181,2022년 6월 3일 10시,금요일,경상북도 문경시 영순면,경상사고,0,0,1,0,차대차 - 측면충돌,안전운전불이행,건조,맑음,교차로 - 교차로안,이륜,남,86세,경상,승용,여,59세,상해없음
2022060300100182,2022년 6월 3일 10시,금요일,경상북도 성주군 용암면,경상사고,0,0,1,0,차대차 - 추돌,안전운전불이행,건조,맑음,단일로 - 기타,화물,남,47세,상해없음,승용,남,61세,경상
2022060300100183,2022년 6월 3일 10시,금요일,경상북도 성주군 성주읍,사망사고,1,0,0,0,차대사람 - 차도통행중,안전운전불이행,건조,맑음,단일로 - 기타,승용,남,42세,상해없음,보행자,남,78세,사망
2022060300100184,2022년 6월 3일 10시,금요일,경상북도 고령군 쌍림면,중상사고,0,1,0,0,차량단독 - 도로외이탈 - 기타,안전운전불이행,건조,맑음,단일로 - 기타,원동기,남,82세,중상,,,,
2022060300100185,2022년 6월 3일 10시,금요일,경상북도 군위군 효령면,중상사고,0,1,0,0,차대차 - 측면충돌,안전운전불이행,건조,맑음,교차로 - 교차로안,화물,남,73세,상해없음,이륜,남,61세,중상
2022060300100186,2022년 6월 3일 10시,금요일,경상북도 청송군 현동면,중상사고,0,1,0,0,차대사람 - 길가장자리구역통행중,안전운전불이행,건조,맑음,교차로 - 교차로안,승용,남,82세,상해없음,보행자,여,58세,중상
2022060300100187,2022년 6월 3일 10시,금요일,경상북도 포항시 남구 송도동,경상사고,0,0,1,0,차대차 - 기타,신호위반,건조,맑음,교차로 - 교차로안,개인형이동수단(PM),남,84세,상해없음,승합,남,60세,상해없음
2022060300100225,2022년 6월 3일 11시,금요일,경상북도 봉화군 봉화읍,경상사고,0,0,3,0,차대차 - 기타,중앙선침범,건조,맑음,단일로 - 기타,승용,남,46세,상해없음,화물,남,49세,경상