사고번호,사고일시,요일,시군구,사고내용,사망자수,중상자수,경상자수,부상신고자수,사고유형,법규위반,노면상태,기상상태,도로형태,가해운전자 차종,가해운전자 성별,가해운전자 연령,가해운전자 상해정도,피해운전자 차종,피해운전자 성별,피해운전자 연령,피해운전자 상해정도
2022060300100260,2022년 6월 3일 12시,금요일,경상북도 영주시 휴천동,중상사고,0,1,0,0,차대차 - 측면충돌,교차로운행방법위반,건조,맑음,교차로 - 교차로안,승용,여,52세,상해없음,이륜,남,80세,중상
2022060300100261,2022년 6월 3일 12시,금요일,경상북도 칠곡군 석적읍,경상사고,0,0,1,0,차대차 - 후진중충돌,안전운전불이행,건조,맑음,교차로 - 교차로부근,화물,남,43세,상해없음,승용,남,26세,경상
2022060300100262,2022년 6월 3일 12시,금요일,경상북도 성주군 성주읍,경상사고,0,0,1,0,차대차 - 측면충돌,안전운전불이행,건조,맑음,단일로 - 기타,승용,여,50세,상해없음,이륜,남,21세,경상
2022060300100281,2022년 6월 3일 13시,금요일,경상북도 포항시 북구 항구동,경상사고,0,0,1,0,차대차 - 측면충돌,안전운전불이행,건조,맑음,단일로 - 기타,승용,여,59세,상해없음,승용,여,63세,경상
2022060300100282,2022년 6월 3일 13시,금요일,경상북도 칠곡군 석적읍,경상사고,0,0,1,0,차대차 - 기타,신호위반,건조,맑음,교차로 - 교차로안,화물,남,24세,상해없음,승용,남,61세,경상
2022060300100283,2022년 6월 3일 13시,금요일,경상북도 경산시 정평동,중상사고,0,2,0,0,차대사람 - 기타,안전운전불이행,건조,맑음,단일로 - 기타,승용,남,29세,상해없음,보행자,여,29세,중상
2022060300100284,2022년 6월 3일 13시,금요일,경상북도 포항시 남구 효자동,경상사고,0,0,1,0,차대차 - 기타,직진우회전진행방해,건조,맑음,교차로 - 교차로안,화물,남,25세,경상,승용,남,27세,상해없음
2022060300100318,2022년 6월 3일 14시,금요일,경상북도 경주시 안강읍,중상사고,0,1,0,0,차대사람 - 보도통행중,기타,건조,맑음,교차로 - 교차로횡단보도내,승용,남,47세,상해없음,보행자,여,78세,중상
2022060300100319,2022년 6월 3일 14시,금요일,경상북도 문경시 농암면,경상사고,0,0,1,0,차대차 - 측면충돌,안전운전불이행,건조,맑음,교차로 - 교차로부근,화물,남,57세,상해없음,이륜,남,79세,경상
2022060300100355,2022년 6월 3일 15시,금요일,경상북도 포항시 북구 학산동,경상사고,0,0,2,0,차대차 - 추돌,안전운전불이행,건조,맑음,교차로 - 교차로안,화물,남,59세,상해없음,승용,여,61세,경상
2022060300100394,2022년 6월 3일 16시,금요일,경상북도 경주시 석장동,중상사고,0,1,0,0,차대사람 - 차도통행중,안전운전불이행,건조,맑음,주차장 - 주차장,화물,여,53세,상해없음,보행자,여,47세,중상
2022060300100395,2022년 6월 3일 16시,금요일,경상북도 문경시 흥덕동,중상사고,0,1,1,0,차대차 - 측면충돌,교차로운행방법위반,건조,맑음,단일로 - 기타,원동기,남,83세,중상,승용,여,57세,경상
2022060300100396,2022년 6월 3일 16시,금요일,경상북도 경산시 사정동,경상사고,0,0,1,0,차대차 - 추돌,안전거리미확보,건조,맑음,단일로 - 기타,화물,남,46세,상해없음,승용,여,43세,경상
2022060300100397,2022년 6월 3일 16시,금요일,경상북도 구미시 봉곡동,경상사고,0,0,1,0,차대차 - 측면충돌,안전운전불이행,건조,맑음,단일로 - 기타,승용,여,62세,기타불명,승용,남,34세,경상
2022060300100488,2022년 6월 3일 18시,금요일,경상북도 포항시 북구 득량동,경상사고,0,0,2,0,차대차 - 측면충돌,안전운전불이행,건조,맑음,기타 - 기타,승용,남,58세,상해없음,승용,남,22세,경상
2022060300100490,2022년 6월 3일 18시,금요일,경상북도 울진군 울진읍,경상사고,0,0,1,0,차대차 - 기타,직진우회전진행방해,건조,맑음,교차로 - 교차로안,승용,여,31세,상해없음,이륜,남,29세,경상
2022060300100527,2022년 6월 3일 19시,금요일,경상북도 안동시 옥동,경상사고,0,0,1,0,차대차 - 기타,직진우회전진행방해,건조,맑음,교차로 - 교차로안,승용,여,48세,상해없음,이륜,여,18세,경상
2022060300100528,2022년 6월 3일 19시,금요일,경상북도 상주시 이안면,중상사고,0,1,0,0,차대차 - 측면충돌,직진우회전진행방해,건조,맑음,교차로 - 교차로안,승용,남,65세,상해없음,사륜오토바이(ATV),여,65세,중상
2022060300100529,2022년 6월 3일 19시,금요일,경상북도 경산시 자인면,중상사고,0,1,0,0,차대차 - 측면충돌,안전운전불이행,건조,맑음,교차로 - 교차로안,화물,남,62세,상해없음,자전거,여,73세,중상
2022060300100562,2022년 6월 3일 20시,금요일,경상북도 예천군 호명면,중상사고,0,1,0,0,차량단독 - 공작물충돌,안전운전불이행,건조,맑음,단일로 - 기타,이륜,남,59세,중상,,,,
2022060300100563,2022년 6월 3일 20시,금요일,경상북도 포항시 남구 연일읍,부상신고사고,0,0,0,1,차대사람 - 차도통행중,안전운전불이행,건조,맑음,단일로 - 지하차도(도로)내,기타불명,기타불명,미분류,기타불명,보행자,여,10세,부상신고
2022060300100587,2022년 6월 3일 21시,금요일,경상북도 구미시 사곡동,경상사고,0,0,1,0,차대차 - 정면충돌,신호위반,건조,맑음,단일로 - 기타,승용,남,24세,상해없음,화물,남,51세,경상
2022060300100588,2022년 6월 3일 21시,금요일,경상북도 포항시 남구 동촌동,경상사고,0,0,1,0,차대차 - 측면충돌,차로위반,건조,맑음,교차로 - 교차로부근,승용,여,56세,상해없음,승용,남,60세,경상
2022060300100589,2022년 6월 3일 21시,금요일,경상북도 상주시 내서면,중상사고,0,1,4,0,차대차 - 추돌,안전운전불이행,건조,맑음,단일로 - 기타,화물,남,65세,상해없음,승용,남,46세,경상
2022060300100641,2022년 6월 3일 23시,금요일,경상북도 의성군 봉양면,경상사고,0,0,1,0,차대차 - 추돌,안전운전불이행,건조,맑음,단일로 - 기타,승용,여,67세,상해없음,자전거,남,26세,경상
2022060300100642,2022년 6월 3일 23시,금요일,경상북도 칠곡군 왜관읍,경상사고,0,0,1,0,차대차 - 후진중충돌,안전운전불이행,건조,맑음,단일로 - 기타,승용,남,50세,상해없음,승용,여,42세,경상
2022060400100009,2022년 6월 4일 00시,토요일,경상북도 포항시 북구 죽도동,경상사고,0,0,2,0,차대차 - 기타,교차로운행방법위반,건조,맑음,교차로 - 교차로안,승용,남,54세,상해없음,승용,남,55세,경상
2022060400100043,2022년 6월 4일 02시,토요일,경상북도 의성군 안사면,중상사고,0,1,0,0,차대차 - 정면충돌,안전운전불이행,건조,흐림,단일로 - 기타,승용,남,25세,중상,화물,남,55세,기타불명
2022060400100048,2022년 6월 4일 03시,토요일,경상북도 김천시 삼락동,중상사고,0,2,2,0,차량단독 - 공작물충돌,안전운전불이행,건조,맑음,단일로 - 기타,승용,남,21세,상해없음,,,,
2022060400100061,2022년 6월 4일 04시,토요일,경상북도 구미시 인의동,중상사고,0,1,0,0,차대차 - 측면충돌,신호위반,건조,맑음,교차로 - 교차로안,이륜,남,43세,중상,승용,남,59세,상해없음
2022060400100067,2022년 6월 4일 05시,토요일,경상북도 포항시 남구 대송면,중상사고,0,1,1,0,차대차 - 측면충돌,신호위반,건조,맑음,교차로 - 교차로안,승용,남,57세,중상,화물,남,49세,경상
2022060400100085,2022년 6월 4일 06시,토요일,경상북도 영천시 화산면,중상사고,0,1,0,0,차대차 - 기타,안전운전불이행,건조,맑음,단일로 - 기타,화물,남,56세,상해없음,화물,남,51세,중상
2022060400100114,2022년 6월 4일 08시,토요일,경상북도 청도군 풍각면,중상사고,0,1,0,0,차대사람 - 기타,안전운전불이행,건조,맑음,단일로 - 기타,승용,남,57세,상해없음,보행자,남,48세,중상
2022060400100115,2022년 6월 4일 08시,토요일,경상북도 포항시 남구 일월동,경상사고,0,0,1,0,차대차 - 측면충돌,안전운전불이행,건조,맑음,단일로 - 기타,승용,여,62세,상해없음,승용,남,22세,경상
2022060400100131,2022년 6월 4일 09시,토요일,경상북도 포항시 북구 장성동,경상사고,0,0,1,0,차대사람 - 길가장자리구역통행중,안전운전불이행,건조,맑음,교차로 - 교차로부근,승용,남,68세,상해없음,보행자,남,41세,경상
2022060400100132,2022년 6월 4일 09시,토요일,경상북도 포항시 북구 청하면,경상사고,0,0,2,0,차대차 - 추돌,안전거리미확보,건조,맑음,단일로 - 기타,승합,남,67세,상해없음,화물,남,39세,경상
2022060400100176,2022년 6월 4일 10시,토요일,경상북도 포항시 북구 죽도동,경상사고,0,0,1,0,차대사람 - 기타,안전운전불이행,건조,맑음,단일로 - 기타,이륜,남,36세,상해없음,보행자,여,57세,경상
2022060400100177,2022년 6월 4일 10시,토요일,경상북도 칠곡군 기산면,경상사고,0,0,2,0,차대차 - 추돌,안전거리미확보,건조,맑음,단일로 - 기타,화물,남,65세,경상,화물,남,50세,경상
2022060400100178,2022년 6월 4일 10시,토요일,경상북도 경산시 진량읍,경상사고,0,0,1,0,차대차 - 기타,직진우회전진행방해,건조,맑음,교차로 - 교차로부근,승용,남,67세,상해없음,승합,남,63세,상해없음
2022060400100223,2022년 6월 4일 11시,토요일,경상북도 영덕군 축산면,중상사고,0,1,0,0,차대차 - 추돌,안전거리미확보,건조,맑음,단일로 - 기타,승용,남,60세,상해없음,승합,남,71세,상해없음
2022060400100224,2022년 6월 4일 11시,토요일,경상북도 구미시 인의동,부상신고사고,0,0,0,1,차대차 - 기타,안전운전불이행,건조,맑음,단일로 - 기타,이륜,남,54세,부상신고,승용,여,41세,상해없음
2022060400100225,2022년 6월 4일 11시,토요일,경상북도 군위군 효령면,경상사고,0,0,2,0,차대차 - 추돌,안전운전불이행,건조,맑음,단일로 - 터널,승용,남,40세,상해없음,승용,남,41세,경상
2022060400100258,2022년 6월 4일 12시,토요일,경상북도 경주시 현곡면,경상사고,0,0,1,0,차대차 - 측면충돌,안전운전불이행,건조,맑음,단일로 - 기타,승용,남,55세,상해없음,승용,여,44세,경상
2022060400100259,2022년 6월 4일 12시,토요일,경상북도 문경시 영순면,중상사고,0,1,1,0,차대차 - 측면충돌,안전운전불이행,건조,맑음,단일로 - 기타,농기계,남,26세,경상,화물,여,52세,중상
2022060400100332,2022년 6월 4일 14시,토요일,경상북도 구미시 고아읍,중상사고,0,1,0,0,차대차 - 기타,교차로운행방법위반,건조,맑음,단일로 - 기타,이륜,남,83세,중상,승용,여,23세,상해없음
2022060400100360,2022년 6월 4일 15시,토요일,경상북도 상주시 외남면,중상사고,0,2,0,0,차대차 - 측면충돌,안전운전불이행,건조,맑음,교차로 - 교차로안,이륜,남,18세,상해없음,이륜,남,77세,중상
2022060400100361,2022년 6월 4일 15시,토요일,경상북도 영천시 임고면,경상사고,0,0,1,0,차대차 - 추돌,안전운전불이행,건조,맑음,교차로 - 교차로부근,승용,남,52세,상해없음,승용,남,33세,경상
2022060400100362,2022년 6월 4일 15시,토요일,경상북도 구미시 송정동,경상사고,0,0,1,0,차대차 - 측면충돌,교차로운행방법위반,건조,맑음,단일로 - 기타,승용,여,50세,상해없음,승용,남,26세,경상
2022060400100363,2022년 6월 4일 15시,토요일,경상북도 포항시 남구 연일읍,경상사고,0,0,2,0,차대차 - 추돌,안전운전불이행,건조,맑음,단일로 - 기타,화물,남,23세,경상,화물,남,60세,경상
2022060400100393,2022년 6월 4일 16시,토요일,경상북도 칠곡군 가산면,경상사고,0,0,2,0,차대차 - 추돌,안전운전불이행,건조,맑음,교차로 - 교차로횡단보도내,승용,여,36세,상해없음,승용,여,56세,경상
2022060400100394,2022년 6월 4일 16시,토요일,경상북도 성주군 성주읍,경상사고,0,0,1,0,차량단독 - 공작물충돌,안전운전불이행,건조,맑음,단일로 - 기타,승용,여,60세,경상,,,,
2022060400100395,2022년 6월 4일 16시,토요일,경상북도 성주군 대가면,경상사고,0,0,1,0,차대차 - 측면충돌,안전운전불이행,건조,맑음,교차로 - 교차로안,승용,남,68세,상해없음,승용,남,48세,경상
2022060400100396,2022년 6월 4일 16시,토요일,경상북도 포항시 남구 구룡포읍,경상사고,0,0,6,0,차대차 - 추돌,안전운전불이행,건조,맑음,단일로 - 기타,승용,남,37세,상해없음,승용,남,42세,경상
2022060400100431,2022년 6월 4일 17시,토요일,경상북도 청도군 청도읍,중상사고,0,1,0,0,차대사람 - 횡단중,신호위반,건조,맑음,교차로 - 교차로안,이륜,남,21세,상해없음,보행자,남,62세,중상
2022060400100462,2022년 6월 4일 18시,토요일,경상북도 청도군 금천면,경상사고,0,0,3,0,차대차 - 측면충돌,안전운전불이행,건조,맑음,단일로 - 기타,승용,여,23세,상해없음,승용,남,41세,경상
2022060400100539,2022년 6월 4일 21시,토요일,경상북도 포항시 북구 두호동,경상사고,0,0,2,0,차대차 - 측면충돌,안전운전불이행,건조,맑음,단일로 - 기타,화물,남,57세,상해없음,승용,남,52세,상해없음
2022060400100540,2022년 6월 4일 21시,토요일,경상북도 경산시 중산동,중상사고,0,1,0,0,차대차 - 측면충돌,안전운전불이행,건조,맑음,단일로 - 기타,승용,남,41세,상해없음,이륜,남,27세,중상
2022060400100541,2022년 6월 4일 21시,토요일,경상북도 포항시 남구 오천읍,경상사고,0,0,1,0,차대차 - 측면충돌,기타,건조,맑음,단일로 - 지하차도(도로)내,승용,남,63세,상해없음,자전거,남,61세,경상
2022060400100584,2022년 6월 4일 23시,토요일,경상북도 포항시 북구 우현동,경상사고,0,0,1,0,차대차 - 정면충돌,신호위반,건조,맑음,교차로 - 교차로안,승용,남,22세,상해없음,화물,남,64세,경상
2022060500100041,2022년 6월 5일 03시,일요일,경상북도 울진군 죽변면,사망사고,1,2,0,0,차대차 - 정면충돌,중앙선침범,건조,맑음,단일로 - 기타,승용,여,55세,사망,승용,여,18세,중상
2022060500100047,2022년 6월 5일 04시,일요일,경상북도 의성군 의성읍,중상사고,0,1,0,0,차대사람 - 횡단중,보행자보호의무위반,건조,맑음,단일로 - 기타,승용,남,71세,상해없음,보행자,여,59세,중상
2022060500100059,2022년 6월 5일 06시,일요일,경상북도 안동시 용상동,경상사고,0,0,2,0,차대차 - 측면충돌,안전운전불이행,젖음/습기,비,교차로 - 교차로안,승용,여,55세,경상,승용,남,37세,경상
2022060500100085,2022년 6월 5일 09시,일요일,경상북도 경산시 조영동,경상사고,0,0,1,0,차대차 - 추돌,교차로운행방법위반,건조,맑음,교차로 - 교차로안,승용,여,41세,상해없음,개인형이동수단(PM),여,31세,경상
2022060500100086,2022년 6월 5일 09시,일요일,경상북도 구미시 고아읍,중상사고,0,1,0,0,차량단독 - 공작물충돌,안전운전불이행,젖음/습기,비,단일로 - 기타,승용,남,83세,상해없음,,,,
2022060500100121,2022년 6월 5일 11시,일요일,경상북도 문경시 문경읍,경상사고,0,0,2,0,차대차 - 추돌,안전운전불이행,건조,맑음,단일로 - 터널,승합,여,20세,상해없음,승용,남,28세,경상
2022060500100123,2022년 6월 5일 11시,일요일,경상북도 포항시 북구 장성동,경상사고,0,0,1,0,차대차 - 측면충돌,중앙선침범,젖음/습기,비,단일로 - 기타,승용,남,49세,상해없음,이륜,남,21세,경상
2022060500100124,2022년 6월 5일 11시,일요일,경상북도 경산시 대동,경상사고,0,0,1,0,차대차 - 정면충돌,신호위반,젖음/습기,비,단일로 - 지하차도(도로)내,이륜,남,25세,상해없음,승용,남,33세,경상
2022060500100125,2022년 6월 5일 11시,일요일,경상북도 성주군 가천면,중상사고,0,3,0,0,차대차 - 정면충돌,중앙선침범,젖음/습기,비,단일로 - 기타,화물,남,53세,상해없음,승용,여,53세,중상
2022060500100151,2022년 6월 5일 12시,일요일,경상북도 경주시 보문동,중상사고,0,1,0,0,차량단독 - 전도전복 - 전도,안전운전불이행,젖음/습기,비,교차로 - 교차로부근,화물,남,63세,상해없음,,,,
2022060500100152,2022년 6월 5일 12시,일요일,경상북도 포항시 북구 학잠동,경상사고,0,0,2,0,차대차 - 정면충돌,안전운전불이행,젖음/습기,비,기타 - 기타,자전거,여,65세,경상,이륜,남,50세,경상
2022060500100153,2022년 6월 5일 12시,일요일,경상북도 영주시 휴천동,경상사고,0,0,1,0,차대사람 - 기타,안전운전불이행,젖음/습기,비,주차장 - 주차장,승용,남,34세,기타불명,보행자,남,29세,경상
2022060500100154,2022년 6월 5일 12시,일요일,경상북도 경산시 중방동,경상사고,0,0,1,0,차대차 - 기타,직진우회전진행방해,젖음/습기,비,교차로 - 교차로부근,승용,여,64세,상해없음,이륜,남,36세,경상
2022060500100155,2022년 6월 5일 12시,일요일,경상북도 영덕군 영덕읍,경상사고,0,0,2,0,차대차 - 추돌,안전거리미확보,젖음/습기,비,교차로 - 교차로안,화물,남,24세,상해없음,화물,남,45세,경상
2022060500100156,2022년 6월 5일 12시,일요일,경상북도 성주군 대가면,경상사고,0,0,2,0,차대차 - 기타,기타,젖음/습기,비,단일로 - 기타,승용,여,52세,상해없음,승용,남,60세,경상
2022060500100182,2022년 6월 5일 13시,일요일,경상북도 경산시 계양동,경상사고,0,0,3,0,차대차 - 정면충돌,중앙선침범,젖음/습기,비,교차로 - 교차로부근,승용,남,19세,상해없음,화물,남,29세,경상
2022060500100183,2022년 6월 5일 13시,일요일,경상북도 포항시 남구 오천읍,부상신고사고,0,0,0,1,차량단독 - 기타,안전운전불이행,젖음/습기,비,단일로 - 기타,승용,남,87세,상해없음,,,,
2022060500100184,2022년 6월 5일 13시,일요일,경상북도 포항시 남구 해도동,경상사고,0,0,2,0,차대차 - 추돌,안전운전불이행,건조,맑음,단일로 - 기타,승용,여,50세,상해없음,승용,남,33세,경상
2022060500100212,2022년 6월 5일 14시,일요일,경상북도 경주시 구황동,경상사고,0,0,3,0,차대차 - 추돌,안전운전불이행,젖음/습기,비,단일로 - 기타,승용,남,69세,상해없음,승용,여,37세,경상
2022060500100213,2022년 6월 5일 14시,일요일,경상북도 포항시 북구 장성동,경상사고,0,0,2,0,차대차 - 기타,안전운전불이행,건조,맑음,단일로 - 기타,승용,남,66세,상해없음,승용,남,29세,경상
2022060500100214,2022년 6월 5일 14시,일요일,경상북도 고령군 다산면,경상사고,0,0,3,0,차대차 - 측면충돌,중앙선침범,젖음/습기,비,교차로 - 교차로안,화물,남,68세,상해없음,승용,남,35세,경상
2022060500100215,2022년 6월 5일 14시,일요일,경상북도 구미시 도량동,경상사고,0,0,2,1,차대차 - 추돌,안전운전불이행,젖음/습기,비,교차로 - 교차로안,승용,여,56세,상해없음,승용,남,30세,경상
2022060500100241,2022년 6월 5일 15시,일요일,경상북도 칠곡군 지천면,사망사고,1,0,0,0,차대차 - 측면충돌,안전운전불이행,젖음/습기,비,단일로 - 기타,승용,남,40세,사망,화물,남,34세,기타불명
2022060500100260,2022년 6월 5일 16시,일요일,경상북도 경주시 건천읍,사망사고,2,0,0,0,차량단독 - 공작물충돌,안전운전불이행,젖음/습기,비,단일로 - 기타,승용,남,65세,상해없음,,,,
2022060500100289,2022년 6월 5일 17시,일요일,경상북도 칠곡군 북삼읍,경상사고,0,0,1,0,차대차 - 기타,기타,젖음/습기,비,교차로 - 교차로안,승용,남,48세,상해없음,이륜,남,27세,경상
2022060500100370,2022년 6월 5일 20시,일요일,경상북도 문경시 점촌동,중상사고,0,1,0,0,차대차 - 추돌,안전운전불이행,젖음/습기,비,교차로 - 교차로부근,화물,남,64세,상해없음,승용,남,70세,상해없음
2022060500100371,2022년 6월 5일 20시,일요일,경상북도 포항시 남구 해도동,경상사고,0,0,2,0,차대차 - 측면충돌,안전거리미확보,젖음/습기,비,교차로 - 교차로부근,승용,여,57세,경상,승용,남,20세,경상
2022060500100413,2022년 6월 5일 22시,일요일,경상북도 경주시 황성동,경상사고,0,0,1,0,차량단독 - 공작물충돌,안전운전불이행,건조,맑음,단일로 - 지하차도(도로)내,승용,남,56세,상해없음,,,,
2022060500100414,2022년 6월 5일 22시,일요일,경상북도 칠곡군 북삼읍,경상사고,0,0,1,0,차대차 - 측면충돌,교차로운행방법위반,젖음/습기,흐림,교차로 - 교차로안,승용,남,48세,상해없음,이륜,남,41세,경상
2022060600100021,2022년 6월 6일 01시,월요일,경상북도 포항시 북구 학산동,중상사고,0,1,0,0,차대차 - 추돌,안전운전불이행,젖음/습기,비,단일로 - 기타,승용,남,47세,중상,승합,남,55세,상해없음
2022060600100034,2022년 6월 6일 02시,월요일,경상북도 영덕군 강구면,경상사고,0,0,1,0,차대차 - 기타,안전운전불이행,젖음/습기,흐림,단일로 - 기타,승용,남,32세,경상,화물,남,39세,상해없음
2022060600100051,2022년 6월 6일 04시,월요일,경상북도 영덕군 병곡면,경상사고,0,0,1,1,차대차 - 기타,안전운전불이행,젖음/습기,비,단일로 - 기타,승용,남,60세,부상신고,화물,남,54세,상해없음
2022060600100086,2022년 6월 6일 08시,월요일,경상북도 경주시 내남면,경상사고,0,0,1,0,차대차 - 기타,신호위반,젖음/습기,비,교차로 - 교차로안,화물,남,59세,상해없음,승용,남,55세,경상
2022060600100123,2022년 6월 6일 10시,월요일,경상북도 상주시 내서면,경상사고,0,0,4,0,차대차 - 추돌,안전운전불이행,건조,맑음,단일로 - 터널,승용,남,29세,상해없음,승용,남,45세,경상
2022060600100137,2022년 6월 6일 11시,월요일,경상북도 포항시 남구 장기면,중상사고,0,2,0,0,차대차 - 정면충돌,중앙선침범,건조,맑음,단일로 - 기타,승용,여,39세,중상,승용,남,40세,중상
2022060600100165,2022년 6월 6일 12시,월요일,경상북도 울진군 죽변면,경상사고,0,0,3,0,차대차 - 후진중충돌,안전운전불이행,젖음/습기,비,교차로 - 교차로안,승용,여,61세,상해없음,승용,남,39세,경상
2022060600100166,2022년 6월 6일 12시,월요일,경상북도 고령군 대가야읍,경상사고,0,0,1,0,차대차 - 추돌,안전운전불이행,건조,맑음,주차장 - 주차장,승용,남,61세,상해없음,자전거,여,61세,경상
2022060600100230,2022년 6월 6일 14시,월요일,경상북도 영천시 완산동,경상사고,0,0,1,0,차대차 - 측면충돌,교차로운행방법위반,젖음/습기,비,교차로 - 교차로부근,승용,여,64세,상해없음,승용,여,70세,경상
2022060600100264,2022년 6월 6일 15시,월요일,경상북도 영주시 조암동,사망사고,1,0,0,0,차대차 - 측면충돌,신호위반,건조,맑음,교차로 - 교차로안,승용,남,73세,상해없음,원동기,남,48세,사망
2022060600100265,2022년 6월 6일 15시,월요일,경상북도 경산시 임당동,경상사고,0,0,1,0,차대차 - 측면충돌,중앙선침범,젖음/습기,흐림,단일로 - 기타,이륜,남,41세,상해없음,이륜,남,24세,경상
2022060600100266,2022년 6월 6일 15시,월요일,경상북도 구미시 선산읍,중상사고,0,1,1,0,차대차 - 측면충돌,안전운전불이행,건조,맑음,교차로 - 교차로안,승용,남,66세,상해없음,이륜,여,60세,중상
2022060600100331,2022년 6월 6일 17시,월요일,경상북도 경주시 신평동,중상사고,0,1,0,0,차량단독 - 전도전복 - 전도,안전운전불이행,젖음/습기,비,교차로 - 교차로부근,원동기,여,27세,중상,,,,
2022060600100332,2022년 6월 6일 17시,월요일,경상북도 경산시 중산동,경상사고,0,0,2,0,차대차 - 측면충돌,안전운전불이행,건조,맑음,단일로 - 기타,승용,남,71세,상해없음,승용,남,31세,경상
2022060600100333,2022년 6월 6일 17시,월요일,경상북도 포항시 남구 구룡포읍,중상사고,0,1,0,0,차량단독 - 기타,기타,건조,맑음,단일로 - 기타,이륜,남,61세,중상,,,,
2022060600100334,2022년 6월 6일 17시,월요일,경상북도 포항시 남구 오천읍,중상사고,0,1,1,0,차대차 - 측면충돌,안전운전불이행,건조,맑음,단일로 - 기타,승용,남,60세,경상,승용,남,31세,중상
2022060600100361,2022년 6월 6일 18시,월요일,경상북도 안동시 서후면,경상사고,0,0,3,0,차대차 - 기타,중앙선침범,젖음/습기,맑음,단일로 - 기타,승용,남,25세,기타불명,승용,남,65세,경상
2022060600100362,2022년 6월 6일 18시,월요일,경상북도 구미시 원평동,중상사고,0,1,0,0,차대차 - 추돌,안전운전불이행,건조,맑음,교차로 - 교차로부근,승용,남,64세,상해없음,승용,남,35세,상해없음
2022060600100419,2022년 6월 6일 20시,월요일,경상북도 경주시 동천동,경상사고,0,0,1,0,차대사람 - 횡단중,안전운전불이행,건조,맑음,교차로 - 교차로안,승용,남,39세,상해없음,보행자,남,50세,경상
2022060700100058,2022년 6월 7일 07시,화요일,경상북도 경산시 계양동,경상사고,0,0,1,0,차대차 - 추돌,안전운전불이행,건조,맑음,단일로 - 기타,승용,남,66세,상해없음,승용,남,56세,경상
2022060700100110,2022년 6월 7일 08시,화요일,경상북도 경주시 외동읍,중상사고,0,1,0,0,차대차 - 측면충돌,안전운전불이행,건조,맑음,교차로 - 교차로안,원동기,남,59세,중상,승합,남,55세,상해없음
2022060700100111,2022년 6월 7일 08시,화요일,경상북도 안동시 운흥동,중상사고,0,1,0,1,차대차 - 기타,교차로운행방법위반,건조,맑음,교차로 - 교차로안,승합,남,64세,상해없음,승용,남,33세,중상
2022060700100146,2022년 6월 7일 09시,화요일,경상북도 고령군 대가야읍,중상사고,0,1,0,0,차대차 - 기타,안전운전불이행,건조,맑음,교차로 - 교차로안,승용,여,51세,상해없음,이륜,남,73세,중상
2022060700100177,2022년 6월 7일 10시,화요일,경상북도 경주시 천군동,중상사고,0,1,0,0,차대사람 - 기타,기타,건조,맑음,주차장 - 주차장,승용,남,69세,상해없음,보행자,남,65세,중상
2022060700100178,2022년 6월 7일 10시,화요일,경상북도 포항시 남구 구룡포읍,경상사고,0,0,1,0,차대차 - 기타,기타,건조,맑음,단일로 - 지하차도(도로)내,승용,남,73세,상해없음,승용,남,72세,상해없음
2022060700100208,2022년 6월 7일 11시,화요일,경상북도 구미시 원평동,경상사고,0,0,1,0,차대차 - 측면충돌,안전거리미확보,건조,흐림,단일로 - 기타,화물,남,59세,상해없음,승용,남,67세,상해없음
2022060700100209,2022년 6월 7일 11시,화요일,경상북도 구미시 고아읍,경상사고,0,0,1,0,차대차 - 정면충돌,신호위반,건조,맑음,교차로 - 교차로안,승용,여,64세,상해없음,화물,남,59세,경상
2022060700100231,2022년 6월 7일 12시,화요일,경상북도 포항시 북구 신광면,중상사고,0,2,2,0,차대차 - 정면충돌,중앙선침범,건조,맑음,단일로 - 기타,승용,여,67세,중상,승용,여,64세,중상
2022060700100256,2022년 6월 7일 13시,화요일,경상북도 의성군 비안면,중상사고,0,1,1,0,차대차 - 추돌,안전운전불이행,건조,맑음,단일로 - 기타,승용,여,64세,경상,승용,남,73세,중상
2022060700100257,2022년 6월 7일 13시,화요일,경상북도 예천군 용궁면,사망사고,1,0,0,0,차대차 - 측면충돌,안전거리미확보,건조,맑음,단일로 - 기타,화물,남,59세,상해없음,자전거,여,65세,사망
2022060700100258,2022년 6월 7일 13시,화요일,경상북도 구미시 송정동,경상사고,0,0,1,1,차대차 - 기타,교차로운행방법위반,건조,맑음,교차로 - 교차로안,승용,남,57세,부상신고,승용,남,38세,경상
2022060700100288,2022년 6월 7일 14시,화요일,경상북도 구미시 인의동,경상사고,0,0,2,0,차대차 - 기타,신호위반,건조,맑음,교차로 - 교차로부근,이륜,남,37세,경상,승용,남,49세,경상
2022060700100289,2022년 6월 7일 14시,화요일,경상북도 군위군 부계면,경상사고,0,0,1,0,차대차 - 추돌,안전운전불이행,건조,맑음,단일로 - 기타,승용,남,37세,상해없음,승용,남,32세,경상
2022060700100320,2022년 6월 7일 15시,화요일,경상북도 경주시 외동읍,경상사고,0,0,1,0,차대차 - 기타,안전운전불이행,건조,맑음,단일로 - 기타,이륜,남,49세,경상,승용,남,60세,상해없음
2022060700100357,2022년 6월 7일 16시,화요일,경상북도 안동시 옥정동,경상사고,0,0,2,0,차대차 - 측면충돌,교차로운행방법위반,젖음/습기,비,교차로 - 교차로안,이륜,남,46세,경상,승용,여,49세,경상
2022060700100358,2022년 6월 7일 16시,화요일,경상북도 영주시 안정면,부상신고사고,0,0,0,1,차대사람 - 기타,안전운전불이행,건조,맑음,주차장 - 주차장,기타불명,기타불명,미분류,기타불명,보행자,남,61세,부상신고