사고번호,사고일시,요일,시군구,사고내용,사망자수,중상자수,경상자수,부상신고자수,사고유형,법규위반,노면상태,기상상태,도로형태,가해운전자 차종,가해운전자 성별,가해운전자 연령,가해운전자 상해정도,피해운전자 차종,피해운전자 성별,피해운전자 연령,피해운전자 상해정도
2022060700100401,2022년 6월 7일 17시,화요일,경상북도 경주시 성동동,중상사고,0,1,0,0,차대사람 - 횡단중,신호위반,건조,맑음,교차로 - 교차로횡단보도내,승용,여,61세,상해없음,보행자,여,67세,중상
2022060700100402,2022년 6월 7일 17시,화요일,경상북도 안동시 송현동,경상사고,0,0,4,0,차대차 - 측면충돌,신호위반,젖음/습기,흐림,교차로 - 교차로안,승용,남,64세,상해없음,승용,여,31세,경상
2022060700100403,2022년 6월 7일 17시,화요일,경상북도 구미시 황상동,경상사고,0,0,1,0,차대차 - 기타,안전운전불이행,건조,맑음,교차로 - 교차로부근,승용,남,64세,상해없음,승용,남,23세,경상
2022060700100440,2022년 6월 7일 18시,화요일,경상북도 포항시 북구 흥해읍,경상사고,0,0,4,0,차대차 - 측면충돌,안전거리미확보,젖음/습기,비,단일로 - 기타,승합,남,71세,상해없음,승용,남,41세,경상
2022060700100460,2022년 6월 7일 19시,화요일,경상북도 구미시 도량동,경상사고,0,0,1,0,차대차 - 기타,안전운전불이행,젖음/습기,비,교차로 - 교차로안,이륜,남,46세,경상,승용,여,24세,상해없음
2022060700100461,2022년 6월 7일 19시,화요일,경상북도 포항시 남구 오천읍,중상사고,0,1,0,0,차대차 - 측면충돌,안전운전불이행,건조,맑음,교차로 - 교차로안,이륜,여,45세,상해없음,승합,남,45세,중상
2022060700100499,2022년 6월 7일 20시,화요일,경상북도 경산시 하양읍,경상사고,0,0,1,0,차대차 - 기타,차로위반,젖음/습기,비,단일로 - 기타,승용,남,54세,상해없음,승용,남,50세,경상
2022060700100500,2022년 6월 7일 20시,화요일,경상북도 포항시 남구 연일읍,부상신고사고,0,0,0,1,차대사람 - 길가장자리구역통행중,안전운전불이행,젖음/습기,흐림,교차로 - 교차로부근,기타불명,기타불명,미분류,기타불명,보행자,남,50세,부상신고
2022060700100501,2022년 6월 7일 20시,화요일,경상북도 포항시 남구 오천읍,경상사고,0,0,1,0,차대차 - 측면충돌,안전거리미확보,젖음/습기,비,단일로 - 기타,이륜,남,40세,경상,승용,여,62세,상해없음
2022060700100531,2022년 6월 7일 21시,화요일,경상북도 포항시 북구 흥해읍,경상사고,0,0,1,0,차대차 - 추돌,안전운전불이행,건조,맑음,단일로 - 기타,승용,남,71세,상해없음,승용,남,51세,경상
2022060700100532,2022년 6월 7일 21시,화요일,경상북도 김천시 성내동,경상사고,0,0,1,0,차대차 - 측면충돌,교차로운행방법위반,건조,맑음,교차로 - 교차로안,승용,남,25세,상해없음,이륜,남,42세,경상
2022060700100533,2022년 6월 7일 21시,화요일,경상북도 포항시 남구 대도동,경상사고,0,0,2,0,차대차 - 측면충돌,차로위반,젖음/습기,비,교차로 - 교차로부근,승용,남,65세,상해없음,승용,남,27세,경상
2022060700100576,2022년 6월 7일 23시,화요일,경상북도 구미시 오태동,경상사고,0,0,3,0,차대차 - 추돌,안전운전불이행,젖음/습기,비,교차로 - 교차로부근,승용,남,59세,상해없음,승용,남,21세,경상
2022060800100023,2022년 6월 8일 01시,수요일,경상북도 경주시 신평동,사망사고,1,0,0,0,차량단독 - 공작물충돌,안전운전불이행,젖음/습기,비,단일로 - 기타,승용,남,66세,사망,,,,
2022060800100055,2022년 6월 8일 06시,수요일,경상북도 안동시 풍산읍,중상사고,0,1,2,0,차대차 - 추돌,안전운전불이행,건조,맑음,단일로 - 기타,승용,남,38세,경상,건설기계,남,50세,경상
2022060800100075,2022년 6월 8일 07시,수요일,경상북도 청도군 금천면,경상사고,0,0,1,0,차대차 - 후진중충돌,안전운전불이행,건조,맑음,단일로 - 기타,화물,남,76세,상해없음,승용,남,35세,경상
2022060800100105,2022년 6월 8일 08시,수요일,경상북도 구미시 원평동,경상사고,0,0,1,0,차대차 - 추돌,안전운전불이행,건조,맑음,교차로 - 교차로부근,승용,여,41세,상해없음,승용,남,58세,경상
2022060800100106,2022년 6월 8일 08시,수요일,경상북도 구미시 광평동,경상사고,0,0,2,0,차대차 - 측면충돌,중앙선침범,건조,맑음,단일로 - 기타,승용,남,49세,상해없음,승용,여,34세,경상
2022060800100140,2022년 6월 8일 09시,수요일,경상북도 포항시 북구 장성동,경상사고,0,0,2,0,차대차 - 측면충돌,안전거리미확보,건조,맑음,교차로 - 교차로안,승용,남,66세,상해없음,승용,남,40세,경상
2022060800100141,2022년 6월 8일 09시,수요일,경상북도 영덕군 강구면,중상사고,0,1,0,0,차대차 - 측면충돌,안전운전불이행,건조,맑음,단일로 - 기타,승용,여,62세,상해없음,이륜,남,68세,중상
2022060800100142,2022년 6월 8일 09시,수요일,경상북도 고령군 대가야읍,경상사고,0,0,1,0,차대차 - 추돌,안전운전불이행,건조,맑음,교차로 - 교차로부근,승용,남,82세,상해없음,화물,남,57세,경상
2022060800100173,2022년 6월 8일 10시,수요일,경상북도 경주시 현곡면,중상사고,0,1,0,0,차대차 - 측면충돌,안전운전불이행,건조,맑음,단일로 - 기타,화물,남,69세,상해없음,자전거,남,60세,중상
2022060800100202,2022년 6월 8일 11시,수요일,경상북도 경주시 안강읍,경상사고,0,0,1,0,차량단독 - 전도전복 - 전도,안전운전불이행,건조,맑음,단일로 - 기타,이륜,남,71세,경상,,,,
2022060800100203,2022년 6월 8일 11시,수요일,경상북도 포항시 남구 연일읍,경상사고,0,0,2,0,차대차 - 측면충돌,안전운전불이행,건조,맑음,단일로 - 지하차도(도로)내,이륜,남,70세,경상,승용,남,56세,경상
2022060800100226,2022년 6월 8일 12시,수요일,경상북도 경주시 외동읍,경상사고,0,0,1,0,차대차 - 측면충돌,안전운전불이행,건조,맑음,교차로 - 교차로안,승용,여,47세,경상,화물,남,43세,상해없음
2022060800100227,2022년 6월 8일 12시,수요일,경상북도 포항시 북구 죽도동,경상사고,0,0,2,0,차대차 - 측면충돌,안전운전불이행,건조,맑음,기타 - 기타,승용,남,67세,상해없음,화물,남,42세,경상
2022060800100228,2022년 6월 8일 12시,수요일,경상북도 청송군 현서면,경상사고,0,0,1,0,차대차 - 측면충돌,안전운전불이행,건조,맑음,교차로 - 교차로안,화물,남,56세,상해없음,화물,남,47세,경상
2022060800100257,2022년 6월 8일 13시,수요일,경상북도 칠곡군 왜관읍,경상사고,0,0,2,0,차대차 - 측면충돌,안전운전불이행,건조,맑음,기타 - 기타,화물,남,68세,경상,특수,남,42세,경상
2022060800100283,2022년 6월 8일 14시,수요일,경상북도 구미시 도량동,경상사고,0,0,1,0,차대차 - 측면충돌,안전운전불이행,건조,맑음,교차로 - 교차로안,승용,남,74세,상해없음,이륜,남,51세,경상
2022060800100349,2022년 6월 8일 16시,수요일,경상북도 경주시 황성동,경상사고,0,0,1,0,차대사람 - 차도통행중,안전운전불이행,건조,맑음,단일로 - 기타,승용,여,55세,상해없음,보행자,남,10세,경상
2022060800100396,2022년 6월 8일 17시,수요일,경상북도 경주시 노동동,중상사고,0,1,0,0,차대사람 - 기타,신호위반,건조,맑음,단일로 - 기타,이륜,남,22세,상해없음,보행자,여,16세,중상
2022060800100397,2022년 6월 8일 17시,수요일,경상북도 구미시 선산읍,경상사고,0,0,2,0,차대차 - 측면충돌,안전거리미확보,건조,맑음,교차로 - 교차로안,승용,여,57세,기타불명,승합,남,60세,경상
2022060800100439,2022년 6월 8일 18시,수요일,경상북도 경주시 안강읍,중상사고,0,1,0,0,차대차 - 정면충돌,중앙선침범,건조,맑음,단일로 - 기타,승용,여,67세,상해없음,승용,남,38세,중상
2022060800100440,2022년 6월 8일 18시,수요일,경상북도 영주시 휴천동,경상사고,0,0,1,0,차대차 - 추돌,안전운전불이행,건조,맑음,단일로 - 기타,화물,남,49세,상해없음,승용,여,51세,경상
2022060800100441,2022년 6월 8일 18시,수요일,경상북도 군위군 군위읍,중상사고,0,1,0,0,차량단독 - 도로외이탈 - 추락,안전운전불이행,건조,맑음,단일로 - 기타,승용,여,41세,중상,,,,
2022060800100442,2022년 6월 8일 18시,수요일,경상북도 구미시 고아읍,경상사고,0,0,2,0,차대차 - 측면충돌,교차로운행방법위반,건조,맑음,교차로 - 교차로안,화물,여,67세,경상,승용,여,41세,경상
2022060800100504,2022년 6월 8일 20시,수요일,경상북도 포항시 북구 두호동,경상사고,0,0,1,0,차대차 - 정면충돌,교차로운행방법위반,건조,맑음,단일로 - 기타,승용,남,66세,상해없음,승용,남,38세,경상
2022060800100505,2022년 6월 8일 20시,수요일,경상북도 의성군 의성읍,중상사고,0,1,0,0,차대차 - 추돌,안전운전불이행,건조,맑음,단일로 - 기타,승용,여,58세,상해없음,자전거,여,63세,중상
2022060800100506,2022년 6월 8일 20시,수요일,경상북도 영천시 망정동,경상사고,0,0,1,0,차대차 - 측면충돌,교차로운행방법위반,건조,맑음,교차로 - 교차로안,승용,남,71세,상해없음,승용,남,43세,경상
2022060800100507,2022년 6월 8일 20시,수요일,경상북도 포항시 남구 대잠동,경상사고,0,0,1,0,차대차 - 측면충돌,안전운전불이행,건조,맑음,교차로 - 교차로안,승용,남,65세,상해없음,승용,여,47세,경상
2022060800100526,2022년 6월 8일 21시,수요일,경상북도 포항시 북구 대신동,경상사고,0,0,3,0,차대차 - 기타,안전거리미확보,건조,맑음,교차로 - 교차로부근,승용,남,37세,경상,승용,여,31세,경상
2022060900100005,2022년 6월 9일 00시,목요일,경상북도 구미시 신평동,경상사고,0,0,1,0,차대차 - 추돌,안전운전불이행,건조,맑음,단일로 - 기타,승용,남,45세,상해없음,승용,남,34세,경상
2022060900100033,2022년 6월 9일 05시,목요일,경상북도 영주시 가흥동,경상사고,0,0,1,0,차대차 - 측면충돌,안전운전불이행,건조,맑음,단일로 - 기타,승용,남,37세,상해없음,화물,남,69세,경상
2022060900100044,2022년 6월 9일 06시,목요일,경상북도 영천시 조교동,중상사고,0,1,0,0,차대차 - 정면충돌,안전운전불이행,건조,맑음,교차로 - 교차로안,승용,남,60세,기타불명,화물,남,72세,중상
2022060900100098,2022년 6월 9일 08시,목요일,경상북도 경산시 하양읍,경상사고,0,0,3,0,차대차 - 측면충돌,교차로운행방법위반,건조,맑음,교차로 - 교차로안,화물,남,80세,경상,승용,남,29세,경상
2022060900100099,2022년 6월 9일 08시,목요일,경상북도 영덕군 영덕읍,중상사고,0,1,0,0,차대차 - 측면충돌,직진우회전진행방해,건조,맑음,교차로 - 교차로안,승용,남,33세,상해없음,승용,남,68세,중상
2022060900100100,2022년 6월 9일 08시,목요일,경상북도 성주군 선남면,중상사고,0,2,0,0,차대차 - 정면충돌,중앙선침범,건조,맑음,단일로 - 기타,승용,남,24세,중상,승용,남,64세,중상
2022060900100101,2022년 6월 9일 08시,목요일,경상북도 고령군 다산면,경상사고,0,0,2,0,차대차 - 측면충돌,안전운전불이행,건조,맑음,교차로 - 교차로안,화물,남,67세,경상,승용,여,66세,경상
2022060900100102,2022년 6월 9일 08시,목요일,경상북도 구미시 선산읍,경상사고,0,0,1,0,차대차 - 측면충돌,안전운전불이행,건조,맑음,교차로 - 교차로부근,승용,여,62세,기타불명,승용,여,43세,경상
2022060900100103,2022년 6월 9일 08시,목요일,경상북도 포항시 남구 해도동,경상사고,0,0,1,0,차대차 - 정면충돌,안전운전불이행,건조,맑음,교차로 - 교차로부근,이륜,남,76세,경상,승용,남,67세,상해없음
2022060900100144,2022년 6월 9일 09시,목요일,경상북도 포항시 북구 상원동,중상사고,0,1,0,0,차대사람 - 횡단중,보행자보호의무위반,건조,맑음,단일로 - 기타,승용,남,63세,상해없음,보행자,남,72세,중상
2022060900100145,2022년 6월 9일 09시,목요일,경상북도 청도군 각남면,중상사고,0,2,0,0,차대차 - 기타,교차로운행방법위반,건조,맑음,교차로 - 교차로안,자전거,여,74세,중상,이륜,남,60세,중상
2022060900100146,2022년 6월 9일 09시,목요일,경상북도 구미시 원평동,경상사고,0,0,1,0,차대사람 - 기타,안전운전불이행,건조,맑음,교차로 - 교차로부근,원동기,여,61세,상해없음,보행자,여,23세,경상
2022060900100147,2022년 6월 9일 09시,목요일,경상북도 구미시 공단동,중상사고,0,1,0,0,차대사람 - 기타,안전운전불이행,건조,맑음,기타 - 기타,화물,남,49세,상해없음,보행자,남,63세,중상
2022060900100172,2022년 6월 9일 10시,목요일,경상북도 청도군 매전면,경상사고,0,0,1,0,차대차 - 측면충돌,안전운전불이행,건조,맑음,단일로 - 기타,승용,남,29세,상해없음,자전거,남,63세,경상
2022060900100173,2022년 6월 9일 10시,목요일,경상북도 영양군 청기면,경상사고,0,0,1,0,차대차 - 정면충돌,중앙선침범,건조,맑음,단일로 - 기타,승용,여,59세,상해없음,승용,여,55세,경상
2022060900100273,2022년 6월 9일 14시,목요일,경상북도 경주시 외동읍,경상사고,0,0,1,0,차대사람 - 차도통행중,안전운전불이행,건조,맑음,단일로 - 기타,승용,여,57세,상해없음,보행자,여,67세,경상
2022060900100274,2022년 6월 9일 14시,목요일,경상북도 포항시 남구 오천읍,경상사고,0,0,1,0,차대차 - 측면충돌,신호위반,건조,맑음,교차로 - 교차로안,승용,남,59세,상해없음,이륜,남,49세,경상
2022060900100308,2022년 6월 9일 15시,목요일,경상북도 포항시 북구 용흥동,경상사고,0,0,2,0,차대차 - 정면충돌,중앙선침범,건조,맑음,기타 - 기타,승용,여,63세,상해없음,승용,여,50세,경상
2022060900100309,2022년 6월 9일 15시,목요일,경상북도 문경시 모전동,중상사고,0,1,0,0,차대사람 - 횡단중,안전운전불이행,건조,맑음,교차로 - 교차로부근,승용,여,60세,상해없음,보행자,남,12세,중상
2022060900100310,2022년 6월 9일 15시,목요일,경상북도 봉화군 봉화읍,경상사고,0,0,1,0,차대사람 - 차도통행중,안전운전불이행,건조,맑음,교차로 - 교차로안,승용,남,81세,상해없음,보행자,남,15세,경상
2022060900100379,2022년 6월 9일 17시,목요일,경상북도 칠곡군 왜관읍,경상사고,0,0,1,0,차대차 - 측면충돌,안전운전불이행,건조,맑음,교차로 - 교차로안,승용,남,54세,상해없음,승용,여,48세,경상
2022060900100380,2022년 6월 9일 17시,목요일,경상북도 경산시 압량읍,중상사고,0,1,1,0,차대차 - 추돌,안전운전불이행,건조,맑음,교차로 - 교차로부근,승용,남,56세,상해없음,승용,남,32세,중상
2022060900100381,2022년 6월 9일 17시,목요일,경상북도 포항시 남구 오천읍,경상사고,0,0,2,0,차대차 - 측면충돌,안전운전불이행,건조,맑음,교차로 - 교차로안,승용,여,44세,경상,승용,여,39세,경상
2022060900100425,2022년 6월 9일 18시,목요일,경상북도 포항시 북구 용흥동,중상사고,0,1,1,0,차대차 - 측면충돌,안전운전불이행,건조,맑음,단일로 - 기타,승용,남,78세,상해없음,승용,여,59세,경상
2022060900100426,2022년 6월 9일 18시,목요일,경상북도 영주시 풍기읍,경상사고,0,0,1,0,차대사람 - 기타,안전운전불이행,건조,맑음,기타 - 기타,자전거,남,41세,상해없음,보행자,여,67세,경상
2022060900100427,2022년 6월 9일 18시,목요일,경상북도 경산시 진량읍,경상사고,0,0,1,0,차대사람 - 기타,안전운전불이행,건조,맑음,교차로 - 교차로부근,승용,남,39세,상해없음,보행자,남,7세,경상
2022060900100428,2022년 6월 9일 18시,목요일,경상북도 포항시 남구 대송면,경상사고,0,0,2,0,차대차 - 측면충돌,신호위반,건조,맑음,교차로 - 교차로부근,승용,여,32세,경상,승용,남,53세,경상
2022060900100460,2022년 6월 9일 19시,목요일,경상북도 성주군 선남면,경상사고,0,0,1,0,차대차 - 기타,안전운전불이행,건조,맑음,단일로 - 기타,화물,남,70세,상해없음,승용,남,66세,경상
2022060900100510,2022년 6월 9일 21시,목요일,경상북도 경산시 중방동,중상사고,0,1,0,0,차대사람 - 기타,안전운전불이행,건조,맑음,주차장 - 주차장,승용,여,53세,상해없음,보행자,남,64세,중상
2022060900100511,2022년 6월 9일 21시,목요일,경상북도 구미시 임은동,경상사고,0,0,1,0,차대차 - 추돌,안전운전불이행,건조,맑음,단일로 - 기타,승용,여,37세,상해없음,승용,남,42세,경상
2022060900100512,2022년 6월 9일 21시,목요일,경상북도 포항시 남구 대잠동,경상사고,0,0,2,0,차대차 - 추돌,안전운전불이행,건조,맑음,교차로 - 교차로부근,승용,여,54세,상해없음,승용,여,55세,경상
2022061000100028,2022년 6월 10일 03시,금요일,경상북도 영주시 휴천동,경상사고,0,0,1,0,차대차 - 추돌,안전운전불이행,건조,맑음,교차로 - 교차로부근,승용,여,51세,상해없음,승용,남,23세,경상
2022061000100042,2022년 6월 10일 05시,금요일,경상북도 구미시 양호동,경상사고,0,0,1,0,차량단독 - 기타,안전운전불이행,건조,맑음,기타 - 기타,개인형이동수단(PM),남,18세,경상,,,,
2022061000100066,2022년 6월 10일 07시,금요일,경상북도 포항시 북구 양덕동,경상사고,0,0,2,0,차대차 - 기타,안전운전불이행,건조,맑음,교차로 - 교차로안,승용,여,27세,경상,승용,여,34세,경상
2022061000100067,2022년 6월 10일 07시,금요일,경상북도 포항시 남구 송내동,경상사고,0,0,2,0,차대차 - 측면충돌,안전운전불이행,건조,맑음,교차로 - 교차로안,승용,남,60세,경상,승용,남,57세,경상
2022061000100107,2022년 6월 10일 08시,금요일,경상북도 경주시 건천읍,중상사고,0,1,1,0,차대차 - 측면충돌,안전운전불이행,건조,맑음,교차로 - 교차로안,승용,여,66세,상해없음,승용,여,40세,경상
2022061000100108,2022년 6월 10일 08시,금요일,경상북도 경주시 양남면,경상사고,0,0,1,0,차량단독 - 도로외이탈 - 추락,안전운전불이행,건조,맑음,단일로 - 기타,건설기계,남,61세,경상,,,,
2022061000100109,2022년 6월 10일 08시,금요일,경상북도 포항시 북구 대신동,중상사고,0,1,0,0,차대차 - 측면충돌,안전운전불이행,건조,맑음,교차로 - 교차로횡단보도내,승용,여,46세,상해없음,자전거,남,18세,중상
2022061000100110,2022년 6월 10일 08시,금요일,경상북도 상주시 낙양동,경상사고,0,0,1,0,차대차 - 측면충돌,불법유턴,건조,맑음,교차로 - 교차로안,자전거,남,16세,경상,승용,여,29세,상해없음
2022061000100111,2022년 6월 10일 08시,금요일,경상북도 고령군 다산면,경상사고,0,0,1,0,차대차 - 추돌,안전운전불이행,건조,맑음,교차로 - 교차로부근,화물,남,67세,상해없음,자전거,남,61세,경상
2022061000100112,2022년 6월 10일 08시,금요일,경상북도 구미시 양호동,중상사고,0,1,1,0,차대차 - 기타,안전운전불이행,건조,맑음,단일로 - 기타,자전거,여,45세,경상,자전거,여,55세,중상
2022061000100155,2022년 6월 10일 09시,금요일,경상북도 안동시 태화동,중상사고,0,1,0,0,차대차 - 기타,안전운전불이행,건조,맑음,교차로 - 교차로안,이륜,남,80세,중상,승용,여,60세,상해없음
2022061000100181,2022년 6월 10일 10시,금요일,경상북도 영주시 가흥동,중상사고,0,1,0,0,차대차 - 측면충돌,신호위반,건조,맑음,교차로 - 교차로안,화물,남,51세,상해없음,이륜,남,56세,중상
2022061000100182,2022년 6월 10일 10시,금요일,경상북도 구미시 도량동,중상사고,0,1,0,0,차대차 - 추돌,안전거리미확보,건조,맑음,교차로 - 교차로부근,승합,남,71세,상해없음,승용,여,36세,중상
2022061000100209,2022년 6월 10일 11시,금요일,경상북도 영주시 가흥동,중상사고,0,1,0,0,차대차 - 측면충돌,교차로운행방법위반,건조,맑음,교차로 - 교차로안,이륜,여,58세,중상,화물,남,57세,상해없음
2022061000100210,2022년 6월 10일 11시,금요일,경상북도 문경시 모전동,경상사고,0,0,1,0,차대차 - 측면충돌,안전운전불이행,건조,맑음,단일로 - 기타,승용,남,77세,상해없음,이륜,남,41세,경상
2022061000100211,2022년 6월 10일 11시,금요일,경상북도 구미시 구포동,중상사고,0,1,0,2,차대차 - 추돌,안전운전불이행,건조,맑음,교차로 - 교차로부근,화물,남,46세,상해없음,승용,남,32세,중상
2022061000100212,2022년 6월 10일 11시,금요일,경상북도 구미시 선산읍,중상사고,0,1,0,0,차대차 - 기타,안전운전불이행,건조,맑음,교차로 - 교차로안,화물,남,63세,상해없음,원동기,남,80세,중상
2022061000100213,2022년 6월 10일 11시,금요일,경상북도 구미시 도량동,중상사고,0,1,0,0,차대사람 - 횡단중,보행자보호의무위반,건조,맑음,단일로 - 기타,승용,남,38세,상해없음,보행자,여,66세,중상
2022061000100238,2022년 6월 10일 12시,금요일,경상북도 경산시 갑제동,경상사고,0,0,1,0,차대차 - 측면충돌,안전운전불이행,건조,맑음,교차로 - 교차로부근,승용,여,57세,상해없음,승용,여,37세,경상
2022061000100268,2022년 6월 10일 13시,금요일,경상북도 예천군 지보면,경상사고,0,0,1,0,차대차 - 측면충돌,중앙선침범,건조,맑음,단일로 - 기타,승용,남,58세,상해없음,승용,여,58세,경상
2022061000100302,2022년 6월 10일 14시,금요일,경상북도 포항시 북구 양덕동,중상사고,0,1,1,0,차대차 - 측면충돌,안전운전불이행,건조,맑음,단일로 - 기타,화물,남,49세,기타불명,승합,남,60세,경상
2022061000100340,2022년 6월 10일 15시,금요일,경상북도 안동시 서후면,경상사고,0,0,1,0,차대차 - 기타,안전운전불이행,건조,맑음,단일로 - 기타,승용,남,56세,상해없음,이륜,남,34세,경상
2022061000100341,2022년 6월 10일 15시,금요일,경상북도 구미시 옥계동,경상사고,0,0,1,0,차대차 - 측면충돌,안전거리미확보,건조,흐림,단일로 - 기타,승용,남,62세,상해없음,승용,여,55세,경상
2022061000100342,2022년 6월 10일 15시,금요일,경상북도 포항시 남구 지곡동,경상사고,0,0,3,0,차대차 - 정면충돌,중앙선침범,건조,맑음,단일로 - 기타,승용,여,31세,경상,승용,남,55세,경상
2022061000100389,2022년 6월 10일 16시,금요일,경상북도 상주시 남성동,경상사고,0,0,1,0,차대차 - 측면충돌,안전운전불이행,건조,맑음,교차로 - 교차로부근,승용,여,58세,상해없음,자전거,남,76세,경상
2022061000100390,2022년 6월 10일 16시,금요일,경상북도 경산시 중산동,중상사고,0,1,0,0,차대사람 - 횡단중,보행자보호의무위반,건조,맑음,교차로 - 교차로안,승용,남,59세,상해없음,보행자,여,6세,중상
2022061000100432,2022년 6월 10일 17시,금요일,경상북도 포항시 북구 우현동,경상사고,0,0,1,0,차대차 - 측면충돌,중앙선침범,건조,맑음,교차로 - 교차로안,개인형이동수단(PM),남,16세,경상,승용,여,34세,상해없음
2022061000100433,2022년 6월 10일 17시,금요일,경상북도 상주시 공검면,중상사고,0,1,2,0,차대차 - 추돌,안전거리미확보,건조,맑음,단일로 - 기타,승용,남,43세,상해없음,승용,여,46세,중상
2022061000100434,2022년 6월 10일 17시,금요일,경상북도 문경시 동로면,중상사고,0,1,0,0,차대사람 - 횡단중,안전운전불이행,젖음/습기,비,단일로 - 기타,화물,남,40세,상해없음,보행자,여,61세,중상
2022061000100435,2022년 6월 10일 17시,금요일,경상북도 포항시 남구 오천읍,경상사고,0,0,1,0,차대차 - 측면충돌,교차로운행방법위반,건조,맑음,교차로 - 교차로안,승용,남,38세,상해없음,이륜,남,26세,경상
2022061000100477,2022년 6월 10일 18시,금요일,경상북도 경주시 동천동,중상사고,0,1,0,0,차대차 - 측면충돌,신호위반,건조,맑음,교차로 - 교차로안,승용,남,45세,상해없음,이륜,남,22세,중상
2022061000100478,2022년 6월 10일 18시,금요일,경상북도 구미시 오태동,경상사고,0,0,2,0,차대차 - 측면충돌,안전운전불이행,건조,맑음,단일로 - 기타,자전거,남,11세,경상,승용,여,32세,상해없음
2022061000100545,2022년 6월 10일 20시,금요일,경상북도 구미시 봉곡동,경상사고,0,0,1,0,차대사람 - 횡단중,안전운전불이행,건조,맑음,교차로 - 교차로안,승용,여,48세,상해없음,보행자,남,62세,경상
2022061000100593,2022년 6월 10일 22시,금요일,경상북도 영천시 망정동,경상사고,0,0,1,0,차대차 - 추돌,안전운전불이행,건조,맑음,단일로 - 기타,승용,남,39세,상해없음,승용,남,39세,상해없음
2022061000100594,2022년 6월 10일 22시,금요일,경상북도 포항시 남구 해도동,경상사고,0,0,2,0,차대차 - 측면충돌,안전운전불이행,건조,맑음,교차로 - 교차로부근,승용,여,34세,경상,승합,여,56세,경상
2022061000100606,2022년 6월 10일 23시,금요일,경상북도 포항시 남구 해도동,경상사고,0,0,1,1,차대차 - 측면충돌,안전운전불이행,건조,맑음,단일로 - 기타,승용,남,66세,상해없음,승용,여,53세,경상
2022061000100607,2022년 6월 10일 23시,금요일,경상북도 청도군 청도읍,경상사고,0,0,1,0,차대차 - 측면충돌,안전운전불이행,건조,맑음,단일로 - 교량,승용,남,25세,상해없음,화물,남,52세,경상
2022061100100033,2022년 6월 11일 01시,토요일,경상북도 예천군 예천읍,경상사고,0,0,2,0,차대차 - 측면충돌,안전운전불이행,건조,맑음,교차로 - 교차로안,승용,남,55세,상해없음,승용,남,54세,경상
2022061100100050,2022년 6월 11일 03시,토요일,경상북도 경주시 외동읍,경상사고,0,0,1,0,차대차 - 측면충돌,기타,건조,맑음,단일로 - 기타,승용,남,77세,상해없음,승용,여,25세,경상
2022061100100108,2022년 6월 11일 08시,토요일,경상북도 봉화군 봉화읍,중상사고,0,1,0,0,차대차 - 측면충돌,안전운전불이행,건조,맑음,교차로 - 교차로부근,승용,여,57세,상해없음,자전거,남,10세,중상
2022061100100157,2022년 6월 11일 10시,토요일,경상북도 경주시 외동읍,경상사고,0,0,2,0,차대차 - 측면충돌,안전운전불이행,건조,맑음,교차로 - 교차로안,승용,남,77세,상해없음,승용,남,25세,경상
2022061100100158,2022년 6월 11일 10시,토요일,경상북도 영천시 금호읍,중상사고,0,1,0,0,차대차 - 측면충돌,안전운전불이행,건조,맑음,교차로 - 교차로안,이륜,남,63세,중상,건설기계,남,67세,상해없음
2022061100100159,2022년 6월 11일 10시,토요일,경상북도 경산시 중산동,경상사고,0,0,2,0,차대차 - 측면충돌,신호위반,건조,맑음,교차로 - 교차로안,승용,여,58세,상해없음,승용,여,33세,경상
2022061100100195,2022년 6월 11일 11시,토요일,경상북도 포항시 북구 기북면,경상사고,0,0,4,0,차대차 - 기타,교차로운행방법위반,건조,맑음,교차로 - 교차로안,승용,여,67세,상해없음,승용,남,39세,경상
2022061100100237,2022년 6월 11일 12시,토요일,경상북도 경주시 황성동,경상사고,0,0,1,1,차대차 - 측면충돌,직진우회전진행방해,건조,맑음,교차로 - 교차로안,승용,여,56세,부상신고,승용,남,44세,경상
2022061100100238,2022년 6월 11일 12시,토요일,경상북도 김천시 감문면,중상사고,0,2,1,0,차대차 - 측면충돌,직진우회전진행방해,건조,맑음,교차로 - 교차로안,승용,남,28세,상해없음,승용,남,57세,경상
2022061100100239,2022년 6월 11일 12시,토요일,경상북도 칠곡군 약목면,중상사고,0,1,0,0,차량단독 - 공작물충돌,안전운전불이행,건조,맑음,단일로 - 고가도로위,이륜,남,26세,중상,,,,
2022061100100240,2022년 6월 11일 12시,토요일,경상북도 울진군 죽변면,중상사고,0,1,0,0,차대사람 - 기타,안전운전불이행,건조,맑음,단일로 - 기타,승용,남,67세,상해없음,보행자,남,87세,중상
2022061100100281,2022년 6월 11일 13시,토요일,경상북도 포항시 북구 용흥동,중상사고,0,1,0,0,차대사람 - 보도통행중,기타,건조,맑음,기타 - 기타,개인형이동수단(PM),남,18세,상해없음,보행자,남,69세,중상
2022061100100282,2022년 6월 11일 13시,토요일,경상북도 포항시 북구 기계면,경상사고,0,0,1,0,차대차 - 측면충돌,차로위반,건조,맑음,기타 - 기타,화물,남,69세,상해없음,승용,남,66세,경상
2022061100100283,2022년 6월 11일 13시,토요일,경상북도 영천시 오미동,중상사고,0,1,0,0,차대차 - 측면충돌,안전운전불이행,건조,맑음,교차로 - 교차로안,승용,여,54세,상해없음,승용,남,48세,중상