사고번호,사고일시,요일,시군구,사고내용,사망자수,중상자수,경상자수,부상신고자수,사고유형,법규위반,노면상태,기상상태,도로형태,가해운전자 차종,가해운전자 성별,가해운전자 연령,가해운전자 상해정도,피해운전자 차종,피해운전자 성별,피해운전자 연령,피해운전자 상해정도
2022061100100284,2022년 6월 11일 13시,토요일,경상북도 성주군 초전면,경상사고,0,0,1,0,차대차 - 측면충돌,기타,건조,맑음,교차로 - 교차로안,이륜,남,59세,기타불명,승용,여,65세,경상
2022061100100347,2022년 6월 11일 15시,토요일,경상북도 영주시 평은면,경상사고,0,0,1,0,차대차 - 정면충돌,교차로운행방법위반,건조,맑음,교차로 - 교차로안,이륜,남,29세,기타불명,승용,남,44세,경상
2022061100100348,2022년 6월 11일 15시,토요일,경상북도 영주시 가흥동,경상사고,0,0,1,0,차대사람 - 차도통행중,안전운전불이행,건조,맑음,단일로 - 기타,승용,여,24세,상해없음,보행자,남,16세,경상
2022061100100349,2022년 6월 11일 15시,토요일,경상북도 구미시 송정동,중상사고,0,1,0,0,차대차 - 기타,안전운전불이행,젖음/습기,비,단일로 - 기타,이륜,여,72세,중상,승용,남,56세,상해없음
2022061100100421,2022년 6월 11일 17시,토요일,경상북도 상주시 함창읍,경상사고,0,0,7,0,차대차 - 추돌,안전운전불이행,젖음/습기,비,교차로 - 교차로부근,화물,남,61세,상해없음,승용,남,58세,상해없음
2022061100100422,2022년 6월 11일 17시,토요일,경상북도 경산시 옥산동,경상사고,0,0,1,0,차대사람 - 횡단중,신호위반,건조,맑음,교차로 - 교차로횡단보도내,승용,여,56세,상해없음,보행자,여,11세,경상
2022061100100423,2022년 6월 11일 17시,토요일,경상북도 포항시 남구 이동,경상사고,0,0,1,0,차대차 - 기타,안전운전불이행,건조,맑음,단일로 - 기타,승용,여,40세,상해없음,개인형이동수단(PM),여,27세,경상
2022061100100457,2022년 6월 11일 18시,토요일,경상북도 안동시 녹전면,사망사고,1,0,0,0,차량단독 - 전도전복 - 전도,안전운전불이행,건조,맑음,단일로 - 기타,이륜,남,67세,사망,,,,
2022061100100458,2022년 6월 11일 18시,토요일,경상북도 경산시 중방동,중상사고,0,1,0,0,차대차 - 측면충돌,교차로운행방법위반,건조,맑음,교차로 - 교차로안,승용,여,28세,상해없음,이륜,남,36세,중상
2022061100100459,2022년 6월 11일 18시,토요일,경상북도 울진군 후포면,경상사고,0,0,1,0,차대차 - 측면충돌,안전운전불이행,건조,맑음,단일로 - 기타,사륜오토바이(ATV),남,76세,경상,승용,여,60세,상해없음
2022061100100485,2022년 6월 11일 19시,토요일,경상북도 경주시 외동읍,경상사고,0,0,2,0,차대차 - 추돌,안전운전불이행,건조,맑음,단일로 - 기타,승용,남,51세,상해없음,승용,여,52세,경상
2022061100100486,2022년 6월 11일 19시,토요일,경상북도 문경시 산양면,부상신고사고,0,0,0,1,차대사람 - 기타,안전운전불이행,건조,맑음,교차로 - 교차로안,승용,남,57세,상해없음,보행자,남,42세,부상신고
2022061100100487,2022년 6월 11일 19시,토요일,경상북도 구미시 도량동,경상사고,0,0,3,0,차대차 - 기타,안전운전불이행,건조,맑음,교차로 - 교차로안,승용,여,25세,상해없음,승용,여,61세,경상
2022061100100537,2022년 6월 11일 21시,토요일,경상북도 포항시 북구 두호동,경상사고,0,0,2,0,차대차 - 기타,안전운전불이행,건조,맑음,단일로 - 기타,승용,남,23세,기타불명,승용,여,36세,경상
2022061100100538,2022년 6월 11일 21시,토요일,경상북도 경산시 계양동,중상사고,0,1,0,0,차대사람 - 횡단중,안전운전불이행,건조,맑음,단일로 - 기타,이륜,남,44세,상해없음,보행자,여,63세,중상
2022061200100009,2022년 6월 12일 00시,일요일,경상북도 청도군 화양읍,경상사고,0,0,1,0,차대차 - 측면충돌,직진우회전진행방해,건조,맑음,교차로 - 교차로안,승용,여,68세,상해없음,승용,여,35세,경상
2022061200100010,2022년 6월 12일 00시,일요일,경상북도 구미시 옥계동,중상사고,0,1,0,0,차대사람 - 횡단중,안전운전불이행,건조,맑음,교차로 - 교차로횡단보도내,승용,여,59세,상해없음,보행자,남,44세,중상
2022061200100039,2022년 6월 12일 03시,일요일,경상북도 포항시 남구 대잠동,경상사고,0,0,2,0,차대차 - 측면충돌,안전운전불이행,건조,맑음,교차로 - 교차로안,승용,여,65세,경상,승용,남,44세,경상
2022061200100062,2022년 6월 12일 06시,일요일,경상북도 안동시 풍천면,중상사고,0,1,2,0,차대차 - 기타,신호위반,건조,맑음,교차로 - 교차로안,화물,남,70세,경상,승용,남,61세,경상
2022061200100063,2022년 6월 12일 06시,일요일,경상북도 상주시 함창읍,중상사고,0,1,0,0,차대차 - 측면충돌,안전운전불이행,건조,맑음,단일로 - 기타,이륜,남,82세,중상,화물,남,63세,상해없음
2022061200100069,2022년 6월 12일 07시,일요일,경상북도 김천시 평화동,경상사고,0,0,1,0,차대차 - 추돌,차로위반,건조,맑음,단일로 - 기타,원동기,남,79세,경상,승합,남,49세,상해없음
2022061200100104,2022년 6월 12일 10시,일요일,경상북도 의성군 단촌면,중상사고,0,1,0,0,차대사람 - 기타,안전운전불이행,건조,맑음,기타 - 기타,승용,남,59세,상해없음,보행자,여,68세,중상
2022061200100105,2022년 6월 12일 10시,일요일,경상북도 울진군 근남면,중상사고,0,2,1,0,차대차 - 측면충돌,교차로운행방법위반,건조,맑음,교차로 - 교차로안,승용,남,64세,경상,승용,여,51세,중상
2022061200100127,2022년 6월 12일 11시,일요일,경상북도 영양군 석보면,중상사고,0,1,1,0,차량단독 - 공작물충돌,안전운전불이행,건조,맑음,단일로 - 기타,승용,남,81세,경상,,,,
2022061200100128,2022년 6월 12일 11시,일요일,경상북도 구미시 선산읍,중상사고,0,2,0,0,차대차 - 추돌,교차로운행방법위반,건조,맑음,교차로 - 교차로안,승용,여,66세,상해없음,이륜,남,80세,중상
2022061200100151,2022년 6월 12일 12시,일요일,경상북도 포항시 북구 흥해읍,중상사고,0,3,2,0,차대차 - 기타,안전운전불이행,건조,맑음,단일로 - 기타,승용,남,77세,상해없음,승합,남,35세,중상
2022061200100177,2022년 6월 12일 13시,일요일,경상북도 포항시 북구 흥해읍,경상사고,0,0,4,0,차대차 - 측면충돌,신호위반,건조,맑음,교차로 - 교차로안,승용,남,19세,경상,승용,남,70세,상해없음
2022061200100178,2022년 6월 12일 13시,일요일,경상북도 상주시 서문동,경상사고,0,0,1,0,차대차 - 후진중충돌,안전운전불이행,건조,맑음,교차로 - 교차로부근,화물,남,73세,상해없음,이륜,남,41세,경상
2022061200100202,2022년 6월 12일 14시,일요일,경상북도 포항시 북구 흥해읍,경상사고,0,0,1,0,차대사람 - 길가장자리구역통행중,안전운전불이행,건조,맑음,교차로 - 교차로안,승용,여,66세,상해없음,보행자,남,63세,경상
2022061200100227,2022년 6월 12일 15시,일요일,경상북도 경주시 현곡면,사망사고,1,0,2,0,차대차 - 기타,안전운전불이행,건조,맑음,단일로 - 교량,이륜,남,61세,사망,승용,남,29세,경상
2022061200100228,2022년 6월 12일 15시,일요일,경상북도 김천시 농소면,중상사고,0,1,0,0,차대차 - 측면충돌,기타,건조,맑음,교차로 - 교차로안,화물,남,59세,상해없음,농기계,남,83세,중상
2022061200100229,2022년 6월 12일 15시,일요일,경상북도 김천시 양천동,중상사고,0,1,2,1,차대차 - 추돌,안전운전불이행,건조,맑음,단일로 - 기타,승용,여,62세,부상신고,화물,남,71세,기타불명
2022061200100230,2022년 6월 12일 15시,일요일,경상북도 포항시 남구 연일읍,경상사고,0,0,3,1,차대차 - 추돌,안전운전불이행,건조,맑음,교차로 - 교차로부근,승용,남,37세,부상신고,승용,남,78세,경상
2022061200100255,2022년 6월 12일 16시,일요일,경상북도 김천시 증산면,경상사고,0,0,3,0,차대차 - 후진중충돌,안전운전불이행,건조,맑음,기타 - 기타,승용,여,61세,상해없음,승용,남,29세,상해없음
2022061200100256,2022년 6월 12일 16시,일요일,경상북도 영천시 금호읍,중상사고,0,1,0,0,차대차 - 정면충돌,안전운전불이행,건조,맑음,교차로 - 교차로안,승용,남,62세,상해없음,이륜,여,74세,중상
2022061200100257,2022년 6월 12일 16시,일요일,경상북도 구미시 원평동,경상사고,0,0,1,0,차대사람 - 기타,안전운전불이행,건조,맑음,단일로 - 기타,승용,남,37세,상해없음,보행자,여,40세,경상
2022061200100277,2022년 6월 12일 17시,일요일,경상북도 칠곡군 왜관읍,부상신고사고,0,0,0,1,차량단독 - 전도전복 - 전도,안전운전불이행,건조,맑음,교차로 - 교차로안,원동기,여,81세,부상신고,,,,
2022061200100278,2022년 6월 12일 17시,일요일,경상북도 칠곡군 동명면,경상사고,0,0,3,0,차대차 - 측면충돌,안전운전불이행,건조,맑음,교차로 - 교차로안,승용,남,23세,경상,승용,여,54세,경상
2022061200100279,2022년 6월 12일 17시,일요일,경상북도 영천시 도동,경상사고,0,0,1,0,차대차 - 기타,안전운전불이행,건조,맑음,단일로 - 기타,승용,남,39세,상해없음,승용,남,26세,상해없음
2022061200100301,2022년 6월 12일 18시,일요일,경상북도 경주시 안강읍,경상사고,0,0,1,0,차대차 - 측면충돌,안전운전불이행,건조,맑음,단일로 - 기타,승용,남,43세,상해없음,승용,남,63세,경상
2022061200100302,2022년 6월 12일 18시,일요일,경상북도 포항시 북구 장성동,중상사고,0,1,0,0,차대차 - 기타,교차로운행방법위반,건조,맑음,교차로 - 교차로부근,화물,여,50세,상해없음,이륜,남,48세,중상
2022061200100303,2022년 6월 12일 18시,일요일,경상북도 포항시 북구 두호동,경상사고,0,0,1,0,차대차 - 측면충돌,안전운전불이행,건조,맑음,단일로 - 기타,승용,여,40세,상해없음,승용,남,53세,경상
2022061200100355,2022년 6월 12일 20시,일요일,경상북도 구미시 도량동,경상사고,0,0,1,0,차대차 - 추돌,안전운전불이행,건조,맑음,교차로 - 교차로부근,승합,남,57세,상해없음,승용,남,22세,경상
2022061200100398,2022년 6월 12일 22시,일요일,경상북도 구미시 원평동,중상사고,0,1,0,0,차대사람 - 횡단중,안전운전불이행,건조,맑음,단일로 - 기타,승용,남,28세,상해없음,보행자,남,67세,중상
2022061300100008,2022년 6월 13일 02시,월요일,경상북도 문경시 문경읍,경상사고,0,0,1,0,차량단독 - 전도전복 - 전도,안전운전불이행,건조,맑음,교차로 - 교차로안,이륜,남,57세,경상,,,,
2022061300100027,2022년 6월 13일 05시,월요일,경상북도 성주군 용암면,중상사고,0,1,0,0,차대사람 - 길가장자리구역통행중,안전운전불이행,건조,맑음,단일로 - 기타,화물,여,58세,상해없음,보행자,여,56세,중상
2022061300100088,2022년 6월 13일 08시,월요일,경상북도 경산시 상방동,경상사고,0,0,1,0,차대차 - 측면충돌,안전운전불이행,건조,맑음,교차로 - 교차로부근,승용,여,52세,상해없음,승용,여,30세,경상
2022061300100089,2022년 6월 13일 08시,월요일,경상북도 영덕군 영해면,중상사고,0,1,0,0,차대차 - 추돌,안전거리미확보,건조,맑음,교차로 - 교차로안,화물,남,43세,상해없음,승용,남,52세,중상
2022061300100090,2022년 6월 13일 08시,월요일,경상북도 예천군 용문면,중상사고,0,1,1,0,차대차 - 측면충돌,중앙선침범,건조,맑음,단일로 - 기타,승용,여,74세,상해없음,승합,남,62세,중상
2022061300100091,2022년 6월 13일 08시,월요일,경상북도 구미시 선산읍,경상사고,0,0,1,1,차대차 - 측면충돌,교차로운행방법위반,건조,맑음,교차로 - 교차로안,승용,여,44세,상해없음,승용,남,30세,경상
2022061300100157,2022년 6월 13일 10시,월요일,경상북도 상주시 낙동면,사망사고,1,0,0,0,차대차 - 측면충돌,직진우회전진행방해,건조,맑음,교차로 - 교차로안,이륜,남,75세,사망,화물,남,79세,상해없음
2022061300100158,2022년 6월 13일 10시,월요일,경상북도 영천시 화남면,경상사고,0,0,2,0,차대차 - 측면충돌,안전운전불이행,건조,맑음,단일로 - 기타,이륜,남,77세,경상,이륜,남,51세,경상
2022061300100159,2022년 6월 13일 10시,월요일,경상북도 경산시 하양읍,경상사고,0,0,1,0,차대사람 - 기타,안전운전불이행,건조,맑음,단일로 - 기타,화물,남,54세,상해없음,보행자,여,63세,경상
2022061300100160,2022년 6월 13일 10시,월요일,경상북도 포항시 남구 대잠동,경상사고,0,0,1,0,차대차 - 측면충돌,안전운전불이행,건조,맑음,단일로 - 기타,승용,남,47세,경상,승용,남,33세,상해없음
2022061300100183,2022년 6월 13일 11시,월요일,경상북도 포항시 북구 학산동,중상사고,0,1,0,0,차대차 - 측면충돌,신호위반,건조,맑음,교차로 - 교차로횡단보도내,승용,남,51세,상해없음,자전거,남,39세,중상
2022061300100184,2022년 6월 13일 11시,월요일,경상북도 상주시 화산동,경상사고,0,0,1,0,차대차 - 측면충돌,신호위반,건조,맑음,교차로 - 교차로안,승용,남,60세,상해없음,이륜,남,60세,경상
2022061300100185,2022년 6월 13일 11시,월요일,경상북도 경산시 계양동,중상사고,0,1,1,0,차대차 - 측면충돌,직진우회전진행방해,건조,맑음,교차로 - 교차로안,승용,여,25세,기타불명,승용,여,33세,중상
2022061300100186,2022년 6월 13일 11시,월요일,경상북도 봉화군 재산면,사망사고,1,0,0,0,차량단독 - 전도전복 - 전도,안전운전불이행,건조,맑음,단일로 - 기타,원동기,남,60세,사망,,,,
2022061300100208,2022년 6월 13일 12시,월요일,경상북도 영주시 영주동,중상사고,0,1,0,0,차대사람 - 기타,안전운전불이행,건조,맑음,단일로 - 기타,승용,남,63세,상해없음,보행자,남,87세,중상
2022061300100263,2022년 6월 13일 14시,월요일,경상북도 포항시 북구 양덕동,경상사고,0,0,3,0,차대차 - 기타,신호위반,건조,맑음,교차로 - 교차로부근,승용,여,66세,경상,승용,남,27세,경상
2022061300100295,2022년 6월 13일 15시,월요일,경상북도 경주시 북군동,중상사고,0,1,0,0,차대차 - 측면충돌,안전운전불이행,건조,맑음,단일로 - 기타,승용,여,28세,상해없음,승용,여,81세,중상
2022061300100296,2022년 6월 13일 15시,월요일,경상북도 포항시 북구 송라면,경상사고,0,0,2,0,차대차 - 추돌,안전운전불이행,건조,맑음,교차로 - 교차로부근,화물,남,51세,상해없음,승용,여,61세,경상
2022061300100387,2022년 6월 13일 17시,월요일,경상북도 경주시 동천동,경상사고,0,0,1,0,차대차 - 후진중충돌,안전운전불이행,건조,맑음,교차로 - 교차로부근,화물,남,47세,상해없음,원동기,남,25세,경상
2022061300100388,2022년 6월 13일 17시,월요일,경상북도 의성군 안사면,중상사고,0,1,0,0,차대차 - 추돌,안전운전불이행,건조,맑음,교차로 - 교차로안,승용,남,63세,상해없음,농기계,남,75세,중상
2022061300100389,2022년 6월 13일 17시,월요일,경상북도 예천군 예천읍,경상사고,0,0,1,0,차대차 - 측면충돌,직진우회전진행방해,건조,맑음,교차로 - 교차로안,승용,여,58세,상해없음,승용,남,73세,경상
2022061300100390,2022년 6월 13일 17시,월요일,경상북도 포항시 남구 연일읍,경상사고,0,0,1,0,차대차 - 측면충돌,안전운전불이행,건조,맑음,단일로 - 기타,화물,남,54세,상해없음,승용,남,34세,경상
2022061300100432,2022년 6월 13일 18시,월요일,경상북도 구미시 진평동,중상사고,0,1,0,0,차대사람 - 횡단중,안전운전불이행,건조,맑음,교차로 - 교차로안,화물,남,45세,상해없음,보행자,여,59세,중상
2022061300100433,2022년 6월 13일 18시,월요일,경상북도 구미시 원평동,부상신고사고,0,0,0,1,차량단독 - 전도전복 - 전도,안전운전불이행,건조,맑음,교차로 - 교차로부근,자전거,남,69세,부상신고,,,,
2022061300100434,2022년 6월 13일 18시,월요일,경상북도 포항시 남구 대도동,중상사고,0,1,7,1,차대차 - 기타,안전운전불이행,건조,맑음,단일로 - 지하차도(도로)내,승용,남,23세,기타불명,승합,남,44세,경상
2022061300100435,2022년 6월 13일 18시,월요일,경상북도 포항시 남구 송도동,경상사고,0,0,1,1,차대차 - 측면충돌,안전운전불이행,건조,맑음,단일로 - 기타,개인형이동수단(PM),남,21세,부상신고,자전거,남,57세,경상
2022061300100490,2022년 6월 13일 20시,월요일,경상북도 경산시 사정동,중상사고,0,1,1,0,차대차 - 추돌,안전거리미확보,건조,맑음,단일로 - 기타,이륜,남,32세,중상,승용,여,50세,경상
2022061300100491,2022년 6월 13일 20시,월요일,경상북도 경산시 용성면,중상사고,0,1,0,0,차대차 - 정면충돌,안전운전불이행,건조,맑음,교차로 - 교차로안,이륜,남,35세,상해없음,이륜,남,67세,중상
2022061300100520,2022년 6월 13일 21시,월요일,경상북도 경산시 조영동,경상사고,0,0,1,0,차대차 - 측면충돌,안전운전불이행,건조,맑음,단일로 - 기타,승용,여,19세,상해없음,이륜,남,29세,경상
2022061300100534,2022년 6월 13일 22시,월요일,경상북도 김천시 율곡동,경상사고,0,0,1,0,차대차 - 측면충돌,직진우회전진행방해,건조,흐림,교차로 - 교차로안,승용,남,44세,상해없음,이륜,남,29세,경상
2022061400100046,2022년 6월 14일 06시,화요일,경상북도 구미시 옥성면,사망사고,1,0,1,0,차량단독 - 공작물충돌,안전운전불이행,젖음/습기,흐림,단일로 - 기타,승용,남,60세,경상,,,,
2022061400100067,2022년 6월 14일 07시,화요일,경상북도 상주시 남성동,중상사고,0,1,0,0,차대사람 - 횡단중,안전운전불이행,건조,맑음,교차로 - 교차로부근,화물,남,51세,상해없음,보행자,남,84세,중상
2022061400100068,2022년 6월 14일 07시,화요일,경상북도 영천시 서산동,경상사고,0,0,2,0,차대차 - 기타,중앙선침범,젖음/습기,비,단일로 - 기타,승용,남,74세,경상,화물,남,69세,경상
2022061400100107,2022년 6월 14일 08시,화요일,경상북도 포항시 북구 우현동,중상사고,0,1,0,0,차대차 - 측면충돌,안전운전불이행,젖음/습기,비,교차로 - 교차로부근,승용,여,26세,상해없음,승용,여,31세,중상
2022061400100108,2022년 6월 14일 08시,화요일,경상북도 영주시 영주동,중상사고,0,1,0,0,차대차 - 측면충돌,직진우회전진행방해,건조,맑음,교차로 - 교차로안,이륜,남,82세,중상,승용,남,62세,상해없음
2022061400100109,2022년 6월 14일 08시,화요일,경상북도 포항시 남구 오천읍,부상신고사고,0,0,0,3,차대차 - 측면충돌,안전운전불이행,건조,맑음,교차로 - 교차로안,승용,남,38세,상해없음,승용,여,36세,부상신고
2022061400100110,2022년 6월 14일 08시,화요일,경상북도 포항시 남구 송내동,경상사고,0,0,1,0,차대차 - 측면충돌,안전거리미확보,젖음/습기,비,교차로 - 교차로부근,승용,남,75세,상해없음,승용,남,53세,경상
2022061400100188,2022년 6월 14일 10시,화요일,경상북도 구미시 원평동,경상사고,0,0,1,0,차대차 - 측면충돌,안전운전불이행,젖음/습기,비,교차로 - 교차로부근,승용,남,70세,상해없음,승용,여,41세,경상
2022061400100220,2022년 6월 14일 11시,화요일,경상북도 영천시 조교동,경상사고,0,0,1,0,차량단독 - 공작물충돌,안전운전불이행,젖음/습기,비,교차로 - 교차로안,승용,남,66세,상해없음,,,,
2022061400100221,2022년 6월 14일 11시,화요일,경상북도 구미시 진평동,경상사고,0,0,1,0,차대차 - 측면충돌,기타,젖음/습기,비,교차로 - 교차로안,승용,남,21세,상해없음,이륜,남,36세,경상
2022061400100254,2022년 6월 14일 12시,화요일,경상북도 경주시 건천읍,중상사고,0,1,0,0,차대차 - 측면충돌,신호위반,젖음/습기,비,교차로 - 교차로안,화물,남,50세,상해없음,승용,여,61세,중상
2022061400100255,2022년 6월 14일 12시,화요일,경상북도 구미시 원평동,경상사고,0,0,1,0,차대차 - 기타,안전운전불이행,젖음/습기,비,교차로 - 교차로부근,승용,여,62세,상해없음,승용,여,73세,경상
2022061400100281,2022년 6월 14일 13시,화요일,경상북도 경주시 용강동,경상사고,0,0,1,0,차대사람 - 길가장자리구역통행중,안전운전불이행,젖음/습기,비,단일로 - 기타,승용,여,65세,상해없음,보행자,남,66세,경상
2022061400100282,2022년 6월 14일 13시,화요일,경상북도 칠곡군 지천면,경상사고,0,0,3,0,차대차 - 추돌,안전운전불이행,젖음/습기,비,단일로 - 기타,건설기계,남,54세,상해없음,승합,남,59세,경상
2022061400100318,2022년 6월 14일 14시,화요일,경상북도 포항시 북구 죽도동,경상사고,0,0,3,0,차대차 - 측면충돌,안전운전불이행,젖음/습기,비,기타 - 기타,승용,남,51세,상해없음,승용,남,59세,경상
2022061400100342,2022년 6월 14일 15시,화요일,경상북도 경주시 외동읍,경상사고,0,0,1,0,차대차 - 측면충돌,안전운전불이행,젖음/습기,비,단일로 - 기타,승용,남,22세,상해없음,승용,남,42세,경상
2022061400100395,2022년 6월 14일 16시,화요일,경상북도 영주시 휴천동,경상사고,0,0,1,0,차대사람 - 횡단중,교차로운행방법위반,젖음/습기,비,교차로 - 교차로안,승용,남,19세,기타불명,보행자,여,84세,경상
2022061400100396,2022년 6월 14일 16시,화요일,경상북도 포항시 남구 오천읍,경상사고,0,0,1,1,차대차 - 추돌,안전운전불이행,젖음/습기,비,단일로 - 지하차도(도로)내,승용,여,46세,경상,승용,남,45세,기타불명
2022061400100429,2022년 6월 14일 17시,화요일,경상북도 영천시 화산면,중상사고,0,1,0,0,차대사람 - 기타,안전운전불이행,건조,맑음,단일로 - 기타,건설기계,남,70세,상해없음,보행자,남,62세,중상
2022061400100472,2022년 6월 14일 18시,화요일,경상북도 영주시 단산면,부상신고사고,0,0,0,1,차대차 - 측면충돌,안전운전불이행,건조,맑음,단일로 - 기타,승용,여,61세,부상신고,화물,남,62세,상해없음
2022061400100500,2022년 6월 14일 19시,화요일,경상북도 경산시 압량읍,중상사고,0,1,0,0,차대차 - 정면충돌,중앙선침범,젖음/습기,비,단일로 - 기타,승용,남,59세,상해없음,승용,남,31세,중상
2022061400100533,2022년 6월 14일 20시,화요일,경상북도 경산시 정평동,경상사고,0,0,1,0,차대차 - 측면충돌,교차로운행방법위반,건조,맑음,교차로 - 교차로안,승용,남,36세,상해없음,자전거,남,74세,경상
2022061400100534,2022년 6월 14일 20시,화요일,경상북도 경산시 진량읍,중상사고,0,1,1,1,차대차 - 측면충돌,안전운전불이행,건조,맑음,단일로 - 기타,화물,남,58세,부상신고,승용,여,50세,상해없음
2022061400100535,2022년 6월 14일 20시,화요일,경상북도 포항시 남구 연일읍,부상신고사고,0,0,0,1,차량단독 - 전도전복 - 전도,안전운전불이행,젖음/습기,비,단일로 - 기타,승용,남,35세,부상신고,,,,
2022061400100557,2022년 6월 14일 21시,화요일,경상북도 포항시 남구 상도동,경상사고,0,0,1,0,차대차 - 기타,안전운전불이행,젖음/습기,비,교차로 - 교차로부근,승용,남,26세,상해없음,승합,남,56세,상해없음
2022061400100579,2022년 6월 14일 22시,화요일,경상북도 경산시 하양읍,경상사고,0,0,2,0,차대차 - 추돌,안전운전불이행,건조,맑음,교차로 - 교차로부근,승용,남,43세,상해없음,승용,남,52세,경상
2022061400100580,2022년 6월 14일 22시,화요일,경상북도 김천시 봉산면,경상사고,0,0,1,0,차대차 - 추돌,안전운전불이행,젖음/습기,비,단일로 - 기타,화물,남,41세,상해없음,화물,남,64세,경상
2022061500100025,2022년 6월 15일 02시,수요일,경상북도 포항시 북구 우현동,중상사고,0,2,0,0,차대차 - 측면충돌,신호위반,젖음/습기,흐림,교차로 - 교차로안,승용,남,58세,중상,승용,남,64세,중상
2022061500100034,2022년 6월 15일 04시,수요일,경상북도 경산시 백천동,부상신고사고,0,0,0,1,차량단독 - 공작물충돌,기타,젖음/습기,비,단일로 - 기타,승용,여,31세,부상신고,,,,
2022061500100064,2022년 6월 15일 07시,수요일,경상북도 구미시 옥계동,경상사고,0,0,2,0,차대차 - 측면충돌,신호위반,건조,흐림,교차로 - 교차로안,승용,남,33세,상해없음,승용,남,48세,경상
2022061500100106,2022년 6월 15일 08시,수요일,경상북도 경산시 옥곡동,중상사고,0,1,0,0,차대사람 - 횡단중,보행자보호의무위반,건조,맑음,단일로 - 지하차도(도로)내,승용,여,55세,상해없음,보행자,여,51세,중상
2022061500100137,2022년 6월 15일 09시,수요일,경상북도 경산시 중산동,중상사고,0,1,0,0,차대차 - 기타,신호위반,건조,맑음,교차로 - 교차로부근,승용,여,52세,상해없음,승용,남,52세,중상
2022061500100138,2022년 6월 15일 09시,수요일,경상북도 구미시 구평동,경상사고,0,0,1,0,차대차 - 기타,안전운전불이행,건조,맑음,기타 - 기타,승용,여,43세,상해없음,승용,여,53세,경상
2022061500100139,2022년 6월 15일 09시,수요일,경상북도 포항시 남구 상도동,경상사고,0,0,1,0,차대차 - 기타,안전운전불이행,건조,맑음,단일로 - 기타,승합,여,54세,상해없음,화물,기타불명,미분류,기타불명
2022061500100162,2022년 6월 15일 10시,수요일,경상북도 경주시 안강읍,경상사고,0,0,4,0,차대차 - 측면충돌,기타,건조,맑음,단일로 - 기타,화물,남,40세,기타불명,승용,여,43세,경상
2022061500100195,2022년 6월 15일 11시,수요일,경상북도 경주시 외동읍,경상사고,0,0,2,0,차대차 - 기타,중앙선침범,건조,맑음,단일로 - 기타,화물,남,60세,상해없음,승용,남,32세,경상
2022061500100196,2022년 6월 15일 11시,수요일,경상북도 구미시 봉곡동,경상사고,0,0,1,2,차대차 - 측면충돌,교차로운행방법위반,젖음/습기,비,교차로 - 교차로안,승용,여,31세,부상신고,승용,여,65세,경상
2022061500100227,2022년 6월 15일 12시,수요일,경상북도 구미시 선산읍,사망사고,1,0,0,0,차대차 - 기타,안전운전불이행,건조,맑음,교차로 - 교차로안,화물,남,61세,상해없음,이륜,남,81세,사망
2022061500100228,2022년 6월 15일 12시,수요일,경상북도 구미시 공단동,경상사고,0,0,1,0,차대차 - 기타,안전운전불이행,건조,맑음,기타 - 기타,개인형이동수단(PM),남,49세,경상,승용,남,51세,상해없음
2022061500100256,2022년 6월 15일 13시,수요일,경상북도 울진군 울진읍,경상사고,0,0,1,0,차대사람 - 기타,안전운전불이행,건조,맑음,교차로 - 교차로부근,승용,남,67세,상해없음,보행자,여,65세,경상
2022061500100286,2022년 6월 15일 14시,수요일,경상북도 칠곡군 북삼읍,중상사고,0,1,0,0,차대차 - 측면충돌,교차로운행방법위반,건조,맑음,교차로 - 교차로안,승용,남,48세,상해없음,승용,여,62세,중상
2022061500100287,2022년 6월 15일 14시,수요일,경상북도 포항시 남구 대도동,경상사고,0,0,1,0,차대차 - 측면충돌,안전운전불이행,건조,맑음,단일로 - 기타,승용,여,40세,상해없음,승용,여,62세,경상
2022061500100307,2022년 6월 15일 15시,수요일,경상북도 구미시 임수동,경상사고,0,0,1,0,차대차 - 측면충돌,안전운전불이행,건조,맑음,교차로 - 교차로안,승용,여,40세,상해없음,자전거,남,35세,경상
2022061500100308,2022년 6월 15일 15시,수요일,경상북도 포항시 남구 구룡포읍,중상사고,0,1,0,0,차량단독 - 도로외이탈 - 추락,안전운전불이행,건조,맑음,단일로 - 지하차도(도로)내,이륜,남,63세,중상,,,,
2022061500100362,2022년 6월 15일 16시,수요일,경상북도 경주시 문무대왕면,중상사고,0,3,1,0,차대차 - 측면충돌,안전운전불이행,건조,맑음,교차로 - 교차로부근,승용,남,55세,상해없음,승용,여,45세,중상
2022061500100363,2022년 6월 15일 16시,수요일,경상북도 포항시 북구 죽도동,경상사고,0,0,1,0,차대차 - 측면충돌,안전운전불이행,건조,맑음,단일로 - 기타,승용,남,54세,상해없음,자전거,남,77세,경상
2022061500100364,2022년 6월 15일 16시,수요일,경상북도 포항시 북구 청하면,경상사고,0,0,1,0,차대차 - 추돌,안전운전불이행,건조,맑음,교차로 - 교차로부근,승용,남,21세,상해없음,승용,여,63세,경상
2022061500100365,2022년 6월 15일 16시,수요일,경상북도 안동시 옥동,경상사고,0,0,2,0,차대차 - 측면충돌,안전운전불이행,건조,맑음,교차로 - 교차로안,승용,여,55세,경상,승용,여,29세,경상