사고번호,사고일시,요일,시군구,사고내용,사망자수,중상자수,경상자수,부상신고자수,사고유형,법규위반,노면상태,기상상태,도로형태,가해운전자 차종,가해운전자 성별,가해운전자 연령,가해운전자 상해정도,피해운전자 차종,피해운전자 성별,피해운전자 연령,피해운전자 상해정도
2022062300100157,2022년 6월 23일 09시,목요일,경상북도 포항시 남구 대도동,경상사고,0,0,1,0,차대차 - 측면충돌,안전운전불이행,건조,맑음,교차로 - 교차로안,승용,여,45세,상해없음,승용,여,53세,경상
2022062300100185,2022년 6월 23일 10시,목요일,경상북도 청도군 각북면,중상사고,0,1,0,0,차대차 - 정면충돌,중앙선침범,건조,맑음,단일로 - 기타,승용,여,60세,상해없음,승합,여,31세,중상
2022062300100186,2022년 6월 23일 10시,목요일,경상북도 구미시 상모동,경상사고,0,0,1,0,차대차 - 측면충돌,안전운전불이행,건조,맑음,교차로 - 교차로부근,이륜,남,66세,경상,승용,남,54세,상해없음
2022062300100187,2022년 6월 23일 10시,목요일,경상북도 구미시 공단동,경상사고,0,0,1,0,차대차 - 기타,안전운전불이행,건조,맑음,주차장 - 주차장,승용,여,36세,상해없음,승용,남,44세,경상
2022062300100210,2022년 6월 23일 11시,목요일,경상북도 영주시 휴천동,중상사고,0,1,0,0,차대차 - 측면충돌,교차로운행방법위반,젖음/습기,비,교차로 - 교차로안,화물,남,35세,상해없음,이륜,남,51세,중상
2022062300100211,2022년 6월 23일 11시,목요일,경상북도 영덕군 영해면,경상사고,0,0,1,2,차대차 - 기타,안전운전불이행,건조,맑음,단일로 - 기타,승합,남,69세,상해없음,화물,남,32세,상해없음
2022062300100240,2022년 6월 23일 12시,목요일,경상북도 구미시 상모동,경상사고,0,0,1,0,차대사람 - 횡단중,안전운전불이행,건조,맑음,단일로 - 기타,이륜,남,50세,상해없음,보행자,남,24세,경상
2022062300100241,2022년 6월 23일 12시,목요일,경상북도 포항시 남구 동촌동,경상사고,0,0,1,0,차대차 - 측면충돌,안전운전불이행,건조,맑음,교차로 - 교차로횡단보도내,자전거,남,68세,경상,승용,남,36세,상해없음
2022062300100274,2022년 6월 23일 13시,목요일,경상북도 경주시 외동읍,중상사고,0,1,1,0,차대차 - 정면충돌,중앙선침범,건조,맑음,단일로 - 기타,화물,남,66세,상해없음,화물,남,45세,경상
2022062300100275,2022년 6월 23일 13시,목요일,경상북도 봉화군 봉화읍,경상사고,0,0,1,0,차대차 - 기타,교차로운행방법위반,건조,맑음,교차로 - 교차로안,화물,남,66세,상해없음,이륜,남,83세,경상
2022062300100276,2022년 6월 23일 13시,목요일,경상북도 구미시 장천면,경상사고,0,0,1,0,차대차 - 추돌,안전운전불이행,건조,맑음,단일로 - 기타,승용,남,41세,상해없음,승용,여,36세,경상
2022062300100333,2022년 6월 23일 15시,목요일,경상북도 안동시 남선면,중상사고,0,2,0,0,차량단독 - 공작물충돌,안전운전불이행,건조,맑음,단일로 - 기타,승용,남,75세,중상,,,,
2022062300100334,2022년 6월 23일 15시,목요일,경상북도 구미시 봉곡동,경상사고,0,0,3,0,차대차 - 기타,안전운전불이행,건조,맑음,단일로 - 기타,승용,여,67세,기타불명,승용,남,42세,경상
2022062300100335,2022년 6월 23일 15시,목요일,경상북도 포항시 남구 오천읍,중상사고,0,1,0,0,차량단독 - 기타,안전운전불이행,건조,맑음,단일로 - 기타,승합,남,58세,상해없음,,,,
2022062300100367,2022년 6월 23일 16시,목요일,경상북도 김천시 신음동,경상사고,0,0,2,0,차대차 - 측면충돌,안전운전불이행,건조,맑음,교차로 - 교차로안,승용,여,54세,상해없음,승용,여,44세,경상
2022062300100368,2022년 6월 23일 16시,목요일,경상북도 구미시 진평동,중상사고,0,1,0,0,차대차 - 기타,안전운전불이행,건조,맑음,교차로 - 교차로안,개인형이동수단(PM),여,45세,중상,이륜,남,30세,상해없음
2022062300100406,2022년 6월 23일 17시,목요일,경상북도 경산시 조영동,경상사고,0,0,1,0,차대차 - 추돌,안전거리미확보,건조,맑음,교차로 - 교차로안,승용,남,52세,상해없음,승용,남,25세,경상
2022062300100407,2022년 6월 23일 17시,목요일,경상북도 구미시 사곡동,중상사고,0,1,0,0,차대차 - 기타,교차로운행방법위반,건조,맑음,교차로 - 교차로안,승용,남,61세,상해없음,이륜,남,36세,중상
2022062300100408,2022년 6월 23일 17시,목요일,경상북도 포항시 남구 상도동,경상사고,0,0,1,0,차대사람 - 길가장자리구역통행중,안전운전불이행,젖음/습기,흐림,단일로 - 지하차도(도로)내,승용,남,55세,상해없음,보행자,남,20세,경상
2022062300100458,2022년 6월 23일 18시,목요일,경상북도 안동시 옥동,경상사고,0,0,3,0,차대차 - 추돌,안전운전불이행,건조,맑음,단일로 - 기타,승용,여,57세,상해없음,승용,여,59세,경상
2022062300100459,2022년 6월 23일 18시,목요일,경상북도 경산시 압량읍,경상사고,0,0,1,0,차대차 - 추돌,안전운전불이행,건조,맑음,단일로 - 기타,승용,여,60세,상해없음,승용,남,44세,경상
2022062300100460,2022년 6월 23일 18시,목요일,경상북도 성주군 성주읍,경상사고,0,0,1,0,차대차 - 측면충돌,안전운전불이행,건조,맑음,단일로 - 기타,승용,남,77세,상해없음,승용,여,21세,경상
2022062300100506,2022년 6월 23일 19시,목요일,경상북도 안동시 옥동,경상사고,0,0,1,0,차대사람 - 횡단중,보행자보호의무위반,건조,맑음,단일로 - 기타,승용,남,64세,상해없음,보행자,남,8세,경상
2022062300100543,2022년 6월 23일 20시,목요일,경상북도 칠곡군 왜관읍,경상사고,0,0,1,0,차대차 - 기타,교차로운행방법위반,건조,맑음,교차로 - 교차로안,승용,남,49세,상해없음,승합,남,60세,상해없음
2022062300100544,2022년 6월 23일 20시,목요일,경상북도 청도군 청도읍,경상사고,0,0,1,0,차대차 - 측면충돌,직진우회전진행방해,건조,맑음,교차로 - 교차로안,이륜,남,15세,경상,승용,여,41세,상해없음
2022062300100591,2022년 6월 23일 21시,목요일,경상북도 경주시 문무대왕면,중상사고,0,1,0,0,차량단독 - 공작물충돌,안전운전불이행,건조,맑음,교차로 - 교차로부근,승용,남,38세,상해없음,,,,
2022062300100592,2022년 6월 23일 21시,목요일,경상북도 영천시 망정동,중상사고,0,1,0,0,차량단독 - 공작물충돌,안전운전불이행,건조,맑음,단일로 - 기타,이륜,남,56세,중상,,,,
2022062300100625,2022년 6월 23일 22시,목요일,경상북도 영덕군 강구면,경상사고,0,0,1,0,차대차 - 기타,중앙선침범,건조,맑음,단일로 - 기타,화물,남,57세,상해없음,승용,남,49세,상해없음
2022062300100626,2022년 6월 23일 22시,목요일,경상북도 구미시 옥계동,중상사고,0,1,0,0,차대차 - 정면충돌,중앙선침범,젖음/습기,비,단일로 - 기타,승용,남,29세,상해없음,승용,여,42세,중상
2022062300100627,2022년 6월 23일 22시,목요일,경상북도 성주군 초전면,중상사고,0,2,0,1,차대차 - 추돌,안전운전불이행,젖음/습기,비,단일로 - 기타,화물,남,58세,상해없음,화물,남,38세,중상
2022062300100655,2022년 6월 23일 23시,목요일,경상북도 문경시 점촌동,경상사고,0,0,1,0,차대사람 - 보도통행중,기타,건조,기타,교차로 - 교차로부근,승용,여,42세,상해없음,보행자,남,26세,경상
2022062400100079,2022년 6월 24일 06시,금요일,경상북도 예천군 효자면,사망사고,1,0,0,0,차량단독 - 공작물충돌,안전운전불이행,젖음/습기,흐림,단일로 - 기타,화물,남,75세,사망,,,,
2022062400100095,2022년 6월 24일 07시,금요일,경상북도 칠곡군 약목면,중상사고,0,1,0,0,차대차 - 측면충돌,안전운전불이행,젖음/습기,비,교차로 - 교차로부근,화물,남,62세,상해없음,이륜,남,59세,중상
2022062400100122,2022년 6월 24일 08시,금요일,경상북도 포항시 북구 우현동,경상사고,0,0,1,0,차대사람 - 기타,안전운전불이행,건조,맑음,단일로 - 기타,승용,여,26세,상해없음,보행자,여,11세,경상
2022062400100123,2022년 6월 24일 08시,금요일,경상북도 김천시 신음동,경상사고,0,0,3,0,차대차 - 측면충돌,신호위반,건조,흐림,교차로 - 교차로안,승용,남,71세,경상,승용,여,30세,경상
2022062400100124,2022년 6월 24일 08시,금요일,경상북도 예천군 지보면,경상사고,0,0,1,0,차대차 - 정면충돌,직진우회전진행방해,젖음/습기,흐림,교차로 - 교차로안,건설기계,남,56세,상해없음,화물,남,58세,경상
2022062400100192,2022년 6월 24일 10시,금요일,경상북도 영천시 문외동,경상사고,0,0,1,0,차대사람 - 차도통행중,안전운전불이행,건조,맑음,교차로 - 교차로부근,승용,여,73세,상해없음,보행자,남,20세,경상
2022062400100215,2022년 6월 24일 11시,금요일,경상북도 경주시 현곡면,중상사고,0,1,0,0,차대차 - 측면충돌,중앙선침범,건조,맑음,단일로 - 기타,화물,남,41세,상해없음,승용,남,69세,중상
2022062400100216,2022년 6월 24일 11시,금요일,경상북도 포항시 북구 용흥동,경상사고,0,0,1,0,차대차 - 측면충돌,안전운전불이행,건조,맑음,기타 - 기타,이륜,남,68세,상해없음,화물,남,52세,상해없음
2022062400100236,2022년 6월 24일 12시,금요일,경상북도 김천시 율곡동,경상사고,0,0,1,0,차대차 - 측면충돌,안전운전불이행,건조,맑음,교차로 - 교차로횡단보도내,승용,남,50세,상해없음,승용,남,63세,상해없음
2022062400100269,2022년 6월 24일 13시,금요일,경상북도 상주시 함창읍,경상사고,0,0,1,0,차대차 - 측면충돌,직진우회전진행방해,건조,맑음,교차로 - 교차로안,승용,남,81세,상해없음,승용,남,32세,경상
2022062400100270,2022년 6월 24일 13시,금요일,경상북도 포항시 남구 송도동,경상사고,0,0,1,0,차대차 - 측면충돌,중앙선침범,건조,맑음,단일로 - 기타,승합,남,81세,상해없음,승용,여,59세,경상
2022062400100271,2022년 6월 24일 13시,금요일,경상북도 상주시 낙동면,중상사고,0,1,0,0,차대차 - 추돌,안전운전불이행,건조,맑음,단일로 - 기타,승합,남,22세,상해없음,승용,여,42세,중상
2022062400100272,2022년 6월 24일 13시,금요일,경상북도 군위군 산성면,경상사고,0,0,3,0,차대차 - 기타,안전운전불이행,건조,맑음,단일로 - 기타,특수,남,61세,상해없음,승용,남,37세,경상
2022062400100307,2022년 6월 24일 14시,금요일,경상북도 영덕군 강구면,경상사고,0,0,1,0,차대차 - 추돌,안전거리미확보,건조,맑음,교차로 - 교차로부근,화물,남,51세,상해없음,승용,남,31세,경상
2022062400100308,2022년 6월 24일 14시,금요일,경상북도 청도군 청도읍,경상사고,0,0,1,0,차대차 - 정면충돌,안전운전불이행,건조,맑음,단일로 - 기타,화물,남,65세,상해없음,이륜,남,79세,경상
2022062400100309,2022년 6월 24일 14시,금요일,경상북도 구미시 선산읍,경상사고,0,0,1,0,차대차 - 측면충돌,안전운전불이행,건조,맑음,교차로 - 교차로안,승용,여,45세,상해없음,승용,여,36세,경상
2022062400100310,2022년 6월 24일 14시,금요일,경상북도 포항시 남구 장기면,경상사고,0,0,5,0,차대차 - 측면충돌,중앙선침범,건조,맑음,단일로 - 기타,승용,여,55세,경상,승용,남,19세,경상
2022062400100336,2022년 6월 24일 15시,금요일,경상북도 포항시 북구 흥해읍,경상사고,0,0,1,0,차대차 - 기타,기타,건조,맑음,단일로 - 기타,기타불명,기타불명,미분류,기타불명,승용,남,36세,경상
2022062400100337,2022년 6월 24일 15시,금요일,경상북도 칠곡군 약목면,중상사고,0,1,0,0,차량단독 - 전도전복 - 전도,안전운전불이행,건조,맑음,단일로 - 기타,자전거,여,55세,중상,,,,
2022062400100380,2022년 6월 24일 16시,금요일,경상북도 구미시 원평동,경상사고,0,0,1,0,차대사람 - 차도통행중,안전운전불이행,건조,맑음,단일로 - 기타,승용,여,65세,상해없음,보행자,남,73세,경상
2022062400100381,2022년 6월 24일 16시,금요일,경상북도 상주시 사벌국면,경상사고,0,0,1,0,차대차 - 추돌,안전운전불이행,건조,맑음,단일로 - 기타,승용,남,33세,상해없음,승용,남,26세,상해없음
2022062400100443,2022년 6월 24일 17시,금요일,경상북도 칠곡군 북삼읍,경상사고,0,0,1,2,차대차 - 측면충돌,기타,건조,맑음,교차로 - 교차로안,승용,남,56세,상해없음,승용,남,76세,부상신고
2022062400100444,2022년 6월 24일 17시,금요일,경상북도 구미시 황상동,중상사고,0,1,0,0,차대사람 - 횡단중,보행자보호의무위반,건조,맑음,교차로 - 교차로안,승용,남,28세,상해없음,보행자,여,52세,중상
2022062400100445,2022년 6월 24일 17시,금요일,경상북도 상주시 사벌국면,중상사고,0,3,4,0,차대차 - 추돌,안전운전불이행,건조,맑음,단일로 - 기타,승합,남,37세,상해없음,승용,남,32세,중상
2022062400100446,2022년 6월 24일 17시,금요일,경상북도 문경시 유곡동,경상사고,0,0,1,1,차대차 - 기타,안전운전불이행,건조,맑음,기타 - 기타,화물,남,68세,부상신고,승용,여,59세,경상
2022062400100484,2022년 6월 24일 18시,금요일,경상북도 김천시 개령면,경상사고,0,0,1,0,차대차 - 측면충돌,중앙선침범,건조,맑음,단일로 - 기타,승용,여,58세,상해없음,승용,여,46세,경상
2022062400100485,2022년 6월 24일 18시,금요일,경상북도 칠곡군 왜관읍,중상사고,0,1,0,0,차대사람 - 횡단중,보행자보호의무위반,건조,맑음,교차로 - 교차로횡단보도내,승용,남,22세,상해없음,보행자,남,83세,중상
2022062400100486,2022년 6월 24일 18시,금요일,경상북도 칠곡군 동명면,경상사고,0,0,1,0,차대차 - 추돌,안전운전불이행,건조,맑음,단일로 - 기타,승용,남,55세,상해없음,승용,남,44세,경상
2022062400100487,2022년 6월 24일 18시,금요일,경상북도 포항시 남구 상도동,경상사고,0,0,1,0,차대차 - 기타,안전운전불이행,건조,맑음,단일로 - 지하차도(도로)내,이륜,남,18세,경상,승용,남,47세,상해없음
2022062400100526,2022년 6월 24일 19시,금요일,경상북도 문경시 흥덕동,경상사고,0,0,2,0,차대차 - 측면충돌,안전운전불이행,건조,맑음,단일로 - 기타,승용,남,45세,상해없음,승용,남,78세,경상
2022062400100527,2022년 6월 24일 19시,금요일,경상북도 영덕군 강구면,경상사고,0,0,7,0,차대차 - 정면충돌,중앙선침범,건조,맑음,단일로 - 기타,승용,남,33세,상해없음,승용,남,41세,경상
2022062400100528,2022년 6월 24일 19시,금요일,경상북도 포항시 남구 오천읍,경상사고,0,0,1,0,차대차 - 측면충돌,중앙선침범,건조,맑음,단일로 - 기타,승용,여,66세,상해없음,승용,여,37세,경상
2022062400100555,2022년 6월 24일 20시,금요일,경상북도 경산시 사동,중상사고,0,1,2,0,차대차 - 추돌,안전운전불이행,건조,맑음,교차로 - 교차로부근,승용,남,47세,상해없음,승용,남,34세,중상
2022062400100556,2022년 6월 24일 20시,금요일,경상북도 청송군 안덕면,경상사고,0,0,1,0,차대차 - 추돌,안전운전불이행,건조,맑음,단일로 - 지하차도(도로)내,승용,여,62세,상해없음,농기계,남,40세,경상
2022062400100557,2022년 6월 24일 20시,금요일,경상북도 구미시 고아읍,중상사고,0,1,0,0,차대차 - 기타,안전운전불이행,건조,맑음,교차로 - 교차로횡단보도내,승용,여,56세,상해없음,개인형이동수단(PM),남,12세,중상
2022062400100588,2022년 6월 24일 21시,금요일,경상북도 안동시 옥동,중상사고,0,1,0,0,차대차 - 추돌,안전운전불이행,건조,맑음,단일로 - 기타,승용,남,65세,상해없음,승용,남,60세,중상
2022062400100589,2022년 6월 24일 21시,금요일,경상북도 구미시 송정동,중상사고,0,1,0,0,차대사람 - 횡단중,보행자보호의무위반,건조,맑음,교차로 - 교차로횡단보도내,승용,남,58세,상해없음,보행자,여,65세,중상
2022062400100609,2022년 6월 24일 22시,금요일,경상북도 포항시 북구 양덕동,경상사고,0,0,1,0,차대차 - 후진중충돌,안전운전불이행,건조,맑음,교차로 - 교차로부근,승용,남,64세,상해없음,이륜,남,41세,경상
2022062400100628,2022년 6월 24일 23시,금요일,경상북도 포항시 북구 죽도동,중상사고,0,1,0,0,차대차 - 추돌,안전운전불이행,건조,맑음,교차로 - 교차로부근,승용,여,52세,상해없음,승용,남,58세,중상
2022062400100629,2022년 6월 24일 23시,금요일,경상북도 안동시 송현동,경상사고,0,0,1,0,차량단독 - 기타,안전운전불이행,건조,맑음,단일로 - 기타,개인형이동수단(PM),남,22세,경상,,,,
2022062500100007,2022년 6월 25일 00시,토요일,경상북도 영주시 문정동,경상사고,0,0,1,0,차대차 - 추돌,안전운전불이행,건조,맑음,교차로 - 교차로부근,화물,남,66세,상해없음,승용,남,27세,경상
2022062500100008,2022년 6월 25일 00시,토요일,경상북도 구미시 고아읍,경상사고,0,0,1,0,차량단독 - 전도전복 - 전도,안전운전불이행,건조,맑음,단일로 - 기타,개인형이동수단(PM),남,34세,경상,,,,
2022062500100009,2022년 6월 25일 00시,토요일,경상북도 구미시 지산동,경상사고,0,0,2,0,차대차 - 추돌,안전운전불이행,건조,맑음,교차로 - 교차로부근,승용,남,50세,상해없음,승용,남,58세,경상
2022062500100040,2022년 6월 25일 03시,토요일,경상북도 경산시 중산동,경상사고,0,0,1,0,차대차 - 후진중충돌,안전운전불이행,건조,맑음,교차로 - 교차로부근,승용,여,58세,상해없음,승용,남,40세,경상
2022062500100057,2022년 6월 25일 05시,토요일,경상북도 예천군 지보면,중상사고,0,1,0,0,차대차 - 측면충돌,신호위반,건조,맑음,교차로 - 교차로안,이륜,남,67세,중상,승용,남,55세,상해없음
2022062500100068,2022년 6월 25일 06시,토요일,경상북도 칠곡군 석적읍,중상사고,0,2,0,0,차대차 - 측면충돌,안전운전불이행,건조,맑음,기타 - 기타,자전거,여,62세,중상,자전거,여,60세,중상
2022062500100097,2022년 6월 25일 08시,토요일,경상북도 영덕군 강구면,중상사고,0,2,0,0,차량단독 - 공작물충돌,안전운전불이행,건조,맑음,단일로 - 기타,화물,남,51세,중상,,,,
2022062500100127,2022년 6월 25일 09시,토요일,경상북도 김천시 율곡동,경상사고,0,0,2,0,차대차 - 측면충돌,안전거리미확보,건조,맑음,단일로 - 기타,승용,여,25세,상해없음,승용,남,39세,경상
2022062500100128,2022년 6월 25일 09시,토요일,경상북도 칠곡군 가산면,경상사고,0,0,2,0,차대차 - 추돌,안전거리미확보,건조,맑음,단일로 - 기타,승용,남,66세,경상,승용,여,51세,경상
2022062500100163,2022년 6월 25일 10시,토요일,경상북도 경주시 외동읍,경상사고,0,0,1,0,차량단독 - 공작물충돌,안전운전불이행,건조,맑음,단일로 - 기타,화물,남,66세,경상,,,,
2022062500100164,2022년 6월 25일 10시,토요일,경상북도 구미시 도량동,경상사고,0,0,1,0,차대차 - 기타,교차로운행방법위반,건조,맑음,교차로 - 교차로안,승용,여,79세,상해없음,승용,남,22세,경상
2022062500100207,2022년 6월 25일 11시,토요일,경상북도 경주시 현곡면,경상사고,0,0,1,0,차대차 - 기타,안전운전불이행,건조,맑음,교차로 - 교차로안,이륜,남,74세,경상,승용,남,31세,상해없음
2022062500100208,2022년 6월 25일 11시,토요일,경상북도 칠곡군 약목면,경상사고,0,0,3,0,차대차 - 측면충돌,기타,건조,맑음,교차로 - 교차로안,승용,남,27세,경상,승용,여,34세,경상
2022062500100209,2022년 6월 25일 11시,토요일,경상북도 경산시 중방동,경상사고,0,0,2,0,차대차 - 측면충돌,안전운전불이행,건조,맑음,교차로 - 교차로안,승용,여,36세,상해없음,승용,여,45세,경상
2022062500100301,2022년 6월 25일 13시,토요일,경상북도 의성군 단촌면,중상사고,0,1,1,0,차대차 - 추돌,안전운전불이행,건조,맑음,단일로 - 기타,승용,남,81세,경상,화물,남,40세,상해없음
2022062500100302,2022년 6월 25일 13시,토요일,경상북도 의성군 비안면,경상사고,0,0,1,0,차량단독 - 공작물충돌,안전운전불이행,건조,맑음,교차로 - 교차로안,사륜오토바이(ATV),남,57세,경상,,,,
2022062500100303,2022년 6월 25일 13시,토요일,경상북도 김천시 아포읍,중상사고,0,1,1,0,차대차 - 추돌,안전운전불이행,건조,맑음,단일로 - 기타,승용,남,29세,상해없음,승용,남,29세,중상
2022062500100348,2022년 6월 25일 14시,토요일,경상북도 안동시 옥동,경상사고,0,0,1,0,차대차 - 정면충돌,직진우회전진행방해,건조,맑음,교차로 - 교차로부근,승용,남,63세,기타불명,이륜,여,22세,경상
2022062500100349,2022년 6월 25일 14시,토요일,경상북도 영덕군 영해면,경상사고,0,0,1,0,차량단독 - 공작물충돌,안전운전불이행,건조,맑음,단일로 - 기타,승용,여,53세,경상,,,,
2022062500100350,2022년 6월 25일 14시,토요일,경상북도 고령군 대가야읍,경상사고,0,0,2,0,차대차 - 측면충돌,안전운전불이행,건조,맑음,교차로 - 교차로안,특수,남,56세,기타불명,승용,남,29세,경상
2022062500100389,2022년 6월 25일 15시,토요일,경상북도 구미시 인의동,경상사고,0,0,1,0,차대차 - 기타,안전운전불이행,건조,맑음,교차로 - 교차로부근,승용,남,63세,상해없음,승용,여,45세,경상
2022062500100390,2022년 6월 25일 15시,토요일,경상북도 포항시 남구 대잠동,경상사고,0,0,3,0,차대차 - 추돌,안전운전불이행,건조,맑음,교차로 - 교차로부근,승용,남,55세,상해없음,승용,남,72세,경상
2022062500100426,2022년 6월 25일 16시,토요일,경상북도 영주시 가흥동,경상사고,0,0,1,0,차대차 - 측면충돌,신호위반,건조,맑음,교차로 - 교차로안,승용,남,21세,상해없음,승용,남,79세,경상
2022062500100427,2022년 6월 25일 16시,토요일,경상북도 청송군 부남면,부상신고사고,0,0,0,1,차량단독 - 도로외이탈 - 추락,안전운전불이행,건조,맑음,단일로 - 지하차도(도로)내,승용,여,64세,부상신고,,,,
2022062500100428,2022년 6월 25일 16시,토요일,경상북도 포항시 남구 오천읍,경상사고,0,0,1,0,차대사람 - 차도통행중,안전운전불이행,건조,맑음,교차로 - 교차로부근,승용,남,81세,상해없음,보행자,남,67세,경상
2022062500100463,2022년 6월 25일 17시,토요일,경상북도 경주시 동방동,경상사고,0,0,2,0,차대차 - 측면충돌,안전운전불이행,건조,맑음,단일로 - 기타,승용,여,26세,상해없음,승용,남,29세,경상
2022062500100464,2022년 6월 25일 17시,토요일,경상북도 구미시 신평동,경상사고,0,0,2,0,차대차 - 측면충돌,안전운전불이행,건조,맑음,교차로 - 교차로안,승용,남,67세,상해없음,승용,남,50세,경상
2022062500100504,2022년 6월 25일 18시,토요일,경상북도 경주시 현곡면,경상사고,0,0,1,0,차대차 - 측면충돌,안전운전불이행,건조,맑음,단일로 - 지하차도(도로)내,승용,남,35세,상해없음,자전거,남,9세,경상
2022062500100506,2022년 6월 25일 18시,토요일,경상북도 구미시 지산동,경상사고,0,0,3,0,차대차 - 측면충돌,안전운전불이행,건조,맑음,교차로 - 교차로부근,승용,남,63세,상해없음,승용,여,53세,경상
2022062500100531,2022년 6월 25일 19시,토요일,경상북도 안동시 풍천면,중상사고,0,1,0,0,차대차 - 기타,안전운전불이행,젖음/습기,비,교차로 - 교차로안,승용,여,45세,상해없음,이륜,남,31세,중상
2022062500100532,2022년 6월 25일 19시,토요일,경상북도 포항시 남구 상도동,경상사고,0,0,5,0,차대차 - 측면충돌,신호위반,건조,맑음,교차로 - 교차로부근,승용,남,24세,상해없음,승합,남,59세,경상
2022062500100563,2022년 6월 25일 20시,토요일,경상북도 영천시 조교동,경상사고,0,0,9,0,차대차 - 측면충돌,중앙선침범,건조,맑음,단일로 - 기타,승용,남,57세,상해없음,승용,남,31세,경상
2022062500100564,2022년 6월 25일 20시,토요일,경상북도 군위군 의흥면,중상사고,0,1,0,0,차량단독 - 공작물충돌,안전운전불이행,건조,맑음,기타 - 기타,이륜,남,63세,중상,,,,
2022062500100565,2022년 6월 25일 20시,토요일,경상북도 구미시 인의동,중상사고,0,1,1,0,차대차 - 기타,신호위반,건조,맑음,교차로 - 교차로부근,승용,남,23세,상해없음,이륜,남,30세,중상
2022062500100599,2022년 6월 25일 21시,토요일,경상북도 포항시 북구 학산동,중상사고,0,1,0,0,차대차 - 측면충돌,안전운전불이행,건조,맑음,교차로 - 교차로안,승용,남,43세,상해없음,이륜,남,38세,중상
2022062500100600,2022년 6월 25일 21시,토요일,경상북도 포항시 북구 두호동,경상사고,0,0,1,0,차대차 - 측면충돌,안전거리미확보,건조,맑음,단일로 - 기타,승용,남,63세,상해없음,승용,남,56세,경상
2022062500100620,2022년 6월 25일 22시,토요일,경상북도 포항시 남구 장기면,경상사고,0,0,2,0,차대차 - 측면충돌,안전운전불이행,건조,맑음,단일로 - 기타,승용,남,48세,경상,승합,남,44세,경상
2022062600100031,2022년 6월 26일 02시,일요일,경상북도 경주시 강동면,경상사고,0,0,1,0,차대차 - 기타,안전운전불이행,건조,맑음,단일로 - 기타,승용,여,40세,상해없음,승용,남,27세,경상
2022062600100032,2022년 6월 26일 02시,일요일,경상북도 구미시 송정동,경상사고,0,0,1,0,차대차 - 측면충돌,안전운전불이행,건조,맑음,교차로 - 교차로안,승용,남,31세,상해없음,승용,남,59세,경상
2022062600100036,2022년 6월 26일 03시,일요일,경상북도 김천시 부곡동,경상사고,0,0,1,0,차대차 - 정면충돌,신호위반,건조,맑음,교차로 - 교차로안,승용,남,26세,상해없음,승용,남,35세,경상
2022062600100044,2022년 6월 26일 04시,일요일,경상북도 구미시 도개면,경상사고,0,0,1,0,차대차 - 측면충돌,안전운전불이행,건조,맑음,단일로 - 기타,특수,남,56세,상해없음,화물,남,59세,경상
2022062600100061,2022년 6월 26일 07시,일요일,경상북도 구미시 해평면,경상사고,0,0,1,0,차대차 - 측면충돌,안전거리미확보,건조,맑음,단일로 - 기타,승용,남,58세,상해없음,승용,남,54세,경상
2022062600100062,2022년 6월 26일 08시,일요일,경상북도 경산시 옥산동,중상사고,0,1,1,0,차대차 - 측면충돌,안전운전불이행,건조,맑음,단일로 - 기타,승용,여,58세,상해없음,이륜,남,48세,경상
2022062600100081,2022년 6월 26일 09시,일요일,경상북도 경산시 사동,경상사고,0,0,2,0,차대차 - 측면충돌,직진우회전진행방해,건조,맑음,교차로 - 교차로안,승용,남,25세,경상,승용,여,52세,경상
2022062600100104,2022년 6월 26일 10시,일요일,경상북도 영천시 청통면,중상사고,0,1,0,0,차대차 - 측면충돌,안전운전불이행,건조,맑음,단일로 - 기타,승용,남,65세,상해없음,사륜오토바이(ATV),여,46세,중상
2022062600100122,2022년 6월 26일 11시,일요일,경상북도 포항시 북구 흥해읍,경상사고,0,0,1,0,차대차 - 기타,안전운전불이행,건조,맑음,단일로 - 기타,승용,남,69세,상해없음,승용,여,48세,경상
2022062600100123,2022년 6월 26일 11시,일요일,경상북도 구미시 도량동,경상사고,0,0,1,0,차대차 - 측면충돌,안전운전불이행,건조,맑음,단일로 - 기타,화물,남,60세,상해없음,이륜,남,46세,경상
2022062600100142,2022년 6월 26일 12시,일요일,경상북도 경주시 건천읍,부상신고사고,0,0,0,1,차대차 - 측면충돌,중앙선침범,건조,맑음,단일로 - 기타,원동기,남,36세,부상신고,승용,남,43세,상해없음
2022062600100143,2022년 6월 26일 12시,일요일,경상북도 울진군 울진읍,중상사고,0,2,0,0,차대차 - 측면충돌,안전운전불이행,건조,맑음,단일로 - 기타,자전거,남,10세,중상,자전거,남,11세,중상
2022062600100167,2022년 6월 26일 13시,일요일,경상북도 포항시 북구 항구동,경상사고,0,0,5,0,차대차 - 측면충돌,안전운전불이행,건조,맑음,기타 - 기타,승용,남,55세,상해없음,승용,여,66세,경상
2022062600100168,2022년 6월 26일 13시,일요일,경상북도 포항시 북구 죽도동,경상사고,0,0,3,1,차대차 - 기타,교차로운행방법위반,건조,맑음,교차로 - 교차로부근,승용,남,57세,상해없음,승합,남,44세,경상
2022062600100169,2022년 6월 26일 13시,일요일,경상북도 안동시 풍산읍,경상사고,0,0,1,0,차량단독 - 공작물충돌,안전운전불이행,건조,맑음,단일로 - 기타,승용,남,40세,경상,,,,