사고번호,사고일시,요일,시군구,사고내용,사망자수,중상자수,경상자수,부상신고자수,사고유형,법규위반,노면상태,기상상태,도로형태,가해운전자 차종,가해운전자 성별,가해운전자 연령,가해운전자 상해정도,피해운전자 차종,피해운전자 성별,피해운전자 연령,피해운전자 상해정도
2022062600100188,2022년 6월 26일 14시,일요일,경상북도 김천시 평화동,경상사고,0,0,1,0,차대차 - 측면충돌,안전거리미확보,건조,맑음,단일로 - 기타,승용,여,51세,상해없음,승용,여,39세,경상
2022062600100189,2022년 6월 26일 14시,일요일,경상북도 울릉군 북면,중상사고,0,1,0,0,차대차 - 측면충돌,안전운전불이행,건조,흐림,단일로 - 기타,승합,남,66세,상해없음,원동기,남,28세,중상
2022062600100218,2022년 6월 26일 15시,일요일,경상북도 포항시 남구 장기면,중상사고,0,1,6,0,차대차 - 정면충돌,중앙선침범,건조,맑음,단일로 - 기타,승용,여,61세,경상,승용,남,55세,경상
2022062600100247,2022년 6월 26일 16시,일요일,경상북도 예천군 호명면,중상사고,0,1,0,0,차대차 - 측면충돌,중앙선침범,건조,맑음,단일로 - 기타,승용,여,33세,상해없음,승용,남,59세,중상
2022062600100279,2022년 6월 26일 17시,일요일,경상북도 포항시 북구 기계면,중상사고,0,1,0,0,차대사람 - 횡단중,교차로운행방법위반,건조,맑음,교차로 - 교차로부근,승용,남,46세,상해없음,보행자,남,69세,중상
2022062600100308,2022년 6월 26일 18시,일요일,경상북도 포항시 남구 연일읍,경상사고,0,0,1,0,차대사람 - 기타,안전운전불이행,건조,맑음,단일로 - 기타,승용,여,52세,상해없음,보행자,여,8세,경상
2022062600100309,2022년 6월 26일 18시,일요일,경상북도 포항시 남구 오천읍,경상사고,0,0,1,0,차대차 - 측면충돌,안전운전불이행,건조,맑음,단일로 - 기타,승용,남,69세,상해없음,자전거,남,43세,경상
2022062600100350,2022년 6월 26일 20시,일요일,경상북도 경주시 시래동,중상사고,0,1,0,0,차대사람 - 차도통행중,안전운전불이행,건조,맑음,교차로 - 교차로안,화물,남,69세,상해없음,보행자,남,73세,중상
2022062600100390,2022년 6월 26일 22시,일요일,경상북도 안동시 풍산읍,경상사고,0,0,1,0,차량단독 - 공작물충돌,안전운전불이행,건조,맑음,단일로 - 기타,승용,남,42세,경상,,,,
2022062700100004,2022년 6월 27일 00시,월요일,경상북도 문경시 모전동,부상신고사고,0,0,0,1,차대사람 - 기타,안전운전불이행,건조,맑음,단일로 - 기타,승용,남,30세,상해없음,보행자,남,30세,부상신고
2022062700100028,2022년 6월 27일 04시,월요일,경상북도 김천시 덕곡동,경상사고,0,0,1,0,차대차 - 측면충돌,신호위반,건조,흐림,교차로 - 교차로안,화물,남,45세,상해없음,승용,여,39세,경상
2022062700100047,2022년 6월 27일 06시,월요일,경상북도 경주시 양남면,중상사고,0,1,0,0,차대차 - 추돌,안전운전불이행,젖음/습기,비,교차로 - 교차로부근,승용,남,67세,상해없음,화물,남,57세,중상
2022062700100143,2022년 6월 27일 09시,월요일,경상북도 경주시 용강동,중상사고,0,1,0,0,차대차 - 측면충돌,안전운전불이행,건조,맑음,교차로 - 교차로부근,자전거,여,74세,중상,승용,남,56세,상해없음
2022062700100176,2022년 6월 27일 10시,월요일,경상북도 성주군 성주읍,중상사고,0,1,0,0,차대차 - 기타,안전운전불이행,건조,맑음,교차로 - 교차로안,이륜,남,61세,중상,화물,남,80세,상해없음
2022062700100177,2022년 6월 27일 10시,월요일,경상북도 포항시 남구 상도동,경상사고,0,0,1,0,차대차 - 정면충돌,안전운전불이행,건조,맑음,교차로 - 교차로안,승용,남,72세,상해없음,자전거,남,67세,경상
2022062700100205,2022년 6월 27일 11시,월요일,경상북도 경주시 천북면,경상사고,0,0,3,0,차대차 - 추돌,안전운전불이행,건조,맑음,단일로 - 기타,승용,남,23세,상해없음,승용,여,27세,상해없음
2022062700100206,2022년 6월 27일 11시,월요일,경상북도 칠곡군 왜관읍,경상사고,0,0,1,0,차대차 - 정면충돌,안전운전불이행,건조,맑음,교차로 - 교차로안,화물,남,56세,상해없음,자전거,남,80세,경상
2022062700100207,2022년 6월 27일 11시,월요일,경상북도 고령군 개진면,경상사고,0,0,2,0,차대차 - 정면충돌,중앙선침범,젖음/습기,비,단일로 - 기타,화물,여,50세,경상,승합,여,53세,경상
2022062700100270,2022년 6월 27일 13시,월요일,경상북도 경산시 와촌면,경상사고,0,0,1,0,차대차 - 기타,안전운전불이행,건조,맑음,단일로 - 기타,화물,남,58세,상해없음,승용,남,62세,경상
2022062700100271,2022년 6월 27일 13시,월요일,경상북도 영덕군 강구면,경상사고,0,0,2,0,차대차 - 측면충돌,교차로운행방법위반,건조,맑음,교차로 - 교차로안,승용,남,72세,상해없음,승용,남,25세,경상
2022062700100272,2022년 6월 27일 13시,월요일,경상북도 구미시 송정동,경상사고,0,0,1,0,차대차 - 기타,교차로운행방법위반,젖음/습기,비,교차로 - 교차로안,승용,여,28세,상해없음,이륜,남,38세,경상
2022062700100273,2022년 6월 27일 13시,월요일,경상북도 경주시 내남면,중상사고,0,2,1,0,차량단독 - 기타,안전운전불이행,젖음/습기,비,단일로 - 기타,승용,남,60세,상해없음,,,,
2022062700100297,2022년 6월 27일 14시,월요일,경상북도 안동시 송현동,경상사고,0,0,1,0,차대차 - 기타,안전운전불이행,젖음/습기,비,기타 - 기타,승용,남,57세,상해없음,이륜,여,70세,경상
2022062700100325,2022년 6월 27일 15시,월요일,경상북도 경주시 황성동,중상사고,0,1,0,0,차대차 - 추돌,안전운전불이행,젖음/습기,비,단일로 - 기타,승용,남,60세,상해없음,승용,남,71세,중상
2022062700100326,2022년 6월 27일 15시,월요일,경상북도 안동시 평화동,경상사고,0,0,1,0,차대사람 - 차도통행중,안전운전불이행,건조,맑음,단일로 - 기타,개인형이동수단(PM),남,14세,상해없음,보행자,여,61세,경상
2022062700100327,2022년 6월 27일 15시,월요일,경상북도 고령군 대가야읍,경상사고,0,0,1,0,차대차 - 기타,안전운전불이행,건조,맑음,교차로 - 교차로안,승용,남,53세,상해없음,승용,여,46세,경상
2022062700100362,2022년 6월 27일 16시,월요일,경상북도 경주시 안강읍,사망사고,1,1,0,0,차량단독 - 기타,안전운전불이행,젖음/습기,비,단일로 - 기타,화물,남,63세,사망,,,,
2022062700100363,2022년 6월 27일 16시,월요일,경상북도 영주시 상망동,경상사고,0,0,1,0,차대차 - 추돌,안전운전불이행,젖음/습기,비,단일로 - 기타,승용,남,64세,상해없음,화물,여,59세,경상
2022062700100391,2022년 6월 27일 17시,월요일,경상북도 경주시 배동,중상사고,0,1,0,0,차대차 - 측면충돌,기타,젖음/습기,비,교차로 - 교차로안,승용,남,33세,상해없음,화물,남,50세,중상
2022062700100392,2022년 6월 27일 17시,월요일,경상북도 경주시 강동면,경상사고,0,0,2,0,차대차 - 추돌,안전운전불이행,젖음/습기,비,교차로 - 교차로부근,화물,남,36세,상해없음,승용,여,54세,경상
2022062700100393,2022년 6월 27일 17시,월요일,경상북도 포항시 북구 흥해읍,경상사고,0,0,1,0,차대차 - 측면충돌,안전운전불이행,젖음/습기,흐림,기타 - 기타,승용,남,56세,상해없음,승용,남,60세,경상
2022062700100394,2022년 6월 27일 17시,월요일,경상북도 구미시 송정동,중상사고,0,1,0,0,차대차 - 기타,불법유턴,건조,맑음,단일로 - 기타,승용,여,36세,상해없음,승용,남,59세,중상
2022062700100395,2022년 6월 27일 17시,월요일,경상북도 포항시 남구 오천읍,경상사고,0,0,2,0,차대차 - 측면충돌,안전거리미확보,건조,맑음,교차로 - 교차로안,이륜,남,38세,상해없음,승용,남,56세,경상
2022062700100472,2022년 6월 27일 19시,월요일,경상북도 김천시 남면,중상사고,0,1,0,0,차대차 - 측면충돌,안전운전불이행,건조,맑음,기타 - 기타,승용,남,40세,상해없음,개인형이동수단(PM),남,39세,중상
2022062700100473,2022년 6월 27일 19시,월요일,경상북도 구미시 비산동,경상사고,0,0,1,0,차대차 - 기타,직진우회전진행방해,건조,맑음,교차로 - 교차로안,승용,남,27세,상해없음,승용,남,47세,경상
2022062700100493,2022년 6월 27일 20시,월요일,경상북도 경주시 동부동,경상사고,0,0,1,0,차대차 - 측면충돌,안전운전불이행,건조,맑음,교차로 - 교차로안,승용,남,36세,상해없음,승합,남,64세,경상
2022062800100033,2022년 6월 28일 04시,화요일,경상북도 성주군 성주읍,중상사고,0,1,0,0,차량단독 - 공작물충돌,안전운전불이행,젖음/습기,맑음,교차로 - 교차로부근,이륜,남,63세,중상,,,,
2022062800100059,2022년 6월 28일 07시,화요일,경상북도 경산시 백천동,중상사고,0,1,0,0,차대차 - 기타,안전운전불이행,건조,맑음,교차로 - 교차로안,승용,남,46세,상해없음,자전거,남,74세,중상
2022062800100060,2022년 6월 28일 07시,화요일,경상북도 구미시 거의동,중상사고,0,1,0,0,차대차 - 기타,안전운전불이행,건조,맑음,교차로 - 교차로안,이륜,남,25세,중상,화물,남,55세,상해없음
2022062800100084,2022년 6월 28일 08시,화요일,경상북도 안동시 풍산읍,경상사고,0,0,1,0,차대차 - 측면충돌,직진우회전진행방해,건조,맑음,교차로 - 교차로안,승용,남,87세,상해없음,승용,여,63세,경상
2022062800100085,2022년 6월 28일 08시,화요일,경상북도 칠곡군 기산면,경상사고,0,0,3,0,차대차 - 추돌,안전운전불이행,건조,맑음,단일로 - 기타,승용,여,31세,상해없음,승용,남,34세,경상
2022062800100086,2022년 6월 28일 08시,화요일,경상북도 예천군 풍양면,경상사고,0,0,1,0,차대차 - 측면충돌,안전운전불이행,건조,맑음,단일로 - 기타,승용,남,46세,상해없음,화물,남,73세,경상
2022062800100087,2022년 6월 28일 08시,화요일,경상북도 영양군 영양읍,중상사고,0,1,0,0,차대차 - 추돌,기타,건조,맑음,단일로 - 기타,화물,남,66세,상해없음,승용,여,68세,상해없음
2022062800100088,2022년 6월 28일 08시,화요일,경상북도 구미시 도량동,경상사고,0,0,1,0,차대차 - 측면충돌,안전운전불이행,건조,맑음,교차로 - 교차로부근,승용,남,59세,상해없음,자전거,여,60세,경상
2022062800100089,2022년 6월 28일 08시,화요일,경상북도 포항시 남구 송도동,중상사고,0,1,1,0,차대차 - 측면충돌,직진우회전진행방해,건조,맑음,교차로 - 교차로안,승용,여,44세,경상,승용,여,49세,중상
2022062800100118,2022년 6월 28일 09시,화요일,경상북도 영천시 금호읍,경상사고,0,0,3,0,차대차 - 기타,안전운전불이행,건조,맑음,교차로 - 교차로안,승용,남,64세,경상,건설기계,남,65세,경상
2022062800100119,2022년 6월 28일 09시,화요일,경상북도 성주군 성주읍,경상사고,0,0,1,0,차대차 - 기타,안전운전불이행,건조,맑음,단일로 - 교량,화물,여,59세,상해없음,승용,여,48세,경상
2022062800100153,2022년 6월 28일 10시,화요일,경상북도 경산시 자인면,경상사고,0,0,1,0,차대차 - 측면충돌,안전운전불이행,건조,맑음,단일로 - 기타,승용,남,80세,상해없음,이륜,남,59세,경상
2022062800100154,2022년 6월 28일 10시,화요일,경상북도 성주군 수륜면,경상사고,0,0,2,0,차대차 - 추돌,안전운전불이행,건조,맑음,단일로 - 기타,화물,남,69세,경상,승용,여,64세,경상
2022062800100155,2022년 6월 28일 10시,화요일,경상북도 구미시 형곡동,중상사고,0,1,0,0,차대차 - 측면충돌,안전운전불이행,건조,맑음,단일로 - 기타,화물,남,59세,상해없음,자전거,남,49세,중상
2022062800100156,2022년 6월 28일 10시,화요일,경상북도 포항시 남구 송도동,경상사고,0,0,1,0,차대차 - 추돌,안전운전불이행,건조,맑음,단일로 - 지하차도(도로)내,승용,남,53세,상해없음,특수,남,48세,경상
2022062800100186,2022년 6월 28일 11시,화요일,경상북도 포항시 북구 장성동,중상사고,0,1,0,0,차대차 - 측면충돌,차로위반,건조,맑음,단일로 - 기타,이륜,여,64세,중상,승용,남,72세,상해없음
2022062800100213,2022년 6월 28일 12시,화요일,경상북도 청도군 청도읍,중상사고,0,1,0,0,차대차 - 측면충돌,안전운전불이행,건조,맑음,교차로 - 교차로부근,화물,남,32세,상해없음,이륜,남,59세,중상
2022062800100250,2022년 6월 28일 13시,화요일,경상북도 군위군 소보면,경상사고,0,0,1,0,차대차 - 후진중충돌,안전운전불이행,건조,맑음,교차로 - 교차로안,승용,여,66세,상해없음,승용,여,59세,경상
2022062800100251,2022년 6월 28일 13시,화요일,경상북도 구미시 거의동,경상사고,0,0,2,0,차대차 - 측면충돌,안전거리미확보,건조,맑음,단일로 - 기타,건설기계,남,68세,상해없음,승용,여,57세,경상
2022062800100308,2022년 6월 28일 15시,화요일,경상북도 경주시 사정동,경상사고,0,0,1,0,차대차 - 측면충돌,안전운전불이행,건조,맑음,단일로 - 기타,특수,남,50세,상해없음,승용,여,69세,경상
2022062800100309,2022년 6월 28일 15시,화요일,경상북도 경주시 황성동,경상사고,0,0,1,0,차대차 - 측면충돌,직진우회전진행방해,건조,맑음,교차로 - 교차로부근,승용,여,61세,상해없음,승합,남,49세,상해없음
2022062800100347,2022년 6월 28일 16시,화요일,경상북도 영천시 임고면,경상사고,0,0,1,0,차대차 - 추돌,안전운전불이행,건조,맑음,단일로 - 기타,승용,여,54세,상해없음,승용,남,71세,경상
2022062800100348,2022년 6월 28일 16시,화요일,경상북도 포항시 남구 송도동,부상신고사고,0,0,0,1,차량단독 - 전도전복 - 전도,안전운전불이행,기타,맑음,단일로 - 기타,이륜,여,41세,부상신고,,,,
2022062800100349,2022년 6월 28일 16시,화요일,경상북도 포항시 남구 상도동,경상사고,0,0,1,0,차대차 - 측면충돌,차로위반,건조,맑음,단일로 - 기타,승용,남,52세,상해없음,승용,여,49세,경상
2022062800100379,2022년 6월 28일 17시,화요일,경상북도 칠곡군 지천면,경상사고,0,0,1,0,차대차 - 후진중충돌,안전운전불이행,건조,맑음,단일로 - 기타,화물,남,58세,상해없음,승용,여,53세,경상
2022062800100380,2022년 6월 28일 17시,화요일,경상북도 포항시 남구 오천읍,경상사고,0,0,1,0,차대차 - 측면충돌,안전운전불이행,건조,맑음,단일로 - 지하차도(도로)내,화물,남,59세,상해없음,이륜,남,22세,경상
2022062800100420,2022년 6월 28일 18시,화요일,경상북도 칠곡군 석적읍,경상사고,0,0,1,0,차대차 - 측면충돌,안전운전불이행,건조,맑음,교차로 - 교차로안,승용,남,33세,상해없음,승용,남,41세,경상
2022062800100421,2022년 6월 28일 18시,화요일,경상북도 구미시 봉곡동,경상사고,0,0,1,1,차대차 - 측면충돌,안전운전불이행,건조,맑음,단일로 - 기타,승용,여,47세,부상신고,승용,남,43세,경상
2022062800100457,2022년 6월 28일 19시,화요일,경상북도 포항시 남구 오천읍,경상사고,0,0,1,0,차량단독 - 도로외이탈 - 기타,안전운전불이행,건조,맑음,단일로 - 기타,승용,여,78세,경상,,,,
2022062800100458,2022년 6월 28일 19시,화요일,경상북도 포항시 남구 해도동,경상사고,0,0,1,0,차대차 - 기타,안전운전불이행,건조,맑음,단일로 - 기타,승용,남,62세,상해없음,이륜,남,27세,경상
2022062800100497,2022년 6월 28일 20시,화요일,경상북도 울진군 후포면,경상사고,0,0,1,0,차대차 - 측면충돌,안전거리미확보,건조,맑음,단일로 - 기타,화물,남,61세,상해없음,승용,여,32세,경상
2022062800100549,2022년 6월 28일 22시,화요일,경상북도 경산시 평산동,경상사고,0,0,1,0,차대차 - 추돌,안전운전불이행,건조,맑음,교차로 - 교차로부근,승용,남,44세,상해없음,승용,여,26세,경상
2022062800100569,2022년 6월 28일 23시,화요일,경상북도 구미시 임수동,경상사고,0,0,1,0,차대차 - 추돌,안전운전불이행,건조,맑음,교차로 - 교차로부근,승용,남,59세,상해없음,승용,남,34세,경상
2022062900100018,2022년 6월 29일 01시,수요일,경상북도 구미시 봉곡동,경상사고,0,0,1,0,차대차 - 측면충돌,신호위반,건조,맑음,교차로 - 교차로안,승용,남,24세,상해없음,승용,남,69세,경상
2022062900100068,2022년 6월 29일 07시,수요일,경상북도 구미시 형곡동,중상사고,0,1,0,0,차대차 - 측면충돌,신호위반,건조,맑음,교차로 - 교차로안,승용,남,53세,상해없음,이륜,남,63세,중상
2022062900100099,2022년 6월 29일 08시,수요일,경상북도 경주시 황오동,경상사고,0,0,2,0,차대차 - 측면충돌,안전운전불이행,건조,맑음,교차로 - 교차로안,화물,남,61세,상해없음,승용,남,72세,경상
2022062900100100,2022년 6월 29일 08시,수요일,경상북도 칠곡군 지천면,경상사고,0,0,1,0,차대차 - 측면충돌,교차로운행방법위반,건조,맑음,교차로 - 교차로안,화물,남,51세,상해없음,승용,남,45세,경상
2022062900100101,2022년 6월 29일 08시,수요일,경상북도 예천군 호명면,경상사고,0,0,3,0,차대차 - 추돌,안전운전불이행,건조,맑음,교차로 - 교차로부근,승용,여,46세,상해없음,승용,여,31세,경상
2022062900100102,2022년 6월 29일 08시,수요일,경상북도 포항시 남구 오천읍,부상신고사고,0,0,0,1,차대사람 - 차도통행중,안전운전불이행,건조,맑음,교차로 - 교차로부근,승용,여,49세,상해없음,보행자,남,12세,부상신고
2022062900100134,2022년 6월 29일 09시,수요일,경상북도 경주시 안강읍,중상사고,0,1,0,0,차대사람 - 차도통행중,안전운전불이행,건조,맑음,단일로 - 지하차도(도로)내,승용,여,68세,상해없음,보행자,여,74세,중상
2022062900100135,2022년 6월 29일 09시,수요일,경상북도 영주시 하망동,사망사고,1,0,0,0,차대차 - 추돌,안전운전불이행,젖음/습기,비,단일로 - 기타,원동기,남,61세,사망,승용,남,36세,상해없음
2022062900100187,2022년 6월 29일 11시,수요일,경상북도 상주시 무양동,경상사고,0,0,1,0,차대차 - 측면충돌,안전운전불이행,건조,흐림,단일로 - 기타,승용,여,24세,경상,특수,남,47세,기타불명
2022062900100189,2022년 6월 29일 11시,수요일,경상북도 포항시 남구 대도동,경상사고,0,0,3,0,차대차 - 측면충돌,안전운전불이행,건조,맑음,단일로 - 기타,승용,남,76세,상해없음,승용,남,55세,경상
2022062900100220,2022년 6월 29일 12시,수요일,경상북도 안동시 풍천면,중상사고,0,1,1,0,차대차 - 기타,교차로운행방법위반,건조,맑음,교차로 - 교차로안,화물,남,72세,상해없음,승용,남,28세,중상
2022062900100221,2022년 6월 29일 12시,수요일,경상북도 울진군 북면,사망사고,1,0,0,0,차량단독 - 공작물충돌,안전운전불이행,건조,맑음,단일로 - 기타,농기계,남,80세,사망,,,,
2022062900100255,2022년 6월 29일 13시,수요일,경상북도 김천시 지좌동,경상사고,0,0,1,0,차대차 - 측면충돌,안전거리미확보,건조,맑음,단일로 - 기타,승합,남,44세,상해없음,승용,여,48세,상해없음
2022062900100256,2022년 6월 29일 13시,수요일,경상북도 경산시 백천동,경상사고,0,0,1,0,차대차 - 추돌,안전거리미확보,건조,맑음,단일로 - 기타,화물,남,66세,상해없음,승용,여,56세,경상
2022062900100257,2022년 6월 29일 13시,수요일,경상북도 성주군 성주읍,경상사고,0,0,2,0,차대차 - 측면충돌,안전운전불이행,건조,맑음,교차로 - 교차로안,승용,남,70세,상해없음,승용,여,39세,경상
2022062900100258,2022년 6월 29일 13시,수요일,경상북도 포항시 남구 장기면,부상신고사고,0,0,0,1,차량단독 - 기타,기타,건조,맑음,단일로 - 교량,승용,남,19세,상해없음,,,,
2022062900100291,2022년 6월 29일 14시,수요일,경상북도 영천시 임고면,중상사고,0,4,0,0,차대차 - 측면충돌,안전운전불이행,건조,맑음,교차로 - 교차로안,화물,남,29세,중상,화물,여,60세,중상
2022062900100292,2022년 6월 29일 14시,수요일,경상북도 경주시 건천읍,중상사고,0,1,0,0,차대사람 - 기타,안전운전불이행,건조,맑음,단일로 - 기타,승용,남,47세,상해없음,보행자,남,57세,중상
2022062900100335,2022년 6월 29일 15시,수요일,경상북도 경주시 건천읍,경상사고,0,0,1,0,차대차 - 측면충돌,안전운전불이행,건조,맑음,교차로 - 교차로부근,화물,남,55세,상해없음,화물,남,36세,경상
2022062900100336,2022년 6월 29일 15시,수요일,경상북도 포항시 남구 오천읍,경상사고,0,0,3,0,차대차 - 측면충돌,안전운전불이행,건조,맑음,단일로 - 기타,승용,남,66세,상해없음,승용,여,42세,경상
2022062900100366,2022년 6월 29일 16시,수요일,경상북도 구미시 진평동,경상사고,0,0,1,0,차대차 - 기타,교차로운행방법위반,건조,맑음,교차로 - 교차로안,승용,여,43세,상해없음,이륜,남,25세,경상
2022062900100367,2022년 6월 29일 16시,수요일,경상북도 구미시 고아읍,경상사고,0,0,2,0,차대차 - 측면충돌,안전운전불이행,건조,맑음,교차로 - 교차로안,승용,남,60세,상해없음,승용,남,33세,경상
2022062900100368,2022년 6월 29일 16시,수요일,경상북도 구미시 진평동,경상사고,0,0,1,0,차대차 - 기타,교차로운행방법위반,건조,맑음,교차로 - 교차로안,자전거,남,16세,경상,승용,남,37세,상해없음
2022062900100405,2022년 6월 29일 17시,수요일,경상북도 안동시 안기동,경상사고,0,0,2,0,차대차 - 추돌,안전거리미확보,젖음/습기,비,단일로 - 기타,화물,남,55세,상해없음,화물,남,61세,경상
2022062900100407,2022년 6월 29일 17시,수요일,경상북도 청도군 금천면,중상사고,0,1,0,0,차대차 - 측면충돌,안전거리미확보,건조,맑음,교차로 - 교차로부근,화물,남,59세,상해없음,이륜,남,63세,중상
2022062900100442,2022년 6월 29일 18시,수요일,경상북도 경주시 황성동,중상사고,0,1,0,0,차대사람 - 횡단중,안전운전불이행,건조,맑음,단일로 - 기타,승용,여,35세,상해없음,보행자,여,8세,중상
2022062900100443,2022년 6월 29일 18시,수요일,경상북도 상주시 모서면,경상사고,0,0,1,0,차대차 - 정면충돌,교차로운행방법위반,건조,흐림,교차로 - 교차로안,승용,남,23세,상해없음,승용,남,28세,경상
2022062900100444,2022년 6월 29일 18시,수요일,경상북도 청도군 청도읍,경상사고,0,0,1,0,차대차 - 기타,안전운전불이행,건조,맑음,단일로 - 기타,승용,여,68세,상해없음,원동기,남,58세,경상
2022062900100483,2022년 6월 29일 19시,수요일,경상북도 경주시 충효동,경상사고,0,0,1,0,차대차 - 측면충돌,안전운전불이행,건조,맑음,교차로 - 교차로부근,이륜,남,17세,상해없음,승용,남,28세,기타불명
2022062900100484,2022년 6월 29일 19시,수요일,경상북도 칠곡군 지천면,경상사고,0,0,1,0,차대차 - 측면충돌,안전운전불이행,건조,맑음,교차로 - 교차로안,승용,남,52세,상해없음,승용,남,36세,경상
2022062900100514,2022년 6월 29일 20시,수요일,경상북도 영주시 하망동,경상사고,0,0,1,0,차대차 - 측면충돌,안전운전불이행,건조,맑음,단일로 - 기타,승용,남,42세,상해없음,이륜,남,73세,경상
2022062900100515,2022년 6월 29일 20시,수요일,경상북도 경산시 옥산동,경상사고,0,0,1,0,차대사람 - 기타,안전운전불이행,건조,맑음,교차로 - 교차로부근,승용,여,53세,상해없음,보행자,여,88세,경상
2022062900100516,2022년 6월 29일 20시,수요일,경상북도 포항시 남구 오천읍,중상사고,0,1,0,0,차대차 - 기타,안전운전불이행,건조,맑음,교차로 - 교차로부근,이륜,남,49세,중상,승용,남,44세,상해없음
2022062900100570,2022년 6월 29일 22시,수요일,경상북도 김천시 성내동,중상사고,0,1,0,0,차대차 - 측면충돌,직진우회전진행방해,건조,맑음,교차로 - 교차로안,승용,남,58세,상해없음,이륜,남,47세,중상
2022062900100571,2022년 6월 29일 22시,수요일,경상북도 김천시 신음동,경상사고,0,0,1,0,차대차 - 측면충돌,신호위반,건조,맑음,교차로 - 교차로안,승용,남,27세,상해없음,이륜,남,23세,경상
2022062900100598,2022년 6월 29일 23시,수요일,경상북도 안동시 옥동,경상사고,0,0,1,0,차대사람 - 기타,안전운전불이행,건조,맑음,교차로 - 교차로안,승용,남,65세,상해없음,보행자,여,58세,경상
2022063000100015,2022년 6월 30일 00시,목요일,경상북도 상주시 낙동면,중상사고,0,1,1,0,차대차 - 추돌,안전운전불이행,건조,맑음,단일로 - 기타,화물,남,51세,중상,화물,남,55세,경상
2022063000100076,2022년 6월 30일 06시,목요일,경상북도 경주시 동천동,중상사고,0,1,0,0,차대사람 - 길가장자리구역통행중,안전운전불이행,건조,맑음,교차로 - 교차로부근,승용,남,64세,상해없음,보행자,여,84세,중상
2022063000100098,2022년 6월 30일 07시,목요일,경상북도 경주시 충효동,경상사고,0,0,1,0,차대차 - 추돌,안전운전불이행,건조,맑음,교차로 - 교차로부근,승용,남,32세,상해없음,승용,남,51세,경상
2022063000100099,2022년 6월 30일 07시,목요일,경상북도 영주시 영주동,중상사고,0,1,0,0,차대차 - 측면충돌,교차로운행방법위반,건조,흐림,교차로 - 교차로안,승용,남,63세,상해없음,승용,남,63세,중상
2022063000100100,2022년 6월 30일 07시,목요일,경상북도 구미시 공단동,경상사고,0,0,1,0,차대차 - 측면충돌,안전운전불이행,건조,맑음,교차로 - 교차로안,승용,남,35세,상해없음,승용,남,62세,경상
2022063000100130,2022년 6월 30일 08시,목요일,경상북도 경주시 용강동,경상사고,0,0,2,0,차대차 - 측면충돌,신호위반,건조,맑음,단일로 - 기타,화물,남,30세,상해없음,승용,여,48세,경상
2022063000100186,2022년 6월 30일 10시,목요일,경상북도 포항시 북구 장성동,경상사고,0,0,1,0,차대차 - 측면충돌,신호위반,건조,맑음,교차로 - 교차로안,승용,남,37세,상해없음,자전거,여,30세,경상
2022063000100187,2022년 6월 30일 10시,목요일,경상북도 문경시 점촌동,경상사고,0,0,2,0,차대차 - 측면충돌,안전운전불이행,건조,흐림,교차로 - 교차로안,화물,남,75세,경상,승용,여,55세,경상
2022063000100188,2022년 6월 30일 10시,목요일,경상북도 포항시 남구 효자동,중상사고,0,1,0,0,차대차 - 측면충돌,안전운전불이행,건조,맑음,단일로 - 기타,화물,남,47세,상해없음,자전거,남,54세,중상
2022063000100233,2022년 6월 30일 12시,목요일,경상북도 포항시 북구 송라면,사망사고,1,0,0,0,차대차 - 측면충돌,안전운전불이행,건조,맑음,단일로 - 기타,화물,남,63세,상해없음,개인형이동수단(PM),남,68세,사망
2022063000100234,2022년 6월 30일 12시,목요일,경상북도 포항시 남구 구룡포읍,경상사고,0,0,1,0,차대차 - 기타,안전운전불이행,건조,맑음,단일로 - 기타,승용,여,56세,상해없음,승용,남,31세,경상
2022063000100235,2022년 6월 30일 12시,목요일,경상북도 포항시 남구 동해면,경상사고,0,0,1,0,차대차 - 측면충돌,안전운전불이행,건조,맑음,단일로 - 기타,승용,남,58세,상해없음,화물,남,55세,경상
2022063000100261,2022년 6월 30일 13시,목요일,경상북도 포항시 북구 우현동,경상사고,0,0,1,0,차대차 - 기타,안전운전불이행,건조,맑음,단일로 - 기타,승용,여,58세,상해없음,승용,여,64세,경상
2022063000100262,2022년 6월 30일 13시,목요일,경상북도 의성군 봉양면,경상사고,0,0,1,0,차대차 - 추돌,안전운전불이행,건조,맑음,교차로 - 교차로부근,화물,여,49세,상해없음,승용,여,52세,경상
2022063000100263,2022년 6월 30일 13시,목요일,경상북도 구미시 지산동,경상사고,0,0,2,0,차대차 - 추돌,안전운전불이행,건조,맑음,교차로 - 교차로부근,승용,남,43세,상해없음,승합,남,59세,경상
2022063000100264,2022년 6월 30일 13시,목요일,경상북도 문경시 마성면,경상사고,0,0,1,0,차대차 - 추돌,안전운전불이행,건조,맑음,단일로 - 기타,승합,남,63세,상해없음,승용,여,29세,경상
2022063000100288,2022년 6월 30일 14시,목요일,경상북도 칠곡군 북삼읍,중상사고,0,1,0,0,차대차 - 측면충돌,안전운전불이행,건조,맑음,단일로 - 지하차도(도로)내,이륜,남,66세,중상,승용,여,55세,상해없음
2022063000100317,2022년 6월 30일 15시,목요일,경상북도 경주시 외동읍,경상사고,0,0,2,0,차대차 - 측면충돌,신호위반,건조,맑음,교차로 - 교차로안,승용,남,74세,상해없음,승용,남,65세,경상