사고번호,사고일시,요일,시군구,사고내용,사망자수,중상자수,경상자수,부상신고자수,사고유형,법규위반,노면상태,기상상태,도로형태,가해운전자 차종,가해운전자 성별,가해운전자 연령,가해운전자 상해정도,피해운전자 차종,피해운전자 성별,피해운전자 연령,피해운전자 상해정도
2022063000100318,2022년 6월 30일 15시,목요일,경상북도 영주시 휴천동,중상사고,0,1,0,0,차대사람 - 보도통행중,보행자보호의무위반,건조,맑음,단일로 - 기타,승합,남,57세,상해없음,보행자,여,62세,중상
2022063000100319,2022년 6월 30일 15시,목요일,경상북도 구미시 형곡동,경상사고,0,0,1,0,차대차 - 측면충돌,안전운전불이행,젖음/습기,흐림,단일로 - 기타,승용,여,31세,상해없음,이륜,남,57세,경상
2022063000100320,2022년 6월 30일 15시,목요일,경상북도 구미시 원평동,경상사고,0,0,1,0,차대차 - 측면충돌,신호위반,젖음/습기,흐림,교차로 - 교차로안,승용,여,53세,상해없음,자전거,남,11세,경상
2022063000100356,2022년 6월 30일 16시,목요일,경상북도 안동시 목성동,경상사고,0,0,1,0,차대차 - 기타,안전운전불이행,건조,맑음,단일로 - 기타,이륜,남,87세,경상,승용,남,49세,기타불명
2022063000100397,2022년 6월 30일 17시,목요일,경상북도 안동시 길안면,중상사고,0,1,0,0,차량단독 - 공작물충돌,안전운전불이행,건조,맑음,단일로 - 기타,이륜,남,50세,중상,,,,
2022063000100398,2022년 6월 30일 17시,목요일,경상북도 영천시 신녕면,중상사고,0,1,0,0,차대사람 - 횡단중,보행자보호의무위반,건조,맑음,교차로 - 교차로부근,화물,남,62세,상해없음,보행자,남,12세,중상
2022063000100399,2022년 6월 30일 17시,목요일,경상북도 경산시 대동,중상사고,0,1,0,0,차대차 - 정면충돌,신호위반,건조,맑음,교차로 - 교차로안,이륜,남,21세,상해없음,개인형이동수단(PM),여,39세,중상
2022063000100400,2022년 6월 30일 17시,목요일,경상북도 경산시 중방동,경상사고,0,0,2,0,차대차 - 측면충돌,안전거리미확보,건조,맑음,교차로 - 교차로안,승용,여,39세,상해없음,승용,남,39세,경상
2022063000100401,2022년 6월 30일 17시,목요일,경상북도 포항시 남구 대잠동,경상사고,0,0,1,0,차대차 - 기타,안전운전불이행,건조,맑음,단일로 - 기타,이륜,남,31세,경상,승용,남,56세,상해없음
2022063000100443,2022년 6월 30일 18시,목요일,경상북도 포항시 북구 장성동,경상사고,0,0,1,0,차대차 - 측면충돌,안전운전불이행,건조,맑음,교차로 - 교차로안,승용,여,62세,상해없음,화물,남,65세,경상
2022063000100444,2022년 6월 30일 18시,목요일,경상북도 김천시 신음동,경상사고,0,0,1,0,차대차 - 측면충돌,안전거리미확보,건조,맑음,단일로 - 기타,승용,여,25세,상해없음,승용,남,62세,경상
2022063000100445,2022년 6월 30일 18시,목요일,경상북도 경산시 정평동,경상사고,0,0,2,0,차대차 - 측면충돌,교차로운행방법위반,건조,맑음,교차로 - 교차로안,승용,여,55세,경상,승용,여,44세,경상
2022063000100480,2022년 6월 30일 19시,목요일,경상북도 구미시 광평동,중상사고,0,1,0,0,차대차 - 기타,차로위반,건조,흐림,단일로 - 기타,승용,여,33세,상해없음,이륜,남,20세,중상
2022063000100514,2022년 6월 30일 20시,목요일,경상북도 구미시 선산읍,부상신고사고,0,0,0,1,차대차 - 추돌,안전운전불이행,건조,맑음,단일로 - 기타,승용,남,74세,부상신고,농기계,남,44세,상해없음
2022063000100543,2022년 6월 30일 21시,목요일,경상북도 칠곡군 석적읍,경상사고,0,0,1,0,차대사람 - 길가장자리구역통행중,안전운전불이행,건조,맑음,단일로 - 기타,승용,기타불명,미분류,기타불명,보행자,남,48세,경상
2022063000100574,2022년 6월 30일 22시,목요일,경상북도 안동시 운안동,중상사고,0,1,0,0,차대사람 - 횡단중,안전운전불이행,젖음/습기,비,단일로 - 기타,화물,남,61세,상해없음,보행자,남,58세,중상
2022070100100019,2022년 7월 1일 01시,금요일,경상북도 영천시 청통면,중상사고,0,2,1,0,차량단독 - 도로외이탈 - 추락,안전운전불이행,건조,맑음,교차로 - 교차로부근,승용,남,22세,경상,,,,
2022070100100071,2022년 7월 1일 07시,금요일,경상북도 포항시 북구 흥해읍,경상사고,0,0,1,0,차대차 - 기타,안전거리미확보,건조,맑음,단일로 - 기타,화물,남,53세,상해없음,승용,여,59세,경상
2022070100100072,2022년 7월 1일 07시,금요일,경상북도 포항시 북구 흥해읍,중상사고,0,1,0,0,차대차 - 측면충돌,교차로운행방법위반,건조,맑음,교차로 - 교차로안,승용,여,65세,상해없음,자전거,여,66세,중상
2022070100100073,2022년 7월 1일 07시,금요일,경상북도 포항시 남구 해도동,경상사고,0,0,1,0,차대차 - 측면충돌,신호위반,건조,맑음,교차로 - 교차로안,승용,남,85세,상해없음,승용,남,19세,경상
2022070100100108,2022년 7월 1일 08시,금요일,경상북도 경주시 안강읍,중상사고,0,1,0,0,차대차 - 기타,안전운전불이행,건조,맑음,교차로 - 교차로안,승용,여,67세,상해없음,개인형이동수단(PM),남,38세,중상
2022070100100109,2022년 7월 1일 08시,금요일,경상북도 안동시 송현동,경상사고,0,0,1,0,차대차 - 측면충돌,안전거리미확보,건조,맑음,단일로 - 기타,승용,여,60세,상해없음,이륜,남,30세,경상
2022070100100110,2022년 7월 1일 08시,금요일,경상북도 상주시 화개동,중상사고,0,1,0,0,차대차 - 측면충돌,신호위반,건조,맑음,교차로 - 교차로안,화물,남,72세,상해없음,승용,여,26세,중상
2022070100100111,2022년 7월 1일 08시,금요일,경상북도 구미시 공단동,사망사고,1,0,0,0,차대사람 - 기타,기타,건조,맑음,교차로 - 교차로안,승용,남,59세,상해없음,보행자,남,56세,사망
2022070100100112,2022년 7월 1일 08시,금요일,경상북도 구미시 구평동,경상사고,0,0,2,0,차대차 - 측면충돌,직진우회전진행방해,건조,맑음,교차로 - 교차로안,승용,남,37세,상해없음,승용,남,23세,경상
2022070100100150,2022년 7월 1일 09시,금요일,경상북도 경주시 용강동,경상사고,0,0,1,0,차대차 - 기타,안전운전불이행,건조,맑음,단일로 - 기타,승용,여,50세,상해없음,승용,남,34세,경상
2022070100100151,2022년 7월 1일 09시,금요일,경상북도 안동시 옥야동,경상사고,0,0,1,0,차대사람 - 횡단중,안전운전불이행,건조,맑음,기타 - 기타,승용,남,50세,기타불명,보행자,여,81세,경상
2022070100100152,2022년 7월 1일 09시,금요일,경상북도 안동시 평화동,경상사고,0,0,3,0,차대차 - 기타,안전운전불이행,건조,맑음,단일로 - 기타,승용,남,65세,상해없음,승용,여,59세,경상
2022070100100153,2022년 7월 1일 09시,금요일,경상북도 예천군 풍양면,중상사고,0,1,0,0,차대차 - 측면충돌,직진우회전진행방해,건조,맑음,교차로 - 교차로안,화물,남,71세,상해없음,자전거,남,76세,중상
2022070100100154,2022년 7월 1일 09시,금요일,경상북도 청송군 현서면,부상신고사고,0,0,0,1,차량단독 - 전도전복 - 전도,안전운전불이행,건조,맑음,단일로 - 지하차도(도로)내,원동기,남,79세,부상신고,,,,
2022070100100189,2022년 7월 1일 10시,금요일,경상북도 칠곡군 왜관읍,경상사고,0,0,1,0,차대사람 - 기타,안전운전불이행,건조,맑음,교차로 - 교차로안,건설기계,남,25세,상해없음,보행자,남,52세,경상
2022070100100216,2022년 7월 1일 11시,금요일,경상북도 경주시 건천읍,중상사고,0,1,1,0,차대차 - 측면충돌,신호위반,건조,맑음,교차로 - 교차로안,화물,남,56세,상해없음,승용,여,61세,중상
2022070100100217,2022년 7월 1일 11시,금요일,경상북도 포항시 남구 연일읍,경상사고,0,0,2,0,차대차 - 측면충돌,신호위반,건조,맑음,교차로 - 교차로안,이륜,남,57세,경상,승용,남,33세,경상
2022070100100249,2022년 7월 1일 12시,금요일,경상북도 영천시 북안면,중상사고,0,1,1,0,차대차 - 기타,안전운전불이행,건조,맑음,교차로 - 교차로안,화물,남,60세,경상,이륜,남,47세,중상
2022070100100250,2022년 7월 1일 12시,금요일,경상북도 경산시 옥산동,경상사고,0,0,1,0,차대차 - 측면충돌,안전운전불이행,건조,맑음,교차로 - 교차로안,이륜,남,48세,상해없음,자전거,남,74세,경상
2022070100100251,2022년 7월 1일 12시,금요일,경상북도 구미시 원평동,중상사고,0,1,0,0,차대차 - 기타,안전운전불이행,건조,맑음,교차로 - 교차로안,승용,남,73세,상해없음,이륜,남,38세,중상
2022070100100280,2022년 7월 1일 13시,금요일,경상북도 포항시 북구 두호동,경상사고,0,0,2,0,차대차 - 기타,기타,건조,맑음,단일로 - 기타,승용,여,55세,경상,승용,여,42세,경상
2022070100100281,2022년 7월 1일 13시,금요일,경상북도 포항시 북구 상원동,경상사고,0,0,1,0,차대차 - 기타,직진우회전진행방해,건조,맑음,교차로 - 교차로안,승용,여,51세,상해없음,이륜,남,37세,경상
2022070100100282,2022년 7월 1일 13시,금요일,경상북도 안동시 송현동,중상사고,0,1,0,0,차대사람 - 기타,안전운전불이행,건조,맑음,단일로 - 기타,승용,남,40세,기타불명,보행자,남,7세,중상
2022070100100283,2022년 7월 1일 13시,금요일,경상북도 성주군 월항면,경상사고,0,0,1,0,차대차 - 측면충돌,기타,건조,맑음,교차로 - 교차로안,승합,남,32세,상해없음,승용,남,34세,경상
2022070100100314,2022년 7월 1일 14시,금요일,경상북도 포항시 남구 대잠동,경상사고,0,0,2,0,차대차 - 측면충돌,신호위반,건조,맑음,교차로 - 교차로안,승용,여,36세,경상,이륜,남,18세,경상
2022070100100356,2022년 7월 1일 15시,금요일,경상북도 안동시 옥야동,경상사고,0,0,1,0,차대차 - 후진중충돌,안전운전불이행,건조,맑음,단일로 - 기타,승용,남,62세,상해없음,이륜,남,40세,경상
2022070100100357,2022년 7월 1일 15시,금요일,경상북도 김천시 신음동,경상사고,0,0,3,0,차대차 - 측면충돌,안전거리미확보,건조,맑음,단일로 - 기타,승용,여,72세,상해없음,승용,남,42세,경상
2022070100100406,2022년 7월 1일 16시,금요일,경상북도 안동시 용상동,경상사고,0,0,3,0,차대차 - 측면충돌,신호위반,건조,맑음,교차로 - 교차로안,승용,남,62세,상해없음,승합,남,39세,경상
2022070100100407,2022년 7월 1일 16시,금요일,경상북도 김천시 부곡동,경상사고,0,0,1,0,차대사람 - 기타,기타,건조,맑음,단일로 - 기타,승용,남,52세,상해없음,보행자,남,43세,경상
2022070100100408,2022년 7월 1일 16시,금요일,경상북도 김천시 신음동,경상사고,0,0,1,0,차대차 - 추돌,안전운전불이행,건조,맑음,단일로 - 기타,승용,여,57세,상해없음,승용,여,42세,경상
2022070100100409,2022년 7월 1일 16시,금요일,경상북도 상주시 개운동,경상사고,0,0,1,0,차대차 - 측면충돌,교차로운행방법위반,건조,맑음,교차로 - 교차로안,승용,여,40세,상해없음,개인형이동수단(PM),여,15세,경상
2022070100100410,2022년 7월 1일 16시,금요일,경상북도 문경시 모전동,경상사고,0,0,1,0,차대차 - 기타,안전운전불이행,건조,맑음,교차로 - 교차로부근,승용,남,41세,상해없음,원동기,남,21세,경상
2022070100100411,2022년 7월 1일 16시,금요일,경상북도 포항시 남구 동해면,중상사고,0,1,1,0,차대차 - 기타,기타,건조,맑음,단일로 - 지하차도(도로)내,화물,남,38세,상해없음,화물,남,55세,중상
2022070100100472,2022년 7월 1일 17시,금요일,경상북도 포항시 북구 흥해읍,경상사고,0,0,1,0,차대차 - 추돌,안전운전불이행,건조,맑음,단일로 - 기타,승용,남,48세,상해없음,승용,여,41세,경상
2022070100100473,2022년 7월 1일 17시,금요일,경상북도 영주시 봉현면,경상사고,0,0,1,0,차대차 - 추돌,안전운전불이행,건조,맑음,교차로 - 교차로안,승용,남,62세,상해없음,승용,남,61세,경상
2022070100100474,2022년 7월 1일 17시,금요일,경상북도 경산시 하양읍,경상사고,0,0,1,0,차량단독 - 공작물충돌,안전운전불이행,건조,맑음,단일로 - 기타,이륜,남,38세,경상,,,,
2022070100100475,2022년 7월 1일 17시,금요일,경상북도 구미시 공단동,경상사고,0,0,2,0,차대차 - 측면충돌,신호위반,건조,맑음,교차로 - 교차로안,승합,남,52세,상해없음,승용,남,27세,경상
2022070100100476,2022년 7월 1일 17시,금요일,경상북도 포항시 남구 상도동,경상사고,0,0,3,0,차대차 - 기타,안전운전불이행,건조,맑음,단일로 - 고가도로위,이륜,남,48세,경상,승용,남,58세,상해없음
2022070100100614,2022년 7월 1일 20시,금요일,경상북도 포항시 남구 오천읍,경상사고,0,0,1,0,차대차 - 측면충돌,교차로운행방법위반,건조,맑음,교차로 - 교차로안,승용,남,67세,상해없음,승용,남,53세,경상
2022070100100678,2022년 7월 1일 22시,금요일,경상북도 구미시 봉곡동,경상사고,0,0,1,0,차대사람 - 기타,안전운전불이행,건조,맑음,단일로 - 기타,승용,남,22세,상해없음,보행자,남,42세,경상
2022070100100702,2022년 7월 1일 23시,금요일,경상북도 구미시 옥계동,경상사고,0,0,2,0,차대차 - 기타,안전운전불이행,건조,맑음,단일로 - 기타,승용,남,31세,상해없음,승용,남,42세,경상
2022070200100011,2022년 7월 2일 00시,토요일,경상북도 경주시 성동동,경상사고,0,0,1,0,차대차 - 추돌,안전운전불이행,건조,맑음,교차로 - 교차로부근,승용,남,28세,상해없음,승용,여,53세,경상
2022070200100025,2022년 7월 2일 01시,토요일,경상북도 구미시 송정동,중상사고,0,2,2,0,차대차 - 추돌,안전운전불이행,건조,맑음,교차로 - 교차로부근,화물,남,53세,상해없음,승용,남,29세,중상
2022070200100037,2022년 7월 2일 02시,토요일,경상북도 칠곡군 왜관읍,경상사고,0,0,1,0,차대사람 - 기타,안전운전불이행,건조,맑음,단일로 - 기타,승용,남,44세,상해없음,보행자,남,45세,경상
2022070200100079,2022년 7월 2일 06시,토요일,경상북도 의성군 안계면,중상사고,0,1,0,0,차량단독 - 공작물충돌,기타,기타,안개,단일로 - 기타,자전거,남,67세,중상,,,,
2022070200100089,2022년 7월 2일 07시,토요일,경상북도 칠곡군 왜관읍,중상사고,0,1,0,0,차대차 - 추돌,안전운전불이행,건조,맑음,단일로 - 기타,화물,남,49세,상해없음,화물,남,65세,중상
2022070200100133,2022년 7월 2일 09시,토요일,경상북도 경주시 구정동,경상사고,0,0,1,0,차대차 - 측면충돌,안전운전불이행,건조,맑음,단일로 - 기타,승용,여,38세,상해없음,승용,남,30세,경상
2022070200100134,2022년 7월 2일 09시,토요일,경상북도 고령군 대가야읍,경상사고,0,0,1,0,차대차 - 측면충돌,안전운전불이행,건조,맑음,단일로 - 기타,승용,남,68세,기타불명,이륜,남,78세,경상
2022070200100175,2022년 7월 2일 10시,토요일,경상북도 칠곡군 북삼읍,경상사고,0,0,2,0,차대차 - 측면충돌,직진우회전진행방해,건조,맑음,교차로 - 교차로안,승용,여,61세,경상,화물,남,36세,경상
2022070200100208,2022년 7월 2일 11시,토요일,경상북도 경주시 황성동,중상사고,0,1,0,0,차대사람 - 횡단중,기타,건조,맑음,단일로 - 기타,승용,남,41세,상해없음,보행자,남,66세,중상
2022070200100209,2022년 7월 2일 11시,토요일,경상북도 포항시 북구 장성동,경상사고,0,0,1,0,차대차 - 측면충돌,신호위반,건조,맑음,교차로 - 교차로부근,승용,여,49세,상해없음,이륜,남,40세,경상
2022070200100210,2022년 7월 2일 11시,토요일,경상북도 구미시 원평동,경상사고,0,0,2,0,차대차 - 추돌,안전거리미확보,건조,맑음,단일로 - 기타,승용,남,68세,상해없음,승용,남,69세,경상
2022070200100211,2022년 7월 2일 11시,토요일,경상북도 포항시 남구 장기면,중상사고,0,1,0,0,차대차 - 측면충돌,안전운전불이행,건조,맑음,교차로 - 교차로안,승용,남,57세,상해없음,이륜,남,53세,중상
2022070200100212,2022년 7월 2일 11시,토요일,경상북도 포항시 남구 대도동,경상사고,0,0,1,0,차대사람 - 차도통행중,안전운전불이행,건조,맑음,교차로 - 교차로안,승용,남,64세,상해없음,보행자,여,70세,경상
2022070200100247,2022년 7월 2일 12시,토요일,경상북도 안동시 서후면,중상사고,0,1,1,1,차대차 - 측면충돌,중앙선침범,건조,맑음,교차로 - 교차로안,승용,여,39세,부상신고,승용,남,40세,중상
2022070200100248,2022년 7월 2일 12시,토요일,경상북도 영주시 순흥면,중상사고,0,1,0,0,차대차 - 측면충돌,교차로운행방법위반,건조,맑음,교차로 - 교차로안,화물,남,65세,상해없음,승용,남,41세,중상
2022070200100249,2022년 7월 2일 12시,토요일,경상북도 경산시 하양읍,경상사고,0,0,1,0,차대사람 - 길가장자리구역통행중,안전운전불이행,건조,맑음,단일로 - 기타,승용,남,52세,상해없음,보행자,남,48세,경상
2022070200100250,2022년 7월 2일 12시,토요일,경상북도 경산시 진량읍,경상사고,0,0,1,0,차대차 - 추돌,안전운전불이행,건조,맑음,단일로 - 기타,승용,여,67세,상해없음,승용,여,42세,경상
2022070200100287,2022년 7월 2일 13시,토요일,경상북도 칠곡군 북삼읍,경상사고,0,0,1,1,차대차 - 정면충돌,중앙선침범,건조,맑음,단일로 - 기타,화물,남,66세,부상신고,승용,여,53세,경상
2022070200100288,2022년 7월 2일 13시,토요일,경상북도 문경시 산북면,중상사고,0,1,0,0,차량단독 - 기타,안전운전불이행,건조,맑음,단일로 - 기타,승합,남,57세,상해없음,,,,
2022070200100289,2022년 7월 2일 13시,토요일,경상북도 울릉군 울릉읍,중상사고,0,1,0,0,차대사람 - 횡단중,안전운전불이행,건조,맑음,단일로 - 기타,승용,남,48세,상해없음,보행자,여,66세,중상
2022070200100319,2022년 7월 2일 14시,토요일,경상북도 문경시 모전동,중상사고,0,1,0,0,차대차 - 측면충돌,불법유턴,건조,맑음,기타 - 기타,승용,여,54세,상해없음,이륜,남,38세,중상
2022070200100351,2022년 7월 2일 15시,토요일,경상북도 성주군 성주읍,중상사고,0,1,0,0,차량단독 - 공작물충돌,기타,건조,맑음,단일로 - 기타,이륜,남,39세,중상,,,,
2022070200100387,2022년 7월 2일 16시,토요일,경상북도 경주시 서면,경상사고,0,0,1,0,차대차 - 기타,안전운전불이행,건조,맑음,교차로 - 교차로부근,승용,남,25세,상해없음,승합,남,58세,경상
2022070200100388,2022년 7월 2일 16시,토요일,경상북도 칠곡군 석적읍,경상사고,0,0,3,0,차대차 - 정면충돌,안전운전불이행,건조,맑음,교차로 - 교차로안,승용,남,58세,경상,승용,남,45세,경상
2022070200100426,2022년 7월 2일 17시,토요일,경상북도 안동시 당북동,중상사고,0,1,0,0,차대차 - 후진중충돌,안전운전불이행,건조,맑음,주차장 - 주차장,화물,여,66세,상해없음,자전거,남,78세,중상
2022070200100427,2022년 7월 2일 17시,토요일,경상북도 포항시 남구 오천읍,경상사고,0,0,1,0,차대차 - 측면충돌,안전운전불이행,건조,맑음,단일로 - 기타,승용,남,61세,상해없음,이륜,남,21세,경상
2022070200100463,2022년 7월 2일 18시,토요일,경상북도 상주시 화동면,중상사고,0,1,0,0,차대차 - 측면충돌,교차로운행방법위반,건조,맑음,교차로 - 교차로안,화물,남,61세,상해없음,이륜,남,58세,중상
2022070200100464,2022년 7월 2일 18시,토요일,경상북도 상주시 낙양동,경상사고,0,0,1,0,차대차 - 측면충돌,안전운전불이행,건조,맑음,단일로 - 기타,자전거,여,67세,경상,승용,여,48세,상해없음
2022070200100465,2022년 7월 2일 18시,토요일,경상북도 영천시 완산동,경상사고,0,0,1,0,차대사람 - 차도통행중,안전운전불이행,건조,맑음,단일로 - 기타,승용,여,70세,상해없음,보행자,여,81세,경상
2022070200100497,2022년 7월 2일 19시,토요일,경상북도 안동시 옥동,경상사고,0,0,1,0,차대차 - 측면충돌,안전운전불이행,건조,맑음,기타 - 기타,승용,남,66세,상해없음,이륜,남,29세,경상
2022070200100523,2022년 7월 2일 20시,토요일,경상북도 칠곡군 동명면,경상사고,0,0,2,0,차대차 - 측면충돌,교차로운행방법위반,건조,맑음,교차로 - 교차로안,승용,여,67세,상해없음,승용,여,25세,경상
2022070300100060,2022년 7월 3일 05시,일요일,경상북도 칠곡군 왜관읍,사망사고,1,0,0,0,차량단독 - 공작물충돌,안전운전불이행,건조,맑음,단일로 - 기타,승용,남,31세,사망,,,,
2022070300100080,2022년 7월 3일 07시,일요일,경상북도 경주시 내남면,중상사고,0,1,0,0,차대차 - 측면충돌,기타,건조,맑음,교차로 - 교차로안,승합,남,36세,상해없음,원동기,남,83세,중상
2022070300100081,2022년 7월 3일 07시,일요일,경상북도 구미시 공단동,중상사고,0,1,1,0,차대차 - 측면충돌,교차로운행방법위반,건조,맑음,교차로 - 교차로안,승용,남,28세,경상,승용,여,26세,중상
2022070300100088,2022년 7월 3일 08시,일요일,경상북도 포항시 북구 양덕동,경상사고,0,0,1,0,차대차 - 추돌,안전운전불이행,건조,맑음,단일로 - 기타,승용,여,48세,상해없음,승용,여,49세,경상
2022070300100107,2022년 7월 3일 09시,일요일,경상북도 영덕군 축산면,사망사고,1,0,0,0,차량단독 - 도로외이탈 - 추락,안전운전불이행,건조,맑음,단일로 - 기타,농기계,남,79세,사망,,,,
2022070300100130,2022년 7월 3일 10시,일요일,경상북도 봉화군 명호면,중상사고,0,2,0,0,차대차 - 정면충돌,안전운전불이행,건조,맑음,단일로 - 기타,승용,여,63세,기타불명,승용,남,64세,중상
2022070300100152,2022년 7월 3일 11시,일요일,경상북도 포항시 북구 항구동,경상사고,0,0,1,0,차대사람 - 기타,안전운전불이행,건조,맑음,단일로 - 기타,승용,남,42세,상해없음,보행자,남,19세,경상
2022070300100153,2022년 7월 3일 11시,일요일,경상북도 김천시 율곡동,경상사고,0,0,1,0,차대차 - 측면충돌,안전운전불이행,건조,맑음,기타 - 기타,이륜,남,56세,상해없음,개인형이동수단(PM),여,23세,경상
2022070300100174,2022년 7월 3일 12시,일요일,경상북도 경주시 양남면,경상사고,0,0,1,0,차대사람 - 기타,안전운전불이행,건조,맑음,기타 - 기타,승용,남,46세,상해없음,보행자,여,30세,경상
2022070300100175,2022년 7월 3일 12시,일요일,경상북도 김천시 농소면,경상사고,0,0,1,0,차대차 - 추돌,안전운전불이행,건조,맑음,교차로 - 교차로안,승용,여,57세,상해없음,원동기,남,58세,경상
2022070300100203,2022년 7월 3일 13시,일요일,경상북도 의성군 의성읍,경상사고,0,0,1,0,차대차 - 측면충돌,안전운전불이행,건조,맑음,교차로 - 교차로부근,승합,남,48세,상해없음,승용,여,50세,경상
2022070300100237,2022년 7월 3일 14시,일요일,경상북도 영천시 완산동,경상사고,0,0,1,0,차대사람 - 횡단중,안전운전불이행,건조,맑음,주차장 - 주차장,승용,남,75세,상해없음,보행자,남,49세,경상
2022070300100238,2022년 7월 3일 14시,일요일,경상북도 포항시 남구 대잠동,경상사고,0,0,1,0,차대차 - 측면충돌,안전운전불이행,건조,맑음,교차로 - 교차로부근,이륜,남,57세,경상,승용,남,66세,상해없음
2022070300100239,2022년 7월 3일 14시,일요일,경상북도 성주군 성주읍,중상사고,0,1,1,0,차대차 - 측면충돌,안전운전불이행,건조,맑음,단일로 - 기타,승용,여,58세,중상,승용,여,56세,경상
2022070300100276,2022년 7월 3일 15시,일요일,경상북도 경주시 성건동,중상사고,0,1,0,0,차대차 - 측면충돌,안전운전불이행,건조,맑음,교차로 - 교차로안,승용,남,68세,상해없음,이륜,남,46세,중상
2022070300100277,2022년 7월 3일 15시,일요일,경상북도 경주시 외동읍,부상신고사고,0,0,0,1,차량단독 - 도로외이탈 - 추락,안전운전불이행,건조,맑음,단일로 - 기타,승용,여,63세,부상신고,,,,
2022070300100326,2022년 7월 3일 17시,일요일,경상북도 안동시 옥야동,경상사고,0,0,1,0,차대차 - 측면충돌,안전운전불이행,건조,맑음,단일로 - 기타,이륜,남,65세,상해없음,자전거,남,65세,경상
2022070300100327,2022년 7월 3일 17시,일요일,경상북도 상주시 무양동,경상사고,0,0,1,0,차대차 - 추돌,안전거리미확보,건조,맑음,교차로 - 교차로안,화물,남,66세,상해없음,승용,남,65세,상해없음
2022070300100354,2022년 7월 3일 18시,일요일,경상북도 경산시 진량읍,경상사고,0,0,1,0,차대차 - 측면충돌,안전운전불이행,건조,맑음,교차로 - 교차로안,승용,남,27세,상해없음,승용,여,53세,경상
2022070300100355,2022년 7월 3일 18시,일요일,경상북도 경산시 조영동,경상사고,0,0,1,0,차대차 - 기타,안전거리미확보,건조,맑음,단일로 - 기타,승용,남,73세,상해없음,이륜,남,38세,경상
2022070300100380,2022년 7월 3일 19시,일요일,경상북도 의성군 안계면,경상사고,0,0,1,1,차대차 - 측면충돌,직진우회전진행방해,건조,흐림,교차로 - 교차로안,승용,남,48세,부상신고,승합,남,50세,경상
2022070300100381,2022년 7월 3일 19시,일요일,경상북도 구미시 옥계동,경상사고,0,0,1,0,차대차 - 정면충돌,안전운전불이행,건조,맑음,교차로 - 교차로안,승용,남,45세,상해없음,이륜,남,42세,경상
2022070300100409,2022년 7월 3일 20시,일요일,경상북도 포항시 북구 덕수동,경상사고,0,0,1,0,차대차 - 측면충돌,안전운전불이행,건조,맑음,교차로 - 교차로안,승용,남,72세,상해없음,승용,여,61세,경상
2022070300100410,2022년 7월 3일 20시,일요일,경상북도 경산시 삼북동,중상사고,0,1,0,0,차대사람 - 횡단중,안전운전불이행,건조,맑음,교차로 - 교차로횡단보도내,승용,여,67세,상해없음,보행자,남,42세,중상
2022070300100438,2022년 7월 3일 21시,일요일,경상북도 포항시 남구 연일읍,중상사고,0,1,1,0,차대차 - 측면충돌,신호위반,건조,맑음,교차로 - 교차로안,승용,남,56세,상해없음,승용,남,56세,중상
2022070300100459,2022년 7월 3일 22시,일요일,경상북도 포항시 남구 구룡포읍,중상사고,0,1,0,0,차량단독 - 전도전복 - 전도,안전운전불이행,건조,맑음,단일로 - 기타,화물,남,59세,중상,,,,
2022070300100471,2022년 7월 3일 23시,일요일,경상북도 고령군 성산면,경상사고,0,0,1,0,차량단독 - 전도전복 - 전복,안전운전불이행,건조,흐림,단일로 - 기타,원동기,남,35세,경상,,,,
2022070400100005,2022년 7월 4일 00시,월요일,경상북도 고령군 대가야읍,중상사고,0,1,1,0,차대차 - 정면충돌,중앙선침범,건조,기타,단일로 - 기타,승용,남,63세,상해없음,화물,남,64세,경상
2022070400100014,2022년 7월 4일 02시,월요일,경상북도 구미시 임수동,경상사고,0,0,1,0,차대차 - 추돌,안전운전불이행,건조,맑음,교차로 - 교차로부근,승용,여,34세,상해없음,승용,남,41세,경상
2022070400100020,2022년 7월 4일 03시,월요일,경상북도 경산시 사동,경상사고,0,0,2,0,차대차 - 측면충돌,안전운전불이행,건조,맑음,교차로 - 교차로안,승용,남,25세,상해없음,승용,남,23세,경상
2022070400100030,2022년 7월 4일 05시,월요일,경상북도 포항시 북구 흥해읍,중상사고,0,1,0,0,차대차 - 기타,안전운전불이행,건조,맑음,교차로 - 교차로부근,승용,남,14세,상해없음,건설기계,남,54세,기타불명
2022070400100040,2022년 7월 4일 06시,월요일,경상북도 영덕군 영덕읍,부상신고사고,0,0,0,1,차대차 - 정면충돌,중앙선침범,건조,맑음,단일로 - 기타,화물,남,73세,부상신고,화물,남,56세,상해없음
2022070400100061,2022년 7월 4일 07시,월요일,경상북도 안동시 용상동,부상신고사고,0,0,0,1,차량단독 - 전도전복 - 전도,안전운전불이행,건조,맑음,단일로 - 기타,기타불명,남,82세,부상신고,,,,
2022070400100142,2022년 7월 4일 09시,월요일,경상북도 포항시 북구 장성동,중상사고,0,1,0,0,차대차 - 정면충돌,안전운전불이행,건조,맑음,교차로 - 교차로안,승용,여,37세,기타불명,승합,남,69세,중상
2022070400100143,2022년 7월 4일 09시,월요일,경상북도 영천시 완산동,경상사고,0,0,1,0,차대차 - 추돌,안전운전불이행,건조,맑음,교차로 - 교차로부근,승용,남,74세,상해없음,승용,여,46세,경상
2022070400100173,2022년 7월 4일 10시,월요일,경상북도 김천시 아포읍,경상사고,0,0,2,0,차대차 - 기타,기타,건조,맑음,단일로 - 기타,화물,남,65세,상해없음,승용,남,70세,경상