사고번호,사고일시,요일,시군구,사고내용,사망자수,중상자수,경상자수,부상신고자수,사고유형,법규위반,노면상태,기상상태,도로형태,가해운전자 차종,가해운전자 성별,가해운전자 연령,가해운전자 상해정도,피해운전자 차종,피해운전자 성별,피해운전자 연령,피해운전자 상해정도
2022070400100205,2022년 7월 4일 11시,월요일,경상북도 포항시 남구 대도동,경상사고,0,0,1,0,차대차 - 기타,차로위반,건조,맑음,단일로 - 기타,화물,남,74세,상해없음,승용,여,40세,상해없음
2022070400100239,2022년 7월 4일 12시,월요일,경상북도 청도군 금천면,중상사고,0,1,0,0,차대차 - 측면충돌,안전운전불이행,건조,맑음,단일로 - 기타,화물,남,52세,상해없음,자전거,남,13세,중상
2022070400100240,2022년 7월 4일 12시,월요일,경상북도 구미시 형곡동,부상신고사고,0,0,0,1,차대차 - 정면충돌,중앙선침범,건조,맑음,단일로 - 기타,개인형이동수단(PM),남,21세,부상신고,이륜,남,30세,상해없음
2022070400100307,2022년 7월 4일 14시,월요일,경상북도 포항시 남구 상도동,경상사고,0,0,1,0,차대차 - 측면충돌,안전운전불이행,젖음/습기,흐림,단일로 - 지하차도(도로)내,승용,여,61세,상해없음,자전거,남,68세,경상
2022070400100368,2022년 7월 4일 16시,월요일,경상북도 경주시 용강동,경상사고,0,0,2,0,차대차 - 추돌,기타,건조,맑음,교차로 - 교차로부근,승용,남,40세,경상,승용,여,43세,경상
2022070400100369,2022년 7월 4일 16시,월요일,경상북도 영천시 야사동,경상사고,0,0,1,0,차대차 - 측면충돌,안전운전불이행,건조,맑음,단일로 - 기타,이륜,남,20세,상해없음,승용,남,53세,경상
2022070400100370,2022년 7월 4일 16시,월요일,경상북도 청도군 청도읍,경상사고,0,0,1,0,차량단독 - 전도전복 - 전도,안전운전불이행,건조,맑음,단일로 - 기타,승용,여,55세,상해없음,,,,
2022070400100371,2022년 7월 4일 16시,월요일,경상북도 구미시 지산동,중상사고,0,1,0,0,차대차 - 추돌,안전운전불이행,건조,맑음,교차로 - 교차로안,이륜,남,71세,중상,승용,남,61세,상해없음
2022070400100372,2022년 7월 4일 16시,월요일,경상북도 구미시 오태동,경상사고,0,0,1,0,차대차 - 측면충돌,안전운전불이행,건조,맑음,교차로 - 교차로부근,화물,남,44세,기타불명,화물,여,54세,경상
2022070400100426,2022년 7월 4일 17시,월요일,경상북도 영주시 하망동,사망사고,1,0,0,0,차량단독 - 공작물충돌,안전운전불이행,젖음/습기,비,단일로 - 기타,화물,남,67세,기타불명,,,,
2022070400100427,2022년 7월 4일 17시,월요일,경상북도 경산시 진량읍,경상사고,0,0,1,0,차대차 - 추돌,안전운전불이행,젖음/습기,맑음,교차로 - 교차로부근,승용,남,39세,상해없음,승용,여,28세,경상
2022070400100428,2022년 7월 4일 17시,월요일,경상북도 성주군 대가면,경상사고,0,0,1,0,차대차 - 기타,안전운전불이행,건조,맑음,단일로 - 기타,승용,여,24세,경상,화물,남,72세,상해없음
2022070400100429,2022년 7월 4일 17시,월요일,경상북도 포항시 남구 대도동,중상사고,0,1,0,0,차대차 - 측면충돌,안전운전불이행,건조,맑음,단일로 - 기타,승용,남,47세,상해없음,원동기,남,59세,중상
2022070400100508,2022년 7월 4일 19시,월요일,경상북도 포항시 북구 용흥동,경상사고,0,0,2,0,차대차 - 측면충돌,안전운전불이행,건조,맑음,단일로 - 기타,승용,여,38세,상해없음,화물,남,23세,경상
2022070400100529,2022년 7월 4일 20시,월요일,경상북도 경산시 중방동,중상사고,0,1,0,0,차대사람 - 횡단중,안전운전불이행,건조,맑음,단일로 - 기타,승용,여,56세,상해없음,보행자,남,47세,중상
2022070400100552,2022년 7월 4일 21시,월요일,경상북도 포항시 남구 송도동,중상사고,0,1,0,0,차대사람 - 횡단중,보행자보호의무위반,건조,맑음,교차로 - 교차로횡단보도내,이륜,남,14세,상해없음,보행자,여,73세,중상
2022070500100008,2022년 7월 5일 00시,화요일,경상북도 칠곡군 석적읍,경상사고,0,0,1,1,차대차 - 측면충돌,교차로운행방법위반,건조,맑음,교차로 - 교차로안,승용,여,29세,부상신고,승용,남,33세,경상
2022070500100009,2022년 7월 5일 00시,화요일,경상북도 구미시 도량동,중상사고,0,1,0,0,차대차 - 기타,안전운전불이행,건조,맑음,단일로 - 기타,승용,남,18세,상해없음,승용,남,53세,중상
2022070500100020,2022년 7월 5일 03시,화요일,경상북도 문경시 유곡동,사망사고,1,0,1,0,차대차 - 추돌,기타,건조,맑음,단일로 - 기타,화물,남,59세,경상,승용,남,44세,상해없음
2022070500100103,2022년 7월 5일 08시,화요일,경상북도 경주시 황성동,경상사고,0,0,1,0,차대차 - 측면충돌,중앙선침범,건조,맑음,단일로 - 기타,승용,남,71세,상해없음,화물,남,54세,상해없음
2022070500100104,2022년 7월 5일 08시,화요일,경상북도 포항시 북구 덕산동,경상사고,0,0,1,0,차대사람 - 차도통행중,안전운전불이행,건조,맑음,단일로 - 기타,승용,여,59세,상해없음,보행자,남,57세,경상
2022070500100105,2022년 7월 5일 08시,화요일,경상북도 경산시 남산면,경상사고,0,0,1,0,차대사람 - 기타,안전운전불이행,건조,맑음,교차로 - 교차로부근,화물,남,61세,상해없음,보행자,남,25세,경상
2022070500100106,2022년 7월 5일 08시,화요일,경상북도 청도군 청도읍,경상사고,0,0,1,0,차대사람 - 횡단중,보행자보호의무위반,건조,맑음,교차로 - 교차로안,화물,남,50세,상해없음,보행자,여,79세,경상
2022070500100107,2022년 7월 5일 08시,화요일,경상북도 울진군 평해읍,중상사고,0,1,1,0,차대차 - 추돌,안전운전불이행,건조,맑음,교차로 - 교차로안,승용,여,67세,경상,화물,남,40세,중상
2022070500100108,2022년 7월 5일 08시,화요일,경상북도 포항시 남구 오천읍,경상사고,0,0,1,0,차대사람 - 차도통행중,안전운전불이행,건조,맑음,교차로 - 교차로부근,승용,남,51세,상해없음,보행자,남,33세,경상
2022070500100144,2022년 7월 5일 09시,화요일,경상북도 구미시 진평동,경상사고,0,0,1,0,차대차 - 측면충돌,안전운전불이행,건조,맑음,단일로 - 기타,승용,여,36세,상해없음,이륜,남,31세,경상
2022070500100145,2022년 7월 5일 09시,화요일,경상북도 구미시 공단동,경상사고,0,0,2,0,차대차 - 측면충돌,교차로운행방법위반,건조,맑음,교차로 - 교차로안,승용,남,29세,경상,승용,여,39세,경상
2022070500100173,2022년 7월 5일 10시,화요일,경상북도 상주시 신봉동,경상사고,0,0,2,0,차대차 - 추돌,안전거리미확보,건조,흐림,교차로 - 교차로안,승용,남,65세,상해없음,승용,여,42세,경상
2022070500100174,2022년 7월 5일 10시,화요일,경상북도 경산시 중방동,경상사고,0,0,1,0,차대차 - 추돌,안전거리미확보,건조,맑음,단일로 - 기타,승용,남,61세,상해없음,승용,남,24세,경상
2022070500100198,2022년 7월 5일 11시,화요일,경상북도 구미시 송정동,경상사고,0,0,1,0,차대차 - 측면충돌,안전운전불이행,건조,맑음,단일로 - 기타,승합,남,59세,상해없음,원동기,남,51세,경상
2022070500100230,2022년 7월 5일 12시,화요일,경상북도 영주시 영주동,부상신고사고,0,0,0,1,차량단독 - 기타,안전운전불이행,건조,맑음,단일로 - 기타,자전거,여,18세,부상신고,,,,
2022070500100231,2022년 7월 5일 12시,화요일,경상북도 예천군 용궁면,중상사고,0,1,0,0,차대차 - 측면충돌,중앙선침범,건조,맑음,단일로 - 기타,승용,여,66세,상해없음,화물,여,65세,기타불명
2022070500100232,2022년 7월 5일 12시,화요일,경상북도 구미시 송정동,경상사고,0,0,2,0,차대차 - 기타,중앙선침범,건조,맑음,교차로 - 교차로부근,승용,남,65세,상해없음,승용,여,45세,경상
2022070500100266,2022년 7월 5일 13시,화요일,경상북도 경주시 산내면,중상사고,0,1,0,0,차량단독 - 공작물충돌,안전운전불이행,건조,흐림,단일로 - 기타,승용,여,54세,중상,,,,
2022070500100267,2022년 7월 5일 13시,화요일,경상북도 포항시 북구 양덕동,사망사고,1,0,0,0,차대차 - 측면충돌,신호위반,건조,맑음,교차로 - 교차로안,화물,남,61세,상해없음,승용,여,65세,상해없음
2022070500100295,2022년 7월 5일 14시,화요일,경상북도 상주시 남성동,중상사고,0,1,0,0,차대차 - 측면충돌,안전운전불이행,건조,맑음,교차로 - 교차로안,화물,남,51세,상해없음,자전거,남,51세,중상
2022070500100296,2022년 7월 5일 14시,화요일,경상북도 칠곡군 약목면,경상사고,0,0,4,0,차대차 - 추돌,안전거리미확보,건조,맑음,교차로 - 교차로부근,화물,남,50세,상해없음,승용,여,54세,경상
2022070500100297,2022년 7월 5일 14시,화요일,경상북도 경산시 중방동,경상사고,0,0,1,0,차대차 - 측면충돌,안전운전불이행,건조,맑음,단일로 - 기타,승합,남,54세,상해없음,화물,남,53세,경상
2022070500100341,2022년 7월 5일 15시,화요일,경상북도 포항시 북구 흥해읍,경상사고,0,0,1,0,차대차 - 후진중충돌,안전운전불이행,건조,맑음,교차로 - 교차로부근,화물,남,58세,상해없음,승용,남,30세,경상
2022070500100342,2022년 7월 5일 15시,화요일,경상북도 안동시 당북동,경상사고,0,0,1,0,차대차 - 후진중충돌,안전운전불이행,건조,맑음,주차장 - 주차장,승용,여,68세,상해없음,특수,남,27세,경상
2022070500100343,2022년 7월 5일 15시,화요일,경상북도 상주시 남성동,중상사고,0,1,0,0,차대사람 - 횡단중,보행자보호의무위반,건조,맑음,단일로 - 기타,승용,여,31세,상해없음,보행자,여,11세,중상
2022070500100344,2022년 7월 5일 15시,화요일,경상북도 성주군 성주읍,중상사고,0,1,0,0,차대차 - 추돌,안전거리미확보,건조,맑음,단일로 - 기타,자전거,여,67세,중상,화물,남,49세,상해없음
2022070500100345,2022년 7월 5일 15시,화요일,경상북도 구미시 형곡동,중상사고,0,1,0,0,차대차 - 기타,불법유턴,건조,맑음,교차로 - 교차로안,개인형이동수단(PM),남,13세,중상,승용,여,48세,상해없음
2022070500100373,2022년 7월 5일 16시,화요일,경상북도 칠곡군 석적읍,중상사고,0,1,0,0,차대차 - 기타,안전운전불이행,젖음/습기,비,교차로 - 교차로부근,이륜,남,47세,중상,승용,남,29세,상해없음
2022070500100374,2022년 7월 5일 16시,화요일,경상북도 구미시 선산읍,경상사고,0,0,1,0,차대사람 - 기타,안전운전불이행,건조,맑음,단일로 - 기타,승용,여,61세,상해없음,보행자,남,53세,경상
2022070500100375,2022년 7월 5일 16시,화요일,경상북도 포항시 남구 상도동,경상사고,0,0,1,0,차대사람 - 보도통행중,신호위반,건조,맑음,단일로 - 기타,승용,남,44세,상해없음,보행자,남,47세,경상
2022070500100421,2022년 7월 5일 17시,화요일,경상북도 영주시 휴천동,부상신고사고,0,0,0,1,차대차 - 측면충돌,교차로운행방법위반,건조,맑음,교차로 - 교차로안,승용,여,46세,상해없음,이륜,남,38세,부상신고
2022070500100422,2022년 7월 5일 17시,화요일,경상북도 칠곡군 석적읍,부상신고사고,0,0,0,1,차대사람 - 차도통행중,안전운전불이행,건조,맑음,단일로 - 기타,승용,남,39세,상해없음,보행자,남,10세,부상신고
2022070500100423,2022년 7월 5일 17시,화요일,경상북도 포항시 남구 오천읍,경상사고,0,0,1,0,차대차 - 측면충돌,안전운전불이행,건조,맑음,교차로 - 교차로부근,승용,남,35세,상해없음,이륜,남,38세,경상
2022070500100424,2022년 7월 5일 17시,화요일,경상북도 포항시 남구 송도동,경상사고,0,0,2,0,차대차 - 측면충돌,안전운전불이행,건조,맑음,단일로 - 기타,화물,남,54세,상해없음,이륜,남,41세,경상
2022070500100466,2022년 7월 5일 18시,화요일,경상북도 안동시 풍산읍,경상사고,0,0,4,0,차대차 - 측면충돌,기타,건조,맑음,교차로 - 교차로안,승용,남,22세,상해없음,승용,남,56세,경상
2022070500100467,2022년 7월 5일 18시,화요일,경상북도 영천시 임고면,중상사고,0,1,0,0,차대차 - 측면충돌,안전운전불이행,건조,맑음,교차로 - 교차로안,화물,남,29세,상해없음,원동기,남,45세,중상
2022070500100468,2022년 7월 5일 18시,화요일,경상북도 고령군 성산면,경상사고,0,0,1,0,차대차 - 측면충돌,안전운전불이행,건조,맑음,교차로 - 교차로안,화물,남,65세,상해없음,화물,남,46세,경상
2022070500100501,2022년 7월 5일 19시,화요일,경상북도 경주시 동천동,경상사고,0,0,1,0,차대차 - 후진중충돌,안전운전불이행,건조,맑음,주차장 - 주차장,화물,남,72세,상해없음,승용,남,52세,경상
2022070500100502,2022년 7월 5일 19시,화요일,경상북도 포항시 남구 오천읍,경상사고,0,0,1,0,차대차 - 측면충돌,교차로운행방법위반,건조,맑음,교차로 - 교차로안,승용,여,53세,상해없음,승용,남,35세,경상
2022070500100528,2022년 7월 5일 20시,화요일,경상북도 성주군 성주읍,경상사고,0,0,1,0,차대사람 - 차도통행중,안전운전불이행,건조,맑음,단일로 - 기타,승용,여,58세,상해없음,보행자,여,15세,경상
2022070500100529,2022년 7월 5일 20시,화요일,경상북도 구미시 사곡동,경상사고,0,0,1,0,차대차 - 기타,직진우회전진행방해,건조,맑음,교차로 - 교차로안,이륜,남,31세,상해없음,승용,남,58세,경상
2022070500100584,2022년 7월 5일 23시,화요일,경상북도 영천시 완산동,경상사고,0,0,1,0,차대차 - 후진중충돌,안전운전불이행,건조,맑음,단일로 - 기타,승용,여,47세,상해없음,승용,여,72세,경상
2022070600100003,2022년 7월 6일 00시,수요일,경상북도 구미시 지산동,경상사고,0,0,1,1,차대차 - 측면충돌,신호위반,건조,맑음,교차로 - 교차로안,이륜,남,49세,부상신고,승용,여,19세,경상
2022070600100070,2022년 7월 6일 07시,수요일,경상북도 영천시 화북면,중상사고,0,1,1,0,차대차 - 측면충돌,기타,건조,맑음,교차로 - 교차로안,승용,남,31세,상해없음,화물,남,44세,경상
2022070600100104,2022년 7월 6일 08시,수요일,경상북도 칠곡군 석적읍,경상사고,0,0,2,1,차대차 - 측면충돌,교차로운행방법위반,건조,맑음,교차로 - 교차로안,화물,남,41세,부상신고,승용,남,55세,경상
2022070600100140,2022년 7월 6일 09시,수요일,경상북도 성주군 선남면,경상사고,0,0,2,0,차대차 - 측면충돌,안전운전불이행,건조,맑음,교차로 - 교차로안,승용,여,59세,경상,승용,여,59세,경상
2022070600100171,2022년 7월 6일 10시,수요일,경상북도 구미시 해평면,중상사고,0,1,0,0,차량단독 - 전도전복 - 전도,안전운전불이행,건조,맑음,단일로 - 기타,원동기,남,80세,상해없음,,,,
2022070600100172,2022년 7월 6일 10시,수요일,경상북도 포항시 남구 오천읍,경상사고,0,0,1,0,차대차 - 추돌,안전운전불이행,건조,맑음,단일로 - 기타,승용,남,23세,상해없음,화물,남,44세,경상
2022070600100223,2022년 7월 6일 12시,수요일,경상북도 울진군 울진읍,중상사고,0,1,0,0,차대차 - 정면충돌,안전운전불이행,건조,맑음,교차로 - 교차로안,이륜,여,68세,중상,승용,여,22세,상해없음
2022070600100224,2022년 7월 6일 12시,수요일,경상북도 구미시 선산읍,경상사고,0,0,1,0,차대차 - 추돌,안전운전불이행,건조,맑음,교차로 - 교차로부근,승용,남,56세,상해없음,화물,남,27세,경상
2022070600100255,2022년 7월 6일 13시,수요일,경상북도 청송군 안덕면,중상사고,0,1,0,0,차량단독 - 도로외이탈 - 추락,안전운전불이행,건조,맑음,단일로 - 지하차도(도로)내,사륜오토바이(ATV),남,57세,중상,,,,
2022070600100284,2022년 7월 6일 14시,수요일,경상북도 칠곡군 왜관읍,경상사고,0,0,1,0,차대차 - 추돌,안전운전불이행,건조,맑음,단일로 - 기타,화물,남,47세,상해없음,승용,남,34세,경상
2022070600100285,2022년 7월 6일 14시,수요일,경상북도 영덕군 강구면,경상사고,0,0,1,0,차량단독 - 전도전복 - 전도,안전운전불이행,젖음/습기,맑음,단일로 - 기타,이륜,남,17세,경상,,,,
2022070600100286,2022년 7월 6일 14시,수요일,경상북도 청송군 파천면,부상신고사고,0,0,0,1,차량단독 - 도로외이탈 - 추락,안전운전불이행,건조,맑음,단일로 - 지하차도(도로)내,원동기,남,67세,부상신고,,,,
2022070600100323,2022년 7월 6일 15시,수요일,경상북도 칠곡군 왜관읍,부상신고사고,0,0,0,1,차대차 - 정면충돌,안전운전불이행,건조,맑음,교차로 - 교차로부근,이륜,남,85세,부상신고,승용,남,61세,상해없음
2022070600100324,2022년 7월 6일 15시,수요일,경상북도 경산시 정평동,중상사고,0,1,0,0,차대차 - 측면충돌,안전운전불이행,건조,맑음,교차로 - 교차로안,자전거,남,20세,상해없음,자전거,여,55세,중상
2022070600100325,2022년 7월 6일 15시,수요일,경상북도 구미시 고아읍,경상사고,0,0,1,0,차대차 - 기타,교차로운행방법위반,건조,맑음,교차로 - 교차로안,승용,여,24세,상해없음,승용,남,37세,경상
2022070600100355,2022년 7월 6일 16시,수요일,경상북도 상주시 무양동,경상사고,0,0,1,0,차대차 - 측면충돌,안전운전불이행,건조,맑음,교차로 - 교차로부근,화물,남,47세,경상,승용,남,26세,상해없음
2022070600100356,2022년 7월 6일 16시,수요일,경상북도 포항시 남구 구룡포읍,경상사고,0,0,1,0,차대차 - 기타,중앙선침범,건조,맑음,단일로 - 지하차도(도로)내,이륜,남,83세,경상,승용,남,67세,상해없음
2022070600100432,2022년 7월 6일 18시,수요일,경상북도 경주시 황남동,중상사고,0,1,0,0,차대차 - 정면충돌,신호위반,건조,맑음,교차로 - 교차로안,이륜,남,29세,상해없음,이륜,여,51세,중상
2022070600100433,2022년 7월 6일 18시,수요일,경상북도 포항시 북구 대흥동,중상사고,0,1,0,0,차대사람 - 차도통행중,안전운전불이행,건조,맑음,교차로 - 교차로안,승용,남,32세,상해없음,보행자,남,81세,중상
2022070600100469,2022년 7월 6일 19시,수요일,경상북도 포항시 북구 학잠동,경상사고,0,0,1,0,차대차 - 기타,안전운전불이행,건조,맑음,단일로 - 기타,승용,여,60세,상해없음,이륜,남,27세,경상
2022070600100470,2022년 7월 6일 19시,수요일,경상북도 예천군 호명면,경상사고,0,0,1,0,차대차 - 추돌,안전운전불이행,건조,맑음,단일로 - 기타,원동기,남,25세,경상,승용,남,50세,상해없음
2022070600100471,2022년 7월 6일 19시,수요일,경상북도 포항시 남구 오천읍,경상사고,0,0,4,0,차대차 - 기타,안전운전불이행,건조,맑음,단일로 - 지하차도(도로)내,승용,남,67세,상해없음,승용,남,47세,상해없음
2022070600100501,2022년 7월 6일 20시,수요일,경상북도 경산시 압량읍,경상사고,0,0,4,0,차대차 - 측면충돌,직진우회전진행방해,건조,맑음,교차로 - 교차로안,승합,남,50세,상해없음,승용,여,21세,경상
2022070600100502,2022년 7월 6일 20시,수요일,경상북도 구미시 비산동,중상사고,0,1,0,0,차대차 - 측면충돌,신호위반,건조,맑음,단일로 - 교량,개인형이동수단(PM),남,21세,중상,승용,남,46세,상해없음
2022070600100533,2022년 7월 6일 21시,수요일,경상북도 포항시 북구 장성동,경상사고,0,0,2,0,차대차 - 측면충돌,신호위반,건조,맑음,교차로 - 교차로안,승용,여,61세,상해없음,승용,남,57세,경상
2022070600100534,2022년 7월 6일 21시,수요일,경상북도 김천시 율곡동,경상사고,0,0,1,0,차대차 - 측면충돌,신호위반,건조,맑음,교차로 - 교차로안,승용,남,37세,상해없음,승용,여,49세,경상
2022070700100042,2022년 7월 7일 05시,목요일,경상북도 문경시 흥덕동,중상사고,0,1,1,0,차대차 - 측면충돌,안전운전불이행,건조,맑음,단일로 - 기타,승용,여,70세,중상,화물,남,63세,경상
2022070700100080,2022년 7월 7일 07시,목요일,경상북도 구미시 구평동,경상사고,0,0,1,0,차대차 - 측면충돌,신호위반,건조,맑음,교차로 - 교차로부근,화물,남,48세,기타불명,승용,남,38세,경상
2022070700100126,2022년 7월 7일 08시,목요일,경상북도 문경시 문경읍,중상사고,0,1,0,0,차대사람 - 보도통행중,기타,건조,맑음,교차로 - 교차로안,승용,남,57세,상해없음,보행자,여,82세,중상
2022070700100127,2022년 7월 7일 08시,목요일,경상북도 구미시 고아읍,중상사고,0,1,0,0,차대차 - 측면충돌,안전운전불이행,건조,맑음,교차로 - 교차로안,승용,남,65세,기타불명,승용,여,66세,중상
2022070700100169,2022년 7월 7일 09시,목요일,경상북도 경주시 동부동,경상사고,0,0,1,0,차대차 - 측면충돌,안전운전불이행,건조,맑음,교차로 - 교차로안,자전거,남,78세,경상,승용,여,62세,상해없음
2022070700100170,2022년 7월 7일 09시,목요일,경상북도 상주시 남적동,부상신고사고,0,0,0,1,차량단독 - 도로외이탈 - 추락,안전운전불이행,건조,맑음,단일로 - 기타,화물,남,70세,부상신고,,,,
2022070700100171,2022년 7월 7일 09시,목요일,경상북도 의성군 의성읍,중상사고,0,1,0,0,차대사람 - 길가장자리구역통행중,안전운전불이행,건조,맑음,교차로 - 교차로부근,승용,여,55세,상해없음,보행자,여,65세,중상
2022070700100238,2022년 7월 7일 11시,목요일,경상북도 경주시 외동읍,중상사고,0,1,0,0,차대차 - 측면충돌,안전거리미확보,건조,맑음,교차로 - 교차로안,이륜,여,67세,중상,화물,여,72세,상해없음
2022070700100239,2022년 7월 7일 11시,목요일,경상북도 경주시 마동,경상사고,0,0,1,0,차대차 - 측면충돌,교차로운행방법위반,건조,맑음,교차로 - 교차로안,승용,여,37세,상해없음,승용,남,29세,경상
2022070700100240,2022년 7월 7일 11시,목요일,경상북도 안동시 정하동,경상사고,0,0,2,0,차대차 - 기타,교차로운행방법위반,건조,맑음,교차로 - 교차로안,승용,남,56세,경상,승용,여,37세,경상
2022070700100268,2022년 7월 7일 12시,목요일,경상북도 경주시 성동동,경상사고,0,0,1,0,차대차 - 기타,중앙선침범,건조,맑음,단일로 - 지하차도(도로)내,이륜,남,33세,경상,승용,여,51세,상해없음
2022070700100269,2022년 7월 7일 12시,목요일,경상북도 의성군 안평면,중상사고,0,1,1,0,차량단독 - 도로외이탈 - 기타,안전운전불이행,건조,맑음,단일로 - 기타,화물,남,79세,경상,,,,
2022070700100270,2022년 7월 7일 12시,목요일,경상북도 영주시 봉현면,중상사고,0,2,0,0,차량단독 - 도로외이탈 - 추락,안전운전불이행,건조,맑음,기타 - 기타,농기계,남,75세,중상,,,,
2022070700100271,2022년 7월 7일 12시,목요일,경상북도 영천시 금호읍,경상사고,0,0,1,0,차대차 - 추돌,안전운전불이행,건조,맑음,단일로 - 기타,승용,여,66세,상해없음,화물,남,54세,경상
2022070700100272,2022년 7월 7일 12시,목요일,경상북도 경산시 중방동,경상사고,0,0,1,0,차대차 - 정면충돌,신호위반,건조,맑음,교차로 - 교차로안,승용,여,38세,상해없음,자전거,남,26세,경상
2022070700100300,2022년 7월 7일 13시,목요일,경상북도 영덕군 영해면,경상사고,0,0,1,0,차대차 - 측면충돌,교차로운행방법위반,건조,맑음,교차로 - 교차로안,자전거,여,44세,경상,승용,남,70세,상해없음
2022070700100334,2022년 7월 7일 14시,목요일,경상북도 경주시 안강읍,경상사고,0,0,1,0,차대차 - 기타,안전운전불이행,건조,맑음,교차로 - 교차로안,승용,남,60세,상해없음,승합,남,62세,상해없음
2022070700100335,2022년 7월 7일 14시,목요일,경상북도 영덕군 축산면,중상사고,0,1,0,0,차량단독 - 공작물충돌,안전운전불이행,건조,맑음,단일로 - 기타,승용,남,61세,중상,,,,
2022070700100392,2022년 7월 7일 16시,목요일,경상북도 김천시 조마면,경상사고,0,0,1,0,차대차 - 측면충돌,안전운전불이행,건조,맑음,단일로 - 기타,화물,남,40세,상해없음,자전거,여,82세,경상
2022070700100393,2022년 7월 7일 16시,목요일,경상북도 영천시 오미동,중상사고,0,1,2,0,차대차 - 측면충돌,안전운전불이행,건조,맑음,교차로 - 교차로안,승용,남,28세,경상,승용,남,62세,중상
2022070700100394,2022년 7월 7일 16시,목요일,경상북도 경산시 진량읍,중상사고,0,1,0,0,차대차 - 측면충돌,차로위반,건조,맑음,단일로 - 기타,승용,남,51세,상해없음,건설기계,남,47세,중상
2022070700100395,2022년 7월 7일 16시,목요일,경상북도 포항시 남구 오천읍,경상사고,0,0,2,0,차대차 - 기타,신호위반,건조,맑음,교차로 - 교차로안,승용,남,67세,상해없음,승용,남,74세,상해없음
2022070700100443,2022년 7월 7일 17시,목요일,경상북도 경주시 성동동,중상사고,0,1,0,0,차대차 - 기타,안전운전불이행,건조,맑음,교차로 - 교차로안,화물,남,24세,상해없음,승합,남,62세,상해없음
2022070700100444,2022년 7월 7일 17시,목요일,경상북도 문경시 농암면,중상사고,0,1,1,0,차대차 - 측면충돌,기타,건조,흐림,교차로 - 교차로안,승용,여,62세,경상,승용,여,62세,중상
2022070700100445,2022년 7월 7일 17시,목요일,경상북도 포항시 남구 송도동,경상사고,0,0,1,0,차대차 - 추돌,안전운전불이행,건조,맑음,교차로 - 교차로부근,승용,남,73세,상해없음,화물,남,32세,경상
2022070700100477,2022년 7월 7일 18시,목요일,경상북도 칠곡군 왜관읍,경상사고,0,0,2,0,차대차 - 측면충돌,안전운전불이행,건조,맑음,교차로 - 교차로안,승용,남,48세,상해없음,승용,남,42세,경상
2022070700100478,2022년 7월 7일 18시,목요일,경상북도 구미시 공단동,경상사고,0,0,1,0,차대차 - 기타,안전거리미확보,건조,맑음,단일로 - 기타,승용,남,46세,상해없음,승용,남,41세,경상
2022070700100479,2022년 7월 7일 18시,목요일,경상북도 구미시 구포동,경상사고,0,0,1,0,차대차 - 기타,안전운전불이행,건조,맑음,단일로 - 기타,승용,여,57세,상해없음,승용,남,39세,경상
2022070700100513,2022년 7월 7일 19시,목요일,경상북도 영주시 평은면,경상사고,0,0,2,0,차대차 - 추돌,안전운전불이행,건조,맑음,교차로 - 교차로안,승용,여,28세,상해없음,승용,남,57세,경상
2022070700100514,2022년 7월 7일 19시,목요일,경상북도 포항시 남구 이동,경상사고,0,0,2,0,차대차 - 측면충돌,안전운전불이행,건조,맑음,단일로 - 지하차도(도로)내,승합,남,45세,상해없음,승합,남,51세,경상
2022070700100548,2022년 7월 7일 20시,목요일,경상북도 영주시 풍기읍,경상사고,0,0,1,0,차대차 - 측면충돌,중앙선침범,건조,맑음,단일로 - 기타,화물,남,66세,상해없음,이륜,남,23세,경상
2022070700100549,2022년 7월 7일 20시,목요일,경상북도 구미시 공단동,경상사고,0,0,1,0,차대차 - 추돌,안전운전불이행,건조,맑음,단일로 - 기타,승용,남,22세,상해없음,이륜,남,26세,경상
2022070700100587,2022년 7월 7일 21시,목요일,경상북도 경산시 정평동,경상사고,0,0,1,0,차대차 - 측면충돌,안전운전불이행,건조,맑음,교차로 - 교차로부근,이륜,남,22세,상해없음,이륜,남,61세,경상
2022070700100602,2022년 7월 7일 22시,목요일,경상북도 칠곡군 기산면,경상사고,0,0,1,0,차대차 - 후진중충돌,안전운전불이행,건조,맑음,교차로 - 교차로안,승용,여,35세,상해없음,승용,남,46세,경상
2022070800100067,2022년 7월 8일 07시,금요일,경상북도 포항시 북구 양덕동,중상사고,0,1,0,0,차대차 - 측면충돌,신호위반,건조,맑음,교차로 - 교차로안,승용,남,25세,상해없음,승용,남,47세,중상
2022070800100068,2022년 7월 8일 07시,금요일,경상북도 영천시 금노동,경상사고,0,0,1,0,차대차 - 추돌,안전운전불이행,건조,맑음,교차로 - 교차로부근,승용,남,28세,상해없음,화물,남,54세,경상
2022070800100105,2022년 7월 8일 08시,금요일,경상북도 안동시 운흥동,경상사고,0,0,3,0,차대차 - 정면충돌,안전운전불이행,젖음/습기,비,교차로 - 교차로안,승용,여,26세,경상,승용,남,31세,경상
2022070800100106,2022년 7월 8일 08시,금요일,경상북도 경산시 정평동,경상사고,0,0,1,0,차대차 - 측면충돌,안전운전불이행,건조,맑음,교차로 - 교차로안,승용,남,28세,상해없음,승용,여,41세,경상
2022070800100107,2022년 7월 8일 08시,금요일,경상북도 성주군 용암면,경상사고,0,0,1,0,차대사람 - 기타,안전운전불이행,건조,맑음,단일로 - 기타,승용,여,35세,상해없음,보행자,남,35세,경상