사고번호,사고일시,요일,시군구,사고내용,사망자수,중상자수,경상자수,부상신고자수,사고유형,법규위반,노면상태,기상상태,도로형태,가해운전자 차종,가해운전자 성별,가해운전자 연령,가해운전자 상해정도,피해운전자 차종,피해운전자 성별,피해운전자 연령,피해운전자 상해정도
2022071100100441,2022년 7월 11일 17시,월요일,경상북도 영천시 완산동,중상사고,0,1,0,0,차대차 - 기타,안전운전불이행,건조,맑음,단일로 - 기타,승용,여,64세,상해없음,자전거,남,71세,중상
2022071100100500,2022년 7월 11일 18시,월요일,경상북도 포항시 북구 죽도동,경상사고,0,0,1,0,차대사람 - 길가장자리구역통행중,안전운전불이행,건조,맑음,기타 - 기타,승용,남,33세,상해없음,보행자,남,51세,경상
2022071100100501,2022년 7월 11일 18시,월요일,경상북도 문경시 모전동,중상사고,0,1,0,0,차대사람 - 횡단중,보행자보호의무위반,건조,맑음,교차로 - 교차로안,승용,남,59세,상해없음,보행자,남,8세,중상
2022071100100502,2022년 7월 11일 18시,월요일,경상북도 경산시 하양읍,경상사고,0,0,1,0,차대사람 - 기타,안전운전불이행,건조,맑음,단일로 - 기타,승용,남,53세,상해없음,보행자,여,21세,경상
2022071100100527,2022년 7월 11일 19시,월요일,경상북도 고령군 다산면,경상사고,0,0,1,0,차대차 - 측면충돌,안전운전불이행,건조,맑음,단일로 - 기타,승용,여,72세,상해없음,승용,남,70세,경상
2022071100100555,2022년 7월 11일 20시,월요일,경상북도 경산시 진량읍,경상사고,0,0,1,0,차대차 - 측면충돌,안전운전불이행,건조,맑음,단일로 - 기타,승용,기타불명,미분류,기타불명,승용,남,40세,경상
2022071100100575,2022년 7월 11일 21시,월요일,경상북도 포항시 북구 양덕동,경상사고,0,0,1,0,차대차 - 추돌,안전운전불이행,건조,맑음,교차로 - 교차로부근,승용,여,49세,상해없음,승용,여,58세,경상
2022071200100008,2022년 7월 12일 00시,화요일,경상북도 구미시 진평동,경상사고,0,0,2,0,차대차 - 추돌,안전운전불이행,건조,맑음,교차로 - 교차로부근,승용,남,53세,상해없음,승용,남,27세,경상
2022071200100009,2022년 7월 12일 00시,화요일,경상북도 구미시 산동읍,경상사고,0,0,1,0,차대차 - 측면충돌,안전운전불이행,건조,맑음,교차로 - 교차로부근,승용,여,28세,상해없음,승용,여,52세,경상
2022071200100037,2022년 7월 12일 05시,화요일,경상북도 포항시 남구 해도동,중상사고,0,1,0,0,차대사람 - 횡단중,안전운전불이행,건조,맑음,기타 - 기타,승용,남,67세,기타불명,보행자,남,73세,중상
2022071200100047,2022년 7월 12일 06시,화요일,경상북도 구미시 황상동,중상사고,0,1,0,0,차량단독 - 공작물충돌,안전운전불이행,젖음/습기,비,단일로 - 기타,승용,남,28세,중상,,,,
2022071200100061,2022년 7월 12일 07시,화요일,경상북도 상주시 가장동,사망사고,1,0,0,0,차량단독 - 도로외이탈 - 추락,안전운전불이행,건조,흐림,단일로 - 기타,화물,남,56세,사망,,,,
2022071200100097,2022년 7월 12일 08시,화요일,경상북도 포항시 북구 용흥동,경상사고,0,0,1,0,차대차 - 측면충돌,안전운전불이행,건조,맑음,교차로 - 교차로안,승용,남,70세,상해없음,승용,남,34세,경상
2022071200100098,2022년 7월 12일 08시,화요일,경상북도 구미시 광평동,경상사고,0,0,2,0,차대차 - 측면충돌,교차로운행방법위반,건조,맑음,교차로 - 교차로부근,화물,남,66세,상해없음,승용,남,61세,경상
2022071200100134,2022년 7월 12일 09시,화요일,경상북도 영천시 금호읍,경상사고,0,0,2,0,차대차 - 측면충돌,신호위반,건조,맑음,교차로 - 교차로안,승용,남,77세,경상,화물,남,73세,경상
2022071200100156,2022년 7월 12일 10시,화요일,경상북도 성주군 대가면,중상사고,0,2,0,0,차대차 - 기타,중앙선침범,건조,맑음,단일로 - 기타,승용,남,48세,중상,화물,남,40세,중상
2022071200100157,2022년 7월 12일 10시,화요일,경상북도 구미시 원평동,경상사고,0,0,2,1,차대차 - 측면충돌,안전운전불이행,건조,맑음,교차로 - 교차로안,승용,남,56세,부상신고,승용,남,43세,경상
2022071200100181,2022년 7월 12일 11시,화요일,경상북도 경주시 사정동,경상사고,0,0,2,0,차대차 - 측면충돌,안전운전불이행,건조,맑음,교차로 - 교차로안,특수,남,48세,상해없음,승용,여,52세,경상
2022071200100182,2022년 7월 12일 11시,화요일,경상북도 칠곡군 약목면,경상사고,0,0,1,0,차대차 - 후진중충돌,안전운전불이행,건조,맑음,단일로 - 기타,화물,남,61세,상해없음,화물,남,67세,경상
2022071200100183,2022년 7월 12일 11시,화요일,경상북도 성주군 선남면,경상사고,0,0,3,0,차대차 - 추돌,안전운전불이행,건조,맑음,단일로 - 기타,화물,남,44세,상해없음,승용,여,44세,경상
2022071200100184,2022년 7월 12일 11시,화요일,경상북도 울진군 북면,중상사고,0,1,0,0,차대차 - 정면충돌,안전운전불이행,건조,맑음,단일로 - 기타,승용,남,33세,상해없음,사륜오토바이(ATV),여,82세,중상
2022071200100185,2022년 7월 12일 11시,화요일,경상북도 군위군 군위읍,경상사고,0,0,1,0,차대차 - 측면충돌,안전운전불이행,건조,맑음,교차로 - 교차로안,승용,남,43세,상해없음,승용,남,63세,경상
2022071200100231,2022년 7월 12일 13시,화요일,경상북도 포항시 남구 상도동,경상사고,0,0,2,0,차대차 - 추돌,안전운전불이행,건조,맑음,교차로 - 교차로부근,승용,남,70세,상해없음,승용,여,54세,경상
2022071200100261,2022년 7월 12일 14시,화요일,경상북도 안동시 임하면,중상사고,0,1,2,0,차대차 - 정면충돌,중앙선침범,건조,맑음,단일로 - 기타,승용,남,72세,경상,승용,남,65세,경상
2022071200100262,2022년 7월 12일 14시,화요일,경상북도 울릉군 울릉읍,경상사고,0,0,1,0,차대차 - 측면충돌,신호위반,건조,맑음,교차로 - 교차로안,이륜,남,29세,경상,승용,남,22세,상해없음
2022071200100298,2022년 7월 12일 15시,화요일,경상북도 칠곡군 석적읍,경상사고,0,0,1,0,차대차 - 기타,직진우회전진행방해,건조,맑음,교차로 - 교차로안,승용,남,44세,상해없음,이륜,남,43세,경상
2022071200100326,2022년 7월 12일 16시,화요일,경상북도 상주시 모동면,사망사고,1,0,0,0,차대사람 - 차도통행중,안전운전불이행,건조,흐림,단일로 - 지하차도(도로)내,화물,남,87세,상해없음,보행자,여,81세,사망
2022071200100327,2022년 7월 12일 16시,화요일,경상북도 영천시 임고면,경상사고,0,0,2,0,차대차 - 측면충돌,안전운전불이행,건조,맑음,교차로 - 교차로안,화물,남,65세,경상,승용,남,29세,경상
2022071200100367,2022년 7월 12일 17시,화요일,경상북도 포항시 북구 두호동,경상사고,0,0,1,0,차대차 - 측면충돌,안전운전불이행,건조,맑음,단일로 - 기타,승용,남,53세,상해없음,이륜,남,34세,경상
2022071200100368,2022년 7월 12일 17시,화요일,경상북도 문경시 호계면,경상사고,0,0,1,0,차량단독 - 기타,안전운전불이행,건조,맑음,교차로 - 교차로안,이륜,여,79세,경상,,,,
2022071200100369,2022년 7월 12일 17시,화요일,경상북도 구미시 원평동,경상사고,0,0,2,0,차대차 - 추돌,안전거리미확보,건조,맑음,단일로 - 기타,이륜,남,24세,상해없음,승용,여,36세,경상
2022071200100370,2022년 7월 12일 17시,화요일,경상북도 구미시 송정동,경상사고,0,0,1,0,차대차 - 측면충돌,안전거리미확보,건조,맑음,단일로 - 기타,승용,여,42세,상해없음,승용,여,34세,경상
2022071200100410,2022년 7월 12일 18시,화요일,경상북도 칠곡군 석적읍,부상신고사고,0,0,0,1,차대사람 - 기타,안전운전불이행,건조,맑음,단일로 - 지하차도(도로)내,승용,남,28세,상해없음,보행자,남,9세,부상신고
2022071200100411,2022년 7월 12일 18시,화요일,경상북도 구미시 상모동,경상사고,0,0,1,0,차대사람 - 기타,안전운전불이행,건조,맑음,단일로 - 기타,승용,여,45세,상해없음,보행자,여,11세,경상
2022071200100457,2022년 7월 12일 20시,화요일,경상북도 구미시 공단동,경상사고,0,0,1,0,차대차 - 측면충돌,안전운전불이행,건조,맑음,교차로 - 교차로부근,승용,여,35세,상해없음,자전거,남,58세,경상
2022071200100482,2022년 7월 12일 21시,화요일,경상북도 안동시 풍천면,중상사고,0,1,0,0,차대차 - 추돌,안전거리미확보,건조,맑음,교차로 - 교차로부근,승용,여,38세,상해없음,이륜,남,31세,중상
2022071200100483,2022년 7월 12일 21시,화요일,경상북도 김천시 부곡동,경상사고,0,0,1,0,차대차 - 측면충돌,안전운전불이행,건조,맑음,교차로 - 교차로부근,승용,남,54세,상해없음,승용,여,23세,경상
2022071200100484,2022년 7월 12일 21시,화요일,경상북도 경산시 압량읍,중상사고,0,1,1,0,차대차 - 측면충돌,직진우회전진행방해,건조,맑음,교차로 - 교차로안,승용,남,25세,상해없음,이륜,남,22세,경상
2022071200100485,2022년 7월 12일 21시,화요일,경상북도 구미시 도량동,경상사고,0,0,3,0,차대차 - 기타,안전운전불이행,건조,맑음,단일로 - 기타,승합,남,69세,기타불명,승용,여,40세,경상
2022071200100486,2022년 7월 12일 21시,화요일,경상북도 경산시 남천면,중상사고,0,1,1,0,차대차 - 추돌,안전운전불이행,건조,맑음,단일로 - 기타,화물,남,53세,경상,화물,남,37세,중상
2022071200100505,2022년 7월 12일 22시,화요일,경상북도 포항시 북구 항구동,경상사고,0,0,1,0,차대차 - 기타,중앙선침범,건조,맑음,단일로 - 기타,자전거,여,23세,상해없음,자전거,남,21세,경상
2022071300100029,2022년 7월 13일 04시,수요일,경상북도 상주시 화산동,중상사고,0,1,0,0,차대차 - 정면충돌,중앙선침범,건조,맑음,단일로 - 기타,원동기,남,39세,중상,화물,남,54세,상해없음
2022071300100037,2022년 7월 13일 05시,수요일,경상북도 포항시 북구 장성동,경상사고,0,0,1,0,차대차 - 측면충돌,안전운전불이행,건조,맑음,단일로 - 기타,승용,남,74세,상해없음,이륜,여,63세,경상
2022071300100038,2022년 7월 13일 05시,수요일,경상북도 영덕군 지품면,경상사고,0,0,1,0,차대차 - 측면충돌,중앙선침범,건조,맑음,단일로 - 기타,화물,남,64세,상해없음,농기계,남,78세,상해없음
2022071300100063,2022년 7월 13일 07시,수요일,경상북도 구미시 상모동,경상사고,0,0,1,0,차대차 - 추돌,안전운전불이행,건조,맑음,단일로 - 기타,화물,남,75세,상해없음,승용,여,26세,경상
2022071300100100,2022년 7월 13일 08시,수요일,경상북도 경주시 용강동,경상사고,0,0,1,0,차대사람 - 기타,안전운전불이행,건조,맑음,주차장 - 주차장,승용,여,36세,상해없음,보행자,여,56세,경상
2022071300100101,2022년 7월 13일 08시,수요일,경상북도 봉화군 물야면,경상사고,0,0,2,0,차대차 - 정면충돌,안전운전불이행,건조,맑음,교차로 - 교차로안,승용,여,70세,경상,화물,남,74세,경상
2022071300100129,2022년 7월 13일 09시,수요일,경상북도 칠곡군 약목면,경상사고,0,0,2,0,차대차 - 측면충돌,신호위반,건조,맑음,단일로 - 지하차도(도로)내,건설기계,남,66세,상해없음,승용,여,42세,경상
2022071300100148,2022년 7월 13일 10시,수요일,경상북도 포항시 북구 죽도동,중상사고,0,1,0,0,차대차 - 측면충돌,교차로운행방법위반,건조,맑음,교차로 - 교차로안,승용,남,61세,상해없음,이륜,여,55세,중상
2022071300100149,2022년 7월 13일 10시,수요일,경상북도 경산시 정평동,경상사고,0,0,3,0,차대차 - 측면충돌,신호위반,건조,맑음,교차로 - 교차로안,승용,남,43세,상해없음,승용,남,23세,경상
2022071300100180,2022년 7월 13일 11시,수요일,경상북도 경산시 진량읍,경상사고,0,0,1,0,차대차 - 기타,안전운전불이행,건조,맑음,단일로 - 기타,이륜,남,55세,경상,승용,여,43세,상해없음
2022071300100207,2022년 7월 13일 12시,수요일,경상북도 경주시 황성동,경상사고,0,0,1,0,차대사람 - 기타,안전운전불이행,건조,맑음,교차로 - 교차로안,화물,남,51세,상해없음,보행자,남,22세,경상
2022071300100208,2022년 7월 13일 12시,수요일,경상북도 칠곡군 지천면,경상사고,0,0,1,0,차대사람 - 길가장자리구역통행중,안전운전불이행,건조,맑음,단일로 - 기타,승용,남,80세,상해없음,보행자,남,49세,경상
2022071300100209,2022년 7월 13일 12시,수요일,경상북도 구미시 구포동,경상사고,0,0,4,0,차대차 - 추돌,안전운전불이행,건조,맑음,교차로 - 교차로부근,화물,남,51세,경상,승용,여,47세,경상
2022071300100210,2022년 7월 13일 12시,수요일,경상북도 포항시 남구 오천읍,경상사고,0,0,1,0,차대사람 - 차도통행중,안전운전불이행,건조,맑음,단일로 - 지하차도(도로)내,승용,여,45세,상해없음,보행자,남,59세,경상
2022071300100265,2022년 7월 13일 14시,수요일,경상북도 봉화군 물야면,경상사고,0,0,1,0,차대차 - 추돌,안전운전불이행,젖음/습기,비,단일로 - 기타,승용,남,61세,상해없음,승용,남,77세,경상
2022071300100266,2022년 7월 13일 14시,수요일,경상북도 청도군 화양읍,경상사고,0,0,1,0,차대차 - 측면충돌,안전운전불이행,건조,맑음,교차로 - 교차로안,승용,남,62세,상해없음,승용,남,40세,경상
2022071300100267,2022년 7월 13일 14시,수요일,경상북도 성주군 선남면,경상사고,0,0,2,0,차대차 - 기타,안전운전불이행,건조,맑음,교차로 - 교차로부근,화물,남,39세,상해없음,화물,남,70세,경상
2022071300100336,2022년 7월 13일 16시,수요일,경상북도 구미시 봉곡동,경상사고,0,0,3,0,차대차 - 추돌,안전운전불이행,젖음/습기,비,단일로 - 기타,화물,남,48세,상해없음,승용,여,31세,경상
2022071300100337,2022년 7월 13일 16시,수요일,경상북도 포항시 남구 장기면,중상사고,0,1,2,0,차대차 - 측면충돌,중앙선침범,건조,맑음,단일로 - 지하차도(도로)내,승용,남,31세,상해없음,승용,여,66세,경상
2022071300100338,2022년 7월 13일 16시,수요일,경상북도 포항시 남구 오천읍,경상사고,0,0,1,0,차대차 - 후진중충돌,안전운전불이행,건조,맑음,단일로 - 지하차도(도로)내,화물,남,38세,상해없음,이륜,남,16세,경상
2022071300100339,2022년 7월 13일 16시,수요일,경상북도 포항시 남구 송도동,경상사고,0,0,1,0,차대사람 - 길가장자리구역통행중,안전운전불이행,건조,맑음,단일로 - 기타,화물,남,58세,상해없음,보행자,남,54세,경상
2022071300100380,2022년 7월 13일 17시,수요일,경상북도 안동시 운안동,경상사고,0,0,1,0,차대차 - 기타,안전운전불이행,젖음/습기,비,단일로 - 기타,화물,남,53세,상해없음,승용,남,48세,경상
2022071300100381,2022년 7월 13일 17시,수요일,경상북도 김천시 신음동,중상사고,0,1,0,0,차대사람 - 횡단중,신호위반,젖음/습기,비,교차로 - 교차로횡단보도내,이륜,남,28세,상해없음,보행자,여,58세,중상
2022071300100425,2022년 7월 13일 18시,수요일,경상북도 상주시 무양동,경상사고,0,0,1,0,차대사람 - 횡단중,보행자보호의무위반,젖음/습기,비,교차로 - 교차로횡단보도내,승용,남,57세,상해없음,보행자,여,12세,경상
2022071300100427,2022년 7월 13일 18시,수요일,경상북도 포항시 남구 인덕동,경상사고,0,0,1,0,차대사람 - 기타,안전운전불이행,젖음/습기,비,단일로 - 지하차도(도로)내,이륜,남,26세,상해없음,보행자,남,30세,경상
2022071300100472,2022년 7월 13일 19시,수요일,경상북도 포항시 남구 연일읍,부상신고사고,0,0,0,2,차대차 - 측면충돌,교차로운행방법위반,젖음/습기,비,교차로 - 교차로안,화물,남,55세,상해없음,화물,남,46세,상해없음
2022071300100550,2022년 7월 13일 22시,수요일,경상북도 안동시 태화동,경상사고,0,0,2,0,차대차 - 추돌,안전거리미확보,젖음/습기,비,교차로 - 교차로부근,승용,남,65세,상해없음,승용,남,48세,경상
2022071400100047,2022년 7월 14일 04시,목요일,경상북도 구미시 진평동,중상사고,0,1,1,0,차대차 - 측면충돌,안전운전불이행,건조,기타,교차로 - 교차로안,승용,남,26세,경상,화물,남,31세,중상
2022071400100086,2022년 7월 14일 07시,목요일,경상북도 포항시 북구 죽도동,경상사고,0,0,1,0,차대사람 - 차도통행중,안전운전불이행,건조,맑음,단일로 - 기타,이륜,남,54세,상해없음,보행자,여,63세,경상
2022071400100087,2022년 7월 14일 07시,목요일,경상북도 김천시 개령면,경상사고,0,0,1,0,차대차 - 측면충돌,안전운전불이행,건조,맑음,교차로 - 교차로안,승용,남,74세,상해없음,승용,남,65세,경상
2022071400100088,2022년 7월 14일 07시,목요일,경상북도 영천시 완산동,중상사고,0,1,0,0,차대사람 - 횡단중,안전운전불이행,건조,맑음,교차로 - 교차로횡단보도내,자전거,남,42세,상해없음,보행자,여,55세,중상
2022071400100089,2022년 7월 14일 07시,목요일,경상북도 구미시 구포동,경상사고,0,0,1,0,차대차 - 추돌,안전운전불이행,건조,맑음,단일로 - 기타,승용,남,24세,상해없음,승용,남,54세,경상
2022071400100120,2022년 7월 14일 08시,목요일,경상북도 청도군 청도읍,부상신고사고,0,0,0,1,차대차 - 기타,안전운전불이행,건조,맑음,교차로 - 교차로안,이륜,남,84세,부상신고,승용,여,64세,상해없음
2022071400100121,2022년 7월 14일 08시,목요일,경상북도 성주군 성주읍,경상사고,0,0,1,0,차대차 - 정면충돌,중앙선침범,건조,맑음,교차로 - 교차로부근,화물,남,70세,상해없음,승용,여,53세,경상
2022071400100160,2022년 7월 14일 09시,목요일,경상북도 김천시 봉산면,경상사고,0,0,1,0,차대차 - 기타,안전운전불이행,건조,맑음,교차로 - 교차로부근,화물,남,44세,상해없음,승합,남,59세,상해없음
2022071400100161,2022년 7월 14일 09시,목요일,경상북도 고령군 성산면,경상사고,0,0,3,0,차대차 - 기타,안전운전불이행,건조,맑음,단일로 - 기타,승용,남,74세,상해없음,승용,남,69세,경상
2022071400100200,2022년 7월 14일 10시,목요일,경상북도 포항시 북구 신광면,중상사고,0,1,0,0,차대사람 - 차도통행중,안전운전불이행,건조,맑음,단일로 - 기타,승용,남,49세,상해없음,보행자,여,78세,중상
2022071400100201,2022년 7월 14일 10시,목요일,경상북도 청도군 청도읍,경상사고,0,0,1,0,차대차 - 측면충돌,교차로운행방법위반,건조,맑음,교차로 - 교차로안,승용,여,53세,기타불명,승용,남,65세,경상
2022071400100202,2022년 7월 14일 10시,목요일,경상북도 영양군 영양읍,경상사고,0,0,1,0,차대사람 - 횡단중,보행자보호의무위반,건조,맑음,교차로 - 교차로횡단보도내,승용,남,69세,상해없음,보행자,남,56세,경상
2022071400100225,2022년 7월 14일 11시,목요일,경상북도 포항시 남구 동해면,부상신고사고,0,0,0,1,차대차 - 측면충돌,안전운전불이행,건조,맑음,교차로 - 교차로안,승용,여,46세,부상신고,승용,남,76세,상해없음
2022071400100249,2022년 7월 14일 12시,목요일,경상북도 울릉군 서면,경상사고,0,0,3,0,차대차 - 정면충돌,신호위반,건조,맑음,단일로 - 기타,승용,남,63세,상해없음,승용,여,30세,경상
2022071400100279,2022년 7월 14일 13시,목요일,경상북도 경산시 옥곡동,중상사고,0,1,0,0,차대차 - 기타,중앙선침범,건조,맑음,단일로 - 기타,승용,여,40세,상해없음,이륜,남,45세,중상
2022071400100280,2022년 7월 14일 13시,목요일,경상북도 울진군 금강송면,중상사고,0,1,2,0,차대사람 - 기타,안전운전불이행,건조,맑음,단일로 - 기타,승용,남,66세,상해없음,보행자,남,31세,경상
2022071400100281,2022년 7월 14일 13시,목요일,경상북도 구미시 산동읍,경상사고,0,0,3,0,차대차 - 추돌,안전운전불이행,건조,맑음,단일로 - 기타,승용,여,31세,상해없음,승용,여,30세,경상
2022071400100318,2022년 7월 14일 14시,목요일,경상북도 경주시 성동동,중상사고,0,1,0,0,차대차 - 기타,신호위반,건조,맑음,단일로 - 기타,승용,여,70세,상해없음,이륜,남,53세,중상
2022071400100319,2022년 7월 14일 14시,목요일,경상북도 포항시 북구 용흥동,경상사고,0,0,4,0,차대차 - 추돌,안전거리미확보,건조,맑음,교차로 - 교차로부근,승용,남,23세,상해없음,승용,남,35세,경상
2022071400100320,2022년 7월 14일 14시,목요일,경상북도 문경시 가은읍,부상신고사고,0,0,0,1,차대차 - 측면충돌,중앙선침범,건조,맑음,단일로 - 기타,자전거,남,45세,부상신고,화물,남,72세,상해없음
2022071400100321,2022년 7월 14일 14시,목요일,경상북도 포항시 남구 대도동,경상사고,0,0,1,0,차대사람 - 차도통행중,안전운전불이행,건조,맑음,단일로 - 지하차도(도로)내,승용,남,38세,상해없음,보행자,여,51세,경상
2022071400100359,2022년 7월 14일 15시,목요일,경상북도 포항시 남구 대도동,경상사고,0,0,1,0,차대차 - 정면충돌,신호위반,건조,맑음,교차로 - 교차로안,승용,남,78세,상해없음,승용,여,38세,경상
2022071400100404,2022년 7월 14일 16시,목요일,경상북도 김천시 황금동,중상사고,0,1,1,0,차대사람 - 횡단중,보행자보호의무위반,건조,맑음,교차로 - 교차로안,승용,여,59세,기타불명,보행자,여,47세,중상
2022071400100405,2022년 7월 14일 16시,목요일,경상북도 영천시 금호읍,중상사고,0,1,3,0,차대차 - 측면충돌,교차로운행방법위반,건조,맑음,교차로 - 교차로안,승용,남,60세,중상,승용,여,59세,경상
2022071400100448,2022년 7월 14일 17시,목요일,경상북도 경주시 용강동,중상사고,0,1,0,0,차대차 - 측면충돌,안전운전불이행,건조,맑음,단일로 - 기타,승용,남,56세,상해없음,원동기,남,24세,중상
2022071400100449,2022년 7월 14일 17시,목요일,경상북도 영주시 이산면,경상사고,0,0,1,0,차대차 - 정면충돌,안전운전불이행,건조,맑음,단일로 - 기타,이륜,남,60세,경상,화물,남,57세,상해없음
2022071400100450,2022년 7월 14일 17시,목요일,경상북도 칠곡군 왜관읍,부상신고사고,0,0,0,1,차량단독 - 전도전복 - 전도,안전운전불이행,건조,맑음,단일로 - 기타,이륜,남,69세,부상신고,,,,
2022071400100451,2022년 7월 14일 17시,목요일,경상북도 구미시 원평동,중상사고,0,1,0,0,차대차 - 측면충돌,안전운전불이행,건조,맑음,단일로 - 기타,승용,남,37세,상해없음,이륜,남,65세,중상
2022071400100496,2022년 7월 14일 18시,목요일,경상북도 포항시 북구 죽도동,경상사고,0,0,1,0,차대차 - 측면충돌,교차로운행방법위반,건조,맑음,교차로 - 교차로안,승용,남,54세,상해없음,승용,남,21세,경상
2022071400100533,2022년 7월 14일 19시,목요일,경상북도 칠곡군 왜관읍,경상사고,0,0,1,0,차대차 - 측면충돌,신호위반,건조,맑음,교차로 - 교차로안,승용,남,65세,상해없음,승용,남,36세,경상
2022071400100534,2022년 7월 14일 19시,목요일,경상북도 문경시 농암면,중상사고,0,1,0,0,차대차 - 정면충돌,안전운전불이행,건조,맑음,단일로 - 기타,이륜,남,52세,중상,승용,여,52세,상해없음
2022071400100535,2022년 7월 14일 19시,목요일,경상북도 구미시 봉곡동,중상사고,0,1,0,0,차대차 - 측면충돌,안전거리미확보,건조,맑음,교차로 - 교차로부근,이륜,남,19세,상해없음,이륜,남,31세,상해없음
2022071400100579,2022년 7월 14일 20시,목요일,경상북도 경산시 계양동,중상사고,0,1,0,0,차대차 - 측면충돌,안전운전불이행,건조,맑음,교차로 - 교차로안,개인형이동수단(PM),남,17세,중상,승용,여,34세,상해없음
2022071400100580,2022년 7월 14일 20시,목요일,경상북도 구미시 산동읍,경상사고,0,0,1,0,차대차 - 기타,직진우회전진행방해,건조,맑음,교차로 - 교차로안,화물,남,53세,상해없음,승용,남,47세,경상
2022071400100630,2022년 7월 14일 22시,목요일,경상북도 상주시 화개동,사망사고,1,0,0,0,차량단독 - 공작물충돌,안전운전불이행,건조,맑음,교차로 - 교차로안,승용,남,38세,사망,,,,
2022071400100646,2022년 7월 14일 23시,목요일,경상북도 경주시 덕동,경상사고,0,0,1,0,차대차 - 측면충돌,중앙선침범,건조,맑음,단일로 - 기타,승용,남,40세,상해없음,승용,남,54세,경상
2022071400100647,2022년 7월 14일 23시,목요일,경상북도 영천시 망정동,경상사고,0,0,1,0,차대차 - 측면충돌,안전운전불이행,건조,맑음,교차로 - 교차로안,승용,여,45세,상해없음,특수,남,21세,경상
2022071500100035,2022년 7월 15일 05시,금요일,경상북도 영천시 화산면,경상사고,0,0,1,1,차량단독 - 기타,안전운전불이행,건조,맑음,단일로 - 기타,승용,남,24세,경상,,,,
2022071500100036,2022년 7월 15일 05시,금요일,경상북도 성주군 용암면,중상사고,0,1,0,0,차대차 - 측면충돌,중앙선침범,건조,맑음,단일로 - 기타,화물,남,56세,상해없음,이륜,남,74세,중상
2022071500100084,2022년 7월 15일 08시,금요일,경상북도 경주시 내남면,경상사고,0,0,1,0,차대차 - 추돌,안전운전불이행,건조,맑음,단일로 - 지하차도(도로)내,화물,남,62세,상해없음,승용,남,30세,경상
2022071500100085,2022년 7월 15일 08시,금요일,경상북도 안동시 풍천면,중상사고,0,1,0,0,차대차 - 기타,직진우회전진행방해,건조,맑음,교차로 - 교차로안,승용,남,39세,기타불명,승용,남,40세,중상
2022071500100086,2022년 7월 15일 08시,금요일,경상북도 문경시 흥덕동,경상사고,0,0,1,0,차대차 - 측면충돌,안전운전불이행,건조,맑음,교차로 - 교차로안,승용,여,52세,상해없음,자전거,남,82세,경상
2022071500100087,2022년 7월 15일 08시,금요일,경상북도 경산시 자인면,경상사고,0,0,1,0,차대차 - 정면충돌,교차로운행방법위반,건조,맑음,교차로 - 교차로안,승용,여,42세,상해없음,이륜,남,68세,경상
2022071500100088,2022년 7월 15일 08시,금요일,경상북도 경산시 하양읍,경상사고,0,0,2,0,차대차 - 측면충돌,교차로운행방법위반,건조,맑음,교차로 - 교차로안,승용,여,22세,경상,승용,여,63세,경상
2022071500100089,2022년 7월 15일 08시,금요일,경상북도 구미시 공단동,경상사고,0,0,2,0,차대사람 - 횡단중,안전운전불이행,건조,맑음,단일로 - 기타,승용,남,62세,상해없음,보행자,여,6세,경상
2022071500100090,2022년 7월 15일 08시,금요일,경상북도 군위군 군위읍,중상사고,0,1,2,0,차대차 - 추돌,기타,건조,맑음,단일로 - 기타,승용,남,42세,경상,승용,남,78세,중상
2022071500100131,2022년 7월 15일 09시,금요일,경상북도 포항시 남구 해도동,경상사고,0,0,1,0,차대차 - 정면충돌,안전운전불이행,건조,맑음,교차로 - 교차로안,승용,여,29세,상해없음,승용,여,36세,경상
2022071500100159,2022년 7월 15일 10시,금요일,경상북도 상주시 함창읍,경상사고,0,0,1,0,차대차 - 기타,안전운전불이행,건조,맑음,단일로 - 기타,화물,남,62세,상해없음,승용,남,66세,경상
2022071500100160,2022년 7월 15일 10시,금요일,경상북도 구미시 원평동,경상사고,0,0,1,0,차대차 - 추돌,안전운전불이행,건조,맑음,단일로 - 기타,화물,남,32세,상해없음,승용,남,61세,경상
2022071500100161,2022년 7월 15일 10시,금요일,경상북도 포항시 남구 청림동,중상사고,0,1,0,0,차대차 - 기타,안전운전불이행,건조,맑음,단일로 - 지하차도(도로)내,자전거,여,81세,중상,승용,남,74세,상해없음
2022071500100256,2022년 7월 15일 13시,금요일,경상북도 경주시 동천동,경상사고,0,0,1,1,차대차 - 측면충돌,직진우회전진행방해,건조,맑음,교차로 - 교차로안,승용,여,63세,부상신고,승용,남,51세,경상
2022071500100257,2022년 7월 15일 13시,금요일,경상북도 경주시 노서동,경상사고,0,0,1,0,차대차 - 추돌,안전운전불이행,건조,맑음,단일로 - 기타,승용,남,74세,상해없음,승용,남,44세,경상
2022071500100295,2022년 7월 15일 14시,금요일,경상북도 경주시 황성동,경상사고,0,0,1,0,차대차 - 추돌,안전운전불이행,건조,맑음,교차로 - 교차로부근,승용,남,67세,상해없음,이륜,남,28세,경상
2022071500100296,2022년 7월 15일 14시,금요일,경상북도 문경시 문경읍,중상사고,0,1,1,0,차대차 - 측면충돌,안전운전불이행,건조,맑음,교차로 - 교차로안,승용,여,60세,경상,승용,남,57세,중상
2022071500100297,2022년 7월 15일 14시,금요일,경상북도 구미시 장천면,중상사고,0,2,0,0,차대차 - 기타,중앙선침범,건조,맑음,단일로 - 기타,건설기계,남,68세,상해없음,승용,남,47세,중상