사고번호,사고일시,요일,시군구,사고내용,사망자수,중상자수,경상자수,부상신고자수,사고유형,법규위반,노면상태,기상상태,도로형태,가해운전자 차종,가해운전자 성별,가해운전자 연령,가해운전자 상해정도,피해운전자 차종,피해운전자 성별,피해운전자 연령,피해운전자 상해정도
2022071500100325,2022년 7월 15일 15시,금요일,경상북도 안동시 금곡동,경상사고,0,0,1,0,차대차 - 기타,안전운전불이행,건조,맑음,교차로 - 교차로부근,자전거,남,82세,경상,승용,여,39세,상해없음
2022071500100326,2022년 7월 15일 15시,금요일,경상북도 김천시 어모면,중상사고,0,1,0,0,차대사람 - 차도통행중,안전운전불이행,건조,맑음,교차로 - 교차로부근,승용,남,21세,상해없음,보행자,남,53세,중상
2022071500100327,2022년 7월 15일 15시,금요일,경상북도 영천시 임고면,중상사고,0,2,0,0,차대차 - 측면충돌,안전운전불이행,건조,맑음,교차로 - 교차로안,화물,남,73세,중상,승용,여,58세,중상
2022071500100328,2022년 7월 15일 15시,금요일,경상북도 포항시 남구 동촌동,경상사고,0,0,1,0,차대차 - 측면충돌,안전운전불이행,건조,맑음,단일로 - 지하차도(도로)내,건설기계,남,38세,상해없음,승용,남,31세,경상
2022071500100368,2022년 7월 15일 16시,금요일,경상북도 문경시 마성면,경상사고,0,0,1,0,차대차 - 추돌,안전운전불이행,건조,맑음,단일로 - 기타,승용,남,32세,상해없음,승용,남,43세,경상
2022071500100417,2022년 7월 15일 17시,금요일,경상북도 포항시 북구 항구동,중상사고,0,1,0,0,차대사람 - 차도통행중,안전운전불이행,건조,맑음,단일로 - 기타,개인형이동수단(PM),남,18세,상해없음,보행자,여,76세,중상
2022071500100418,2022년 7월 15일 17시,금요일,경상북도 포항시 북구 동빈1가,경상사고,0,0,1,0,차대차 - 측면충돌,안전거리미확보,건조,맑음,교차로 - 교차로안,승용,남,23세,상해없음,승용,여,60세,경상
2022071500100480,2022년 7월 15일 18시,금요일,경상북도 경주시 내남면,경상사고,0,0,1,0,차대차 - 측면충돌,기타,건조,맑음,교차로 - 교차로안,승용,남,56세,상해없음,승용,남,62세,경상
2022071500100481,2022년 7월 15일 18시,금요일,경상북도 포항시 남구 대잠동,경상사고,0,0,2,0,차대차 - 기타,신호위반,건조,맑음,교차로 - 교차로안,이륜,남,20세,경상,이륜,남,51세,경상
2022071500100482,2022년 7월 15일 18시,금요일,경상북도 칠곡군 석적읍,경상사고,0,0,1,0,차대차 - 기타,기타,건조,맑음,단일로 - 기타,화물,남,53세,상해없음,화물,남,28세,경상
2022071500100521,2022년 7월 15일 19시,금요일,경상북도 경주시 동천동,경상사고,0,0,2,0,차대차 - 기타,안전운전불이행,건조,맑음,단일로 - 기타,승용,여,68세,상해없음,승합,남,25세,경상
2022071500100522,2022년 7월 15일 19시,금요일,경상북도 칠곡군 왜관읍,경상사고,0,0,4,0,차대차 - 측면충돌,안전운전불이행,건조,흐림,기타 - 기타,승용,남,34세,상해없음,승용,남,19세,경상
2022071500100558,2022년 7월 15일 20시,금요일,경상북도 안동시 명륜동,경상사고,0,0,2,0,차대차 - 측면충돌,안전운전불이행,건조,맑음,교차로 - 교차로안,승용,남,59세,상해없음,승용,남,31세,경상
2022071500100559,2022년 7월 15일 20시,금요일,경상북도 포항시 남구 오천읍,경상사고,0,0,1,0,차대차 - 측면충돌,불법유턴,건조,맑음,교차로 - 교차로부근,승용,남,23세,상해없음,이륜,남,39세,경상
2022071500100593,2022년 7월 15일 21시,금요일,경상북도 경주시 황성동,경상사고,0,0,1,0,차대사람 - 횡단중,보행자보호의무위반,건조,맑음,교차로 - 교차로부근,승용,여,32세,상해없음,보행자,남,41세,경상
2022071500100594,2022년 7월 15일 21시,금요일,경상북도 경주시 안강읍,경상사고,0,0,1,0,차대차 - 측면충돌,안전운전불이행,건조,맑음,교차로 - 교차로안,승용,여,64세,상해없음,승합,남,60세,경상
2022071500100595,2022년 7월 15일 21시,금요일,경상북도 울진군 울진읍,중상사고,0,2,2,0,차대차 - 측면충돌,직진우회전진행방해,건조,맑음,교차로 - 교차로안,승용,남,55세,상해없음,승용,남,53세,경상
2022071500100596,2022년 7월 15일 21시,금요일,경상북도 김천시 삼락동,중상사고,0,1,0,0,차대차 - 추돌,안전운전불이행,건조,맑음,단일로 - 기타,승용,남,39세,상해없음,승용,여,54세,중상
2022071500100629,2022년 7월 15일 22시,금요일,경상북도 상주시 서문동,경상사고,0,0,1,0,차대차 - 추돌,안전운전불이행,건조,맑음,단일로 - 기타,승용,남,23세,상해없음,이륜,여,30세,경상
2022071600100010,2022년 7월 16일 00시,토요일,경상북도 경주시 황성동,중상사고,0,1,0,0,차대사람 - 차도통행중,안전운전불이행,건조,맑음,단일로 - 기타,승용,남,38세,상해없음,보행자,여,65세,중상
2022071600100011,2022년 7월 16일 00시,토요일,경상북도 포항시 북구 장성동,경상사고,0,0,2,0,차대차 - 측면충돌,교차로운행방법위반,건조,맑음,단일로 - 기타,승용,남,68세,상해없음,승용,남,21세,경상
2022071600100012,2022년 7월 16일 00시,토요일,경상북도 구미시 공단동,경상사고,0,0,3,0,차대차 - 추돌,안전운전불이행,건조,맑음,단일로 - 기타,승용,여,22세,상해없음,승용,남,60세,경상
2022071600100031,2022년 7월 16일 01시,토요일,경상북도 경주시 외동읍,경상사고,0,0,2,0,차대차 - 측면충돌,신호위반,건조,맑음,교차로 - 교차로안,승용,남,66세,경상,승용,남,41세,경상
2022071600100074,2022년 7월 16일 07시,토요일,경상북도 경주시 충효동,경상사고,0,0,2,0,차대차 - 측면충돌,직진우회전진행방해,건조,맑음,교차로 - 교차로안,승용,여,54세,경상,승용,여,44세,경상
2022071600100092,2022년 7월 16일 08시,토요일,경상북도 영덕군 병곡면,중상사고,0,2,0,0,차대차 - 추돌,안전운전불이행,건조,맑음,단일로 - 기타,화물,여,61세,상해없음,승용,남,48세,중상
2022071600100093,2022년 7월 16일 08시,토요일,경상북도 포항시 남구 대송면,중상사고,0,1,1,0,차대차 - 측면충돌,안전운전불이행,건조,맑음,교차로 - 교차로안,특수,남,62세,경상,승합,남,61세,중상
2022071600100107,2022년 7월 16일 09시,토요일,경상북도 김천시 지례면,중상사고,0,1,0,0,차대차 - 정면충돌,신호위반,건조,맑음,교차로 - 교차로안,화물,남,63세,상해없음,화물,남,61세,중상
2022071600100108,2022년 7월 16일 09시,토요일,경상북도 성주군 용암면,경상사고,0,0,1,0,차대차 - 측면충돌,중앙선침범,건조,맑음,단일로 - 기타,승용,남,73세,상해없음,승용,여,43세,경상
2022071600100134,2022년 7월 16일 10시,토요일,경상북도 경주시 안강읍,경상사고,0,0,1,0,차대차 - 측면충돌,신호위반,건조,맑음,교차로 - 교차로안,승용,남,62세,상해없음,승용,여,68세,경상
2022071600100135,2022년 7월 16일 10시,토요일,경상북도 의성군 안계면,중상사고,0,2,0,0,차대차 - 정면충돌,중앙선침범,건조,맑음,단일로 - 기타,승용,남,55세,상해없음,승용,여,58세,중상
2022071600100136,2022년 7월 16일 10시,토요일,경상북도 경산시 진량읍,경상사고,0,0,2,0,차대차 - 측면충돌,안전운전불이행,건조,맑음,단일로 - 기타,승용,여,29세,상해없음,승용,남,32세,경상
2022071600100171,2022년 7월 16일 11시,토요일,경상북도 경산시 진량읍,경상사고,0,0,1,0,차대차 - 기타,안전운전불이행,건조,맑음,기타 - 기타,화물,남,55세,상해없음,화물,남,61세,상해없음
2022071600100172,2022년 7월 16일 11시,토요일,경상북도 성주군 성주읍,경상사고,0,0,4,0,차대차 - 기타,안전운전불이행,건조,맑음,단일로 - 기타,승용,여,81세,경상,화물,여,61세,경상
2022071600100173,2022년 7월 16일 11시,토요일,경상북도 포항시 남구 오천읍,경상사고,0,0,1,0,차대차 - 정면충돌,불법유턴,건조,맑음,단일로 - 지하차도(도로)내,승용,남,57세,상해없음,이륜,남,22세,경상
2022071600100211,2022년 7월 16일 12시,토요일,경상북도 영천시 북안면,중상사고,0,1,2,0,차대차 - 측면충돌,안전운전불이행,건조,맑음,단일로 - 기타,승합,남,61세,경상,화물,남,46세,경상
2022071600100212,2022년 7월 16일 12시,토요일,경상북도 포항시 남구 이동,경상사고,0,0,2,0,차대차 - 추돌,안전거리미확보,건조,맑음,교차로 - 교차로안,승용,남,37세,상해없음,승용,남,56세,경상
2022071600100242,2022년 7월 16일 13시,토요일,경상북도 포항시 남구 해도동,경상사고,0,0,4,0,차대차 - 측면충돌,안전운전불이행,건조,맑음,단일로 - 기타,이륜,남,32세,경상,승용,남,39세,경상
2022071600100278,2022년 7월 16일 14시,토요일,경상북도 구미시 장천면,경상사고,0,0,1,0,차대차 - 기타,중앙선침범,건조,맑음,단일로 - 기타,특수,남,55세,상해없음,승용,여,22세,경상
2022071600100279,2022년 7월 16일 14시,토요일,경상북도 포항시 남구 오천읍,경상사고,0,0,5,0,차대차 - 기타,직진우회전진행방해,건조,맑음,교차로 - 교차로안,승용,남,21세,경상,승용,남,50세,경상
2022071600100317,2022년 7월 16일 15시,토요일,경상북도 포항시 북구 장성동,경상사고,0,0,1,0,차대차 - 추돌,안전운전불이행,건조,맑음,교차로 - 교차로횡단보도내,승용,남,69세,상해없음,승용,여,45세,경상
2022071600100358,2022년 7월 16일 16시,토요일,경상북도 경주시 서부동,경상사고,0,0,1,0,차대차 - 측면충돌,신호위반,건조,맑음,교차로 - 교차로안,승용,남,64세,상해없음,승용,남,66세,경상
2022071600100359,2022년 7월 16일 16시,토요일,경상북도 경주시 신평동,경상사고,0,0,1,0,차대차 - 측면충돌,안전운전불이행,건조,맑음,단일로 - 기타,승용,여,66세,경상,승용,여,26세,상해없음
2022071600100360,2022년 7월 16일 16시,토요일,경상북도 안동시 일직면,경상사고,0,0,1,0,차대차 - 측면충돌,안전운전불이행,건조,맑음,단일로 - 기타,화물,남,54세,상해없음,승용,남,62세,경상
2022071600100390,2022년 7월 16일 17시,토요일,경상북도 경주시 용강동,경상사고,0,0,2,0,차대차 - 기타,안전운전불이행,건조,맑음,단일로 - 기타,승용,남,76세,상해없음,승용,남,69세,경상
2022071600100391,2022년 7월 16일 17시,토요일,경상북도 울릉군 서면,경상사고,0,0,1,0,차대차 - 정면충돌,안전운전불이행,건조,맑음,단일로 - 기타,승용,남,72세,경상,승합,남,54세,상해없음
2022071600100392,2022년 7월 16일 17시,토요일,경상북도 구미시 신평동,경상사고,0,0,1,0,차대차 - 측면충돌,안전운전불이행,건조,맑음,교차로 - 교차로부근,이륜,남,34세,경상,승합,남,54세,상해없음
2022071600100393,2022년 7월 16일 17시,토요일,경상북도 구미시 선산읍,중상사고,0,1,0,0,차대차 - 추돌,신호위반,젖음/습기,흐림,단일로 - 기타,승용,여,41세,상해없음,승용,남,38세,중상
2022071600100427,2022년 7월 16일 18시,토요일,경상북도 포항시 북구 청하면,경상사고,0,0,1,0,차대차 - 측면충돌,중앙선침범,젖음/습기,비,단일로 - 기타,승용,남,26세,상해없음,승용,남,47세,경상
2022071600100428,2022년 7월 16일 18시,토요일,경상북도 포항시 북구 흥해읍,경상사고,0,0,2,0,차대차 - 기타,차로위반,젖음/습기,흐림,기타 - 기타,승용,여,53세,상해없음,승용,여,39세,경상
2022071600100453,2022년 7월 16일 19시,토요일,경상북도 경주시 외동읍,경상사고,0,0,1,0,차대차 - 추돌,안전운전불이행,젖음/습기,비,단일로 - 기타,승용,남,63세,상해없음,승용,남,34세,경상
2022071600100505,2022년 7월 16일 21시,토요일,경상북도 포항시 남구 오천읍,경상사고,0,0,1,0,차대차 - 측면충돌,안전운전불이행,건조,맑음,단일로 - 기타,승용,남,40세,상해없음,승용,남,43세,경상
2022071600100524,2022년 7월 16일 22시,토요일,경상북도 김천시 신음동,경상사고,0,0,1,0,차대차 - 추돌,안전운전불이행,건조,맑음,단일로 - 기타,승용,남,42세,상해없음,승용,남,24세,기타불명
2022071600100525,2022년 7월 16일 22시,토요일,경상북도 칠곡군 동명면,중상사고,0,1,1,0,차대차 - 측면충돌,중앙선침범,건조,맑음,단일로 - 기타,화물,남,47세,상해없음,승용,여,33세,중상
2022071700100017,2022년 7월 17일 01시,일요일,경상북도 구미시 지산동,경상사고,0,0,1,0,차대차 - 정면충돌,중앙선침범,건조,맑음,단일로 - 기타,승용,여,32세,상해없음,승용,남,39세,경상
2022071700100042,2022년 7월 17일 03시,일요일,경상북도 포항시 북구 죽장면,중상사고,0,2,0,0,차대차 - 측면충돌,안전운전불이행,건조,맑음,교차로 - 교차로안,이륜,남,56세,상해없음,승용,남,64세,중상
2022071700100051,2022년 7월 17일 04시,일요일,경상북도 상주시 헌신동,경상사고,0,0,1,0,차량단독 - 공작물충돌,안전운전불이행,건조,흐림,단일로 - 기타,승용,남,52세,경상,,,,
2022071700100127,2022년 7월 17일 11시,일요일,경상북도 성주군 초전면,경상사고,0,0,6,1,차대차 - 측면충돌,안전운전불이행,건조,맑음,교차로 - 교차로안,승용,남,31세,경상,승용,남,61세,경상
2022071700100152,2022년 7월 17일 12시,일요일,경상북도 영천시 화남면,경상사고,0,0,2,1,차대차 - 측면충돌,교차로운행방법위반,건조,맑음,교차로 - 교차로안,승용,남,57세,부상신고,승용,여,42세,경상
2022071700100153,2022년 7월 17일 12시,일요일,경상북도 청도군 청도읍,경상사고,0,0,1,0,차대차 - 측면충돌,교차로운행방법위반,건조,맑음,교차로 - 교차로안,이륜,남,58세,상해없음,승용,여,64세,경상
2022071700100154,2022년 7월 17일 12시,일요일,경상북도 구미시 송정동,중상사고,0,1,3,0,차대차 - 측면충돌,중앙선침범,건조,맑음,단일로 - 기타,이륜,남,35세,중상,승용,남,34세,경상
2022071700100155,2022년 7월 17일 12시,일요일,경상북도 구미시 선산읍,경상사고,0,0,3,1,차대차 - 측면충돌,안전운전불이행,건조,맑음,단일로 - 기타,승용,여,66세,부상신고,승용,남,73세,경상
2022071700100156,2022년 7월 17일 12시,일요일,경상북도 청도군 청도읍,중상사고,0,3,0,0,차대차 - 기타,안전운전불이행,건조,맑음,단일로 - 기타,승용,여,34세,상해없음,승용,여,26세,중상
2022071700100188,2022년 7월 17일 13시,일요일,경상북도 칠곡군 지천면,중상사고,0,1,0,0,차대차 - 측면충돌,안전운전불이행,건조,맑음,단일로 - 기타,화물,남,65세,상해없음,승용,남,32세,중상
2022071700100240,2022년 7월 17일 15시,일요일,경상북도 상주시 연원동,경상사고,0,0,4,0,차대차 - 추돌,안전운전불이행,건조,맑음,교차로 - 교차로부근,승용,남,28세,상해없음,승합,여,43세,경상
2022071700100241,2022년 7월 17일 15시,일요일,경상북도 포항시 남구 상도동,경상사고,0,0,1,0,차대사람 - 횡단중,안전운전불이행,건조,맑음,단일로 - 기타,승용,남,48세,상해없음,보행자,여,64세,경상
2022071700100270,2022년 7월 17일 16시,일요일,경상북도 포항시 북구 두호동,중상사고,0,1,0,0,차대차 - 측면충돌,안전운전불이행,건조,맑음,단일로 - 기타,승용,여,62세,상해없음,이륜,남,23세,중상
2022071700100311,2022년 7월 17일 17시,일요일,경상북도 경주시 동방동,경상사고,0,0,2,0,차대차 - 측면충돌,중앙선침범,건조,맑음,교차로 - 교차로부근,승용,여,70세,상해없음,승용,남,73세,경상
2022071700100312,2022년 7월 17일 17시,일요일,경상북도 구미시 산동읍,경상사고,0,0,1,0,차대차 - 기타,안전운전불이행,건조,맑음,교차로 - 교차로부근,이륜,여,81세,경상,승용,남,40세,상해없음
2022071700100313,2022년 7월 17일 17시,일요일,경상북도 포항시 남구 동촌동,부상신고사고,0,0,0,1,차대차 - 추돌,안전운전불이행,건조,맑음,교차로 - 교차로안,승용,남,47세,상해없음,화물,남,55세,부상신고
2022071700100334,2022년 7월 17일 18시,일요일,경상북도 경주시 황성동,경상사고,0,0,1,0,차대차 - 측면충돌,안전운전불이행,건조,맑음,교차로 - 교차로부근,승용,남,40세,상해없음,승용,여,42세,경상
2022071700100335,2022년 7월 17일 18시,일요일,경상북도 구미시 인의동,중상사고,0,1,0,0,차대차 - 측면충돌,신호위반,건조,맑음,단일로 - 기타,승용,남,33세,상해없음,개인형이동수단(PM),남,31세,중상
2022071700100363,2022년 7월 17일 19시,일요일,경상북도 경주시 용강동,경상사고,0,0,1,0,차대사람 - 횡단중,안전운전불이행,건조,맑음,교차로 - 교차로횡단보도내,승용,남,72세,상해없음,보행자,남,64세,경상
2022071700100364,2022년 7월 17일 19시,일요일,경상북도 경산시 중방동,중상사고,0,1,0,0,차대차 - 정면충돌,안전운전불이행,건조,맑음,교차로 - 교차로횡단보도내,승용,여,54세,상해없음,자전거,남,72세,중상
2022071700100365,2022년 7월 17일 19시,일요일,경상북도 성주군 초전면,중상사고,0,1,0,0,차대사람 - 기타,안전운전불이행,젖음/습기,비,교차로 - 교차로안,승용,여,51세,상해없음,보행자,남,35세,중상
2022071700100418,2022년 7월 17일 21시,일요일,경상북도 영천시 금호읍,사망사고,1,1,0,0,차대차 - 정면충돌,중앙선침범,건조,맑음,단일로 - 기타,승용,남,28세,사망,승용,남,53세,중상
2022071800100006,2022년 7월 18일 00시,월요일,경상북도 칠곡군 가산면,경상사고,0,0,1,0,차대차 - 기타,신호위반,건조,맑음,단일로 - 터널,승용,남,31세,상해없음,승용,남,31세,경상
2022071800100019,2022년 7월 18일 02시,월요일,경상북도 김천시 평화동,경상사고,0,0,1,0,차대사람 - 길가장자리구역통행중,안전운전불이행,건조,맑음,단일로 - 기타,승용,남,33세,상해없음,보행자,남,19세,경상
2022071800100026,2022년 7월 18일 03시,월요일,경상북도 포항시 남구 동해면,경상사고,0,0,1,0,차량단독 - 기타,안전운전불이행,건조,맑음,단일로 - 기타,승용,남,65세,상해없음,,,,
2022071800100038,2022년 7월 18일 05시,월요일,경상북도 포항시 북구 덕산동,경상사고,0,0,1,0,차대차 - 측면충돌,신호위반,젖음/습기,비,교차로 - 교차로안,화물,남,65세,상해없음,승용,남,33세,경상
2022071800100072,2022년 7월 18일 07시,월요일,경상북도 안동시 당북동,경상사고,0,0,1,0,차대차 - 측면충돌,안전운전불이행,건조,맑음,교차로 - 교차로횡단보도내,승용,여,34세,상해없음,자전거,남,66세,경상
2022071800100104,2022년 7월 18일 08시,월요일,경상북도 칠곡군 왜관읍,중상사고,0,1,0,0,차대사람 - 횡단중,안전운전불이행,젖음/습기,비,교차로 - 교차로부근,승용,여,64세,상해없음,보행자,여,52세,중상
2022071800100105,2022년 7월 18일 08시,월요일,경상북도 예천군 풍양면,중상사고,0,1,0,0,차대차 - 측면충돌,직진우회전진행방해,젖음/습기,흐림,교차로 - 교차로안,승용,남,43세,상해없음,승용,남,81세,중상
2022071800100142,2022년 7월 18일 09시,월요일,경상북도 안동시 남부동,중상사고,0,1,0,0,차대사람 - 기타,안전운전불이행,건조,맑음,단일로 - 기타,화물,남,59세,상해없음,보행자,여,73세,중상
2022071800100179,2022년 7월 18일 10시,월요일,경상북도 안동시 서후면,중상사고,0,1,0,0,차대차 - 기타,안전운전불이행,젖음/습기,비,기타 - 기타,자전거,남,75세,중상,화물,남,78세,상해없음
2022071800100212,2022년 7월 18일 11시,월요일,경상북도 성주군 성주읍,중상사고,0,1,0,0,차대차 - 기타,안전운전불이행,젖음/습기,비,교차로 - 교차로안,화물,남,75세,기타불명,화물,남,67세,중상
2022071800100241,2022년 7월 18일 12시,월요일,경상북도 포항시 북구 장성동,중상사고,0,1,0,0,차대사람 - 횡단중,보행자보호의무위반,젖음/습기,비,교차로 - 교차로횡단보도내,승용,남,63세,상해없음,보행자,여,76세,중상
2022071800100242,2022년 7월 18일 12시,월요일,경상북도 영천시 망정동,경상사고,0,0,1,0,차대사람 - 기타,안전운전불이행,젖음/습기,비,주차장 - 주차장,화물,남,61세,상해없음,보행자,여,49세,경상
2022071800100243,2022년 7월 18일 12시,월요일,경상북도 문경시 흥덕동,중상사고,0,1,0,0,차대사람 - 횡단중,보행자보호의무위반,젖음/습기,비,교차로 - 교차로횡단보도내,승용,여,67세,상해없음,보행자,남,68세,중상
2022071800100244,2022년 7월 18일 12시,월요일,경상북도 구미시 지산동,중상사고,0,1,0,0,차대차 - 기타,신호위반,젖음/습기,비,교차로 - 교차로안,화물,남,29세,상해없음,화물,남,61세,중상
2022071800100315,2022년 7월 18일 14시,월요일,경상북도 안동시 대석동,중상사고,0,1,0,0,차대차 - 추돌,안전운전불이행,젖음/습기,비,기타 - 기타,화물,남,43세,기타불명,이륜,남,39세,중상
2022071800100316,2022년 7월 18일 14시,월요일,경상북도 안동시 임하면,경상사고,0,0,2,0,차대차 - 추돌,안전운전불이행,젖음/습기,비,단일로 - 기타,승용,여,42세,상해없음,승용,여,63세,경상
2022071800100317,2022년 7월 18일 14시,월요일,경상북도 청도군 청도읍,경상사고,0,0,1,0,차대사람 - 보도통행중,안전운전불이행,건조,맑음,단일로 - 기타,승용,여,43세,상해없음,보행자,여,81세,경상
2022071800100346,2022년 7월 18일 15시,월요일,경상북도 군위군 군위읍,중상사고,0,1,0,0,차대차 - 측면충돌,교차로운행방법위반,젖음/습기,흐림,교차로 - 교차로안,승용,여,33세,상해없음,이륜,여,72세,중상
2022071800100378,2022년 7월 18일 16시,월요일,경상북도 울릉군 북면,경상사고,0,0,2,0,차대차 - 측면충돌,안전운전불이행,건조,맑음,단일로 - 기타,승합,남,62세,상해없음,승용,여,27세,경상
2022071800100379,2022년 7월 18일 16시,월요일,경상북도 구미시 상모동,경상사고,0,0,1,0,차대차 - 측면충돌,안전운전불이행,건조,맑음,교차로 - 교차로안,승용,여,57세,기타불명,승용,여,45세,경상
2022071800100380,2022년 7월 18일 16시,월요일,경상북도 포항시 남구 구룡포읍,중상사고,0,1,0,0,차대사람 - 차도통행중,안전운전불이행,젖음/습기,흐림,단일로 - 기타,화물,남,21세,상해없음,보행자,남,84세,중상
2022071800100457,2022년 7월 18일 18시,월요일,경상북도 영천시 망정동,경상사고,0,0,1,0,차대차 - 측면충돌,안전운전불이행,건조,맑음,교차로 - 교차로부근,승용,여,61세,상해없음,승용,남,32세,경상
2022071800100458,2022년 7월 18일 18시,월요일,경상북도 구미시 황상동,경상사고,0,0,1,0,차대차 - 기타,안전운전불이행,젖음/습기,비,교차로 - 교차로부근,승용,여,39세,상해없음,이륜,남,27세,경상
2022071800100487,2022년 7월 18일 19시,월요일,경상북도 경산시 삼북동,중상사고,0,1,0,0,차대사람 - 횡단중,안전운전불이행,젖음/습기,맑음,교차로 - 교차로안,승용,남,40세,상해없음,보행자,여,52세,중상
2022071800100488,2022년 7월 18일 19시,월요일,경상북도 구미시 공단동,경상사고,0,0,1,1,차대차 - 측면충돌,신호위반,젖음/습기,비,단일로 - 교량,승용,남,28세,부상신고,승합,남,64세,경상
2022071800100489,2022년 7월 18일 19시,월요일,경상북도 구미시 송정동,중상사고,0,1,0,0,차대차 - 측면충돌,안전운전불이행,젖음/습기,비,교차로 - 교차로안,승용,남,21세,상해없음,이륜,남,51세,중상
2022071800100490,2022년 7월 18일 19시,월요일,경상북도 포항시 남구 오천읍,경상사고,0,0,1,0,차대차 - 측면충돌,안전운전불이행,젖음/습기,비,단일로 - 기타,승용,여,39세,상해없음,이륜,남,42세,경상
2022071800100520,2022년 7월 18일 20시,월요일,경상북도 구미시 진평동,경상사고,0,0,1,0,차대차 - 추돌,안전운전불이행,젖음/습기,흐림,단일로 - 기타,이륜,남,46세,경상,승용,남,41세,기타불명
2022071800100521,2022년 7월 18일 20시,월요일,경상북도 포항시 남구 해도동,부상신고사고,0,0,0,1,차대사람 - 차도통행중,안전운전불이행,건조,맑음,교차로 - 교차로부근,승용,여,41세,상해없음,보행자,여,23세,부상신고
2022071800100550,2022년 7월 18일 21시,월요일,경상북도 구미시 공단동,경상사고,0,0,2,0,차대차 - 정면충돌,안전운전불이행,젖음/습기,비,교차로 - 교차로부근,승용,남,29세,경상,승용,남,44세,경상
2022071800100573,2022년 7월 18일 22시,월요일,경상북도 구미시 산동읍,경상사고,0,0,1,0,차대사람 - 차도통행중,안전운전불이행,젖음/습기,비,단일로 - 기타,승용,여,49세,상해없음,보행자,남,45세,경상
2022071800100592,2022년 7월 18일 23시,월요일,경상북도 구미시 구평동,경상사고,0,0,2,0,차대차 - 기타,안전운전불이행,젖음/습기,비,교차로 - 교차로부근,승용,여,59세,상해없음,승용,남,73세,경상
2022071900100030,2022년 7월 19일 04시,화요일,경상북도 포항시 남구 오천읍,중상사고,0,1,1,0,차대차 - 측면충돌,직진우회전진행방해,젖음/습기,흐림,교차로 - 교차로안,승용,남,19세,경상,승용,여,38세,중상
2022071900100104,2022년 7월 19일 08시,화요일,경상북도 영천시 완산동,중상사고,0,1,0,0,차대사람 - 횡단중,보행자보호의무위반,건조,맑음,교차로 - 교차로횡단보도내,승합,남,51세,상해없음,보행자,남,90세,중상
2022071900100105,2022년 7월 19일 08시,화요일,경상북도 문경시 흥덕동,경상사고,0,0,1,0,차대차 - 측면충돌,차로위반,건조,맑음,교차로 - 교차로안,이륜,남,78세,경상,승용,여,66세,상해없음
2022071900100106,2022년 7월 19일 08시,화요일,경상북도 군위군 삼국유사면,경상사고,0,0,1,0,차대차 - 정면충돌,안전운전불이행,젖음/습기,흐림,단일로 - 기타,건설기계,남,61세,상해없음,승용,여,41세,경상
2022071900100133,2022년 7월 19일 09시,화요일,경상북도 영덕군 영해면,경상사고,0,0,2,0,차대차 - 추돌,안전운전불이행,건조,맑음,교차로 - 교차로부근,승용,남,79세,상해없음,승용,남,19세,경상
2022071900100134,2022년 7월 19일 09시,화요일,경상북도 구미시 선산읍,경상사고,0,0,1,0,차대차 - 후진중충돌,안전운전불이행,건조,맑음,단일로 - 기타,화물,남,85세,상해없음,사륜오토바이(ATV),여,72세,경상
2022071900100170,2022년 7월 19일 10시,화요일,경상북도 안동시 운흥동,경상사고,0,0,3,0,차대차 - 기타,신호위반,건조,맑음,교차로 - 교차로안,승용,남,84세,기타불명,승용,남,53세,경상
2022071900100195,2022년 7월 19일 11시,화요일,경상북도 안동시 금곡동,경상사고,0,0,2,0,차대차 - 측면충돌,신호위반,건조,맑음,교차로 - 교차로안,승용,여,53세,경상,화물,남,68세,경상
2022071900100196,2022년 7월 19일 11시,화요일,경상북도 영주시 문정동,중상사고,0,1,2,0,차대차 - 추돌,안전운전불이행,건조,맑음,교차로 - 교차로안,화물,남,48세,상해없음,승합,남,46세,경상
2022071900100197,2022년 7월 19일 11시,화요일,경상북도 칠곡군 왜관읍,경상사고,0,0,1,0,차대차 - 측면충돌,안전운전불이행,건조,맑음,단일로 - 기타,화물,남,76세,상해없음,승용,남,63세,경상
2022071900100198,2022년 7월 19일 11시,화요일,경상북도 경산시 중방동,경상사고,0,0,1,0,차대차 - 측면충돌,신호위반,건조,맑음,교차로 - 교차로안,이륜,남,23세,상해없음,자전거,남,28세,경상
2022071900100199,2022년 7월 19일 11시,화요일,경상북도 성주군 용암면,중상사고,0,1,0,0,차대차 - 기타,안전운전불이행,건조,맑음,교차로 - 교차로안,기타불명,기타불명,미분류,기타불명,자전거,남,71세,중상
2022071900100200,2022년 7월 19일 11시,화요일,경상북도 포항시 남구 지곡동,경상사고,0,0,2,0,차대차 - 정면충돌,안전운전불이행,건조,맑음,교차로 - 교차로안,승용,여,65세,기타불명,승용,남,34세,경상
2022071900100255,2022년 7월 19일 13시,화요일,경상북도 포항시 남구 대도동,경상사고,0,0,1,0,차대차 - 측면충돌,직진우회전진행방해,건조,맑음,교차로 - 교차로안,승합,여,44세,상해없음,이륜,남,51세,경상
2022071900100282,2022년 7월 19일 14시,화요일,경상북도 칠곡군 석적읍,중상사고,0,1,1,0,차대차 - 측면충돌,신호위반,건조,맑음,교차로 - 교차로안,승용,남,63세,상해없음,승용,남,40세,중상