사고번호,사고일시,요일,시군구,사고내용,사망자수,중상자수,경상자수,부상신고자수,사고유형,법규위반,노면상태,기상상태,도로형태,가해운전자 차종,가해운전자 성별,가해운전자 연령,가해운전자 상해정도,피해운전자 차종,피해운전자 성별,피해운전자 연령,피해운전자 상해정도
2022072300100046,2022년 7월 23일 05시,토요일,경상북도 포항시 북구 두호동,중상사고,0,1,0,0,차대차 - 측면충돌,안전운전불이행,건조,흐림,단일로 - 기타,승용,남,26세,상해없음,이륜,남,53세,중상
2022072300100047,2022년 7월 23일 05시,토요일,경상북도 포항시 북구 장성동,경상사고,0,0,1,0,차대차 - 측면충돌,신호위반,건조,맑음,교차로 - 교차로안,승용,남,25세,상해없음,승용,남,38세,경상
2022072300100069,2022년 7월 23일 07시,토요일,경상북도 포항시 남구 인덕동,중상사고,0,1,1,0,차대차 - 측면충돌,신호위반,젖음/습기,비,교차로 - 교차로안,이륜,남,85세,중상,승용,여,54세,경상
2022072300100084,2022년 7월 23일 08시,토요일,경상북도 문경시 모전동,경상사고,0,0,3,0,차대차 - 측면충돌,신호위반,건조,맑음,교차로 - 교차로안,화물,남,69세,경상,승용,여,57세,경상
2022072300100101,2022년 7월 23일 09시,토요일,경상북도 안동시 풍천면,경상사고,0,0,1,0,차대차 - 측면충돌,안전운전불이행,건조,맑음,단일로 - 기타,승용,여,50세,상해없음,승용,남,41세,경상
2022072300100102,2022년 7월 23일 09시,토요일,경상북도 구미시 송정동,경상사고,0,0,1,0,차대차 - 기타,안전거리미확보,건조,맑음,단일로 - 기타,승용,남,58세,상해없음,승합,남,51세,상해없음
2022072300100128,2022년 7월 23일 10시,토요일,경상북도 경산시 옥산동,경상사고,0,0,1,0,차대차 - 기타,신호위반,건조,맑음,교차로 - 교차로안,승용,남,32세,상해없음,자전거,여,71세,경상
2022072300100205,2022년 7월 23일 12시,토요일,경상북도 포항시 북구 죽도동,경상사고,0,0,2,0,차대차 - 정면충돌,신호위반,건조,맑음,교차로 - 교차로안,승용,여,39세,상해없음,승용,남,45세,경상
2022072300100206,2022년 7월 23일 12시,토요일,경상북도 포항시 북구 장성동,경상사고,0,0,1,0,차대사람 - 기타,보행자보호의무위반,건조,맑음,단일로 - 기타,화물,남,80세,상해없음,보행자,여,57세,경상
2022072300100207,2022년 7월 23일 12시,토요일,경상북도 군위군 효령면,경상사고,0,0,1,0,차대차 - 추돌,안전운전불이행,건조,맑음,단일로 - 기타,특수,남,58세,상해없음,승용,남,22세,경상
2022072300100243,2022년 7월 23일 13시,토요일,경상북도 경산시 삼북동,경상사고,0,0,1,0,차대차 - 기타,차로위반,건조,맑음,교차로 - 교차로부근,승용,남,71세,상해없음,승용,여,37세,경상
2022072300100303,2022년 7월 23일 15시,토요일,경상북도 상주시 외서면,경상사고,0,0,3,0,차대차 - 정면충돌,중앙선침범,건조,맑음,단일로 - 기타,원동기,남,56세,상해없음,승용,남,23세,경상
2022072300100304,2022년 7월 23일 15시,토요일,경상북도 영덕군 축산면,사망사고,1,0,0,0,차대사람 - 차도통행중,안전운전불이행,건조,맑음,단일로 - 기타,화물,남,67세,상해없음,보행자,여,49세,사망
2022072300100332,2022년 7월 23일 16시,토요일,경상북도 울진군 온정면,경상사고,0,0,2,0,차대차 - 정면충돌,중앙선침범,건조,맑음,단일로 - 기타,승용,남,41세,상해없음,승용,남,76세,경상
2022072300100333,2022년 7월 23일 16시,토요일,경상북도 구미시 도량동,경상사고,0,0,1,1,차대차 - 측면충돌,직진우회전진행방해,건조,맑음,교차로 - 교차로안,승용,여,33세,부상신고,승용,여,48세,경상
2022072300100408,2022년 7월 23일 19시,토요일,경상북도 경주시 동부동,경상사고,0,0,1,0,차대사람 - 기타,안전운전불이행,건조,맑음,기타 - 기타,승용,남,57세,상해없음,보행자,남,58세,경상
2022072300100409,2022년 7월 23일 19시,토요일,경상북도 영주시 가흥동,중상사고,0,1,0,0,차대사람 - 횡단중,보행자보호의무위반,건조,흐림,교차로 - 교차로횡단보도내,이륜,남,34세,상해없음,보행자,여,73세,중상
2022072300100410,2022년 7월 23일 19시,토요일,경상북도 경산시 정평동,중상사고,0,1,0,0,차대사람 - 횡단중,보행자보호의무위반,건조,맑음,교차로 - 교차로횡단보도내,승용,남,45세,상해없음,보행자,남,50세,중상
2022072300100445,2022년 7월 23일 20시,토요일,경상북도 경주시 북군동,부상신고사고,0,0,0,1,차대차 - 측면충돌,안전운전불이행,건조,맑음,단일로 - 기타,승용,여,56세,상해없음,이륜,여,65세,부상신고
2022072300100446,2022년 7월 23일 20시,토요일,경상북도 포항시 남구 해도동,중상사고,0,1,0,0,차대차 - 측면충돌,안전운전불이행,젖음/습기,비,교차로 - 교차로안,이륜,남,20세,상해없음,자전거,남,76세,중상
2022072300100477,2022년 7월 23일 21시,토요일,경상북도 포항시 북구 항구동,경상사고,0,0,1,0,차대사람 - 기타,안전운전불이행,젖음/습기,비,단일로 - 기타,승용,남,66세,상해없음,보행자,남,28세,경상
2022072300100515,2022년 7월 23일 22시,토요일,경상북도 경산시 남산면,경상사고,0,0,1,0,차대차 - 추돌,안전운전불이행,건조,맑음,단일로 - 기타,승용,남,43세,상해없음,승용,여,36세,경상
2022072300100547,2022년 7월 23일 23시,토요일,경상북도 경주시 성건동,경상사고,0,0,1,0,차대차 - 추돌,안전운전불이행,건조,맑음,교차로 - 교차로부근,승용,여,42세,상해없음,승용,남,24세,경상
2022072400100013,2022년 7월 24일 00시,일요일,경상북도 경주시 건천읍,부상신고사고,0,0,0,1,차대차 - 기타,안전운전불이행,젖음/습기,흐림,단일로 - 기타,승용,여,43세,부상신고,승용,남,50세,상해없음
2022072400100025,2022년 7월 24일 01시,일요일,경상북도 칠곡군 지천면,사망사고,1,0,2,0,차대차 - 추돌,안전운전불이행,건조,흐림,단일로 - 기타,승용,남,21세,사망,승용,남,40세,경상
2022072400100068,2022년 7월 24일 07시,일요일,경상북도 구미시 송정동,경상사고,0,0,1,0,차대차 - 측면충돌,안전운전불이행,건조,맑음,교차로 - 교차로안,승용,남,41세,상해없음,승용,남,22세,경상
2022072400100097,2022년 7월 24일 10시,일요일,경상북도 경산시 진량읍,경상사고,0,0,1,0,차대차 - 정면충돌,신호위반,건조,맑음,기타 - 기타,승용,남,32세,상해없음,승용,남,39세,경상
2022072400100127,2022년 7월 24일 12시,일요일,경상북도 영주시 휴천동,경상사고,0,0,1,0,차대차 - 측면충돌,안전운전불이행,건조,흐림,교차로 - 교차로안,자전거,남,10세,경상,승용,남,54세,상해없음
2022072400100128,2022년 7월 24일 12시,일요일,경상북도 포항시 남구 구룡포읍,경상사고,0,0,1,0,차대차 - 추돌,안전거리미확보,건조,맑음,단일로 - 기타,승용,남,20세,상해없음,승용,남,44세,경상
2022072400100182,2022년 7월 24일 14시,일요일,경상북도 경주시 황오동,경상사고,0,0,1,0,차대차 - 측면충돌,신호위반,건조,맑음,교차로 - 교차로안,자전거,남,64세,경상,승용,남,30세,상해없음
2022072400100183,2022년 7월 24일 14시,일요일,경상북도 경주시 현곡면,경상사고,0,0,2,0,차대차 - 측면충돌,안전운전불이행,건조,맑음,교차로 - 교차로안,승용,남,59세,상해없음,승용,여,54세,경상
2022072400100184,2022년 7월 24일 14시,일요일,경상북도 김천시 어모면,중상사고,0,1,2,0,차대차 - 추돌,안전운전불이행,건조,맑음,단일로 - 기타,승용,남,29세,상해없음,화물,남,75세,중상
2022072400100239,2022년 7월 24일 16시,일요일,경상북도 청송군 현동면,경상사고,0,0,1,0,차대차 - 정면충돌,중앙선침범,건조,맑음,단일로 - 지하차도(도로)내,승용,남,62세,상해없음,이륜,남,31세,경상
2022072400100265,2022년 7월 24일 17시,일요일,경상북도 포항시 북구 흥해읍,경상사고,0,0,1,0,차대차 - 추돌,안전운전불이행,건조,맑음,단일로 - 기타,화물,남,53세,상해없음,자전거,남,14세,경상
2022072400100266,2022년 7월 24일 17시,일요일,경상북도 포항시 남구 오천읍,경상사고,0,0,4,0,차대차 - 추돌,기타,건조,맑음,교차로 - 교차로부근,승용,여,43세,경상,승용,남,67세,경상
2022072400100293,2022년 7월 24일 18시,일요일,경상북도 경주시 강동면,경상사고,0,0,1,0,차대차 - 기타,안전운전불이행,건조,맑음,단일로 - 기타,화물,여,62세,상해없음,자전거,남,45세,경상
2022072400100314,2022년 7월 24일 19시,일요일,경상북도 경산시 사동,경상사고,0,0,1,0,차대차 - 정면충돌,신호위반,건조,맑음,교차로 - 교차로안,화물,남,59세,상해없음,승용,남,34세,경상
2022072400100350,2022년 7월 24일 20시,일요일,경상북도 안동시 송현동,경상사고,0,0,1,0,차대사람 - 기타,기타,젖음/습기,비,단일로 - 기타,승합,남,53세,상해없음,보행자,여,62세,경상
2022072400100351,2022년 7월 24일 20시,일요일,경상북도 구미시 봉곡동,경상사고,0,0,3,0,차대차 - 측면충돌,중앙선침범,건조,맑음,단일로 - 기타,승용,남,58세,상해없음,승용,남,18세,경상
2022072400100375,2022년 7월 24일 21시,일요일,경상북도 영천시 야사동,부상신고사고,0,0,0,1,차대사람 - 기타,안전운전불이행,건조,맑음,단일로 - 기타,기타불명,기타불명,미분류,기타불명,보행자,남,47세,부상신고
2022072400100376,2022년 7월 24일 21시,일요일,경상북도 경산시 중방동,중상사고,0,1,2,0,차대차 - 기타,중앙선침범,건조,맑음,단일로 - 기타,이륜,남,32세,중상,승용,남,26세,경상
2022072400100377,2022년 7월 24일 21시,일요일,경상북도 구미시 선산읍,경상사고,0,0,1,0,차대차 - 기타,안전운전불이행,건조,맑음,단일로 - 기타,승용,여,47세,경상,승용,남,30세,상해없음
2022072500100041,2022년 7월 25일 06시,월요일,경상북도 경주시 용강동,경상사고,0,0,1,0,차대사람 - 차도통행중,안전운전불이행,건조,맑음,단일로 - 기타,승용,남,63세,상해없음,보행자,남,70세,경상
2022072500100061,2022년 7월 25일 07시,월요일,경상북도 포항시 북구 죽도동,경상사고,0,0,2,0,차대차 - 측면충돌,교차로운행방법위반,건조,맑음,교차로 - 교차로부근,승용,여,70세,경상,자전거,남,70세,경상
2022072500100097,2022년 7월 25일 08시,월요일,경상북도 김천시 남면,경상사고,0,0,2,0,차대차 - 추돌,안전운전불이행,건조,맑음,단일로 - 기타,승용,남,43세,경상,승용,여,24세,상해없음
2022072500100098,2022년 7월 25일 08시,월요일,경상북도 의성군 다인면,중상사고,0,1,1,0,차대차 - 추돌,안전운전불이행,건조,맑음,단일로 - 기타,화물,남,65세,경상,화물,남,56세,상해없음
2022072500100099,2022년 7월 25일 08시,월요일,경상북도 구미시 고아읍,경상사고,0,0,1,0,차대차 - 기타,직진우회전진행방해,건조,맑음,교차로 - 교차로안,이륜,여,71세,경상,승용,여,66세,상해없음
2022072500100100,2022년 7월 25일 08시,월요일,경상북도 포항시 남구 구룡포읍,사망사고,1,0,0,0,차대사람 - 횡단중,안전운전불이행,건조,맑음,단일로 - 기타,화물,남,60세,상해없음,보행자,여,85세,사망
2022072500100141,2022년 7월 25일 09시,월요일,경상북도 영주시 휴천동,중상사고,0,1,0,0,차대사람 - 차도통행중,교차로운행방법위반,건조,맑음,교차로 - 교차로안,승용,여,46세,상해없음,보행자,여,74세,중상
2022072500100142,2022년 7월 25일 09시,월요일,경상북도 경산시 압량읍,중상사고,0,2,0,0,차대차 - 추돌,안전운전불이행,건조,맑음,교차로 - 교차로부근,승용,남,62세,상해없음,승용,남,70세,중상
2022072500100174,2022년 7월 25일 10시,월요일,경상북도 포항시 북구 죽도동,경상사고,0,0,1,0,차대사람 - 길가장자리구역통행중,안전운전불이행,건조,맑음,단일로 - 기타,승용,남,49세,상해없음,보행자,남,52세,경상
2022072500100175,2022년 7월 25일 10시,월요일,경상북도 경산시 정평동,경상사고,0,0,2,0,차대차 - 측면충돌,안전운전불이행,건조,맑음,교차로 - 교차로부근,승용,여,26세,상해없음,화물,남,47세,경상
2022072500100215,2022년 7월 25일 11시,월요일,경상북도 포항시 북구 죽도동,경상사고,0,0,1,0,차대차 - 측면충돌,안전운전불이행,건조,맑음,단일로 - 기타,승용,남,78세,상해없음,승용,여,32세,경상
2022072500100216,2022년 7월 25일 11시,월요일,경상북도 안동시 풍산읍,경상사고,0,0,1,0,차대차 - 측면충돌,안전운전불이행,건조,맑음,교차로 - 교차로안,승용,남,32세,상해없음,이륜,남,71세,경상
2022072500100217,2022년 7월 25일 11시,월요일,경상북도 안동시 와룡면,경상사고,0,0,1,0,차대차 - 기타,중앙선침범,건조,맑음,단일로 - 기타,화물,남,66세,상해없음,승용,여,52세,경상
2022072500100218,2022년 7월 25일 11시,월요일,경상북도 구미시 선산읍,중상사고,0,1,0,0,차대차 - 측면충돌,안전운전불이행,건조,맑음,교차로 - 교차로안,승용,남,55세,상해없음,원동기,여,67세,중상
2022072500100257,2022년 7월 25일 12시,월요일,경상북도 문경시 호계면,경상사고,0,0,2,0,차대차 - 측면충돌,안전운전불이행,건조,맑음,단일로 - 기타,화물,남,54세,상해없음,승용,남,64세,경상
2022072500100258,2022년 7월 25일 12시,월요일,경상북도 경산시 하양읍,중상사고,0,1,0,0,차대차 - 측면충돌,신호위반,건조,맑음,교차로 - 교차로안,화물,남,71세,상해없음,승용,남,65세,중상
2022072500100283,2022년 7월 25일 13시,월요일,경상북도 경주시 안강읍,경상사고,0,0,3,0,차대차 - 측면충돌,안전운전불이행,건조,맑음,교차로 - 교차로안,승용,남,78세,경상,승용,여,68세,경상
2022072500100284,2022년 7월 25일 13시,월요일,경상북도 경산시 사정동,경상사고,0,0,1,0,차대사람 - 보도통행중,기타,건조,맑음,단일로 - 지하차도(도로)내,개인형이동수단(PM),남,21세,상해없음,보행자,여,58세,경상
2022072500100307,2022년 7월 25일 14시,월요일,경상북도 안동시 옥동,부상신고사고,0,0,0,1,차대사람 - 횡단중,안전운전불이행,건조,맑음,단일로 - 기타,승용,여,48세,상해없음,보행자,여,14세,부상신고
2022072500100347,2022년 7월 25일 15시,월요일,경상북도 영주시 봉현면,중상사고,0,1,0,0,차대차 - 측면충돌,신호위반,건조,맑음,단일로 - 기타,승용,남,42세,상해없음,화물,남,65세,중상
2022072500100348,2022년 7월 25일 15시,월요일,경상북도 경산시 압량읍,중상사고,0,1,2,0,차대차 - 기타,직진우회전진행방해,건조,맑음,교차로 - 교차로안,승용,남,51세,경상,승용,여,35세,중상
2022072500100349,2022년 7월 25일 15시,월요일,경상북도 경산시 임당동,경상사고,0,0,2,0,차대차 - 측면충돌,교차로운행방법위반,건조,맑음,교차로 - 교차로안,승용,남,45세,경상,승용,여,33세,경상
2022072500100350,2022년 7월 25일 15시,월요일,경상북도 포항시 남구 대도동,경상사고,0,0,1,0,차대차 - 측면충돌,안전운전불이행,건조,맑음,단일로 - 기타,승용,남,32세,경상,승용,여,34세,상해없음
2022072500100392,2022년 7월 25일 16시,월요일,경상북도 경주시 성건동,경상사고,0,0,1,0,차대차 - 추돌,안전운전불이행,건조,맑음,교차로 - 교차로부근,승용,남,33세,경상,승용,남,41세,상해없음
2022072500100393,2022년 7월 25일 16시,월요일,경상북도 상주시 사벌국면,중상사고,0,1,2,0,차대차 - 측면충돌,직진우회전진행방해,건조,맑음,교차로 - 교차로안,승용,여,41세,중상,승용,남,63세,경상
2022072500100394,2022년 7월 25일 16시,월요일,경상북도 의성군 옥산면,경상사고,0,0,2,0,차대차 - 측면충돌,안전운전불이행,건조,맑음,교차로 - 교차로안,농기계,남,55세,경상,승용,여,55세,경상
2022072500100395,2022년 7월 25일 16시,월요일,경상북도 칠곡군 지천면,경상사고,0,0,2,0,차대차 - 측면충돌,안전운전불이행,건조,맑음,단일로 - 기타,승용,여,43세,상해없음,승용,남,46세,경상
2022072500100434,2022년 7월 25일 17시,월요일,경상북도 경주시 보문동,경상사고,0,0,1,0,차대차 - 측면충돌,안전운전불이행,건조,맑음,단일로 - 기타,기타불명,기타불명,미분류,기타불명,승용,남,54세,상해없음
2022072500100435,2022년 7월 25일 17시,월요일,경상북도 김천시 아포읍,사망사고,1,0,0,0,차대사람 - 차도통행중,안전운전불이행,건조,맑음,단일로 - 기타,승용,남,25세,상해없음,보행자,남,65세,사망
2022072500100482,2022년 7월 25일 18시,월요일,경상북도 영천시 화북면,부상신고사고,0,0,0,1,차대차 - 측면충돌,안전운전불이행,건조,맑음,교차로 - 교차로안,원동기,여,58세,부상신고,화물,남,66세,상해없음
2022072500100483,2022년 7월 25일 18시,월요일,경상북도 예천군 지보면,경상사고,0,0,1,0,차대차 - 측면충돌,직진우회전진행방해,건조,맑음,교차로 - 교차로안,승용,여,67세,상해없음,승용,여,58세,경상
2022072500100515,2022년 7월 25일 19시,월요일,경상북도 경주시 동천동,중상사고,0,1,0,0,차대사람 - 횡단중,안전운전불이행,건조,맑음,주차장 - 주차장,승용,여,53세,상해없음,보행자,여,85세,중상
2022072500100516,2022년 7월 25일 19시,월요일,경상북도 영천시 야사동,중상사고,0,1,0,0,차대차 - 측면충돌,안전운전불이행,건조,맑음,교차로 - 교차로횡단보도내,승용,여,50세,상해없음,자전거,남,7세,중상
2022072500100546,2022년 7월 25일 20시,월요일,경상북도 안동시 옥동,경상사고,0,0,3,0,차대차 - 추돌,안전운전불이행,건조,맑음,단일로 - 기타,승용,남,62세,상해없음,승용,여,51세,경상
2022072500100571,2022년 7월 25일 21시,월요일,경상북도 의성군 안계면,중상사고,0,1,0,0,차대사람 - 횡단중,안전운전불이행,건조,흐림,단일로 - 기타,승용,여,40세,상해없음,보행자,여,25세,중상
2022072500100583,2022년 7월 25일 22시,월요일,경상북도 경주시 동천동,중상사고,0,2,0,0,차대차 - 측면충돌,신호위반,건조,맑음,교차로 - 교차로안,승용,남,73세,중상,승용,여,31세,중상
2022072600100009,2022년 7월 26일 00시,화요일,경상북도 문경시 유곡동,중상사고,0,1,0,0,차대차 - 추돌,안전운전불이행,건조,맑음,단일로 - 기타,화물,남,72세,상해없음,승용,남,33세,중상
2022072600100033,2022년 7월 26일 04시,화요일,경상북도 김천시 개령면,경상사고,0,0,1,0,차대차 - 정면충돌,교차로운행방법위반,건조,맑음,교차로 - 교차로안,화물,남,57세,상해없음,승용,남,59세,경상
2022072600100098,2022년 7월 26일 08시,화요일,경상북도 경주시 강동면,중상사고,0,2,0,0,차대차 - 정면충돌,안전운전불이행,건조,맑음,단일로 - 기타,자전거,남,62세,중상,자전거,남,83세,중상
2022072600100099,2022년 7월 26일 08시,화요일,경상북도 김천시 율곡동,경상사고,0,0,1,0,차대차 - 기타,안전운전불이행,건조,맑음,교차로 - 교차로부근,승용,남,40세,상해없음,승합,남,49세,상해없음
2022072600100100,2022년 7월 26일 08시,화요일,경상북도 김천시 평화동,경상사고,0,0,1,0,차대사람 - 횡단중,신호위반,건조,맑음,교차로 - 교차로횡단보도내,화물,남,49세,상해없음,보행자,여,59세,경상
2022072600100133,2022년 7월 26일 09시,화요일,경상북도 영덕군 강구면,경상사고,0,0,2,0,차대차 - 추돌,안전거리미확보,건조,맑음,교차로 - 교차로부근,건설기계,남,40세,상해없음,승용,남,42세,경상
2022072600100134,2022년 7월 26일 09시,화요일,경상북도 청도군 풍각면,경상사고,0,0,1,0,차대차 - 기타,직진우회전진행방해,건조,맑음,교차로 - 교차로안,이륜,여,72세,경상,승용,남,64세,상해없음
2022072600100168,2022년 7월 26일 10시,화요일,경상북도 군위군 부계면,경상사고,0,0,1,0,차대차 - 측면충돌,중앙선침범,건조,맑음,단일로 - 기타,승용,남,73세,상해없음,승용,남,42세,경상
2022072600100169,2022년 7월 26일 10시,화요일,경상북도 영천시 금호읍,경상사고,0,0,1,0,차량단독 - 기타,안전운전불이행,건조,맑음,단일로 - 기타,승용,남,40세,경상,,,,
2022072600100247,2022년 7월 26일 12시,화요일,경상북도 경주시 탑동,경상사고,0,0,1,0,차대차 - 측면충돌,안전운전불이행,건조,맑음,교차로 - 교차로안,화물,남,53세,상해없음,승용,남,39세,경상
2022072600100248,2022년 7월 26일 12시,화요일,경상북도 경주시 시래동,경상사고,0,0,2,0,차대차 - 측면충돌,안전운전불이행,건조,맑음,교차로 - 교차로안,승용,남,34세,경상,승용,남,37세,상해없음
2022072600100249,2022년 7월 26일 12시,화요일,경상북도 경산시 중방동,경상사고,0,0,1,0,차대차 - 기타,교차로운행방법위반,건조,맑음,교차로 - 교차로부근,승용,남,62세,상해없음,이륜,남,31세,경상
2022072600100250,2022년 7월 26일 12시,화요일,경상북도 영덕군 영해면,중상사고,0,1,0,0,차대차 - 측면충돌,교차로운행방법위반,건조,맑음,교차로 - 교차로안,승용,여,56세,상해없음,자전거,남,22세,중상
2022072600100251,2022년 7월 26일 12시,화요일,경상북도 구미시 사곡동,경상사고,0,0,2,0,차대차 - 측면충돌,교차로운행방법위반,건조,맑음,교차로 - 교차로안,화물,남,47세,경상,승용,남,41세,경상
2022072600100277,2022년 7월 26일 13시,화요일,경상북도 경주시 서악동,중상사고,0,1,1,0,차대차 - 측면충돌,안전운전불이행,건조,맑음,교차로 - 교차로안,승용,남,70세,중상,승용,여,68세,경상
2022072600100278,2022년 7월 26일 13시,화요일,경상북도 안동시 길안면,경상사고,0,0,1,0,차대차 - 기타,중앙선침범,건조,맑음,단일로 - 기타,승용,여,51세,상해없음,화물,남,65세,경상
2022072600100279,2022년 7월 26일 13시,화요일,경상북도 경산시 삼북동,경상사고,0,0,1,0,차대차 - 후진중충돌,안전운전불이행,건조,맑음,교차로 - 교차로부근,화물,남,70세,상해없음,승용,남,75세,경상
2022072600100327,2022년 7월 26일 14시,화요일,경상북도 경주시 하동,경상사고,0,0,1,0,차대차 - 측면충돌,안전운전불이행,건조,맑음,단일로 - 기타,승용,남,22세,상해없음,승용,남,47세,경상
2022072600100328,2022년 7월 26일 14시,화요일,경상북도 포항시 북구 죽도동,경상사고,0,0,1,0,차대사람 - 차도통행중,안전운전불이행,건조,맑음,단일로 - 기타,승용,여,58세,상해없음,보행자,여,56세,경상
2022072600100329,2022년 7월 26일 14시,화요일,경상북도 상주시 남장동,중상사고,0,1,0,0,차대사람 - 기타,안전운전불이행,건조,맑음,단일로 - 기타,승용,남,28세,상해없음,보행자,여,34세,중상
2022072600100374,2022년 7월 26일 15시,화요일,경상북도 의성군 의성읍,경상사고,0,0,1,0,차대차 - 측면충돌,안전운전불이행,건조,맑음,교차로 - 교차로안,승용,남,77세,상해없음,자전거,남,15세,경상
2022072600100414,2022년 7월 26일 16시,화요일,경상북도 칠곡군 석적읍,경상사고,0,0,1,0,차대차 - 기타,안전운전불이행,건조,맑음,단일로 - 기타,승용,남,61세,상해없음,승용,여,41세,상해없음
2022072600100454,2022년 7월 26일 17시,화요일,경상북도 김천시 율곡동,중상사고,0,1,0,0,차대사람 - 횡단중,보행자보호의무위반,건조,맑음,단일로 - 기타,승용,여,47세,상해없음,보행자,남,47세,중상
2022072600100455,2022년 7월 26일 17시,화요일,경상북도 영주시 하망동,경상사고,0,0,2,0,차대차 - 추돌,안전운전불이행,건조,맑음,교차로 - 교차로부근,승용,남,65세,상해없음,승용,여,51세,경상
2022072600100490,2022년 7월 26일 18시,화요일,경상북도 경주시 성동동,경상사고,0,0,1,0,차대차 - 측면충돌,안전운전불이행,건조,맑음,교차로 - 교차로부근,승용,남,56세,상해없음,자전거,남,57세,경상
2022072600100491,2022년 7월 26일 18시,화요일,경상북도 구미시 옥계동,중상사고,0,1,0,0,차대차 - 측면충돌,안전운전불이행,건조,맑음,교차로 - 교차로부근,승용,여,27세,상해없음,자전거,여,51세,중상
2022072600100492,2022년 7월 26일 18시,화요일,경상북도 포항시 남구 대잠동,경상사고,0,0,1,0,차대사람 - 차도통행중,안전운전불이행,건조,맑음,단일로 - 기타,승용,여,64세,상해없음,보행자,여,36세,경상
2022072600100548,2022년 7월 26일 20시,화요일,경상북도 포항시 북구 두호동,중상사고,0,1,0,0,차대사람 - 횡단중,보행자보호의무위반,건조,맑음,교차로 - 교차로횡단보도내,승용,남,30세,상해없음,보행자,여,26세,중상
2022072600100549,2022년 7월 26일 20시,화요일,경상북도 김천시 양천동,경상사고,0,0,1,0,차대차 - 정면충돌,안전운전불이행,건조,맑음,단일로 - 기타,승용,남,28세,상해없음,화물,남,47세,경상
2022072600100550,2022년 7월 26일 20시,화요일,경상북도 영덕군 강구면,중상사고,0,2,0,0,차대차 - 측면충돌,안전운전불이행,건조,맑음,교차로 - 교차로안,승용,남,69세,상해없음,승용,남,60세,상해없음
2022072600100551,2022년 7월 26일 20시,화요일,경상북도 경산시 와촌면,경상사고,0,0,2,0,차대차 - 측면충돌,신호위반,건조,맑음,단일로 - 터널,화물,남,68세,상해없음,승용,남,35세,경상
2022072600100598,2022년 7월 26일 22시,화요일,경상북도 경산시 옥산동,경상사고,0,0,1,0,차대차 - 정면충돌,신호위반,건조,맑음,교차로 - 교차로안,승용,남,26세,기타불명,승용,여,45세,경상
2022072600100599,2022년 7월 26일 22시,화요일,경상북도 구미시 임수동,경상사고,0,0,2,0,차대차 - 추돌,안전운전불이행,건조,맑음,교차로 - 교차로부근,승용,남,31세,상해없음,승용,남,30세,경상
2022072600100600,2022년 7월 26일 22시,화요일,경상북도 구미시 구평동,경상사고,0,0,2,0,차대차 - 후진중충돌,안전운전불이행,건조,맑음,교차로 - 교차로부근,승용,여,48세,상해없음,승용,남,62세,경상
2022072700100004,2022년 7월 27일 00시,수요일,경상북도 포항시 남구 연일읍,부상신고사고,0,0,0,1,차대차 - 측면충돌,안전운전불이행,건조,맑음,교차로 - 교차로횡단보도내,개인형이동수단(PM),여,56세,부상신고,승용,남,64세,상해없음
2022072700100024,2022년 7월 27일 02시,수요일,경상북도 경산시 옥산동,경상사고,0,0,2,0,차대사람 - 횡단중,안전운전불이행,건조,맑음,주차장 - 주차장,승용,남,54세,상해없음,보행자,남,42세,경상
2022072700100085,2022년 7월 27일 08시,수요일,경상북도 포항시 북구 용흥동,경상사고,0,0,1,0,차대차 - 추돌,안전운전불이행,건조,맑음,단일로 - 기타,승용,여,65세,기타불명,승용,여,40세,경상
2022072700100125,2022년 7월 27일 09시,수요일,경상북도 안동시 풍천면,중상사고,0,1,1,0,차대차 - 기타,신호위반,건조,맑음,교차로 - 교차로안,승용,여,55세,경상,승용,남,26세,중상
2022072700100126,2022년 7월 27일 09시,수요일,경상북도 영주시 풍기읍,경상사고,0,0,1,0,차대차 - 기타,안전운전불이행,건조,맑음,단일로 - 기타,기타불명,기타불명,미분류,기타불명,자전거,남,57세,경상
2022072700100127,2022년 7월 27일 09시,수요일,경상북도 예천군 예천읍,중상사고,0,1,0,0,차대차 - 측면충돌,안전운전불이행,건조,맑음,교차로 - 교차로부근,승용,여,67세,상해없음,자전거,남,80세,중상
2022072700100159,2022년 7월 27일 10시,수요일,경상북도 포항시 북구 대신동,경상사고,0,0,1,0,차대사람 - 기타,보행자보호의무위반,건조,맑음,단일로 - 기타,승용,남,59세,상해없음,보행자,여,75세,경상
2022072700100160,2022년 7월 27일 10시,수요일,경상북도 안동시 옥야동,경상사고,0,0,1,1,차대사람 - 기타,안전운전불이행,건조,맑음,기타 - 기타,개인형이동수단(PM),남,14세,상해없음,보행자,여,70세,경상
2022072700100161,2022년 7월 27일 10시,수요일,경상북도 문경시 가은읍,경상사고,0,0,1,0,차량단독 - 도로외이탈 - 추락,안전운전불이행,건조,맑음,단일로 - 기타,승용,여,69세,경상,,,,
2022072700100186,2022년 7월 27일 11시,수요일,경상북도 문경시 공평동,중상사고,0,1,0,0,차대차 - 측면충돌,차로위반,건조,맑음,단일로 - 기타,이륜,남,74세,중상,승용,여,71세,상해없음