사고번호,사고일시,요일,시군구,사고내용,사망자수,중상자수,경상자수,부상신고자수,사고유형,법규위반,노면상태,기상상태,도로형태,가해운전자 차종,가해운전자 성별,가해운전자 연령,가해운전자 상해정도,피해운전자 차종,피해운전자 성별,피해운전자 연령,피해운전자 상해정도
2022073000100525,2022년 7월 30일 21시,토요일,경상북도 포항시 남구 해도동,경상사고,0,0,2,0,차대차 - 추돌,기타,건조,맑음,교차로 - 교차로부근,승용,남,48세,상해없음,승용,여,31세,경상
2022073100100024,2022년 7월 31일 01시,일요일,경상북도 포항시 북구 우현동,중상사고,0,1,0,0,차량단독 - 기타,안전운전불이행,건조,맑음,단일로 - 기타,이륜,남,31세,중상,,,,
2022073100100025,2022년 7월 31일 01시,일요일,경상북도 경산시 옥산동,경상사고,0,0,1,0,차대사람 - 횡단중,보행자보호의무위반,건조,맑음,교차로 - 교차로횡단보도내,승용,남,56세,상해없음,보행자,남,38세,경상
2022073100100039,2022년 7월 31일 02시,일요일,경상북도 영천시 금호읍,경상사고,0,0,1,0,차량단독 - 기타,안전운전불이행,건조,맑음,단일로 - 기타,승용,남,63세,상해없음,,,,
2022073100100080,2022년 7월 31일 09시,일요일,경상북도 경주시 황성동,경상사고,0,0,3,0,차대차 - 정면충돌,중앙선침범,젖음/습기,비,단일로 - 기타,승용,여,26세,상해없음,승용,남,41세,경상
2022073100100092,2022년 7월 31일 10시,일요일,경상북도 포항시 북구 대신동,경상사고,0,0,1,0,차대차 - 후진중충돌,안전운전불이행,건조,맑음,교차로 - 교차로부근,승용,남,57세,상해없음,승합,남,53세,경상
2022073100100093,2022년 7월 31일 10시,일요일,경상북도 봉화군 소천면,경상사고,0,0,1,0,차대차 - 측면충돌,신호위반,건조,맑음,교차로 - 교차로안,승합,남,51세,상해없음,화물,남,68세,경상
2022073100100116,2022년 7월 31일 11시,일요일,경상북도 경산시 하양읍,경상사고,0,0,3,0,차대차 - 추돌,안전운전불이행,젖음/습기,비,교차로 - 교차로부근,승합,남,42세,상해없음,승용,남,66세,경상
2022073100100117,2022년 7월 31일 11시,일요일,경상북도 구미시 원평동,중상사고,0,1,0,0,차대차 - 기타,안전거리미확보,젖음/습기,비,단일로 - 기타,승용,남,67세,상해없음,이륜,남,51세,중상
2022073100100153,2022년 7월 31일 12시,일요일,경상북도 경주시 사정동,경상사고,0,0,2,0,차대차 - 추돌,안전운전불이행,건조,맑음,단일로 - 기타,승용,남,76세,상해없음,이륜,남,29세,경상
2022073100100154,2022년 7월 31일 12시,일요일,경상북도 영천시 화남면,경상사고,0,0,4,0,차대차 - 기타,중앙선침범,건조,흐림,단일로 - 기타,화물,남,51세,상해없음,승용,남,44세,경상
2022073100100180,2022년 7월 31일 13시,일요일,경상북도 포항시 북구 환호동,중상사고,0,1,0,0,차대차 - 측면충돌,안전운전불이행,건조,맑음,단일로 - 기타,개인형이동수단(PM),남,78세,중상,승용,남,61세,상해없음
2022073100100213,2022년 7월 31일 14시,일요일,경상북도 영주시 상망동,경상사고,0,0,1,0,차대차 - 추돌,차로위반,젖음/습기,비,단일로 - 기타,승용,남,31세,상해없음,이륜,남,54세,경상
2022073100100214,2022년 7월 31일 14시,일요일,경상북도 영덕군 영덕읍,경상사고,0,0,2,0,차대차 - 측면충돌,직진우회전진행방해,건조,맑음,교차로 - 교차로안,화물,여,62세,경상,화물,여,48세,경상
2022073100100215,2022년 7월 31일 14시,일요일,경상북도 구미시 오태동,중상사고,0,1,0,0,차대차 - 정면충돌,신호위반,젖음/습기,비,교차로 - 교차로안,승용,남,44세,상해없음,승용,남,30세,중상
2022073100100252,2022년 7월 31일 15시,일요일,경상북도 포항시 북구 용흥동,경상사고,0,0,1,0,차대차 - 기타,안전거리미확보,건조,맑음,단일로 - 기타,승용,여,57세,상해없음,승용,여,58세,경상
2022073100100253,2022년 7월 31일 15시,일요일,경상북도 안동시 와룡면,경상사고,0,0,1,0,차대차 - 측면충돌,중앙선침범,젖음/습기,비,단일로 - 기타,승용,여,31세,상해없음,승용,남,45세,경상
2022073100100303,2022년 7월 31일 17시,일요일,경상북도 상주시 화북면,중상사고,0,1,0,0,차량단독 - 공작물충돌,안전운전불이행,젖음/습기,비,단일로 - 기타,화물,남,47세,중상,,,,
2022073100100304,2022년 7월 31일 17시,일요일,경상북도 봉화군 봉화읍,경상사고,0,0,1,0,차대사람 - 기타,안전운전불이행,젖음/습기,흐림,단일로 - 기타,승용,여,38세,상해없음,보행자,남,82세,경상
2022073100100331,2022년 7월 31일 18시,일요일,경상북도 영주시 이산면,경상사고,0,0,2,0,차대차 - 추돌,안전운전불이행,젖음/습기,흐림,단일로 - 고가도로위,승용,남,59세,상해없음,승용,남,66세,경상
2022073100100332,2022년 7월 31일 18시,일요일,경상북도 영천시 도동,경상사고,0,0,2,0,차대차 - 측면충돌,중앙선침범,건조,맑음,단일로 - 기타,승용,여,61세,경상,승용,남,27세,경상
2022073100100333,2022년 7월 31일 18시,일요일,경상북도 포항시 남구 해도동,경상사고,0,0,1,0,차대차 - 기타,안전운전불이행,건조,맑음,단일로 - 지하차도(도로)내,승합,남,65세,상해없음,이륜,남,36세,경상
2022073100100334,2022년 7월 31일 18시,일요일,경상북도 포항시 남구 장기면,부상신고사고,0,0,0,1,차량단독 - 공작물충돌,안전운전불이행,건조,맑음,단일로 - 기타,이륜,여,57세,부상신고,,,,
2022073100100365,2022년 7월 31일 19시,일요일,경상북도 구미시 공단동,경상사고,0,0,1,1,차대차 - 추돌,안전운전불이행,젖음/습기,비,교차로 - 교차로안,승용,여,36세,부상신고,승용,남,53세,경상
2022073100100386,2022년 7월 31일 20시,일요일,경상북도 경주시 황남동,경상사고,0,0,3,0,차대차 - 측면충돌,안전운전불이행,건조,맑음,단일로 - 기타,승용,여,37세,경상,승용,남,35세,상해없음
2022073100100415,2022년 7월 31일 21시,일요일,경상북도 경주시 서악동,경상사고,0,0,1,0,차대차 - 추돌,안전운전불이행,건조,맑음,교차로 - 교차로부근,승용,여,18세,상해없음,승용,여,41세,경상
2022080100100007,2022년 8월 1일 00시,월요일,경상북도 포항시 남구 대잠동,경상사고,0,0,1,0,차대차 - 기타,안전운전불이행,건조,맑음,단일로 - 기타,승용,남,35세,상해없음,승용,남,52세,경상
2022080100100015,2022년 8월 1일 01시,월요일,경상북도 포항시 북구 용흥동,중상사고,0,1,0,0,차량단독 - 공작물충돌,안전운전불이행,건조,맑음,단일로 - 고가도로위,이륜,남,32세,중상,,,,
2022080100100030,2022년 8월 1일 04시,월요일,경상북도 포항시 남구 대잠동,경상사고,0,0,2,0,차대차 - 측면충돌,신호위반,건조,맑음,교차로 - 교차로안,이륜,남,18세,상해없음,승용,남,65세,경상
2022080100100037,2022년 8월 1일 05시,월요일,경상북도 구미시 선산읍,중상사고,0,1,0,0,차량단독 - 기타,안전운전불이행,건조,맑음,단일로 - 기타,승용,남,37세,중상,,,,
2022080100100062,2022년 8월 1일 07시,월요일,경상북도 김천시 신음동,중상사고,0,1,1,0,차대차 - 정면충돌,교차로운행방법위반,건조,맑음,교차로 - 교차로안,승용,남,71세,경상,승용,남,65세,중상
2022080100100063,2022년 8월 1일 07시,월요일,경상북도 구미시 공단동,경상사고,0,0,1,0,차대차 - 측면충돌,신호위반,건조,맑음,교차로 - 교차로부근,승용,여,41세,상해없음,승용,여,46세,경상
2022080100100091,2022년 8월 1일 08시,월요일,경상북도 영주시 영주동,중상사고,0,1,0,0,차대사람 - 횡단중,안전운전불이행,젖음/습기,흐림,단일로 - 기타,화물,남,66세,상해없음,보행자,남,58세,중상
2022080100100092,2022년 8월 1일 08시,월요일,경상북도 청도군 화양읍,경상사고,0,0,1,0,차대차 - 측면충돌,중앙선침범,건조,맑음,단일로 - 기타,승용,여,25세,상해없음,화물,남,43세,경상
2022080100100159,2022년 8월 1일 11시,월요일,경상북도 안동시 송천동,중상사고,0,1,0,0,차대사람 - 횡단중,신호위반,건조,맑음,교차로 - 교차로횡단보도내,화물,남,78세,상해없음,보행자,남,13세,중상
2022080100100160,2022년 8월 1일 11시,월요일,경상북도 영주시 휴천동,경상사고,0,0,1,0,차대차 - 측면충돌,안전운전불이행,건조,맑음,주차장 - 주차장,승용,남,64세,상해없음,승용,남,53세,경상
2022080100100161,2022년 8월 1일 11시,월요일,경상북도 칠곡군 석적읍,경상사고,0,0,1,0,차량단독 - 공작물충돌,안전운전불이행,젖음/습기,비,단일로 - 기타,승용,여,50세,경상,,,,
2022080100100162,2022년 8월 1일 11시,월요일,경상북도 포항시 남구 연일읍,경상사고,0,0,1,0,차대차 - 측면충돌,신호위반,건조,맑음,교차로 - 교차로안,승용,남,66세,상해없음,화물,남,47세,상해없음
2022080100100196,2022년 8월 1일 12시,월요일,경상북도 포항시 남구 상도동,중상사고,0,1,0,0,차대차 - 정면충돌,중앙선침범,건조,맑음,단일로 - 기타,승용,남,59세,상해없음,원동기,남,45세,중상
2022080100100228,2022년 8월 1일 13시,월요일,경상북도 포항시 북구 여천동,경상사고,0,0,1,0,차대차 - 측면충돌,안전운전불이행,건조,맑음,교차로 - 교차로안,승용,여,64세,상해없음,승용,남,64세,경상
2022080100100290,2022년 8월 1일 15시,월요일,경상북도 경주시 서부동,경상사고,0,0,1,0,차대차 - 후진중충돌,안전운전불이행,건조,맑음,주차장 - 주차장,승용,남,79세,상해없음,승용,여,38세,상해없음
2022080100100291,2022년 8월 1일 15시,월요일,경상북도 상주시 이안면,경상사고,0,0,3,0,차대차 - 추돌,안전운전불이행,건조,맑음,교차로 - 교차로부근,승용,여,44세,상해없음,승용,남,34세,경상
2022080100100292,2022년 8월 1일 15시,월요일,경상북도 경산시 계양동,경상사고,0,0,1,0,차대차 - 측면충돌,안전운전불이행,건조,흐림,단일로 - 기타,승용,남,34세,상해없음,승용,남,31세,경상
2022080100100313,2022년 8월 1일 16시,월요일,경상북도 성주군 용암면,사망사고,1,0,0,0,차량단독 - 도로외이탈 - 추락,안전운전불이행,젖음/습기,맑음,단일로 - 기타,화물,남,75세,사망,,,,
2022080100100314,2022년 8월 1일 16시,월요일,경상북도 문경시 문경읍,경상사고,0,0,2,0,차대차 - 추돌,안전운전불이행,건조,맑음,기타 - 기타,승용,남,40세,상해없음,승용,남,33세,경상
2022080100100356,2022년 8월 1일 17시,월요일,경상북도 김천시 지례면,중상사고,0,1,2,0,차대차 - 측면충돌,신호위반,젖음/습기,흐림,교차로 - 교차로안,승용,남,71세,상해없음,승용,남,58세,경상
2022080100100400,2022년 8월 1일 18시,월요일,경상북도 영덕군 영덕읍,경상사고,0,0,1,0,차대차 - 정면충돌,안전운전불이행,건조,맑음,단일로 - 기타,승용,남,20세,상해없음,이륜,남,24세,경상
2022080100100425,2022년 8월 1일 19시,월요일,경상북도 안동시 송현동,경상사고,0,0,1,0,차대차 - 기타,안전거리미확보,건조,맑음,단일로 - 기타,특수,남,23세,상해없음,승용,남,34세,경상
2022080100100449,2022년 8월 1일 20시,월요일,경상북도 청도군 청도읍,중상사고,0,1,3,0,차대차 - 측면충돌,안전운전불이행,건조,맑음,교차로 - 교차로안,승용,남,23세,상해없음,승용,남,45세,경상
2022080100100475,2022년 8월 1일 21시,월요일,경상북도 영주시 휴천동,경상사고,0,0,1,0,차대차 - 추돌,안전운전불이행,건조,맑음,교차로 - 교차로안,승용,남,61세,상해없음,이륜,남,44세,경상
2022080100100476,2022년 8월 1일 21시,월요일,경상북도 경산시 옥산동,경상사고,0,0,2,0,차대차 - 측면충돌,교차로운행방법위반,건조,맑음,교차로 - 교차로부근,승용,남,44세,상해없음,승용,남,53세,경상
2022080100100498,2022년 8월 1일 22시,월요일,경상북도 포항시 북구 두호동,경상사고,0,0,2,0,차대차 - 추돌,안전운전불이행,건조,맑음,단일로 - 기타,승용,남,43세,상해없음,승용,남,25세,경상
2022080100100499,2022년 8월 1일 22시,월요일,경상북도 경산시 옥산동,경상사고,0,0,1,0,차대차 - 후진중충돌,안전운전불이행,건조,맑음,단일로 - 지하차도(도로)내,승용,여,46세,상해없음,승용,남,45세,경상
2022080200100048,2022년 8월 2일 04시,화요일,경상북도 안동시 옥야동,중상사고,0,1,0,0,차대사람 - 횡단중,보행자보호의무위반,건조,맑음,단일로 - 기타,이륜,남,17세,상해없음,보행자,여,73세,중상
2022080200100063,2022년 8월 2일 06시,화요일,경상북도 성주군 선남면,경상사고,0,0,3,1,차대차 - 추돌,안전거리미확보,건조,맑음,단일로 - 기타,화물,남,43세,상해없음,화물,남,41세,경상
2022080200100096,2022년 8월 2일 08시,화요일,경상북도 영덕군 영해면,중상사고,0,1,2,0,차대차 - 측면충돌,직진우회전진행방해,건조,맑음,교차로 - 교차로안,승용,남,42세,경상,승용,여,52세,중상
2022080200100097,2022년 8월 2일 08시,화요일,경상북도 구미시 진평동,경상사고,0,0,1,0,차대차 - 정면충돌,중앙선침범,젖음/습기,흐림,단일로 - 기타,승용,여,42세,상해없음,화물,남,61세,경상
2022080200100098,2022년 8월 2일 08시,화요일,경상북도 상주시 화서면,사망사고,1,0,1,0,차대차 - 측면충돌,안전운전불이행,젖음/습기,비,단일로 - 기타,승합,남,69세,상해없음,화물,남,72세,경상
2022080200100123,2022년 8월 2일 09시,화요일,경상북도 구미시 공단동,경상사고,0,0,1,0,차대차 - 추돌,안전운전불이행,건조,맑음,단일로 - 기타,특수,남,37세,상해없음,승용,여,34세,경상
2022080200100124,2022년 8월 2일 09시,화요일,경상북도 구미시 고아읍,경상사고,0,0,1,0,차대차 - 정면충돌,직진우회전진행방해,건조,맑음,교차로 - 교차로안,화물,여,52세,상해없음,승용,남,74세,경상
2022080200100148,2022년 8월 2일 10시,화요일,경상북도 고령군 쌍림면,경상사고,0,0,1,0,차량단독 - 공작물충돌,안전운전불이행,젖음/습기,비,단일로 - 기타,승용,남,50세,경상,,,,
2022080200100149,2022년 8월 2일 10시,화요일,경상북도 구미시 고아읍,경상사고,0,0,1,0,차대차 - 측면충돌,안전운전불이행,건조,맑음,교차로 - 교차로안,승용,남,24세,상해없음,승용,남,32세,경상
2022080200100150,2022년 8월 2일 10시,화요일,경상북도 포항시 남구 구룡포읍,경상사고,0,0,2,1,차대차 - 측면충돌,직진우회전진행방해,건조,맑음,교차로 - 교차로안,승용,여,57세,부상신고,승합,여,52세,경상
2022080200100151,2022년 8월 2일 10시,화요일,경상북도 포항시 남구 오천읍,경상사고,0,0,1,0,차대사람 - 횡단중,안전운전불이행,건조,맑음,단일로 - 기타,승용,남,58세,상해없음,보행자,여,25세,경상
2022080200100179,2022년 8월 2일 11시,화요일,경상북도 김천시 부곡동,중상사고,0,1,0,0,차대사람 - 횡단중,안전운전불이행,건조,맑음,교차로 - 교차로안,화물,남,46세,상해없음,보행자,여,83세,중상
2022080200100180,2022년 8월 2일 11시,화요일,경상북도 영주시 하망동,경상사고,0,0,1,0,차대사람 - 차도통행중,안전운전불이행,건조,맑음,단일로 - 기타,승용,남,78세,상해없음,보행자,남,59세,경상
2022080200100181,2022년 8월 2일 11시,화요일,경상북도 구미시 지산동,경상사고,0,0,3,0,차대차 - 추돌,안전운전불이행,건조,흐림,단일로 - 지하차도(도로)내,승용,여,39세,경상,승용,남,72세,경상
2022080200100216,2022년 8월 2일 12시,화요일,경상북도 경주시 탑동,경상사고,0,0,1,0,차대차 - 측면충돌,안전운전불이행,건조,맑음,단일로 - 기타,승용,남,33세,상해없음,화물,남,56세,경상
2022080200100217,2022년 8월 2일 12시,화요일,경상북도 안동시 운안동,경상사고,0,0,1,0,차대사람 - 횡단중,보행자보호의무위반,건조,맑음,기타 - 기타,승용,여,27세,상해없음,보행자,여,8세,경상
2022080200100218,2022년 8월 2일 12시,화요일,경상북도 안동시 동부동,경상사고,0,0,2,0,차대차 - 측면충돌,안전운전불이행,건조,맑음,주차장 - 주차장,승용,남,70세,상해없음,승용,남,45세,경상
2022080200100219,2022년 8월 2일 12시,화요일,경상북도 예천군 예천읍,경상사고,0,0,1,0,차대차 - 후진중충돌,안전운전불이행,건조,맑음,교차로 - 교차로안,승용,여,83세,상해없음,이륜,남,20세,경상
2022080200100246,2022년 8월 2일 13시,화요일,경상북도 영주시 풍기읍,중상사고,0,2,0,0,차대차 - 정면충돌,중앙선침범,젖음/습기,흐림,단일로 - 기타,승용,남,55세,상해없음,승용,남,68세,중상
2022080200100247,2022년 8월 2일 13시,화요일,경상북도 칠곡군 왜관읍,중상사고,0,1,0,0,차대사람 - 횡단중,보행자보호의무위반,건조,맑음,교차로 - 교차로횡단보도내,승합,남,63세,상해없음,보행자,여,80세,중상
2022080200100248,2022년 8월 2일 13시,화요일,경상북도 구미시 형곡동,경상사고,0,0,1,0,차대차 - 측면충돌,안전운전불이행,건조,맑음,교차로 - 교차로안,승용,남,64세,상해없음,승용,남,32세,경상
2022080200100249,2022년 8월 2일 13시,화요일,경상북도 상주시 사벌국면,경상사고,0,0,4,0,차대차 - 추돌,안전운전불이행,건조,맑음,단일로 - 기타,승용,남,42세,상해없음,화물,남,39세,경상
2022080200100283,2022년 8월 2일 14시,화요일,경상북도 경주시 마동,경상사고,0,0,3,0,차대차 - 측면충돌,안전거리미확보,건조,맑음,단일로 - 기타,승용,남,60세,상해없음,승용,남,31세,경상
2022080200100284,2022년 8월 2일 14시,화요일,경상북도 영주시 가흥동,경상사고,0,0,3,0,차대차 - 측면충돌,교차로운행방법위반,건조,맑음,교차로 - 교차로안,승용,남,68세,상해없음,승용,남,46세,경상
2022080200100285,2022년 8월 2일 14시,화요일,경상북도 칠곡군 가산면,경상사고,0,0,1,0,차대차 - 측면충돌,직진우회전진행방해,건조,맑음,교차로 - 교차로안,승용,남,43세,상해없음,특수,남,28세,경상
2022080200100286,2022년 8월 2일 14시,화요일,경상북도 경산시 정평동,부상신고사고,0,0,0,1,차대차 - 추돌,직진우회전진행방해,건조,맑음,교차로 - 교차로안,원동기,남,37세,부상신고,승용,여,50세,상해없음
2022080200100287,2022년 8월 2일 14시,화요일,경상북도 포항시 남구 지곡동,중상사고,0,1,0,0,차대차 - 추돌,안전운전불이행,건조,맑음,교차로 - 교차로부근,이륜,남,30세,중상,승합,남,61세,상해없음
2022080200100311,2022년 8월 2일 15시,화요일,경상북도 칠곡군 동명면,중상사고,0,2,1,0,차대차 - 기타,안전운전불이행,건조,맑음,단일로 - 기타,화물,남,82세,중상,승용,남,27세,경상
2022080200100312,2022년 8월 2일 15시,화요일,경상북도 칠곡군 북삼읍,중상사고,0,1,0,0,차대사람 - 차도통행중,안전운전불이행,건조,맑음,단일로 - 기타,승용,여,51세,상해없음,보행자,남,6세,중상
2022080200100313,2022년 8월 2일 15시,화요일,경상북도 울진군 울진읍,경상사고,0,0,2,0,차대차 - 측면충돌,직진우회전진행방해,건조,맑음,교차로 - 교차로안,승용,여,69세,경상,승용,여,47세,경상
2022080200100314,2022년 8월 2일 15시,화요일,경상북도 울진군 울진읍,경상사고,0,0,1,0,차대차 - 후진중충돌,안전운전불이행,건조,맑음,교차로 - 교차로안,승용,남,83세,상해없음,승용,여,45세,경상
2022080200100315,2022년 8월 2일 15시,화요일,경상북도 안동시 풍산읍,경상사고,0,0,1,0,차대차 - 측면충돌,안전운전불이행,건조,맑음,단일로 - 기타,특수,남,60세,상해없음,승용,남,45세,경상
2022080200100344,2022년 8월 2일 16시,화요일,경상북도 의성군 옥산면,중상사고,0,1,1,0,차대차 - 측면충돌,직진우회전진행방해,건조,맑음,교차로 - 교차로안,승용,여,62세,경상,화물,남,64세,중상
2022080200100345,2022년 8월 2일 16시,화요일,경상북도 칠곡군 석적읍,경상사고,0,0,2,0,차대차 - 추돌,안전운전불이행,건조,맑음,교차로 - 교차로부근,승용,남,68세,상해없음,승용,여,43세,경상
2022080200100388,2022년 8월 2일 17시,화요일,경상북도 안동시 옥동,경상사고,0,0,1,0,차대차 - 기타,교차로운행방법위반,건조,맑음,교차로 - 교차로안,승용,여,60세,상해없음,승용,남,29세,경상
2022080200100389,2022년 8월 2일 17시,화요일,경상북도 포항시 남구 지곡동,경상사고,0,0,1,0,차대차 - 추돌,안전운전불이행,건조,맑음,단일로 - 지하차도(도로)내,승용,남,63세,상해없음,승용,남,68세,경상
2022080200100426,2022년 8월 2일 18시,화요일,경상북도 칠곡군 석적읍,경상사고,0,0,5,0,차대차 - 추돌,안전운전불이행,건조,맑음,교차로 - 교차로부근,승용,남,47세,경상,승용,남,70세,경상
2022080200100456,2022년 8월 2일 19시,화요일,경상북도 예천군 예천읍,경상사고,0,0,1,0,차대차 - 측면충돌,안전운전불이행,건조,맑음,교차로 - 교차로안,화물,여,66세,상해없음,승용,남,23세,경상
2022080200100457,2022년 8월 2일 19시,화요일,경상북도 구미시 임은동,경상사고,0,0,1,0,차대차 - 기타,교차로운행방법위반,건조,맑음,교차로 - 교차로안,승용,남,22세,상해없음,승용,남,64세,경상
2022080200100471,2022년 8월 2일 20시,화요일,경상북도 청송군 청송읍,경상사고,0,0,1,0,차대차 - 측면충돌,직진우회전진행방해,건조,맑음,교차로 - 교차로안,화물,여,60세,상해없음,승용,여,55세,경상
2022080200100500,2022년 8월 2일 21시,화요일,경상북도 포항시 남구 오천읍,경상사고,0,0,3,0,차대차 - 추돌,안전운전불이행,건조,맑음,단일로 - 기타,승용,남,30세,상해없음,승용,남,66세,경상
2022080300100012,2022년 8월 3일 00시,수요일,경상북도 경주시 황오동,경상사고,0,0,2,0,차대차 - 측면충돌,신호위반,건조,맑음,교차로 - 교차로안,승용,남,28세,상해없음,승용,여,46세,경상
2022080300100082,2022년 8월 3일 07시,수요일,경상북도 경주시 황남동,경상사고,0,0,1,0,차대차 - 추돌,안전운전불이행,건조,맑음,교차로 - 교차로부근,승용,여,57세,상해없음,승용,여,47세,경상
2022080300100083,2022년 8월 3일 07시,수요일,경상북도 영천시 오수동,경상사고,0,0,1,0,차대차 - 기타,안전운전불이행,건조,맑음,단일로 - 기타,농기계,남,73세,경상,화물,남,71세,상해없음
2022080300100109,2022년 8월 3일 08시,수요일,경상북도 포항시 북구 학산동,경상사고,0,0,1,0,차대차 - 기타,중앙선침범,건조,맑음,교차로 - 교차로부근,이륜,남,77세,상해없음,승용,남,56세,경상
2022080300100110,2022년 8월 3일 08시,수요일,경상북도 청도군 각남면,사망사고,1,0,0,0,차량단독 - 도로외이탈 - 기타,안전운전불이행,건조,맑음,단일로 - 기타,이륜,남,81세,사망,,,,
2022080300100111,2022년 8월 3일 08시,수요일,경상북도 포항시 남구 청림동,중상사고,0,1,0,0,차대차 - 추돌,안전거리미확보,건조,맑음,교차로 - 교차로부근,화물,남,47세,상해없음,승용,여,66세,중상
2022080300100135,2022년 8월 3일 09시,수요일,경상북도 의성군 단촌면,중상사고,0,1,0,0,차대차 - 정면충돌,안전운전불이행,건조,맑음,단일로 - 기타,화물,남,71세,상해없음,이륜,남,55세,중상
2022080300100161,2022년 8월 3일 10시,수요일,경상북도 문경시 문경읍,경상사고,0,0,2,0,차대차 - 측면충돌,직진우회전진행방해,건조,맑음,교차로 - 교차로안,승용,남,49세,상해없음,승용,여,33세,경상
2022080300100162,2022년 8월 3일 10시,수요일,경상북도 울진군 기성면,중상사고,0,1,0,0,차량단독 - 도로외이탈 - 추락,안전운전불이행,건조,맑음,단일로 - 기타,승용,여,68세,중상,,,,
2022080300100163,2022년 8월 3일 10시,수요일,경상북도 청송군 청송읍,중상사고,0,1,0,0,차대사람 - 횡단중,안전운전불이행,건조,맑음,단일로 - 지하차도(도로)내,화물,남,28세,상해없음,보행자,남,73세,중상
2022080300100164,2022년 8월 3일 10시,수요일,경상북도 포항시 남구 구룡포읍,경상사고,0,0,1,0,차대차 - 기타,안전운전불이행,건조,맑음,단일로 - 지하차도(도로)내,승용,남,62세,상해없음,자전거,남,80세,경상
2022080300100186,2022년 8월 3일 11시,수요일,경상북도 의성군 의성읍,부상신고사고,0,0,0,1,차량단독 - 공작물충돌,안전운전불이행,건조,맑음,교차로 - 교차로안,승용,남,73세,부상신고,,,,
2022080300100187,2022년 8월 3일 11시,수요일,경상북도 영덕군 강구면,경상사고,0,0,1,0,차대사람 - 보도통행중,안전운전불이행,건조,맑음,단일로 - 기타,승용,여,63세,상해없음,보행자,여,38세,경상
2022080300100188,2022년 8월 3일 11시,수요일,경상북도 포항시 남구 오천읍,경상사고,0,0,1,0,차량단독 - 기타,안전운전불이행,건조,맑음,단일로 - 지하차도(도로)내,승용,여,59세,경상,,,,
2022080300100219,2022년 8월 3일 12시,수요일,경상북도 경주시 진현동,경상사고,0,0,4,0,차대차 - 추돌,안전운전불이행,건조,맑음,교차로 - 교차로부근,승용,남,75세,상해없음,승용,남,40세,경상
2022080300100258,2022년 8월 3일 13시,수요일,경상북도 포항시 북구 양덕동,경상사고,0,0,1,0,차대차 - 추돌,안전운전불이행,건조,맑음,교차로 - 교차로부근,승용,여,36세,상해없음,승용,여,22세,경상
2022080300100259,2022년 8월 3일 13시,수요일,경상북도 김천시 남산동,경상사고,0,0,1,0,차대차 - 측면충돌,안전운전불이행,건조,맑음,교차로 - 교차로부근,승용,여,49세,상해없음,승용,여,44세,경상
2022080300100284,2022년 8월 3일 14시,수요일,경상북도 구미시 광평동,부상신고사고,0,0,0,1,차대차 - 측면충돌,신호위반,건조,맑음,교차로 - 교차로안,이륜,남,86세,부상신고,화물,남,35세,상해없음
2022080300100343,2022년 8월 3일 16시,수요일,경상북도 포항시 북구 기북면,중상사고,0,1,2,0,차대차 - 정면충돌,중앙선침범,건조,맑음,단일로 - 기타,이륜,남,72세,중상,승용,남,63세,경상
2022080300100344,2022년 8월 3일 16시,수요일,경상북도 청송군 안덕면,사망사고,1,0,0,0,차량단독 - 공작물충돌,안전운전불이행,건조,맑음,단일로 - 지하차도(도로)내,화물,남,66세,사망,,,,
2022080300100381,2022년 8월 3일 17시,수요일,경상북도 칠곡군 왜관읍,중상사고,0,1,0,0,차대차 - 측면충돌,안전운전불이행,건조,맑음,단일로 - 기타,승용,남,36세,상해없음,이륜,남,41세,중상
2022080300100382,2022년 8월 3일 17시,수요일,경상북도 경산시 옥산동,중상사고,0,1,0,0,차대사람 - 횡단중,안전운전불이행,건조,맑음,단일로 - 기타,승용,여,45세,상해없음,보행자,남,58세,중상
2022080300100422,2022년 8월 3일 18시,수요일,경상북도 상주시 남성동,중상사고,0,1,0,0,차대차 - 측면충돌,중앙선침범,건조,맑음,단일로 - 기타,자전거,남,66세,중상,승용,여,24세,상해없음
2022080300100423,2022년 8월 3일 18시,수요일,경상북도 의성군 단밀면,중상사고,0,1,3,0,차대차 - 측면충돌,안전운전불이행,건조,맑음,단일로 - 기타,화물,남,37세,경상,화물,남,64세,중상
2022080300100455,2022년 8월 3일 19시,수요일,경상북도 영천시 야사동,경상사고,0,0,1,0,차대차 - 추돌,안전운전불이행,건조,맑음,교차로 - 교차로부근,승용,남,70세,상해없음,승용,남,42세,경상
2022080300100456,2022년 8월 3일 19시,수요일,경상북도 청송군 부남면,중상사고,0,1,0,0,차량단독 - 공작물충돌,안전운전불이행,건조,맑음,단일로 - 지하차도(도로)내,승용,남,64세,중상,,,,
2022080300100488,2022년 8월 3일 20시,수요일,경상북도 영주시 봉현면,경상사고,0,0,2,0,차대차 - 측면충돌,직진우회전진행방해,건조,맑음,교차로 - 교차로안,승용,남,59세,상해없음,승용,남,25세,경상
2022080300100489,2022년 8월 3일 20시,수요일,경상북도 포항시 남구 대송면,경상사고,0,0,1,0,차대차 - 정면충돌,안전운전불이행,건조,맑음,교차로 - 교차로안,승용,남,36세,상해없음,이륜,남,61세,경상
2022080300100513,2022년 8월 3일 21시,수요일,경상북도 영주시 가흥동,경상사고,0,0,1,0,차대차 - 후진중충돌,안전운전불이행,건조,맑음,교차로 - 교차로안,승용,남,21세,상해없음,이륜,남,37세,경상
2022080300100514,2022년 8월 3일 21시,수요일,경상북도 청송군 현서면,경상사고,0,0,1,1,차대차 - 측면충돌,안전운전불이행,건조,맑음,단일로 - 지하차도(도로)내,승용,여,44세,부상신고,농기계,남,70세,경상