사고번호,사고일시,요일,시군구,사고내용,사망자수,중상자수,경상자수,부상신고자수,사고유형,법규위반,노면상태,기상상태,도로형태,가해운전자 차종,가해운전자 성별,가해운전자 연령,가해운전자 상해정도,피해운전자 차종,피해운전자 성별,피해운전자 연령,피해운전자 상해정도
2022080800100161,2022년 8월 8일 11시,월요일,경상북도 포항시 북구 송라면,중상사고,0,1,0,0,차대차 - 기타,안전운전불이행,건조,맑음,단일로 - 기타,승용,남,57세,상해없음,승용,여,31세,중상
2022080800100162,2022년 8월 8일 11시,월요일,경상북도 의성군 다인면,경상사고,0,0,1,0,차량단독 - 도로외이탈 - 추락,안전운전불이행,건조,맑음,단일로 - 기타,이륜,남,67세,경상,,,,
2022080800100163,2022년 8월 8일 11시,월요일,경상북도 문경시 흥덕동,중상사고,0,1,0,0,차대차 - 측면충돌,안전운전불이행,건조,맑음,교차로 - 교차로안,승용,여,57세,상해없음,이륜,남,70세,중상
2022080800100164,2022년 8월 8일 11시,월요일,경상북도 포항시 남구 장기면,중상사고,0,2,1,0,차대차 - 측면충돌,직진우회전진행방해,건조,맑음,교차로 - 교차로안,승용,남,88세,상해없음,승용,남,30세,중상
2022080800100194,2022년 8월 8일 12시,월요일,경상북도 영천시 조교동,경상사고,0,0,3,0,차대차 - 측면충돌,교차로운행방법위반,건조,맑음,교차로 - 교차로안,승용,여,60세,경상,승용,남,71세,경상
2022080800100258,2022년 8월 8일 14시,월요일,경상북도 안동시 운흥동,경상사고,0,0,2,0,차대차 - 기타,교차로운행방법위반,건조,맑음,교차로 - 교차로안,화물,남,48세,상해없음,승합,남,37세,경상
2022080800100259,2022년 8월 8일 14시,월요일,경상북도 봉화군 봉화읍,경상사고,0,0,1,0,차대차 - 측면충돌,안전운전불이행,건조,맑음,교차로 - 교차로안,이륜,남,56세,경상,승용,여,39세,상해없음
2022080800100260,2022년 8월 8일 14시,월요일,경상북도 포항시 남구 상도동,경상사고,0,0,1,0,차대차 - 기타,안전운전불이행,건조,맑음,단일로 - 기타,이륜,남,41세,상해없음,승용,여,32세,경상
2022080800100293,2022년 8월 8일 15시,월요일,경상북도 안동시 태화동,중상사고,0,1,1,0,차대차 - 추돌,안전거리미확보,건조,맑음,교차로 - 교차로부근,승용,남,81세,경상,승용,남,43세,중상
2022080800100294,2022년 8월 8일 15시,월요일,경상북도 청송군 현서면,부상신고사고,0,0,0,1,차대차 - 측면충돌,안전운전불이행,건조,맑음,단일로 - 지하차도(도로)내,자전거,남,11세,부상신고,승용,여,46세,상해없음
2022080800100295,2022년 8월 8일 15시,월요일,경상북도 포항시 남구 상도동,경상사고,0,0,1,0,차대차 - 추돌,안전거리미확보,건조,맑음,단일로 - 기타,승용,남,21세,상해없음,승용,여,41세,경상
2022080800100323,2022년 8월 8일 16시,월요일,경상북도 영주시 가흥동,경상사고,0,0,1,0,차대차 - 측면충돌,안전운전불이행,건조,맑음,단일로 - 기타,승용,남,64세,상해없음,이륜,남,23세,경상
2022080800100373,2022년 8월 8일 17시,월요일,경상북도 경주시 진현동,중상사고,0,1,0,0,차량단독 - 도로외이탈 - 추락,안전운전불이행,건조,맑음,단일로 - 지하차도(도로)내,화물,남,53세,중상,,,,
2022080800100374,2022년 8월 8일 17시,월요일,경상북도 청도군 화양읍,경상사고,0,0,2,0,차대차 - 기타,안전운전불이행,건조,맑음,교차로 - 교차로부근,화물,남,60세,상해없음,승용,남,33세,경상
2022080800100375,2022년 8월 8일 17시,월요일,경상북도 포항시 남구 대잠동,경상사고,0,0,2,0,차대차 - 측면충돌,안전거리미확보,건조,맑음,단일로 - 기타,화물,남,61세,경상,승용,남,55세,경상
2022080800100376,2022년 8월 8일 17시,월요일,경상북도 영천시 신녕면,중상사고,0,1,0,0,차대차 - 기타,차로위반,건조,맑음,단일로 - 기타,특수,남,60세,상해없음,승용,여,51세,중상
2022080800100418,2022년 8월 8일 18시,월요일,경상북도 포항시 북구 용흥동,경상사고,0,0,2,0,차대차 - 측면충돌,교차로운행방법위반,건조,맑음,교차로 - 교차로안,승용,여,56세,경상,승용,여,38세,경상
2022080800100419,2022년 8월 8일 18시,월요일,경상북도 영덕군 영해면,중상사고,0,1,0,0,차대차 - 측면충돌,안전운전불이행,건조,맑음,교차로 - 교차로안,승용,여,20세,상해없음,이륜,여,62세,중상
2022080800100420,2022년 8월 8일 18시,월요일,경상북도 성주군 성주읍,경상사고,0,0,1,0,차대차 - 추돌,안전운전불이행,건조,맑음,교차로 - 교차로부근,승용,남,41세,상해없음,승용,여,62세,경상
2022080800100421,2022년 8월 8일 18시,월요일,경상북도 구미시 임수동,경상사고,0,0,4,1,차대차 - 추돌,안전운전불이행,건조,맑음,단일로 - 기타,승용,남,34세,부상신고,승용,남,68세,경상
2022080800100450,2022년 8월 8일 19시,월요일,경상북도 구미시 고아읍,경상사고,0,0,1,0,차대차 - 측면충돌,안전운전불이행,건조,맑음,교차로 - 교차로안,승용,남,54세,상해없음,화물,남,59세,경상
2022080800100451,2022년 8월 8일 19시,월요일,경상북도 포항시 남구 대잠동,경상사고,0,0,1,0,차대차 - 추돌,안전운전불이행,건조,맑음,단일로 - 기타,이륜,기타불명,미분류,기타불명,승용,남,50세,경상
2022080800100481,2022년 8월 8일 20시,월요일,경상북도 칠곡군 왜관읍,중상사고,0,2,0,1,차대차 - 추돌,안전운전불이행,건조,맑음,단일로 - 교량,승용,남,55세,부상신고,승용,남,30세,중상
2022080800100482,2022년 8월 8일 20시,월요일,경상북도 예천군 호명면,경상사고,0,0,1,0,차대차 - 측면충돌,안전운전불이행,건조,맑음,단일로 - 기타,승용,여,39세,상해없음,원동기,남,33세,경상
2022080800100517,2022년 8월 8일 21시,월요일,경상북도 영주시 문정동,경상사고,0,0,1,0,차대차 - 측면충돌,차로위반,건조,맑음,단일로 - 기타,화물,남,55세,상해없음,승용,남,57세,경상
2022080800100545,2022년 8월 8일 22시,월요일,경상북도 김천시 대항면,경상사고,0,0,1,0,차대차 - 측면충돌,안전운전불이행,건조,맑음,단일로 - 기타,화물,남,64세,상해없음,승용,여,26세,경상
2022080900100054,2022년 8월 9일 07시,화요일,경상북도 안동시 법흥동,사망사고,1,0,0,0,차대사람 - 기타,안전운전불이행,젖음/습기,비,단일로 - 기타,화물,남,77세,상해없음,보행자,여,64세,사망
2022080900100055,2022년 8월 9일 07시,화요일,경상북도 울진군 금강송면,중상사고,0,1,1,0,차대차 - 정면충돌,중앙선침범,건조,맑음,단일로 - 기타,화물,남,62세,중상,승합,남,58세,경상
2022080900100082,2022년 8월 9일 08시,화요일,경상북도 경주시 양남면,경상사고,0,0,1,0,차대차 - 측면충돌,안전운전불이행,건조,맑음,교차로 - 교차로안,승용,여,45세,상해없음,승용,남,27세,경상
2022080900100083,2022년 8월 9일 08시,화요일,경상북도 구미시 오태동,중상사고,0,1,2,0,차대차 - 측면충돌,신호위반,건조,맑음,교차로 - 교차로부근,승용,여,47세,상해없음,승용,남,61세,중상
2022080900100113,2022년 8월 9일 09시,화요일,경상북도 안동시 정하동,중상사고,0,1,0,0,차대사람 - 기타,안전운전불이행,건조,맑음,교차로 - 교차로부근,승용,여,42세,상해없음,보행자,여,18세,중상
2022080900100140,2022년 8월 9일 10시,화요일,경상북도 안동시 남후면,경상사고,0,0,1,0,차대차 - 추돌,안전운전불이행,건조,맑음,단일로 - 교량,승용,남,57세,상해없음,승용,남,66세,경상
2022080900100167,2022년 8월 9일 11시,화요일,경상북도 김천시 성내동,경상사고,0,0,1,0,차대사람 - 횡단중,보행자보호의무위반,건조,맑음,교차로 - 교차로횡단보도내,승용,여,75세,상해없음,보행자,여,51세,경상
2022080900100168,2022년 8월 9일 11시,화요일,경상북도 구미시 원평동,중상사고,0,1,0,0,차대차 - 측면충돌,안전운전불이행,건조,맑음,단일로 - 기타,사륜오토바이(ATV),남,47세,상해없음,개인형이동수단(PM),남,21세,중상
2022080900100169,2022년 8월 9일 11시,화요일,경상북도 영천시 청통면,경상사고,0,0,1,0,차대차 - 기타,차로위반,건조,맑음,단일로 - 기타,화물,남,74세,상해없음,승용,여,59세,경상
2022080900100195,2022년 8월 9일 12시,화요일,경상북도 포항시 북구 장성동,중상사고,0,1,0,0,차대차 - 정면충돌,안전운전불이행,건조,맑음,교차로 - 교차로안,승용,남,25세,상해없음,이륜,남,40세,중상
2022080900100196,2022년 8월 9일 12시,화요일,경상북도 의성군 의성읍,경상사고,0,0,1,0,차대차 - 측면충돌,안전운전불이행,건조,맑음,단일로 - 기타,승용,남,74세,경상,화물,남,52세,상해없음
2022080900100197,2022년 8월 9일 12시,화요일,경상북도 군위군 군위읍,경상사고,0,0,1,0,차대차 - 기타,중앙선침범,건조,맑음,단일로 - 기타,승용,여,57세,상해없음,승용,남,51세,경상
2022080900100198,2022년 8월 9일 12시,화요일,경상북도 칠곡군 가산면,경상사고,0,0,2,0,차대차 - 추돌,안전운전불이행,건조,맑음,단일로 - 터널,화물,남,61세,경상,건설기계,남,46세,상해없음
2022080900100250,2022년 8월 9일 14시,화요일,경상북도 포항시 북구 우현동,경상사고,0,0,2,0,차대차 - 추돌,안전운전불이행,건조,맑음,교차로 - 교차로부근,승용,남,65세,상해없음,승용,남,74세,상해없음
2022080900100282,2022년 8월 9일 15시,화요일,경상북도 영천시 임고면,중상사고,0,1,1,0,차대차 - 기타,안전운전불이행,건조,맑음,단일로 - 기타,승용,남,55세,중상,승용,남,31세,경상
2022080900100283,2022년 8월 9일 15시,화요일,경상북도 영덕군 영덕읍,경상사고,0,0,1,0,차대차 - 후진중충돌,안전운전불이행,건조,맑음,단일로 - 기타,승용,여,57세,상해없음,승용,남,49세,경상
2022080900100284,2022년 8월 9일 15시,화요일,경상북도 청도군 청도읍,경상사고,0,0,2,0,차대차 - 측면충돌,교차로운행방법위반,건조,맑음,교차로 - 교차로안,승용,여,33세,상해없음,승용,여,43세,경상
2022080900100307,2022년 8월 9일 16시,화요일,경상북도 문경시 마성면,중상사고,0,1,0,0,차대차 - 측면충돌,직진우회전진행방해,건조,맑음,교차로 - 교차로안,승용,여,61세,상해없음,농기계,남,83세,중상
2022080900100308,2022년 8월 9일 16시,화요일,경상북도 예천군 지보면,중상사고,0,1,2,0,차대차 - 측면충돌,안전운전불이행,건조,맑음,단일로 - 기타,화물,남,62세,상해없음,승용,남,27세,경상
2022080900100309,2022년 8월 9일 16시,화요일,경상북도 포항시 남구 오천읍,중상사고,0,2,9,3,차대차 - 정면충돌,중앙선침범,건조,맑음,단일로 - 고가도로위,승용,남,71세,중상,승합,남,59세,상해없음
2022080900100340,2022년 8월 9일 17시,화요일,경상북도 안동시 옥동,중상사고,0,1,1,0,차대차 - 기타,교차로운행방법위반,건조,맑음,교차로 - 교차로안,승용,여,50세,경상,이륜,남,46세,중상
2022080900100341,2022년 8월 9일 17시,화요일,경상북도 칠곡군 지천면,중상사고,0,1,0,0,차대차 - 측면충돌,직진우회전진행방해,건조,맑음,교차로 - 교차로안,승용,남,70세,상해없음,화물,남,33세,중상
2022080900100342,2022년 8월 9일 17시,화요일,경상북도 성주군 성주읍,경상사고,0,0,1,0,차대사람 - 기타,안전운전불이행,젖음/습기,흐림,교차로 - 교차로부근,승합,남,72세,상해없음,보행자,남,71세,경상
2022080900100343,2022년 8월 9일 17시,화요일,경상북도 포항시 남구 동촌동,경상사고,0,0,1,0,차대차 - 측면충돌,차로위반,건조,맑음,단일로 - 지하차도(도로)내,승용,남,30세,상해없음,승용,남,33세,경상
2022080900100378,2022년 8월 9일 18시,화요일,경상북도 경주시 강동면,중상사고,0,1,1,0,차대차 - 측면충돌,안전운전불이행,건조,맑음,교차로 - 교차로안,이륜,남,70세,중상,승용,남,74세,경상
2022080900100380,2022년 8월 9일 18시,화요일,경상북도 영주시 풍기읍,경상사고,0,0,2,0,차대차 - 측면충돌,교차로운행방법위반,건조,맑음,교차로 - 교차로안,승용,여,37세,경상,승용,남,66세,경상
2022080900100381,2022년 8월 9일 18시,화요일,경상북도 경산시 하양읍,경상사고,0,0,1,0,차대차 - 기타,안전운전불이행,건조,맑음,기타 - 기타,기타불명,기타불명,미분류,기타불명,자전거,남,13세,경상
2022080900100382,2022년 8월 9일 18시,화요일,경상북도 울진군 울진읍,경상사고,0,0,2,0,차대차 - 측면충돌,직진우회전진행방해,건조,맑음,교차로 - 교차로안,승용,여,50세,상해없음,승용,남,41세,경상
2022080900100425,2022년 8월 9일 19시,화요일,경상북도 포항시 북구 우현동,경상사고,0,0,3,0,차대차 - 측면충돌,신호위반,건조,맑음,교차로 - 교차로안,승용,남,65세,상해없음,승용,남,32세,경상
2022080900100426,2022년 8월 9일 19시,화요일,경상북도 상주시 남성동,경상사고,0,0,1,0,차대차 - 측면충돌,안전운전불이행,건조,흐림,단일로 - 기타,승용,여,56세,상해없음,이륜,남,28세,경상
2022080900100427,2022년 8월 9일 19시,화요일,경상북도 포항시 남구 대송면,중상사고,0,1,0,0,차대차 - 측면충돌,직진우회전진행방해,건조,맑음,교차로 - 교차로안,승용,남,61세,상해없음,개인형이동수단(PM),여,59세,중상
2022080900100451,2022년 8월 9일 20시,화요일,경상북도 안동시 옥동,경상사고,0,0,1,0,차대차 - 기타,중앙선침범,건조,맑음,단일로 - 기타,승용,여,22세,상해없음,이륜,남,42세,경상
2022080900100494,2022년 8월 9일 22시,화요일,경상북도 청송군 청송읍,사망사고,1,0,0,0,차대사람 - 차도통행중,안전운전불이행,건조,맑음,단일로 - 지하차도(도로)내,승용,남,65세,상해없음,보행자,남,70세,사망
2022081000100032,2022년 8월 10일 04시,수요일,경상북도 경산시 조영동,경상사고,0,0,1,0,차대사람 - 기타,안전운전불이행,건조,맑음,단일로 - 기타,승용,남,26세,상해없음,보행자,여,18세,경상
2022081000100039,2022년 8월 10일 05시,수요일,경상북도 영천시 청통면,부상신고사고,0,0,0,1,차대차 - 측면충돌,중앙선침범,건조,맑음,단일로 - 기타,화물,남,34세,상해없음,이륜,남,25세,부상신고
2022081000100090,2022년 8월 10일 08시,수요일,경상북도 김천시 평화동,중상사고,0,1,0,0,차대차 - 측면충돌,교차로운행방법위반,건조,맑음,교차로 - 교차로안,승용,남,73세,상해없음,승용,여,73세,중상
2022081000100091,2022년 8월 10일 08시,수요일,경상북도 칠곡군 석적읍,경상사고,0,0,1,0,차대차 - 측면충돌,안전운전불이행,건조,맑음,단일로 - 기타,승용,남,33세,상해없음,승용,여,52세,경상
2022081000100092,2022년 8월 10일 08시,수요일,경상북도 고령군 대가야읍,경상사고,0,0,4,0,차대차 - 기타,안전운전불이행,건조,맑음,교차로 - 교차로안,승용,여,51세,경상,승용,여,41세,경상
2022081000100093,2022년 8월 10일 08시,수요일,경상북도 영양군 영양읍,경상사고,0,0,1,0,차대차 - 기타,안전운전불이행,건조,맑음,교차로 - 교차로안,화물,여,67세,상해없음,승용,여,33세,경상
2022081000100119,2022년 8월 10일 09시,수요일,경상북도 구미시 원평동,경상사고,0,0,1,0,차대차 - 정면충돌,안전운전불이행,젖음/습기,비,교차로 - 교차로안,승용,여,38세,상해없음,승용,여,51세,경상
2022081000100142,2022년 8월 10일 10시,수요일,경상북도 경주시 시래동,경상사고,0,0,1,0,차대차 - 측면충돌,안전운전불이행,건조,맑음,단일로 - 기타,원동기,여,54세,경상,승용,남,28세,상해없음
2022081000100163,2022년 8월 10일 11시,수요일,경상북도 안동시 송현동,경상사고,0,0,1,0,차대차 - 후진중충돌,안전운전불이행,젖음/습기,비,교차로 - 교차로부근,승용,남,74세,상해없음,승용,남,34세,경상
2022081000100196,2022년 8월 10일 12시,수요일,경상북도 경주시 천군동,중상사고,0,1,0,0,차대차 - 기타,안전운전불이행,건조,맑음,단일로 - 기타,승용,여,43세,중상,승용,남,74세,상해없음
2022081000100197,2022년 8월 10일 12시,수요일,경상북도 안동시 법흥동,경상사고,0,0,2,0,차대차 - 추돌,안전거리미확보,젖음/습기,비,교차로 - 교차로부근,승용,여,49세,경상,승용,남,64세,경상
2022081000100198,2022년 8월 10일 12시,수요일,경상북도 영주시 하망동,경상사고,0,0,1,0,차대차 - 측면충돌,안전운전불이행,젖음/습기,비,교차로 - 교차로안,승용,여,53세,상해없음,승용,여,54세,경상
2022081000100220,2022년 8월 10일 13시,수요일,경상북도 울릉군 울릉읍,중상사고,0,1,0,0,차량단독 - 전도전복 - 전도,안전운전불이행,건조,흐림,단일로 - 기타,이륜,남,39세,중상,,,,
2022081000100221,2022년 8월 10일 13시,수요일,경상북도 구미시 사곡동,중상사고,0,1,0,0,차대사람 - 기타,안전운전불이행,건조,기타,미분류 - 미분류,승합,남,53세,상해없음,보행자,여,66세,중상
2022081000100247,2022년 8월 10일 14시,수요일,경상북도 구미시 송정동,경상사고,0,0,1,0,차대사람 - 기타,기타,젖음/습기,비,기타 - 기타,승용,여,53세,상해없음,보행자,여,58세,경상
2022081000100282,2022년 8월 10일 15시,수요일,경상북도 고령군 쌍림면,중상사고,0,2,2,0,차량단독 - 공작물충돌,안전운전불이행,건조,맑음,단일로 - 기타,승합,남,64세,상해없음,,,,
2022081000100315,2022년 8월 10일 16시,수요일,경상북도 경주시 동부동,경상사고,0,0,2,0,차대차 - 후진중충돌,안전운전불이행,건조,맑음,단일로 - 기타,승용,남,73세,상해없음,승합,남,28세,경상
2022081000100316,2022년 8월 10일 16시,수요일,경상북도 상주시 화개동,경상사고,0,0,1,0,차대차 - 기타,직진우회전진행방해,건조,맑음,교차로 - 교차로안,승용,여,58세,상해없음,화물,남,32세,경상
2022081000100317,2022년 8월 10일 16시,수요일,경상북도 영천시 교촌동,경상사고,0,0,1,0,차대차 - 측면충돌,안전운전불이행,건조,맑음,단일로 - 기타,승용,남,45세,상해없음,승용,남,38세,경상
2022081000100350,2022년 8월 10일 17시,수요일,경상북도 포항시 남구 오천읍,부상신고사고,0,0,0,1,차대차 - 추돌,안전운전불이행,건조,맑음,단일로 - 지하차도(도로)내,화물,여,66세,상해없음,승용,여,43세,부상신고
2022081000100394,2022년 8월 10일 18시,수요일,경상북도 영천시 완산동,중상사고,0,1,1,0,차대차 - 측면충돌,신호위반,건조,맑음,교차로 - 교차로안,승용,남,30세,중상,화물,남,39세,경상
2022081000100395,2022년 8월 10일 18시,수요일,경상북도 구미시 진평동,경상사고,0,0,2,0,차대차 - 기타,직진우회전진행방해,건조,맑음,교차로 - 교차로안,승용,남,75세,상해없음,화물,남,28세,경상
2022081000100396,2022년 8월 10일 18시,수요일,경상북도 구미시 옥계동,경상사고,0,0,1,0,차대차 - 기타,안전운전불이행,건조,맑음,단일로 - 기타,승용,남,64세,상해없음,승용,남,45세,경상
2022081000100431,2022년 8월 10일 19시,수요일,경상북도 포항시 북구 죽도동,경상사고,0,0,1,0,차대차 - 측면충돌,교차로운행방법위반,건조,맑음,교차로 - 교차로안,승용,남,51세,상해없음,승용,여,56세,경상
2022081000100462,2022년 8월 10일 20시,수요일,경상북도 구미시 도량동,경상사고,0,0,1,0,차대차 - 기타,교차로운행방법위반,젖음/습기,비,교차로 - 교차로안,승용,남,42세,상해없음,승용,여,36세,경상
2022081000100463,2022년 8월 10일 20시,수요일,경상북도 포항시 남구 호미곶면,경상사고,0,0,1,0,차대차 - 측면충돌,안전운전불이행,건조,맑음,단일로 - 기타,승용,남,54세,상해없음,승용,여,28세,경상
2022081000100529,2022년 8월 10일 22시,수요일,경상북도 영주시 가흥동,경상사고,0,0,1,0,차대사람 - 기타,교차로운행방법위반,젖음/습기,비,교차로 - 교차로안,승용,남,56세,상해없음,보행자,남,50세,경상
2022081100100021,2022년 8월 11일 02시,목요일,경상북도 구미시 임은동,중상사고,0,1,0,0,차대차 - 측면충돌,안전운전불이행,건조,맑음,교차로 - 교차로안,화물,남,56세,상해없음,자전거,남,69세,중상
2022081100100058,2022년 8월 11일 06시,목요일,경상북도 상주시 중동면,중상사고,0,1,0,0,차량단독 - 전도전복 - 전도,안전운전불이행,젖음/습기,비,단일로 - 기타,이륜,남,75세,상해없음,,,,
2022081100100067,2022년 8월 11일 07시,목요일,경상북도 고령군 다산면,경상사고,0,0,2,0,차대차 - 기타,신호위반,건조,맑음,교차로 - 교차로안,승용,남,52세,상해없음,승용,남,44세,경상
2022081100100107,2022년 8월 11일 09시,목요일,경상북도 경주시 황성동,부상신고사고,0,0,0,1,차대차 - 추돌,안전운전불이행,건조,맑음,단일로 - 기타,화물,남,63세,상해없음,승용,남,50세,부상신고
2022081100100108,2022년 8월 11일 09시,목요일,경상북도 경산시 중방동,경상사고,0,0,1,0,차대차 - 기타,교차로운행방법위반,건조,맑음,단일로 - 기타,승용,여,56세,상해없음,승합,남,58세,상해없음
2022081100100129,2022년 8월 11일 10시,목요일,경상북도 영덕군 영해면,경상사고,0,0,4,0,차대차 - 측면충돌,불법유턴,젖음/습기,비,단일로 - 기타,화물,남,80세,상해없음,승용,여,35세,경상
2022081100100148,2022년 8월 11일 11시,목요일,경상북도 경주시 현곡면,경상사고,0,0,1,0,차대차 - 기타,안전운전불이행,젖음/습기,비,교차로 - 교차로부근,승용,여,61세,상해없음,승용,여,60세,경상
2022081100100149,2022년 8월 11일 11시,목요일,경상북도 경주시 구정동,경상사고,0,0,1,0,차대차 - 후진중충돌,안전운전불이행,건조,맑음,주차장 - 주차장,승용,여,77세,상해없음,화물,남,38세,경상
2022081100100150,2022년 8월 11일 11시,목요일,경상북도 경주시 천북면,중상사고,0,1,0,0,차대차 - 측면충돌,신호위반,건조,맑음,교차로 - 교차로안,화물,남,52세,상해없음,승용,남,32세,중상
2022081100100151,2022년 8월 11일 11시,목요일,경상북도 상주시 내서면,사망사고,1,0,0,0,차대차 - 측면충돌,안전운전불이행,젖음/습기,비,교차로 - 교차로안,화물,남,54세,상해없음,이륜,남,70세,사망
2022081100100152,2022년 8월 11일 11시,목요일,경상북도 경산시 정평동,경상사고,0,0,1,0,차대차 - 측면충돌,신호위반,젖음/습기,비,교차로 - 교차로안,원동기,남,64세,상해없음,자전거,남,86세,경상
2022081100100153,2022년 8월 11일 11시,목요일,경상북도 군위군 효령면,경상사고,0,0,2,0,차대차 - 측면충돌,안전운전불이행,건조,맑음,단일로 - 기타,화물,남,70세,상해없음,화물,남,71세,경상
2022081100100175,2022년 8월 11일 12시,목요일,경상북도 경주시 동부동,경상사고,0,0,1,0,차대차 - 측면충돌,안전운전불이행,젖음/습기,비,교차로 - 교차로부근,승용,남,62세,상해없음,승용,여,35세,경상
2022081100100176,2022년 8월 11일 12시,목요일,경상북도 경주시 내남면,중상사고,0,1,1,1,차대차 - 측면충돌,안전거리미확보,젖음/습기,비,교차로 - 교차로안,승용,여,48세,부상신고,승용,여,63세,경상
2022081100100177,2022년 8월 11일 12시,목요일,경상북도 안동시 송현동,경상사고,0,0,1,0,차대차 - 측면충돌,안전운전불이행,건조,맑음,교차로 - 교차로부근,화물,남,60세,상해없음,이륜,남,27세,경상
2022081100100178,2022년 8월 11일 12시,목요일,경상북도 안동시 송현동,경상사고,0,0,2,0,차대차 - 측면충돌,신호위반,젖음/습기,비,교차로 - 교차로안,승용,여,24세,상해없음,승용,남,68세,경상
2022081100100179,2022년 8월 11일 12시,목요일,경상북도 구미시 형곡동,경상사고,0,0,1,0,차대차 - 측면충돌,차로위반,젖음/습기,비,단일로 - 기타,승용,남,45세,상해없음,이륜,남,44세,경상
2022081100100239,2022년 8월 11일 14시,목요일,경상북도 포항시 북구 우현동,경상사고,0,0,1,0,차대사람 - 횡단중,신호위반,젖음/습기,비,교차로 - 교차로횡단보도내,승용,여,44세,상해없음,보행자,여,8세,경상
2022081100100240,2022년 8월 11일 14시,목요일,경상북도 영덕군 병곡면,경상사고,0,0,1,0,차대차 - 측면충돌,안전운전불이행,건조,맑음,교차로 - 교차로횡단보도내,자전거,여,15세,경상,승용,여,47세,상해없음
2022081100100241,2022년 8월 11일 14시,목요일,경상북도 구미시 진평동,경상사고,0,0,3,0,차대차 - 측면충돌,교차로운행방법위반,젖음/습기,비,교차로 - 교차로안,승용,남,23세,경상,승용,남,62세,경상
2022081100100308,2022년 8월 11일 16시,목요일,경상북도 포항시 북구 양덕동,경상사고,0,0,1,0,차대사람 - 기타,보행자보호의무위반,건조,맑음,단일로 - 기타,승용,여,58세,상해없음,보행자,남,12세,경상
2022081100100309,2022년 8월 11일 16시,목요일,경상북도 구미시 상모동,경상사고,0,0,1,0,차대차 - 기타,안전거리미확보,젖음/습기,비,교차로 - 교차로부근,이륜,남,42세,경상,승용,남,50세,상해없음
2022081100100345,2022년 8월 11일 17시,목요일,경상북도 경주시 천군동,중상사고,0,1,1,0,차량단독 - 공작물충돌,안전운전불이행,젖음/습기,비,단일로 - 기타,승용,여,41세,상해없음,,,,
2022081100100346,2022년 8월 11일 17시,목요일,경상북도 안동시 용상동,경상사고,0,0,1,0,차대차 - 측면충돌,안전운전불이행,젖음/습기,비,교차로 - 교차로안,승용,남,52세,상해없음,승용,여,45세,경상
2022081100100347,2022년 8월 11일 17시,목요일,경상북도 상주시 공성면,경상사고,0,0,2,0,차대차 - 정면충돌,신호위반,젖음/습기,맑음,교차로 - 교차로안,승용,여,48세,상해없음,화물,남,65세,경상
2022081100100348,2022년 8월 11일 17시,목요일,경상북도 문경시 모전동,중상사고,0,1,1,0,차대차 - 기타,신호위반,젖음/습기,흐림,교차로 - 교차로부근,승용,여,68세,경상,승용,여,67세,중상
2022081100100349,2022년 8월 11일 17시,목요일,경상북도 포항시 남구 해도동,경상사고,0,0,1,0,차대차 - 측면충돌,차로위반,건조,맑음,교차로 - 교차로안,승용,여,56세,상해없음,승용,여,63세,경상
2022081100100351,2022년 8월 11일 17시,목요일,경상북도 포항시 남구 일월동,부상신고사고,0,0,0,2,차대차 - 추돌,안전운전불이행,건조,맑음,단일로 - 지하차도(도로)내,승용,여,48세,상해없음,승용,남,24세,부상신고
2022081100100381,2022년 8월 11일 18시,목요일,경상북도 포항시 북구 흥해읍,경상사고,0,0,1,0,차대차 - 측면충돌,안전거리미확보,젖음/습기,비,단일로 - 기타,건설기계,남,50세,상해없음,승용,여,28세,경상
2022081100100382,2022년 8월 11일 18시,목요일,경상북도 영주시 휴천동,중상사고,0,1,1,0,차대차 - 측면충돌,중앙선침범,젖음/습기,흐림,교차로 - 교차로부근,승용,남,26세,상해없음,승용,남,64세,중상
2022081100100413,2022년 8월 11일 19시,목요일,경상북도 칠곡군 북삼읍,중상사고,0,1,0,0,차대차 - 기타,직진우회전진행방해,젖음/습기,비,교차로 - 교차로안,승용,남,53세,상해없음,이륜,남,46세,중상
2022081100100439,2022년 8월 11일 20시,목요일,경상북도 경주시 성동동,경상사고,0,0,1,0,차대사람 - 횡단중,안전운전불이행,건조,맑음,교차로 - 교차로부근,승용,남,48세,상해없음,보행자,남,58세,경상
2022081100100440,2022년 8월 11일 20시,목요일,경상북도 안동시 도산면,경상사고,0,0,3,0,차대차 - 기타,직진우회전진행방해,젖음/습기,비,교차로 - 교차로안,화물,남,68세,상해없음,승용,여,53세,경상
2022081100100441,2022년 8월 11일 20시,목요일,경상북도 구미시 원평동,경상사고,0,0,2,0,차대차 - 추돌,안전운전불이행,건조,맑음,단일로 - 기타,특수,남,24세,기타불명,승용,남,27세,경상
2022081100100492,2022년 8월 11일 23시,목요일,경상북도 포항시 북구 흥해읍,경상사고,0,0,1,0,차량단독 - 기타,안전운전불이행,기타,맑음,단일로 - 기타,이륜,남,62세,경상,,,,
2022081200100024,2022년 8월 12일 02시,금요일,경상북도 구미시 인의동,경상사고,0,0,1,0,차대차 - 추돌,안전운전불이행,젖음/습기,비,교차로 - 교차로부근,승용,여,38세,상해없음,승용,여,34세,경상
2022081200100051,2022년 8월 12일 06시,금요일,경상북도 청도군 청도읍,중상사고,0,1,4,0,차대차 - 기타,중앙선침범,건조,맑음,단일로 - 기타,승용,남,58세,상해없음,승용,여,33세,중상