사고번호,사고일시,요일,시군구,사고내용,사망자수,중상자수,경상자수,부상신고자수,사고유형,법규위반,노면상태,기상상태,도로형태,가해운전자 차종,가해운전자 성별,가해운전자 연령,가해운전자 상해정도,피해운전자 차종,피해운전자 성별,피해운전자 연령,피해운전자 상해정도
2022081600100258,2022년 8월 16일 13시,화요일,경상북도 포항시 남구 대잠동,경상사고,0,0,1,0,차대차 - 측면충돌,안전거리미확보,젖음/습기,비,단일로 - 교량,화물,남,77세,상해없음,승용,남,57세,경상
2022081600100295,2022년 8월 16일 14시,화요일,경상북도 김천시 백옥동,경상사고,0,0,1,0,차대차 - 측면충돌,불법유턴,젖음/습기,맑음,단일로 - 기타,승용,여,59세,상해없음,특수,남,27세,경상
2022081600100296,2022년 8월 16일 14시,화요일,경상북도 칠곡군 약목면,경상사고,0,0,1,0,차대차 - 추돌,안전거리미확보,젖음/습기,흐림,교차로 - 교차로부근,승용,남,42세,상해없음,승용,남,64세,경상
2022081600100297,2022년 8월 16일 14시,화요일,경상북도 포항시 남구 대잠동,부상신고사고,0,0,0,1,차대차 - 기타,안전운전불이행,젖음/습기,비,교차로 - 교차로안,화물,남,57세,상해없음,승용,여,20세,부상신고
2022081600100324,2022년 8월 16일 15시,화요일,경상북도 경산시 옥산동,중상사고,0,1,0,0,차대사람 - 횡단중,안전운전불이행,젖음/습기,비,단일로 - 기타,이륜,남,33세,상해없음,보행자,남,75세,중상
2022081600100325,2022년 8월 16일 15시,화요일,경상북도 구미시 송정동,중상사고,0,1,0,0,차대차 - 추돌,안전운전불이행,젖음/습기,비,교차로 - 교차로부근,화물,남,56세,상해없음,승용,여,35세,중상
2022081600100362,2022년 8월 16일 16시,화요일,경상북도 김천시 아포읍,중상사고,0,1,0,0,차량단독 - 공작물충돌,안전운전불이행,건조,맑음,단일로 - 기타,승용,남,67세,중상,,,,
2022081600100363,2022년 8월 16일 16시,화요일,경상북도 칠곡군 왜관읍,경상사고,0,0,2,0,차대차 - 추돌,안전운전불이행,젖음/습기,비,단일로 - 기타,승용,남,46세,상해없음,승용,남,36세,경상
2022081600100364,2022년 8월 16일 16시,화요일,경상북도 영천시 완산동,경상사고,0,0,1,0,차대차 - 측면충돌,안전운전불이행,건조,맑음,교차로 - 교차로안,승용,남,30세,상해없음,승용,남,66세,경상
2022081600100365,2022년 8월 16일 16시,화요일,경상북도 성주군 성주읍,경상사고,0,0,1,0,차량단독 - 공작물충돌,안전운전불이행,젖음/습기,비,단일로 - 기타,화물,남,46세,경상,,,,
2022081600100401,2022년 8월 16일 17시,화요일,경상북도 포항시 남구 인덕동,경상사고,0,0,1,0,차대차 - 기타,직진우회전진행방해,젖음/습기,흐림,교차로 - 교차로안,승용,남,52세,상해없음,화물,남,44세,경상
2022081600100444,2022년 8월 16일 18시,화요일,경상북도 안동시 태화동,경상사고,0,0,1,0,차대차 - 기타,직진우회전진행방해,건조,맑음,교차로 - 교차로안,승용,남,32세,상해없음,승용,여,66세,경상
2022081600100445,2022년 8월 16일 18시,화요일,경상북도 구미시 도량동,경상사고,0,0,1,0,차대차 - 측면충돌,신호위반,건조,맑음,교차로 - 교차로안,승용,남,63세,상해없음,승용,남,36세,경상
2022081600100446,2022년 8월 16일 18시,화요일,경상북도 구미시 도량동,중상사고,0,1,0,0,차대사람 - 횡단중,신호위반,건조,맑음,교차로 - 교차로횡단보도내,승용,여,50세,상해없음,보행자,남,63세,중상
2022081600100447,2022년 8월 16일 18시,화요일,경상북도 포항시 남구 송내동,중상사고,0,1,5,1,차대차 - 측면충돌,안전운전불이행,건조,맑음,교차로 - 교차로안,승용,남,35세,상해없음,승합,남,53세,경상
2022081600100482,2022년 8월 16일 19시,화요일,경상북도 김천시 신음동,중상사고,0,1,0,0,차대사람 - 횡단중,신호위반,건조,맑음,교차로 - 교차로횡단보도내,이륜,남,22세,상해없음,보행자,여,79세,중상
2022081600100514,2022년 8월 16일 20시,화요일,경상북도 경주시 황성동,경상사고,0,0,1,0,차대차 - 측면충돌,안전운전불이행,젖음/습기,비,교차로 - 교차로안,화물,남,62세,상해없음,승용,남,25세,경상
2022081600100533,2022년 8월 16일 21시,화요일,경상북도 문경시 모전동,경상사고,0,0,1,0,차대차 - 측면충돌,교차로운행방법위반,건조,맑음,교차로 - 교차로부근,승용,남,62세,상해없음,기타불명,기타불명,미분류,기타불명
2022081600100547,2022년 8월 16일 22시,화요일,경상북도 구미시 진평동,경상사고,0,0,3,0,차대차 - 추돌,안전운전불이행,젖음/습기,비,교차로 - 교차로부근,화물,남,41세,상해없음,승용,남,41세,경상
2022081600100572,2022년 8월 16일 23시,화요일,경상북도 경산시 압량읍,경상사고,0,0,2,0,차대차 - 추돌,안전운전불이행,젖음/습기,흐림,단일로 - 기타,승용,남,23세,상해없음,승용,남,63세,경상
2022081600100573,2022년 8월 16일 23시,화요일,경상북도 영천시 매산동,사망사고,1,0,1,0,차대차 - 추돌,안전운전불이행,젖음/습기,비,단일로 - 기타,화물,남,61세,사망,화물,남,52세,경상
2022081700100012,2022년 8월 17일 00시,수요일,경상북도 구미시 진평동,경상사고,0,0,1,0,차대사람 - 보도통행중,기타,젖음/습기,비,기타 - 기타,개인형이동수단(PM),남,25세,상해없음,보행자,여,35세,경상
2022081700100013,2022년 8월 17일 00시,수요일,경상북도 구미시 고아읍,경상사고,0,0,1,0,차대차 - 기타,안전운전불이행,젖음/습기,비,기타 - 기타,이륜,남,63세,경상,개인형이동수단(PM),남,22세,상해없음
2022081700100023,2022년 8월 17일 01시,수요일,경상북도 영덕군 강구면,경상사고,0,0,1,0,차대차 - 추돌,안전운전불이행,건조,맑음,단일로 - 기타,승용,남,55세,상해없음,기타불명,남,71세,경상
2022081700100024,2022년 8월 17일 01시,수요일,경상북도 구미시 원평동,중상사고,0,2,1,0,차대차 - 추돌,안전운전불이행,젖음/습기,비,교차로 - 교차로부근,승용,남,37세,상해없음,승용,남,31세,경상
2022081700100041,2022년 8월 17일 04시,수요일,경상북도 안동시 법흥동,중상사고,0,1,1,0,차대사람 - 기타,기타,건조,맑음,단일로 - 교량,개인형이동수단(PM),남,19세,상해없음,보행자,여,79세,중상
2022081700100053,2022년 8월 17일 06시,수요일,경상북도 포항시 북구 흥해읍,경상사고,0,0,1,0,차대차 - 기타,교차로운행방법위반,젖음/습기,흐림,교차로 - 교차로안,승용,여,57세,상해없음,화물,남,55세,경상
2022081700100073,2022년 8월 17일 07시,수요일,경상북도 울진군 울진읍,중상사고,0,1,0,0,차대사람 - 횡단중,안전운전불이행,건조,맑음,교차로 - 교차로안,승용,남,35세,상해없음,보행자,여,76세,중상
2022081700100074,2022년 8월 17일 07시,수요일,경상북도 포항시 남구 송내동,경상사고,0,0,1,0,차대차 - 측면충돌,차로위반,건조,맑음,단일로 - 교량,승용,남,74세,상해없음,승용,여,58세,경상
2022081700100141,2022년 8월 17일 09시,수요일,경상북도 경주시 황오동,중상사고,0,1,0,0,차대차 - 측면충돌,안전운전불이행,건조,맑음,단일로 - 기타,승용,남,67세,상해없음,자전거,여,53세,중상
2022081700100178,2022년 8월 17일 10시,수요일,경상북도 구미시 형곡동,중상사고,0,1,0,0,차대사람 - 횡단중,안전운전불이행,건조,맑음,교차로 - 교차로부근,승용,여,48세,상해없음,보행자,남,67세,중상
2022081700100200,2022년 8월 17일 11시,수요일,경상북도 포항시 북구 환호동,경상사고,0,0,4,0,차대차 - 측면충돌,차로위반,건조,맑음,기타 - 기타,승용,남,61세,상해없음,승용,남,36세,경상
2022081700100237,2022년 8월 17일 12시,수요일,경상북도 안동시 삼산동,경상사고,0,0,1,0,차대사람 - 기타,안전운전불이행,건조,맑음,교차로 - 교차로횡단보도내,승용,남,50세,상해없음,보행자,남,47세,경상
2022081700100238,2022년 8월 17일 12시,수요일,경상북도 포항시 남구 대도동,경상사고,0,0,1,0,차대차 - 측면충돌,교차로운행방법위반,건조,맑음,교차로 - 교차로안,이륜,남,45세,경상,화물,남,57세,상해없음
2022081700100275,2022년 8월 17일 13시,수요일,경상북도 안동시 용상동,부상신고사고,0,0,0,1,차대사람 - 차도통행중,안전운전불이행,건조,맑음,기타 - 기타,승용,남,24세,기타불명,보행자,남,47세,부상신고
2022081700100276,2022년 8월 17일 13시,수요일,경상북도 안동시 송현동,경상사고,0,0,2,0,차대차 - 기타,안전운전불이행,건조,맑음,단일로 - 기타,승용,여,40세,경상,승용,여,28세,경상
2022081700100277,2022년 8월 17일 13시,수요일,경상북도 상주시 함창읍,경상사고,0,0,3,0,차대차 - 추돌,안전운전불이행,건조,맑음,단일로 - 기타,화물,남,43세,상해없음,승용,남,61세,경상
2022081700100278,2022년 8월 17일 13시,수요일,경상북도 포항시 남구 송도동,경상사고,0,0,1,0,차대차 - 측면충돌,중앙선침범,건조,맑음,단일로 - 기타,승합,남,67세,상해없음,화물,남,44세,경상
2022081700100307,2022년 8월 17일 14시,수요일,경상북도 상주시 중동면,경상사고,0,0,1,0,차량단독 - 공작물충돌,안전운전불이행,건조,맑음,단일로 - 기타,승용,여,51세,경상,,,,
2022081700100308,2022년 8월 17일 14시,수요일,경상북도 구미시 남통동,경상사고,0,0,2,0,차대차 - 추돌,안전운전불이행,건조,맑음,단일로 - 교량,이륜,남,26세,기타불명,승용,여,29세,경상
2022081700100345,2022년 8월 17일 15시,수요일,경상북도 포항시 북구 죽도동,중상사고,0,1,0,0,차대차 - 기타,신호위반,건조,맑음,교차로 - 교차로안,자전거,남,62세,중상,승용,여,63세,상해없음
2022081700100346,2022년 8월 17일 15시,수요일,경상북도 구미시 봉곡동,경상사고,0,0,1,0,차대차 - 기타,차로위반,건조,맑음,단일로 - 기타,승용,남,47세,상해없음,승용,여,40세,경상
2022081700100380,2022년 8월 17일 16시,수요일,경상북도 김천시 평화동,경상사고,0,0,3,0,차대차 - 측면충돌,안전운전불이행,건조,맑음,교차로 - 교차로안,이륜,남,16세,경상,승용,여,28세,경상
2022081700100381,2022년 8월 17일 16시,수요일,경상북도 포항시 남구 오천읍,경상사고,0,0,1,0,차대차 - 측면충돌,직진우회전진행방해,건조,맑음,교차로 - 교차로안,승용,남,67세,상해없음,이륜,남,16세,경상
2022081700100433,2022년 8월 17일 17시,수요일,경상북도 포항시 남구 해도동,경상사고,0,0,1,0,차대차 - 기타,신호위반,건조,맑음,교차로 - 교차로안,자전거,남,68세,경상,승용,남,37세,상해없음
2022081700100489,2022년 8월 17일 18시,수요일,경상북도 포항시 북구 대흥동,중상사고,0,1,0,0,차대차 - 기타,안전운전불이행,건조,맑음,교차로 - 교차로안,승용,남,48세,상해없음,승합,남,59세,상해없음
2022081700100490,2022년 8월 17일 18시,수요일,경상북도 안동시 송현동,경상사고,0,0,1,0,차대차 - 측면충돌,안전운전불이행,건조,맑음,단일로 - 기타,승합,남,65세,상해없음,승용,남,64세,경상
2022081700100532,2022년 8월 17일 19시,수요일,경상북도 안동시 송현동,경상사고,0,0,1,0,차대차 - 측면충돌,안전운전불이행,젖음/습기,비,단일로 - 기타,이륜,남,29세,경상,승합,남,62세,상해없음
2022081700100557,2022년 8월 17일 20시,수요일,경상북도 구미시 구평동,경상사고,0,0,3,0,차대차 - 후진중충돌,안전운전불이행,건조,맑음,주차장 - 주차장,승용,여,43세,상해없음,승용,남,40세,상해없음
2022081700100616,2022년 8월 17일 22시,수요일,경상북도 포항시 북구 창포동,경상사고,0,0,1,0,차대차 - 후진중충돌,안전운전불이행,젖음/습기,비,기타 - 기타,승용,남,65세,상해없음,원동기,남,18세,경상
2022081700100617,2022년 8월 17일 22시,수요일,경상북도 영주시 가흥동,경상사고,0,0,1,0,차대사람 - 횡단중,안전운전불이행,건조,맑음,교차로 - 교차로안,승용,남,56세,상해없음,보행자,남,32세,경상
2022081700100618,2022년 8월 17일 22시,수요일,경상북도 구미시 고아읍,부상신고사고,0,0,0,1,차대사람 - 횡단중,안전운전불이행,건조,맑음,단일로 - 기타,승용,남,33세,상해없음,보행자,남,62세,부상신고
2022081800100023,2022년 8월 18일 03시,목요일,경상북도 경산시 진량읍,경상사고,0,0,1,0,차대차 - 추돌,안전운전불이행,건조,맑음,교차로 - 교차로부근,승용,남,37세,상해없음,승용,남,70세,경상
2022081800100030,2022년 8월 18일 04시,목요일,경상북도 경주시 외동읍,사망사고,1,0,0,0,차대차 - 추돌,안전운전불이행,젖음/습기,흐림,단일로 - 기타,이륜,남,29세,사망,화물,남,54세,기타불명
2022081800100100,2022년 8월 18일 08시,목요일,경상북도 경주시 석장동,경상사고,0,0,1,0,차대차 - 측면충돌,안전거리미확보,건조,맑음,단일로 - 기타,승용,남,27세,상해없음,승용,남,59세,경상
2022081800100101,2022년 8월 18일 08시,목요일,경상북도 영주시 가흥동,부상신고사고,0,0,0,1,차대차 - 기타,안전운전불이행,건조,맑음,교차로 - 교차로부근,화물,남,56세,부상신고,승용,남,65세,상해없음
2022081800100102,2022년 8월 18일 08시,목요일,경상북도 영천시 봉동,경상사고,0,0,1,0,차대차 - 기타,안전운전불이행,건조,맑음,단일로 - 기타,화물,남,52세,상해없음,승용,남,43세,상해없음
2022081800100103,2022년 8월 18일 08시,목요일,경상북도 영덕군 영덕읍,경상사고,0,0,1,0,차량단독 - 기타,안전운전불이행,건조,맑음,단일로 - 기타,승용,남,36세,경상,,,,
2022081800100104,2022년 8월 18일 08시,목요일,경상북도 구미시 송정동,경상사고,0,0,2,2,차대차 - 측면충돌,안전운전불이행,건조,맑음,교차로 - 교차로안,승용,여,49세,상해없음,승용,여,37세,경상
2022081800100202,2022년 8월 18일 11시,목요일,경상북도 안동시 용상동,중상사고,0,1,0,0,차대차 - 측면충돌,안전운전불이행,건조,맑음,단일로 - 기타,승용,여,47세,상해없음,이륜,남,47세,중상
2022081800100203,2022년 8월 18일 11시,목요일,경상북도 상주시 외답동,경상사고,0,0,1,0,차대차 - 측면충돌,안전거리미확보,건조,맑음,단일로 - 기타,화물,남,68세,상해없음,승용,남,52세,경상
2022081800100204,2022년 8월 18일 11시,목요일,경상북도 영주시 평은면,경상사고,0,0,2,0,차대차 - 추돌,안전운전불이행,건조,맑음,단일로 - 기타,승용,남,77세,상해없음,승용,남,47세,경상
2022081800100205,2022년 8월 18일 11시,목요일,경상북도 경산시 용성면,중상사고,0,1,0,0,차대사람 - 기타,안전운전불이행,건조,맑음,교차로 - 교차로안,승합,남,29세,상해없음,보행자,여,80세,중상
2022081800100206,2022년 8월 18일 11시,목요일,경상북도 구미시 원평동,경상사고,0,0,1,0,차대차 - 후진중충돌,신호위반,건조,맑음,교차로 - 교차로안,화물,남,69세,상해없음,승용,남,63세,경상
2022081800100239,2022년 8월 18일 12시,목요일,경상북도 구미시 황상동,경상사고,0,0,2,0,차대차 - 기타,안전거리미확보,건조,맑음,단일로 - 기타,화물,남,54세,경상,이륜,남,21세,경상
2022081800100240,2022년 8월 18일 12시,목요일,경상북도 구미시 원평동,중상사고,0,1,1,0,차대차 - 측면충돌,안전운전불이행,건조,맑음,교차로 - 교차로안,승용,남,60세,기타불명,승용,남,39세,중상
2022081800100271,2022년 8월 18일 13시,목요일,경상북도 청도군 운문면,경상사고,0,0,3,0,차대차 - 측면충돌,중앙선침범,건조,맑음,단일로 - 기타,승용,남,81세,경상,승용,남,62세,경상
2022081800100272,2022년 8월 18일 13시,목요일,경상북도 구미시 봉곡동,중상사고,0,1,1,1,차대차 - 측면충돌,안전운전불이행,건조,맑음,단일로 - 기타,이륜,남,66세,부상신고,승용,남,57세,중상
2022081800100335,2022년 8월 18일 15시,목요일,경상북도 칠곡군 동명면,경상사고,0,0,1,0,차대차 - 기타,안전운전불이행,건조,맑음,단일로 - 기타,건설기계,남,59세,상해없음,승용,여,24세,경상
2022081800100368,2022년 8월 18일 16시,목요일,경상북도 경주시 외동읍,경상사고,0,0,2,0,차대차 - 측면충돌,중앙선침범,건조,맑음,단일로 - 기타,승용,여,52세,경상,승용,남,26세,경상
2022081800100403,2022년 8월 18일 17시,목요일,경상북도 안동시 광석동,부상신고사고,0,0,0,1,차대사람 - 길가장자리구역통행중,안전운전불이행,건조,맑음,단일로 - 기타,승용,여,58세,상해없음,보행자,남,17세,부상신고
2022081800100404,2022년 8월 18일 17시,목요일,경상북도 영주시 휴천동,중상사고,0,1,0,0,차대차 - 측면충돌,안전운전불이행,건조,맑음,교차로 - 교차로안,승용,남,42세,상해없음,기타불명,남,77세,중상
2022081800100405,2022년 8월 18일 17시,목요일,경상북도 성주군 초전면,경상사고,0,0,4,0,차대차 - 측면충돌,안전운전불이행,건조,맑음,교차로 - 교차로안,승용,남,54세,경상,승용,남,37세,경상
2022081800100406,2022년 8월 18일 17시,목요일,경상북도 구미시 신평동,경상사고,0,0,1,0,차대차 - 측면충돌,교차로운행방법위반,건조,맑음,교차로 - 교차로안,승용,남,62세,상해없음,승용,남,41세,경상
2022081800100448,2022년 8월 18일 18시,목요일,경상북도 포항시 북구 득량동,중상사고,0,1,0,0,차대사람 - 횡단중,안전운전불이행,건조,맑음,교차로 - 교차로부근,승용,남,32세,상해없음,보행자,여,9세,중상
2022081800100518,2022년 8월 18일 20시,목요일,경상북도 안동시 임하면,경상사고,0,0,1,0,차대차 - 정면충돌,안전운전불이행,건조,맑음,단일로 - 기타,화물,남,52세,상해없음,화물,남,76세,경상
2022081800100543,2022년 8월 18일 21시,목요일,경상북도 경주시 신평동,경상사고,0,0,1,0,차대차 - 추돌,안전운전불이행,건조,흐림,단일로 - 기타,화물,남,44세,상해없음,승용,남,44세,경상
2022081800100558,2022년 8월 18일 22시,목요일,경상북도 김천시 용두동,경상사고,0,0,1,0,차량단독 - 기타,안전운전불이행,건조,맑음,교차로 - 교차로안,승용,남,56세,상해없음,,,,
2022081800100571,2022년 8월 18일 23시,목요일,경상북도 영주시 하망동,경상사고,0,0,2,0,차대차 - 측면충돌,교차로운행방법위반,건조,맑음,교차로 - 교차로안,승용,여,44세,경상,승용,남,70세,경상
2022081900100039,2022년 8월 19일 05시,금요일,경상북도 경주시 외동읍,사망사고,1,0,0,0,차대사람 - 횡단중,안전운전불이행,건조,맑음,교차로 - 교차로부근,승용,남,66세,상해없음,보행자,여,80세,사망
2022081900100040,2022년 8월 19일 05시,금요일,경상북도 안동시 송천동,중상사고,0,1,3,0,차대차 - 측면충돌,신호위반,건조,맑음,교차로 - 교차로안,화물,남,53세,상해없음,승용,남,66세,경상
2022081900100055,2022년 8월 19일 06시,금요일,경상북도 영천시 작산동,경상사고,0,0,2,0,차대차 - 측면충돌,안전운전불이행,건조,맑음,단일로 - 기타,특수,남,50세,경상,화물,남,65세,경상
2022081900100056,2022년 8월 19일 06시,금요일,경상북도 구미시 공단동,경상사고,0,0,1,0,차대차 - 측면충돌,안전운전불이행,건조,맑음,교차로 - 교차로안,승용,남,31세,상해없음,승용,남,38세,경상
2022081900100069,2022년 8월 19일 07시,금요일,경상북도 경산시 압량읍,경상사고,0,0,1,0,차대차 - 기타,교차로운행방법위반,건조,맑음,교차로 - 교차로안,화물,남,57세,상해없음,승합,남,68세,상해없음
2022081900100101,2022년 8월 19일 08시,금요일,경상북도 경주시 구정동,경상사고,0,0,1,0,차대차 - 측면충돌,안전운전불이행,건조,맑음,교차로 - 교차로안,승용,남,61세,상해없음,이륜,여,64세,경상
2022081900100102,2022년 8월 19일 08시,금요일,경상북도 영주시 장수면,경상사고,0,0,1,0,차대차 - 기타,안전운전불이행,건조,맑음,기타 - 기타,건설기계,남,48세,상해없음,승용,여,55세,경상
2022081900100137,2022년 8월 19일 09시,금요일,경상북도 포항시 북구 청하면,중상사고,0,1,0,0,차대차 - 측면충돌,안전운전불이행,건조,맑음,단일로 - 기타,이륜,남,80세,상해없음,화물,남,57세,상해없음
2022081900100138,2022년 8월 19일 09시,금요일,경상북도 영덕군 영덕읍,경상사고,0,0,2,0,차대차 - 측면충돌,안전운전불이행,건조,맑음,교차로 - 교차로안,자전거,여,78세,경상,원동기,남,75세,경상
2022081900100139,2022년 8월 19일 09시,금요일,경상북도 구미시 송정동,부상신고사고,0,0,0,1,차대사람 - 횡단중,안전운전불이행,건조,맑음,교차로 - 교차로횡단보도내,승용,여,61세,상해없음,보행자,여,72세,부상신고
2022081900100140,2022년 8월 19일 09시,금요일,경상북도 구미시 원평동,경상사고,0,0,1,0,차대차 - 추돌,안전운전불이행,건조,맑음,교차로 - 교차로부근,화물,남,74세,상해없음,승용,여,57세,경상
2022081900100171,2022년 8월 19일 10시,금요일,경상북도 경주시 강동면,중상사고,0,1,1,0,차대차 - 측면충돌,안전운전불이행,건조,맑음,교차로 - 교차로안,승합,남,53세,중상,승용,남,59세,경상
2022081900100172,2022년 8월 19일 10시,금요일,경상북도 안동시 태화동,중상사고,0,1,0,0,차대차 - 기타,안전운전불이행,건조,맑음,단일로 - 기타,승용,남,75세,상해없음,자전거,남,69세,중상
2022081900100212,2022년 8월 19일 11시,금요일,경상북도 구미시 신평동,중상사고,0,1,1,0,차대차 - 측면충돌,교차로운행방법위반,건조,맑음,교차로 - 교차로안,승용,남,52세,경상,승합,남,67세,중상
2022081900100244,2022년 8월 19일 12시,금요일,경상북도 경주시 건천읍,경상사고,0,0,1,0,차대차 - 측면충돌,중앙선침범,건조,맑음,단일로 - 지하차도(도로)내,승용,남,73세,상해없음,승용,남,44세,경상
2022081900100245,2022년 8월 19일 12시,금요일,경상북도 구미시 신평동,경상사고,0,0,1,0,차대사람 - 보도통행중,안전운전불이행,건조,맑음,교차로 - 교차로횡단보도내,화물,남,59세,상해없음,보행자,남,14세,경상
2022081900100246,2022년 8월 19일 12시,금요일,경상북도 상주시 낙동면,경상사고,0,0,2,0,차대차 - 추돌,안전운전불이행,건조,맑음,기타 - 기타,승용,남,58세,경상,승용,남,28세,상해없음
2022081900100277,2022년 8월 19일 13시,금요일,경상북도 포항시 남구 해도동,중상사고,0,1,0,0,차대차 - 측면충돌,교차로운행방법위반,건조,맑음,교차로 - 교차로안,승용,여,56세,상해없음,이륜,남,28세,중상
2022081900100310,2022년 8월 19일 14시,금요일,경상북도 영덕군 강구면,중상사고,0,1,0,0,차량단독 - 공작물충돌,안전운전불이행,건조,맑음,단일로 - 기타,화물,남,56세,중상,,,,
2022081900100311,2022년 8월 19일 14시,금요일,경상북도 구미시 진평동,경상사고,0,0,1,0,차대차 - 추돌,안전운전불이행,건조,맑음,단일로 - 기타,승용,여,35세,상해없음,승용,남,32세,경상
2022081900100312,2022년 8월 19일 14시,금요일,경상북도 구미시 고아읍,경상사고,0,0,2,0,차대차 - 후진중충돌,안전운전불이행,건조,맑음,단일로 - 기타,화물,남,54세,상해없음,승합,남,62세,경상
2022081900100343,2022년 8월 19일 15시,금요일,경상북도 안동시 풍천면,중상사고,0,3,1,0,차대차 - 측면충돌,중앙선침범,건조,맑음,교차로 - 교차로부근,이륜,남,63세,경상,승용,남,27세,중상
2022081900100372,2022년 8월 19일 16시,금요일,경상북도 포항시 북구 우현동,경상사고,0,0,1,0,차대사람 - 횡단중,안전운전불이행,건조,맑음,교차로 - 교차로부근,승용,남,65세,상해없음,보행자,여,13세,경상
2022081900100373,2022년 8월 19일 16시,금요일,경상북도 포항시 북구 죽도동,경상사고,0,0,1,0,차대차 - 기타,안전운전불이행,건조,맑음,교차로 - 교차로부근,승용,남,68세,상해없음,승용,남,49세,경상
2022081900100374,2022년 8월 19일 16시,금요일,경상북도 예천군 예천읍,경상사고,0,0,1,0,차대차 - 측면충돌,안전운전불이행,건조,맑음,교차로 - 교차로부근,화물,남,64세,상해없음,화물,남,61세,경상
2022081900100375,2022년 8월 19일 16시,금요일,경상북도 구미시 고아읍,경상사고,0,0,2,0,차대차 - 측면충돌,안전운전불이행,건조,맑음,교차로 - 교차로부근,화물,남,39세,경상,승용,여,45세,경상
2022081900100376,2022년 8월 19일 16시,금요일,경상북도 포항시 남구 연일읍,중상사고,0,1,0,0,차대차 - 측면충돌,신호위반,건조,맑음,단일로 - 고가도로위,건설기계,남,61세,상해없음,승용,남,53세,중상
2022081900100421,2022년 8월 19일 17시,금요일,경상북도 경산시 하양읍,경상사고,0,0,1,0,차대차 - 추돌,안전운전불이행,건조,맑음,단일로 - 기타,화물,남,59세,상해없음,이륜,남,22세,경상
2022081900100422,2022년 8월 19일 17시,금요일,경상북도 경산시 옥산동,경상사고,0,0,3,0,차대차 - 측면충돌,안전거리미확보,건조,맑음,단일로 - 기타,승용,남,24세,경상,승용,남,53세,경상
2022081900100423,2022년 8월 19일 17시,금요일,경상북도 포항시 남구 해도동,경상사고,0,0,1,0,차대차 - 측면충돌,신호위반,건조,맑음,교차로 - 교차로횡단보도내,승용,남,66세,상해없음,자전거,남,13세,경상
2022081900100463,2022년 8월 19일 18시,금요일,경상북도 경주시 황성동,경상사고,0,0,1,0,차대차 - 측면충돌,직진우회전진행방해,건조,맑음,교차로 - 교차로안,승용,여,35세,상해없음,이륜,남,40세,경상
2022081900100464,2022년 8월 19일 18시,금요일,경상북도 경산시 삼풍동,경상사고,0,0,1,0,차대차 - 측면충돌,안전운전불이행,건조,맑음,단일로 - 기타,승용,여,46세,상해없음,승용,남,47세,경상
2022081900100465,2022년 8월 19일 18시,금요일,경상북도 영덕군 축산면,부상신고사고,0,0,0,1,차량단독 - 기타,안전운전불이행,건조,맑음,교차로 - 교차로안,이륜,남,42세,부상신고,,,,
2022081900100466,2022년 8월 19일 18시,금요일,경상북도 영양군 영양읍,경상사고,0,0,1,0,차대차 - 후진중충돌,안전운전불이행,건조,맑음,단일로 - 기타,화물,남,56세,상해없음,이륜,남,36세,경상
2022081900100467,2022년 8월 19일 18시,금요일,경상북도 구미시 송정동,중상사고,0,1,1,0,차대차 - 기타,중앙선침범,건조,맑음,단일로 - 기타,승용,남,55세,기타불명,승용,남,34세,중상
2022081900100584,2022년 8월 19일 21시,금요일,경상북도 경주시 성건동,경상사고,0,0,1,0,차대사람 - 차도통행중,안전운전불이행,건조,맑음,단일로 - 지하차도(도로)내,승용,남,59세,상해없음,보행자,남,45세,경상
2022081900100606,2022년 8월 19일 22시,금요일,경상북도 영덕군 영덕읍,중상사고,0,1,0,0,차대사람 - 기타,안전운전불이행,건조,맑음,단일로 - 기타,화물,남,52세,상해없음,보행자,여,75세,중상
2022081900100607,2022년 8월 19일 22시,금요일,경상북도 포항시 남구 연일읍,경상사고,0,0,2,0,차대차 - 측면충돌,안전거리미확보,건조,맑음,단일로 - 기타,승용,여,43세,상해없음,승용,남,29세,경상
2022082000100009,2022년 8월 20일 00시,토요일,경상북도 경주시 황오동,중상사고,0,2,1,0,차대차 - 정면충돌,신호위반,건조,맑음,교차로 - 교차로안,승용,남,50세,중상,승용,여,39세,중상
2022082000100010,2022년 8월 20일 00시,토요일,경상북도 포항시 남구 대도동,경상사고,0,0,1,0,차대차 - 정면충돌,안전운전불이행,건조,맑음,단일로 - 기타,승용,여,53세,경상,승용,남,22세,기타불명
2022082000100025,2022년 8월 20일 01시,토요일,경상북도 상주시 가장동,경상사고,0,0,1,0,차량단독 - 공작물충돌,안전운전불이행,건조,맑음,단일로 - 기타,승용,여,64세,경상,,,,
2022082000100075,2022년 8월 20일 06시,토요일,경상북도 경주시 서면,경상사고,0,0,1,0,차대차 - 측면충돌,신호위반,건조,맑음,교차로 - 교차로안,승용,여,60세,상해없음,승용,여,59세,경상
2022082000100076,2022년 8월 20일 06시,토요일,경상북도 성주군 선남면,경상사고,0,0,2,0,차대차 - 측면충돌,안전운전불이행,건조,맑음,기타 - 기타,승용,남,69세,경상,건설기계,남,57세,경상