사고번호,사고일시,요일,시군구,사고내용,사망자수,중상자수,경상자수,부상신고자수,사고유형,법규위반,노면상태,기상상태,도로형태,가해운전자 차종,가해운전자 성별,가해운전자 연령,가해운전자 상해정도,피해운전자 차종,피해운전자 성별,피해운전자 연령,피해운전자 상해정도
2022082300100299,2022년 8월 23일 14시,화요일,경상북도 안동시 옥야동,중상사고,0,1,0,0,차대사람 - 횡단중,보행자보호의무위반,젖음/습기,비,단일로 - 기타,승용,남,69세,상해없음,보행자,여,69세,중상
2022082300100300,2022년 8월 23일 14시,화요일,경상북도 봉화군 법전면,중상사고,0,2,0,0,차대차 - 추돌,안전운전불이행,건조,맑음,단일로 - 기타,화물,남,51세,상해없음,승용,여,55세,중상
2022082300100341,2022년 8월 23일 15시,화요일,경상북도 경주시 현곡면,부상신고사고,0,0,0,1,차대차 - 기타,안전운전불이행,건조,맑음,단일로 - 기타,승용,여,46세,부상신고,기타불명,기타불명,미분류,기타불명
2022082300100342,2022년 8월 23일 15시,화요일,경상북도 경주시 천북면,경상사고,0,0,2,0,차대차 - 측면충돌,안전운전불이행,건조,맑음,단일로 - 지하차도(도로)내,승합,남,74세,경상,승용,남,64세,경상
2022082300100343,2022년 8월 23일 15시,화요일,경상북도 경주시 인왕동,중상사고,0,2,0,0,차량단독 - 전도전복 - 전도,안전운전불이행,건조,맑음,교차로 - 교차로안,사륜오토바이(ATV),여,22세,중상,,,,
2022082300100344,2022년 8월 23일 15시,화요일,경상북도 안동시 예안면,중상사고,0,1,0,0,차량단독 - 기타,안전운전불이행,젖음/습기,비,기타 - 기타,승합,남,29세,상해없음,,,,
2022082300100345,2022년 8월 23일 15시,화요일,경상북도 상주시 청리면,경상사고,0,0,1,0,차대차 - 기타,안전운전불이행,젖음/습기,비,단일로 - 기타,화물,남,65세,상해없음,이륜,남,62세,경상
2022082300100384,2022년 8월 23일 16시,화요일,경상북도 포항시 남구 연일읍,부상신고사고,0,0,0,1,차대사람 - 횡단중,안전운전불이행,건조,맑음,단일로 - 기타,원동기,남,14세,상해없음,보행자,여,8세,부상신고
2022082300100435,2022년 8월 23일 17시,화요일,경상북도 상주시 서문동,중상사고,0,1,0,0,차대차 - 측면충돌,교차로운행방법위반,젖음/습기,비,교차로 - 교차로안,화물,남,47세,상해없음,자전거,여,66세,중상
2022082300100436,2022년 8월 23일 17시,화요일,경상북도 포항시 남구 오천읍,경상사고,0,0,1,0,차대차 - 측면충돌,신호위반,건조,맑음,교차로 - 교차로안,승용,여,27세,상해없음,승용,남,43세,경상
2022082300100489,2022년 8월 23일 18시,화요일,경상북도 김천시 삼락동,경상사고,0,0,4,0,차대차 - 측면충돌,안전운전불이행,건조,맑음,단일로 - 기타,승용,여,30세,상해없음,승용,남,43세,경상
2022082300100490,2022년 8월 23일 18시,화요일,경상북도 칠곡군 약목면,경상사고,0,0,1,0,차대차 - 기타,기타,건조,맑음,교차로 - 교차로안,승용,남,40세,상해없음,승용,남,40세,경상
2022082300100491,2022년 8월 23일 18시,화요일,경상북도 경산시 계양동,경상사고,0,0,1,0,차대차 - 측면충돌,불법유턴,젖음/습기,맑음,교차로 - 교차로부근,승용,남,56세,상해없음,이륜,남,29세,경상
2022082300100492,2022년 8월 23일 18시,화요일,경상북도 울진군 죽변면,중상사고,0,1,0,0,차대사람 - 횡단중,안전운전불이행,건조,맑음,단일로 - 기타,승용,여,56세,상해없음,보행자,남,37세,중상
2022082300100527,2022년 8월 23일 19시,화요일,경상북도 의성군 의성읍,중상사고,0,1,0,0,차대사람 - 횡단중,안전운전불이행,젖음/습기,비,교차로 - 교차로안,승용,여,54세,상해없음,보행자,여,68세,중상
2022082300100528,2022년 8월 23일 19시,화요일,경상북도 구미시 봉곡동,중상사고,0,1,0,0,차대차 - 측면충돌,직진우회전진행방해,젖음/습기,흐림,교차로 - 교차로안,승합,남,53세,상해없음,이륜,남,44세,중상
2022082300100554,2022년 8월 23일 20시,화요일,경상북도 경주시 외동읍,중상사고,0,1,0,0,차대사람 - 길가장자리구역통행중,안전운전불이행,젖음/습기,비,단일로 - 기타,승용,남,24세,상해없음,보행자,남,52세,중상
2022082300100584,2022년 8월 23일 21시,화요일,경상북도 구미시 봉곡동,중상사고,0,1,0,0,차대차 - 측면충돌,직진우회전진행방해,젖음/습기,비,교차로 - 교차로안,개인형이동수단(PM),남,14세,중상,승용,남,39세,상해없음
2022082300100606,2022년 8월 23일 22시,화요일,경상북도 경산시 대동,경상사고,0,0,1,0,차대사람 - 기타,안전운전불이행,젖음/습기,비,단일로 - 기타,개인형이동수단(PM),남,22세,상해없음,보행자,남,38세,경상
2022082300100616,2022년 8월 23일 23시,화요일,경상북도 경산시 평산동,경상사고,0,0,1,0,차대사람 - 횡단중,안전운전불이행,젖음/습기,비,교차로 - 교차로횡단보도내,승용,여,46세,기타불명,보행자,남,68세,경상
2022082400100028,2022년 8월 24일 02시,수요일,경상북도 구미시 옥계동,사망사고,1,0,0,0,차대차 - 기타,안전운전불이행,젖음/습기,비,단일로 - 기타,승합,남,57세,상해없음,승용,남,63세,상해없음
2022082400100043,2022년 8월 24일 05시,수요일,경상북도 안동시 용상동,사망사고,1,1,0,0,차량단독 - 도로외이탈 - 추락,안전운전불이행,젖음/습기,안개,단일로 - 기타,이륜,남,19세,중상,,,,
2022082400100049,2022년 8월 24일 06시,수요일,경상북도 구미시 공단동,중상사고,0,1,1,0,차대차 - 기타,신호위반,건조,맑음,교차로 - 교차로안,승용,여,29세,경상,승용,남,52세,중상
2022082400100074,2022년 8월 24일 07시,수요일,경상북도 영천시 봉동,중상사고,0,1,2,0,차대차 - 추돌,안전운전불이행,젖음/습기,흐림,교차로 - 교차로부근,화물,남,46세,기타불명,화물,남,53세,중상
2022082400100075,2022년 8월 24일 07시,수요일,경상북도 경산시 하양읍,중상사고,0,1,0,0,차대사람 - 기타,안전운전불이행,젖음/습기,비,교차로 - 교차로안,건설기계,남,55세,상해없음,보행자,여,88세,중상
2022082400100076,2022년 8월 24일 07시,수요일,경상북도 청도군 청도읍,경상사고,0,0,1,0,차대차 - 측면충돌,안전운전불이행,건조,맑음,단일로 - 기타,승용,남,35세,상해없음,승용,남,62세,상해없음
2022082400100109,2022년 8월 24일 08시,수요일,경상북도 청도군 화양읍,중상사고,0,1,0,0,차대차 - 측면충돌,직진우회전진행방해,젖음/습기,비,교차로 - 교차로안,이륜,남,81세,중상,화물,남,61세,상해없음
2022082400100152,2022년 8월 24일 09시,수요일,경상북도 안동시 남문동,중상사고,0,1,0,0,차대차 - 기타,신호위반,건조,맑음,교차로 - 교차로부근,자전거,남,83세,중상,승용,여,51세,상해없음
2022082400100153,2022년 8월 24일 09시,수요일,경상북도 성주군 용암면,경상사고,0,0,1,0,차대차 - 기타,직진우회전진행방해,젖음/습기,비,교차로 - 교차로안,화물,남,57세,상해없음,승용,남,38세,경상
2022082400100154,2022년 8월 24일 09시,수요일,경상북도 구미시 비산동,경상사고,0,0,2,0,차대차 - 추돌,안전거리미확보,건조,맑음,교차로 - 교차로부근,승용,남,67세,상해없음,승용,여,52세,경상
2022082400100188,2022년 8월 24일 10시,수요일,경상북도 경주시 성건동,경상사고,0,0,1,0,차대사람 - 차도통행중,안전운전불이행,건조,맑음,단일로 - 기타,승용,여,57세,상해없음,보행자,남,31세,경상
2022082400100221,2022년 8월 24일 11시,수요일,경상북도 영주시 문정동,중상사고,0,1,0,0,차대차 - 추돌,안전운전불이행,건조,맑음,단일로 - 기타,특수,남,65세,기타불명,화물,남,52세,중상
2022082400100257,2022년 8월 24일 12시,수요일,경상북도 칠곡군 동명면,경상사고,0,0,1,0,차대사람 - 차도통행중,안전운전불이행,건조,맑음,교차로 - 교차로부근,승합,남,66세,상해없음,보행자,남,76세,경상
2022082400100258,2022년 8월 24일 12시,수요일,경상북도 영천시 망정동,경상사고,0,0,1,0,차대차 - 측면충돌,기타,건조,맑음,교차로 - 교차로안,이륜,남,55세,경상,승용,남,40세,상해없음
2022082400100290,2022년 8월 24일 13시,수요일,경상북도 의성군 의성읍,중상사고,0,1,0,0,차대차 - 측면충돌,신호위반,건조,흐림,교차로 - 교차로부근,승용,남,71세,상해없음,원동기,여,64세,중상
2022082400100291,2022년 8월 24일 13시,수요일,경상북도 영주시 조와동,경상사고,0,0,1,0,차대차 - 측면충돌,안전운전불이행,건조,맑음,교차로 - 교차로안,승용,여,74세,상해없음,화물,남,72세,경상
2022082400100292,2022년 8월 24일 13시,수요일,경상북도 성주군 월항면,중상사고,0,1,0,0,차량단독 - 도로외이탈 - 추락,안전운전불이행,건조,맑음,단일로 - 기타,농기계,남,44세,중상,,,,
2022082400100319,2022년 8월 24일 14시,수요일,경상북도 경산시 임당동,중상사고,0,1,0,0,차대차 - 측면충돌,중앙선침범,건조,맑음,단일로 - 기타,승용,남,30세,상해없음,승용,남,37세,중상
2022082400100342,2022년 8월 24일 15시,수요일,경상북도 경주시 외동읍,중상사고,0,1,0,0,차량단독 - 도로외이탈 - 추락,안전운전불이행,건조,맑음,교차로 - 교차로부근,승용,남,67세,중상,,,,
2022082400100343,2022년 8월 24일 15시,수요일,경상북도 구미시 도량동,경상사고,0,0,4,0,차대차 - 추돌,안전운전불이행,건조,맑음,교차로 - 교차로부근,승용,남,21세,상해없음,승용,여,60세,경상
2022082400100386,2022년 8월 24일 16시,수요일,경상북도 상주시 내서면,경상사고,0,0,3,0,차대차 - 정면충돌,중앙선침범,건조,흐림,단일로 - 기타,승용,여,40세,상해없음,화물,여,20세,경상
2022082400100387,2022년 8월 24일 16시,수요일,경상북도 포항시 남구 해도동,부상신고사고,0,0,0,1,차대차 - 측면충돌,기타,건조,맑음,단일로 - 고가도로위,자전거,남,77세,부상신고,승용,여,63세,상해없음
2022082400100431,2022년 8월 24일 17시,수요일,경상북도 청송군 진보면,경상사고,0,0,1,0,차대차 - 측면충돌,직진우회전진행방해,건조,맑음,교차로 - 교차로안,화물,남,74세,상해없음,승용,남,66세,상해없음
2022082400100432,2022년 8월 24일 17시,수요일,경상북도 포항시 남구 해도동,경상사고,0,0,2,1,차대차 - 측면충돌,직진우회전진행방해,건조,맑음,교차로 - 교차로안,승용,여,55세,부상신고,승용,여,61세,경상
2022082400100473,2022년 8월 24일 18시,수요일,경상북도 경주시 성동동,중상사고,0,1,0,0,차대사람 - 기타,안전운전불이행,건조,맑음,단일로 - 기타,승합,남,58세,상해없음,보행자,여,77세,중상
2022082400100474,2022년 8월 24일 18시,수요일,경상북도 영주시 가흥동,경상사고,0,0,1,0,차대차 - 측면충돌,기타,건조,맑음,교차로 - 교차로안,이륜,남,34세,경상,화물,남,39세,상해없음
2022082400100510,2022년 8월 24일 19시,수요일,경상북도 포항시 북구 양덕동,경상사고,0,0,1,0,차대사람 - 횡단중,보행자보호의무위반,건조,맑음,교차로 - 교차로부근,승용,여,28세,상해없음,보행자,남,21세,경상
2022082400100511,2022년 8월 24일 19시,수요일,경상북도 안동시 정하동,중상사고,0,1,0,0,차대사람 - 횡단중,신호위반,건조,흐림,교차로 - 교차로횡단보도내,승용,여,50세,상해없음,보행자,남,7세,중상
2022082400100512,2022년 8월 24일 19시,수요일,경상북도 예천군 호명면,중상사고,0,1,0,0,차대차 - 측면충돌,안전운전불이행,건조,맑음,교차로 - 교차로횡단보도내,승용,남,75세,상해없음,자전거,남,14세,중상
2022082400100513,2022년 8월 24일 19시,수요일,경상북도 봉화군 봉화읍,중상사고,0,1,0,0,차대차 - 기타,안전운전불이행,건조,맑음,단일로 - 기타,이륜,남,20세,상해없음,자전거,여,75세,중상
2022082400100544,2022년 8월 24일 20시,수요일,경상북도 영주시 휴천동,중상사고,0,1,0,0,차대사람 - 횡단중,보행자보호의무위반,건조,맑음,교차로 - 교차로횡단보도내,승용,남,73세,상해없음,보행자,여,82세,중상
2022082400100545,2022년 8월 24일 20시,수요일,경상북도 경산시 압량읍,경상사고,0,0,1,0,차대차 - 측면충돌,안전운전불이행,건조,맑음,교차로 - 교차로안,승용,남,27세,기타불명,승용,남,55세,경상
2022082400100546,2022년 8월 24일 20시,수요일,경상북도 경산시 사동,경상사고,0,0,1,0,차대사람 - 횡단중,안전운전불이행,건조,맑음,교차로 - 교차로부근,승용,남,81세,상해없음,보행자,남,70세,경상
2022082400100547,2022년 8월 24일 20시,수요일,경상북도 경산시 갑제동,경상사고,0,0,1,0,차대차 - 측면충돌,안전거리미확보,건조,맑음,교차로 - 교차로부근,승용,남,59세,상해없음,승용,남,22세,상해없음
2022082400100568,2022년 8월 24일 21시,수요일,경상북도 경산시 압량읍,중상사고,0,1,0,0,차대사람 - 횡단중,보행자보호의무위반,건조,맑음,교차로 - 교차로횡단보도내,승용,남,30세,상해없음,보행자,남,31세,중상
2022082400100596,2022년 8월 24일 22시,수요일,경상북도 문경시 문경읍,중상사고,0,2,2,0,차대차 - 추돌,안전운전불이행,건조,맑음,기타 - 기타,화물,남,63세,상해없음,승용,여,53세,중상
2022082400100616,2022년 8월 24일 23시,수요일,경상북도 경산시 압량읍,경상사고,0,0,1,0,차대차 - 추돌,안전운전불이행,건조,맑음,단일로 - 기타,승용,여,27세,상해없음,승용,남,55세,경상
2022082500100014,2022년 8월 25일 01시,목요일,경상북도 상주시 공검면,경상사고,0,0,1,0,차대차 - 추돌,안전운전불이행,건조,맑음,기타 - 기타,화물,남,63세,상해없음,화물,남,58세,경상
2022082500100019,2022년 8월 25일 02시,목요일,경상북도 구미시 공단동,사망사고,1,0,0,0,차대차 - 추돌,기타,건조,맑음,단일로 - 기타,승용,남,35세,상해없음,개인형이동수단(PM),남,41세,사망
2022082500100049,2022년 8월 25일 06시,목요일,경상북도 안동시 풍산읍,중상사고,0,1,0,0,차대사람 - 기타,안전운전불이행,건조,맑음,단일로 - 기타,화물,남,71세,상해없음,보행자,남,90세,중상
2022082500100067,2022년 8월 25일 07시,목요일,경상북도 경주시 건천읍,중상사고,0,1,0,0,차대사람 - 횡단중,안전운전불이행,건조,맑음,교차로 - 교차로안,승용,여,32세,상해없음,보행자,여,89세,중상
2022082500100068,2022년 8월 25일 07시,목요일,경상북도 포항시 북구 덕수동,경상사고,0,0,2,0,차대차 - 측면충돌,안전거리미확보,건조,맑음,교차로 - 교차로안,승용,남,27세,상해없음,승합,남,44세,상해없음
2022082500100091,2022년 8월 25일 08시,목요일,경상북도 김천시 신음동,중상사고,0,1,0,0,차대차 - 측면충돌,안전운전불이행,건조,맑음,교차로 - 교차로부근,승용,남,59세,상해없음,승용,남,60세,중상
2022082500100092,2022년 8월 25일 08시,목요일,경상북도 칠곡군 약목면,중상사고,0,1,0,0,차대차 - 추돌,안전운전불이행,건조,맑음,단일로 - 기타,승용,여,51세,상해없음,자전거,여,61세,중상
2022082500100185,2022년 8월 25일 11시,목요일,경상북도 청도군 이서면,경상사고,0,0,1,0,차대차 - 기타,안전운전불이행,건조,맑음,단일로 - 기타,승용,여,60세,상해없음,승용,여,44세,상해없음
2022082500100224,2022년 8월 25일 12시,목요일,경상북도 경주시 외동읍,중상사고,0,1,0,0,차대차 - 추돌,안전운전불이행,건조,맑음,단일로 - 기타,화물,남,65세,상해없음,원동기,남,34세,중상
2022082500100291,2022년 8월 25일 14시,목요일,경상북도 상주시 화동면,경상사고,0,0,2,0,차대차 - 측면충돌,기타,건조,맑음,교차로 - 교차로안,승용,남,43세,경상,승용,남,38세,경상
2022082500100292,2022년 8월 25일 14시,목요일,경상북도 구미시 구포동,경상사고,0,0,1,0,차대차 - 측면충돌,교차로운행방법위반,건조,맑음,교차로 - 교차로안,승용,남,65세,상해없음,승용,남,29세,경상
2022082500100323,2022년 8월 25일 15시,목요일,경상북도 구미시 신평동,경상사고,0,0,1,0,차대사람 - 기타,안전운전불이행,건조,맑음,기타 - 기타,승용,남,48세,상해없음,보행자,여,81세,경상
2022082500100363,2022년 8월 25일 16시,목요일,경상북도 포항시 북구 죽도동,경상사고,0,0,2,0,차대차 - 추돌,안전운전불이행,건조,맑음,단일로 - 기타,승합,남,64세,상해없음,승용,남,37세,경상
2022082500100364,2022년 8월 25일 16시,목요일,경상북도 안동시 와룡면,경상사고,0,0,1,0,차량단독 - 기타,안전운전불이행,건조,맑음,단일로 - 기타,화물,남,73세,경상,,,,
2022082500100395,2022년 8월 25일 17시,목요일,경상북도 구미시 고아읍,중상사고,0,1,0,0,차대차 - 측면충돌,안전거리미확보,건조,맑음,단일로 - 기타,승용,남,29세,상해없음,승용,남,39세,중상
2022082500100432,2022년 8월 25일 18시,목요일,경상북도 포항시 북구 흥해읍,경상사고,0,0,1,0,차대차 - 측면충돌,안전운전불이행,건조,맑음,교차로 - 교차로안,승용,여,65세,상해없음,승용,여,49세,경상
2022082500100433,2022년 8월 25일 18시,목요일,경상북도 안동시 남후면,경상사고,0,0,1,0,차대차 - 후진중충돌,안전운전불이행,건조,맑음,기타 - 기타,승용,남,58세,상해없음,승용,남,63세,경상
2022082500100434,2022년 8월 25일 18시,목요일,경상북도 김천시 봉산면,사망사고,1,0,0,0,차대차 - 측면충돌,교차로운행방법위반,건조,맑음,교차로 - 교차로안,승용,남,59세,상해없음,이륜,남,46세,사망
2022082500100435,2022년 8월 25일 18시,목요일,경상북도 고령군 쌍림면,경상사고,0,0,1,0,차량단독 - 공작물충돌,안전운전불이행,건조,맑음,기타 - 기타,원동기,남,72세,경상,,,,
2022082500100469,2022년 8월 25일 19시,목요일,경상북도 상주시 낙양동,경상사고,0,0,1,0,차대차 - 정면충돌,신호위반,젖음/습기,비,교차로 - 교차로안,승용,여,56세,상해없음,승용,여,61세,경상
2022082500100470,2022년 8월 25일 19시,목요일,경상북도 칠곡군 약목면,중상사고,0,1,0,0,차대사람 - 기타,안전운전불이행,건조,맑음,단일로 - 기타,승용,여,48세,상해없음,보행자,여,68세,중상
2022082500100471,2022년 8월 25일 19시,목요일,경상북도 영천시 금노동,경상사고,0,0,1,0,차대사람 - 횡단중,신호위반,건조,맑음,교차로 - 교차로횡단보도내,승용,남,67세,상해없음,보행자,여,50세,경상
2022082500100500,2022년 8월 25일 20시,목요일,경상북도 포항시 북구 두호동,경상사고,0,0,2,0,차대차 - 측면충돌,교차로운행방법위반,건조,맑음,교차로 - 교차로부근,승용,남,52세,상해없음,승용,여,51세,경상
2022082500100501,2022년 8월 25일 20시,목요일,경상북도 영천시 본촌동,중상사고,0,1,0,0,차대사람 - 횡단중,안전운전불이행,건조,맑음,교차로 - 교차로횡단보도내,승합,남,62세,상해없음,보행자,남,24세,중상
2022082500100529,2022년 8월 25일 21시,목요일,경상북도 안동시 풍산읍,부상신고사고,0,0,0,1,차량단독 - 기타,안전운전불이행,건조,맑음,단일로 - 터널,이륜,남,47세,부상신고,,,,
2022082500100530,2022년 8월 25일 21시,목요일,경상북도 칠곡군 왜관읍,경상사고,0,0,1,0,차대차 - 측면충돌,안전운전불이행,젖음/습기,비,교차로 - 교차로부근,승용,남,55세,상해없음,승용,남,35세,경상
2022082500100531,2022년 8월 25일 21시,목요일,경상북도 칠곡군 석적읍,중상사고,0,2,0,0,차대차 - 측면충돌,안전운전불이행,건조,맑음,교차로 - 교차로부근,승용,여,30세,상해없음,승용,남,55세,상해없음
2022082500100532,2022년 8월 25일 21시,목요일,경상북도 청도군 청도읍,경상사고,0,0,1,0,차대차 - 추돌,안전운전불이행,건조,흐림,교차로 - 교차로부근,승용,남,44세,상해없음,승용,남,30세,경상
2022082600100004,2022년 8월 26일 00시,금요일,경상북도 영덕군 병곡면,중상사고,0,1,0,0,차대차 - 추돌,안전운전불이행,건조,맑음,단일로 - 교량,승용,남,61세,상해없음,자전거,남,53세,중상
2022082600100005,2022년 8월 26일 00시,금요일,경상북도 구미시 인의동,경상사고,0,0,1,1,차대차 - 측면충돌,교차로운행방법위반,건조,맑음,교차로 - 교차로안,이륜,남,31세,부상신고,승용,여,35세,경상
2022082600100058,2022년 8월 26일 06시,금요일,경상북도 포항시 북구 양덕동,중상사고,0,1,2,0,차대차 - 측면충돌,신호위반,건조,맑음,교차로 - 교차로안,승용,여,51세,상해없음,승용,남,54세,중상
2022082600100078,2022년 8월 26일 07시,금요일,경상북도 의성군 의성읍,경상사고,0,0,1,0,차량단독 - 공작물충돌,안전운전불이행,건조,맑음,단일로 - 기타,화물,남,48세,경상,,,,
2022082600100079,2022년 8월 26일 07시,금요일,경상북도 청도군 운문면,경상사고,0,0,1,0,차대차 - 기타,중앙선침범,건조,맑음,단일로 - 기타,승용,여,57세,상해없음,이륜,여,46세,경상
2022082600100080,2022년 8월 26일 07시,금요일,경상북도 포항시 남구 연일읍,사망사고,1,0,0,0,차대차 - 측면충돌,안전운전불이행,건조,맑음,기타 - 기타,화물,남,49세,상해없음,자전거,여,61세,사망
2022082600100112,2022년 8월 26일 08시,금요일,경상북도 칠곡군 북삼읍,중상사고,0,1,0,0,차대차 - 측면충돌,신호위반,건조,맑음,교차로 - 교차로안,건설기계,남,53세,상해없음,승용,여,30세,중상
2022082600100113,2022년 8월 26일 08시,금요일,경상북도 경산시 계양동,중상사고,0,1,0,0,차대차 - 기타,안전운전불이행,건조,맑음,교차로 - 교차로안,승용,여,26세,상해없음,화물,남,62세,상해없음
2022082600100144,2022년 8월 26일 09시,금요일,경상북도 문경시 산양면,경상사고,0,0,1,0,차량단독 - 도로외이탈 - 기타,안전운전불이행,건조,맑음,단일로 - 기타,농기계,남,77세,경상,,,,
2022082600100145,2022년 8월 26일 09시,금요일,경상북도 경산시 중방동,경상사고,0,0,2,0,차대차 - 측면충돌,안전운전불이행,건조,맑음,교차로 - 교차로안,승용,여,64세,상해없음,승용,여,23세,경상
2022082600100176,2022년 8월 26일 10시,금요일,경상북도 영주시 이산면,경상사고,0,0,1,0,차대사람 - 기타,안전운전불이행,건조,맑음,단일로 - 기타,승용,여,68세,상해없음,보행자,남,84세,경상
2022082600100211,2022년 8월 26일 11시,금요일,경상북도 경주시 외동읍,경상사고,0,0,1,0,차량단독 - 전도전복 - 전도,안전운전불이행,건조,맑음,단일로 - 기타,이륜,남,50세,경상,,,,
2022082600100212,2022년 8월 26일 11시,금요일,경상북도 포항시 북구 장성동,경상사고,0,0,2,0,차대차 - 측면충돌,기타,건조,맑음,교차로 - 교차로안,승용,여,34세,경상,승용,남,67세,경상
2022082600100213,2022년 8월 26일 11시,금요일,경상북도 성주군 초전면,경상사고,0,0,1,1,차대차 - 추돌,안전운전불이행,건조,맑음,교차로 - 교차로안,승용,여,39세,부상신고,화물,여,37세,경상
2022082600100214,2022년 8월 26일 11시,금요일,경상북도 포항시 남구 상도동,경상사고,0,0,1,0,차대차 - 후진중충돌,안전운전불이행,건조,맑음,단일로 - 기타,승용,남,33세,상해없음,이륜,남,19세,경상
2022082600100239,2022년 8월 26일 12시,금요일,경상북도 포항시 북구 죽도동,경상사고,0,0,1,0,차대사람 - 기타,안전운전불이행,건조,맑음,단일로 - 기타,승용,남,71세,상해없음,보행자,여,47세,경상
2022082600100240,2022년 8월 26일 12시,금요일,경상북도 포항시 남구 장기면,경상사고,0,0,2,0,차대차 - 추돌,안전운전불이행,건조,맑음,교차로 - 교차로안,승용,남,38세,상해없음,승용,남,25세,경상
2022082600100268,2022년 8월 26일 13시,금요일,경상북도 포항시 북구 장성동,경상사고,0,0,1,0,차대사람 - 차도통행중,안전운전불이행,건조,맑음,단일로 - 기타,승용,남,67세,상해없음,보행자,여,51세,경상
2022082600100269,2022년 8월 26일 13시,금요일,경상북도 경산시 하양읍,경상사고,0,0,1,0,차대차 - 측면충돌,차로위반,건조,맑음,단일로 - 기타,이륜,남,23세,상해없음,원동기,남,67세,경상
2022082600100270,2022년 8월 26일 13시,금요일,경상북도 포항시 남구 대도동,경상사고,0,0,1,0,차대차 - 측면충돌,안전운전불이행,건조,맑음,교차로 - 교차로부근,승용,여,47세,상해없음,화물,남,60세,상해없음
2022082600100299,2022년 8월 26일 14시,금요일,경상북도 안동시 옥동,중상사고,0,1,0,0,차대차 - 측면충돌,안전운전불이행,건조,맑음,단일로 - 기타,이륜,남,88세,중상,승용,남,63세,상해없음
2022082600100300,2022년 8월 26일 14시,금요일,경상북도 영덕군 창수면,중상사고,0,1,0,0,차대차 - 후진중충돌,안전운전불이행,건조,맑음,단일로 - 기타,화물,남,75세,상해없음,이륜,남,81세,중상
2022082600100301,2022년 8월 26일 14시,금요일,경상북도 포항시 남구 오천읍,중상사고,0,1,0,0,차대차 - 측면충돌,교차로운행방법위반,건조,맑음,교차로 - 교차로안,이륜,남,38세,상해없음,자전거,남,58세,중상
2022082600100338,2022년 8월 26일 15시,금요일,경상북도 경주시 강동면,경상사고,0,0,3,0,차대차 - 측면충돌,안전운전불이행,건조,맑음,교차로 - 교차로안,승용,남,23세,경상,화물,남,61세,경상
2022082600100339,2022년 8월 26일 15시,금요일,경상북도 구미시 고아읍,부상신고사고,0,0,0,1,차대차 - 기타,안전거리미확보,건조,맑음,교차로 - 교차로안,이륜,남,39세,부상신고,승용,여,59세,상해없음
2022082600100384,2022년 8월 26일 16시,금요일,경상북도 경주시 황오동,경상사고,0,0,1,0,차대차 - 기타,안전운전불이행,건조,맑음,단일로 - 지하차도(도로)내,화물,남,60세,상해없음,승용,남,50세,경상
2022082600100385,2022년 8월 26일 16시,금요일,경상북도 영천시 본촌동,경상사고,0,0,1,0,차량단독 - 공작물충돌,안전운전불이행,건조,맑음,단일로 - 기타,화물,남,67세,경상,,,,
2022082600100429,2022년 8월 26일 17시,금요일,경상북도 구미시 선산읍,경상사고,0,0,3,0,차대차 - 측면충돌,중앙선침범,건조,맑음,단일로 - 기타,화물,남,67세,상해없음,승용,여,63세,경상
2022082600100489,2022년 8월 26일 18시,금요일,경상북도 구미시 구평동,중상사고,0,1,0,0,차대차 - 기타,안전운전불이행,건조,맑음,교차로 - 교차로안,승용,여,50세,상해없음,이륜,남,27세,중상
2022082600100491,2022년 8월 26일 18시,금요일,경상북도 칠곡군 가산면,경상사고,0,0,2,0,차대차 - 추돌,안전거리미확보,건조,맑음,단일로 - 기타,승합,남,36세,상해없음,승용,남,46세,경상
2022082600100531,2022년 8월 26일 19시,금요일,경상북도 경주시 동천동,경상사고,0,0,1,0,차대차 - 측면충돌,중앙선침범,건조,맑음,교차로 - 교차로부근,승합,남,49세,상해없음,이륜,남,42세,경상
2022082600100532,2022년 8월 26일 19시,금요일,경상북도 포항시 북구 장성동,중상사고,0,1,0,0,차대차 - 측면충돌,안전운전불이행,건조,맑음,단일로 - 기타,이륜,남,30세,중상,승용,남,38세,상해없음
2022082600100533,2022년 8월 26일 19시,금요일,경상북도 경산시 자인면,사망사고,1,0,0,0,차대사람 - 횡단중,안전운전불이행,건조,맑음,교차로 - 교차로안,화물,남,65세,상해없음,보행자,여,79세,사망
2022082600100534,2022년 8월 26일 19시,금요일,경상북도 구미시 산동읍,중상사고,0,1,0,0,차대차 - 기타,중앙선침범,건조,맑음,단일로 - 기타,승용,남,67세,상해없음,이륜,남,34세,중상
2022082600100535,2022년 8월 26일 19시,금요일,경상북도 포항시 남구 대잠동,중상사고,0,1,0,0,차대사람 - 기타,안전운전불이행,건조,맑음,단일로 - 기타,기타불명,기타불명,미분류,기타불명,보행자,여,74세,중상
2022082600100573,2022년 8월 26일 20시,금요일,경상북도 고령군 대가야읍,경상사고,0,0,1,0,차대차 - 측면충돌,안전운전불이행,건조,맑음,교차로 - 교차로안,승용,남,62세,상해없음,승용,여,26세,경상
2022082600100596,2022년 8월 26일 21시,금요일,경상북도 구미시 공단동,경상사고,0,0,1,0,차대차 - 측면충돌,중앙선침범,건조,맑음,교차로 - 교차로부근,승용,남,32세,상해없음,승용,여,50세,경상