사고번호,사고일시,요일,시군구,사고내용,사망자수,중상자수,경상자수,부상신고자수,사고유형,법규위반,노면상태,기상상태,도로형태,가해운전자 차종,가해운전자 성별,가해운전자 연령,가해운전자 상해정도,피해운전자 차종,피해운전자 성별,피해운전자 연령,피해운전자 상해정도
2022090700100277,2022년 9월 7일 11시,수요일,경상북도 구미시 형곡동,경상사고,0,0,1,0,차대차 - 기타,교차로운행방법위반,건조,맑음,교차로 - 교차로안,승용,여,37세,상해없음,승용,여,61세,경상
2022090700100308,2022년 9월 7일 12시,수요일,경상북도 경산시 압량읍,경상사고,0,0,1,0,차대차 - 기타,안전운전불이행,건조,맑음,기타 - 기타,원동기,남,41세,상해없음,개인형이동수단(PM),남,23세,경상
2022090700100309,2022년 9월 7일 12시,수요일,경상북도 봉화군 봉화읍,경상사고,0,0,1,0,차대차 - 기타,안전운전불이행,건조,맑음,교차로 - 교차로안,화물,남,76세,상해없음,승용,남,48세,경상
2022090700100342,2022년 9월 7일 13시,수요일,경상북도 포항시 북구 죽도동,중상사고,0,1,0,0,차대차 - 정면충돌,중앙선침범,건조,맑음,교차로 - 교차로횡단보도내,자전거,남,63세,중상,승용,남,54세,상해없음
2022090700100343,2022년 9월 7일 13시,수요일,경상북도 안동시 북후면,경상사고,0,0,1,0,차량단독 - 도로외이탈 - 추락,안전운전불이행,건조,맑음,단일로 - 기타,농기계,남,75세,경상,,,,
2022090700100377,2022년 9월 7일 14시,수요일,경상북도 포항시 북구 덕산동,경상사고,0,0,1,0,차대사람 - 횡단중,신호위반,건조,맑음,단일로 - 기타,승용,여,63세,상해없음,보행자,남,73세,경상
2022090700100378,2022년 9월 7일 14시,수요일,경상북도 성주군 선남면,부상신고사고,0,0,0,1,차대차 - 기타,안전운전불이행,건조,맑음,단일로 - 기타,화물,남,62세,상해없음,자전거,여,72세,부상신고
2022090700100412,2022년 9월 7일 15시,수요일,경상북도 안동시 풍천면,경상사고,0,0,2,0,차대차 - 측면충돌,교차로운행방법위반,건조,맑음,교차로 - 교차로안,승용,여,49세,경상,화물,남,66세,경상
2022090700100413,2022년 9월 7일 15시,수요일,경상북도 상주시 낙동면,경상사고,0,0,1,0,차대차 - 추돌,안전운전불이행,건조,맑음,기타 - 기타,승용,남,22세,상해없음,승용,남,28세,경상
2022090700100414,2022년 9월 7일 15시,수요일,경상북도 포항시 남구 오천읍,경상사고,0,0,2,0,차대차 - 측면충돌,안전운전불이행,건조,맑음,교차로 - 교차로안,승용,남,48세,경상,승용,여,26세,경상
2022090700100460,2022년 9월 7일 16시,수요일,경상북도 안동시 송현동,경상사고,0,0,2,0,차대차 - 추돌,안전운전불이행,건조,맑음,교차로 - 교차로부근,승용,남,68세,경상,승용,여,44세,경상
2022090700100461,2022년 9월 7일 16시,수요일,경상북도 포항시 남구 대송면,중상사고,0,1,0,0,차대차 - 측면충돌,안전운전불이행,건조,맑음,단일로 - 기타,승용,남,63세,상해없음,자전거,남,79세,중상
2022090700100516,2022년 9월 7일 17시,수요일,경상북도 경주시 황성동,중상사고,0,1,0,0,차대사람 - 횡단중,안전운전불이행,건조,맑음,교차로 - 교차로안,승용,남,66세,상해없음,보행자,여,78세,중상
2022090700100517,2022년 9월 7일 17시,수요일,경상북도 안동시 옥동,중상사고,0,1,0,0,차대차 - 측면충돌,안전운전불이행,건조,맑음,단일로 - 기타,자전거,남,71세,중상,자전거,여,71세,상해없음
2022090700100518,2022년 9월 7일 17시,수요일,경상북도 칠곡군 석적읍,경상사고,0,0,1,0,차대차 - 추돌,안전운전불이행,건조,맑음,교차로 - 교차로부근,승용,여,50세,상해없음,승합,남,46세,경상
2022090700100519,2022년 9월 7일 17시,수요일,경상북도 예천군 예천읍,경상사고,0,0,1,0,차대차 - 추돌,안전운전불이행,건조,맑음,단일로 - 기타,승용,남,43세,상해없음,농기계,남,74세,경상
2022090700100520,2022년 9월 7일 17시,수요일,경상북도 구미시 사곡동,경상사고,0,0,1,0,차대차 - 측면충돌,교차로운행방법위반,건조,맑음,교차로 - 교차로안,승용,남,57세,상해없음,승용,여,61세,경상
2022090700100521,2022년 9월 7일 17시,수요일,경상북도 포항시 남구 오천읍,경상사고,0,0,1,0,차대차 - 측면충돌,안전운전불이행,건조,맑음,교차로 - 교차로부근,승용,여,22세,상해없음,자전거,남,67세,경상
2022090700100565,2022년 9월 7일 18시,수요일,경상북도 안동시 풍산읍,경상사고,0,0,1,0,차대차 - 측면충돌,신호위반,건조,맑음,단일로 - 기타,화물,남,80세,상해없음,승용,남,60세,경상
2022090700100566,2022년 9월 7일 18시,수요일,경상북도 칠곡군 왜관읍,경상사고,0,0,1,0,차대차 - 측면충돌,안전운전불이행,건조,맑음,교차로 - 교차로안,승용,여,48세,기타불명,승용,여,48세,경상
2022090700100567,2022년 9월 7일 18시,수요일,경상북도 영천시 화남면,중상사고,0,1,0,0,차대차 - 추돌,안전운전불이행,건조,맑음,단일로 - 기타,승용,남,64세,기타불명,화물,남,54세,중상
2022090700100568,2022년 9월 7일 18시,수요일,경상북도 경산시 대동,경상사고,0,0,1,0,차대차 - 측면충돌,신호위반,건조,맑음,교차로 - 교차로횡단보도내,이륜,여,19세,상해없음,자전거,남,22세,경상
2022090700100569,2022년 9월 7일 18시,수요일,경상북도 경산시 진량읍,경상사고,0,0,2,0,차대차 - 측면충돌,신호위반,건조,맑음,교차로 - 교차로부근,승합,남,69세,경상,승용,남,28세,경상
2022090700100570,2022년 9월 7일 18시,수요일,경상북도 구미시 원평동,경상사고,0,0,1,0,차대사람 - 차도통행중,안전운전불이행,건조,맑음,단일로 - 기타,승용,남,57세,상해없음,보행자,여,71세,경상
2022090700100571,2022년 9월 7일 18시,수요일,경상북도 구미시 상모동,경상사고,0,0,1,0,차대차 - 후진중충돌,안전운전불이행,건조,맑음,단일로 - 기타,승용,여,31세,기타불명,승용,남,34세,경상
2022090700100572,2022년 9월 7일 18시,수요일,경상북도 구미시 봉곡동,중상사고,0,1,0,0,차대사람 - 횡단중,보행자보호의무위반,건조,맑음,교차로 - 교차로횡단보도내,승용,여,42세,상해없음,보행자,남,8세,중상
2022090700100613,2022년 9월 7일 19시,수요일,경상북도 포항시 남구 대송면,경상사고,0,0,2,2,차대차 - 측면충돌,안전거리미확보,건조,맑음,단일로 - 기타,승용,남,69세,경상,승용,남,47세,경상
2022090700100649,2022년 9월 7일 20시,수요일,경상북도 구미시 산동읍,경상사고,0,0,2,0,차대차 - 측면충돌,직진우회전진행방해,건조,맑음,교차로 - 교차로안,승용,남,33세,상해없음,승용,남,27세,경상
2022090700100650,2022년 9월 7일 20시,수요일,경상북도 포항시 남구 오천읍,중상사고,0,1,1,0,차대차 - 측면충돌,신호위반,건조,맑음,교차로 - 교차로부근,이륜,남,35세,중상,승용,남,28세,경상
2022090700100685,2022년 9월 7일 21시,수요일,경상북도 안동시 천리동,중상사고,0,1,0,0,차대사람 - 차도통행중,안전운전불이행,건조,맑음,교차로 - 교차로안,승용,남,43세,상해없음,보행자,남,50세,중상
2022090700100712,2022년 9월 7일 22시,수요일,경상북도 경주시 성건동,부상신고사고,0,0,0,1,차대사람 - 횡단중,안전운전불이행,건조,맑음,단일로 - 지하차도(도로)내,승용,남,31세,상해없음,보행자,여,76세,부상신고
2022090700100713,2022년 9월 7일 22시,수요일,경상북도 안동시 서후면,중상사고,0,1,0,0,차대차 - 측면충돌,안전운전불이행,건조,맑음,단일로 - 기타,승용,남,62세,상해없음,승용,여,37세,중상
2022090700100714,2022년 9월 7일 22시,수요일,경상북도 구미시 부곡동,경상사고,0,0,1,0,차대차 - 추돌,안전운전불이행,건조,맑음,단일로 - 기타,승용,여,53세,상해없음,승용,남,62세,상해없음
2022090700100715,2022년 9월 7일 22시,수요일,경상북도 포항시 남구 연일읍,경상사고,0,0,1,0,차대차 - 추돌,안전운전불이행,건조,맑음,교차로 - 교차로부근,이륜,남,17세,상해없음,승용,남,44세,경상
2022090800100020,2022년 9월 8일 01시,목요일,경상북도 경주시 동천동,경상사고,0,0,1,0,차량단독 - 기타,안전운전불이행,건조,맑음,교차로 - 교차로부근,승용,남,74세,상해없음,,,,
2022090800100059,2022년 9월 8일 06시,목요일,경상북도 구미시 구평동,경상사고,0,0,1,0,차대사람 - 기타,안전운전불이행,건조,맑음,단일로 - 기타,승합,남,27세,상해없음,보행자,남,78세,경상
2022090800100060,2022년 9월 8일 06시,목요일,경상북도 포항시 남구 상도동,중상사고,0,1,1,0,차대차 - 측면충돌,신호위반,건조,맑음,교차로 - 교차로안,승용,남,69세,상해없음,승용,남,75세,경상
2022090800100076,2022년 9월 8일 07시,목요일,경상북도 영덕군 강구면,중상사고,0,1,0,0,차대차 - 측면충돌,안전운전불이행,건조,맑음,단일로 - 기타,승용,여,71세,상해없음,원동기,여,78세,중상
2022090800100111,2022년 9월 8일 08시,목요일,경상북도 경주시 황성동,경상사고,0,0,2,0,차대차 - 측면충돌,안전운전불이행,건조,맑음,교차로 - 교차로안,승용,여,61세,상해없음,승용,남,36세,경상
2022090800100112,2022년 9월 8일 08시,목요일,경상북도 경산시 계양동,경상사고,0,0,1,0,차대사람 - 횡단중,보행자보호의무위반,건조,맑음,교차로 - 교차로횡단보도내,화물,남,64세,상해없음,보행자,여,48세,경상
2022090800100113,2022년 9월 8일 08시,목요일,경상북도 경산시 옥곡동,중상사고,0,1,0,0,차대차 - 측면충돌,안전운전불이행,건조,맑음,단일로 - 기타,승용,남,33세,상해없음,자전거,여,60세,중상
2022090800100114,2022년 9월 8일 08시,목요일,경상북도 울진군 후포면,중상사고,0,1,0,0,차대차 - 측면충돌,직진우회전진행방해,건조,맑음,교차로 - 교차로안,승용,남,38세,중상,화물,남,65세,상해없음
2022090800100115,2022년 9월 8일 08시,목요일,경상북도 군위군 군위읍,중상사고,0,1,0,0,차대사람 - 횡단중,안전운전불이행,건조,맑음,교차로 - 교차로안,사륜오토바이(ATV),여,78세,중상,보행자,여,74세,상해없음
2022090800100154,2022년 9월 8일 09시,목요일,경상북도 영천시 신녕면,경상사고,0,0,2,0,차대차 - 측면충돌,중앙선침범,건조,맑음,단일로 - 기타,이륜,남,67세,경상,화물,남,49세,경상
2022090800100155,2022년 9월 8일 09시,목요일,경상북도 문경시 산양면,경상사고,0,0,1,0,차대차 - 측면충돌,안전운전불이행,건조,맑음,교차로 - 교차로부근,이륜,남,80세,상해없음,이륜,남,83세,경상
2022090800100156,2022년 9월 8일 09시,목요일,경상북도 문경시 공평동,경상사고,0,0,1,0,차대차 - 측면충돌,안전운전불이행,건조,맑음,교차로 - 교차로부근,화물,남,73세,상해없음,이륜,남,80세,경상
2022090800100157,2022년 9월 8일 09시,목요일,경상북도 구미시 진평동,경상사고,0,0,2,0,차대사람 - 횡단중,보행자보호의무위반,건조,맑음,교차로 - 교차로횡단보도내,승용,여,38세,상해없음,보행자,여,42세,경상
2022090800100241,2022년 9월 8일 11시,목요일,경상북도 포항시 남구 상도동,경상사고,0,0,2,0,차대차 - 측면충돌,직진우회전진행방해,건조,맑음,교차로 - 교차로안,승용,남,46세,경상,승용,남,71세,경상
2022090800100282,2022년 9월 8일 12시,목요일,경상북도 경산시 하양읍,경상사고,0,0,2,0,차대차 - 측면충돌,교차로운행방법위반,건조,맑음,교차로 - 교차로안,이륜,남,38세,경상,승용,남,56세,경상
2022090800100283,2022년 9월 8일 12시,목요일,경상북도 청송군 주왕산면,경상사고,0,0,3,1,차대차 - 측면충돌,안전운전불이행,건조,맑음,교차로 - 교차로안,승용,여,68세,부상신고,승용,여,26세,경상
2022090800100321,2022년 9월 8일 13시,목요일,경상북도 영천시 고경면,경상사고,0,0,2,0,차대차 - 측면충돌,안전운전불이행,건조,맑음,단일로 - 기타,승용,남,74세,경상,승용,여,69세,경상
2022090800100322,2022년 9월 8일 13시,목요일,경상북도 성주군 선남면,경상사고,0,0,1,0,차대차 - 기타,중앙선침범,건조,맑음,단일로 - 기타,승용,남,68세,상해없음,화물,남,43세,경상
2022090800100323,2022년 9월 8일 13시,목요일,경상북도 영천시 화산면,중상사고,0,1,0,0,차대차 - 측면충돌,차로위반,건조,맑음,단일로 - 기타,승용,여,70세,상해없음,승용,여,50세,중상
2022090800100367,2022년 9월 8일 14시,목요일,경상북도 경산시 정평동,경상사고,0,0,1,0,차대차 - 측면충돌,안전운전불이행,건조,맑음,단일로 - 기타,승용,남,59세,상해없음,승용,여,51세,경상
2022090800100368,2022년 9월 8일 14시,목요일,경상북도 구미시 봉곡동,경상사고,0,0,1,2,차대차 - 측면충돌,안전운전불이행,건조,맑음,교차로 - 교차로안,승용,여,36세,부상신고,승용,여,62세,경상
2022090800100369,2022년 9월 8일 14시,목요일,경상북도 칠곡군 가산면,경상사고,0,0,1,0,차대차 - 추돌,안전운전불이행,건조,맑음,단일로 - 터널,승용,남,23세,상해없음,승용,남,62세,경상
2022090800100426,2022년 9월 8일 15시,목요일,경상북도 경주시 외동읍,경상사고,0,0,1,0,차대차 - 측면충돌,안전운전불이행,건조,맑음,교차로 - 교차로부근,승용,남,60세,상해없음,화물,남,47세,상해없음
2022090800100427,2022년 9월 8일 15시,목요일,경상북도 포항시 북구 죽도동,경상사고,0,0,2,0,차대차 - 기타,교차로운행방법위반,건조,맑음,교차로 - 교차로안,승용,남,68세,경상,승용,남,68세,상해없음
2022090800100428,2022년 9월 8일 15시,목요일,경상북도 포항시 남구 지곡동,경상사고,0,0,1,0,차대차 - 측면충돌,교차로운행방법위반,건조,맑음,교차로 - 교차로부근,승용,남,71세,상해없음,화물,남,40세,경상
2022090800100494,2022년 9월 8일 16시,목요일,경상북도 성주군 성주읍,경상사고,0,0,1,0,차대차 - 측면충돌,안전운전불이행,건조,맑음,단일로 - 교량,승용,여,71세,상해없음,승용,남,57세,경상
2022090800100578,2022년 9월 8일 17시,목요일,경상북도 경주시 황성동,경상사고,0,0,1,0,차대사람 - 차도통행중,안전운전불이행,건조,맑음,교차로 - 교차로부근,승용,남,81세,상해없음,보행자,남,58세,경상
2022090800100579,2022년 9월 8일 17시,목요일,경상북도 김천시 성내동,경상사고,0,0,1,0,차대사람 - 횡단중,보행자보호의무위반,건조,맑음,교차로 - 교차로횡단보도내,승용,여,46세,상해없음,보행자,남,24세,경상
2022090800100647,2022년 9월 8일 18시,목요일,경상북도 상주시 무양동,경상사고,0,0,1,0,차대차 - 측면충돌,직진우회전진행방해,건조,맑음,교차로 - 교차로부근,승용,여,28세,상해없음,승용,남,49세,경상
2022090800100648,2022년 9월 8일 18시,목요일,경상북도 구미시 거의동,경상사고,0,0,1,0,차대차 - 측면충돌,신호위반,건조,맑음,단일로 - 기타,승용,남,48세,상해없음,승용,남,43세,경상
2022090800100649,2022년 9월 8일 18시,목요일,경상북도 구미시 송정동,경상사고,0,0,2,0,차대차 - 추돌,안전운전불이행,건조,맑음,교차로 - 교차로부근,승용,남,75세,상해없음,승용,남,47세,경상
2022090800100700,2022년 9월 8일 19시,목요일,경상북도 포항시 북구 죽도동,경상사고,0,0,2,0,차대차 - 기타,안전운전불이행,건조,맑음,단일로 - 기타,기타불명,기타불명,미분류,기타불명,승용,여,44세,경상
2022090800100701,2022년 9월 8일 19시,목요일,경상북도 청도군 청도읍,경상사고,0,0,2,0,차대차 - 측면충돌,교차로운행방법위반,건조,맑음,교차로 - 교차로안,승용,여,49세,경상,승용,남,26세,경상
2022090800100703,2022년 9월 8일 19시,목요일,경상북도 포항시 남구 대도동,중상사고,0,1,0,0,차대차 - 측면충돌,신호위반,건조,맑음,교차로 - 교차로안,승용,여,56세,상해없음,이륜,여,74세,중상
2022090800100728,2022년 9월 8일 20시,목요일,경상북도 성주군 선남면,사망사고,1,0,0,0,차대사람 - 차도통행중,안전운전불이행,건조,맑음,단일로 - 기타,승용,남,42세,상해없음,보행자,남,59세,사망
2022090800100766,2022년 9월 8일 21시,목요일,경상북도 포항시 북구 장성동,중상사고,0,2,0,0,차대차 - 측면충돌,신호위반,건조,맑음,교차로 - 교차로안,승용,남,25세,상해없음,승용,남,21세,중상
2022090800100804,2022년 9월 8일 22시,목요일,경상북도 구미시 진평동,경상사고,0,0,1,0,차대사람 - 횡단중,보행자보호의무위반,건조,맑음,교차로 - 교차로안,승용,남,27세,상해없음,보행자,남,28세,경상
2022090800100825,2022년 9월 8일 23시,목요일,경상북도 경산시 옥산동,경상사고,0,0,2,0,차대차 - 기타,안전운전불이행,건조,맑음,단일로 - 기타,이륜,남,62세,상해없음,승용,남,68세,상해없음
2022090900100023,2022년 9월 9일 01시,금요일,경상북도 포항시 북구 용흥동,경상사고,0,0,1,0,차대차 - 기타,안전운전불이행,건조,맑음,단일로 - 기타,승용,남,54세,상해없음,화물,남,42세,경상
2022090900100036,2022년 9월 9일 02시,금요일,경상북도 경주시 외동읍,부상신고사고,0,0,0,1,차대사람 - 차도통행중,안전운전불이행,건조,맑음,교차로 - 교차로안,승용,남,66세,상해없음,보행자,남,60세,부상신고
2022090900100086,2022년 9월 9일 07시,금요일,경상북도 청도군 청도읍,경상사고,0,0,1,0,차대차 - 후진중충돌,불법유턴,건조,맑음,단일로 - 기타,승용,남,57세,상해없음,자전거,남,75세,경상
2022090900100143,2022년 9월 9일 10시,금요일,경상북도 영덕군 남정면,경상사고,0,0,2,0,차대차 - 추돌,안전운전불이행,건조,맑음,단일로 - 기타,화물,남,54세,상해없음,승용,남,65세,경상
2022090900100178,2022년 9월 9일 11시,금요일,경상북도 의성군 안평면,경상사고,0,0,2,0,차대차 - 기타,직진우회전진행방해,건조,맑음,교차로 - 교차로부근,화물,남,58세,경상,화물,남,68세,경상
2022090900100179,2022년 9월 9일 11시,금요일,경상북도 칠곡군 가산면,경상사고,0,0,1,0,차대차 - 추돌,안전거리미확보,건조,맑음,교차로 - 교차로부근,승용,남,60세,상해없음,승용,남,35세,경상
2022090900100180,2022년 9월 9일 11시,금요일,경상북도 청도군 각북면,중상사고,0,1,0,0,차대차 - 기타,중앙선침범,건조,맑음,단일로 - 기타,승용,남,44세,상해없음,자전거,남,49세,중상
2022090900100216,2022년 9월 9일 12시,금요일,경상북도 구미시 원평동,경상사고,0,0,2,0,차대차 - 후진중충돌,안전운전불이행,건조,맑음,교차로 - 교차로안,승용,여,51세,상해없음,승용,남,31세,경상
2022090900100247,2022년 9월 9일 13시,금요일,경상북도 경주시 서부동,중상사고,0,1,0,0,차대차 - 추돌,안전운전불이행,건조,맑음,교차로 - 교차로부근,승합,남,54세,상해없음,자전거,남,79세,중상
2022090900100248,2022년 9월 9일 13시,금요일,경상북도 경주시 성건동,경상사고,0,0,2,0,차대차 - 측면충돌,안전운전불이행,건조,맑음,교차로 - 교차로안,승용,남,59세,경상,이륜,남,32세,경상
2022090900100288,2022년 9월 9일 14시,금요일,경상북도 안동시 용상동,사망사고,1,0,0,0,차대사람 - 기타,안전운전불이행,건조,맑음,단일로 - 기타,승용,여,59세,상해없음,보행자,여,7세,사망
2022090900100289,2022년 9월 9일 14시,금요일,경상북도 영주시 영주동,경상사고,0,0,1,0,차대사람 - 기타,안전운전불이행,건조,흐림,단일로 - 기타,승합,남,56세,상해없음,보행자,남,66세,경상
2022090900100290,2022년 9월 9일 14시,금요일,경상북도 영주시 봉현면,경상사고,0,0,1,0,차대차 - 측면충돌,교차로운행방법위반,건조,맑음,교차로 - 교차로안,승용,남,28세,기타불명,승용,여,29세,경상
2022090900100291,2022년 9월 9일 14시,금요일,경상북도 구미시 봉곡동,경상사고,0,0,1,0,차대차 - 측면충돌,직진우회전진행방해,건조,맑음,교차로 - 교차로안,승용,남,52세,상해없음,화물,남,51세,경상
2022090900100331,2022년 9월 9일 15시,금요일,경상북도 포항시 북구 두호동,중상사고,0,1,0,0,차대차 - 측면충돌,안전운전불이행,건조,맑음,교차로 - 교차로안,승용,남,49세,상해없음,이륜,남,60세,중상
2022090900100332,2022년 9월 9일 15시,금요일,경상북도 포항시 북구 청하면,경상사고,0,0,3,0,차대차 - 추돌,안전운전불이행,건조,맑음,단일로 - 기타,승용,남,22세,상해없음,승용,남,51세,경상
2022090900100333,2022년 9월 9일 15시,금요일,경상북도 김천시 부곡동,중상사고,0,1,0,0,차대사람 - 횡단중,교차로운행방법위반,건조,맑음,교차로 - 교차로안,승용,남,41세,상해없음,보행자,남,74세,중상
2022090900100334,2022년 9월 9일 15시,금요일,경상북도 구미시 장천면,경상사고,0,0,1,0,차대차 - 정면충돌,중앙선침범,건조,맑음,단일로 - 기타,승용,남,27세,상해없음,승용,여,24세,경상
2022090900100348,2022년 9월 9일 16시,금요일,경상북도 구미시 공단동,경상사고,0,0,4,0,차대차 - 추돌,안전운전불이행,건조,맑음,교차로 - 교차로부근,승용,남,40세,상해없음,승용,남,67세,경상
2022090900100349,2022년 9월 9일 16시,금요일,경상북도 포항시 남구 오천읍,경상사고,0,0,1,1,차대차 - 추돌,안전운전불이행,건조,맑음,교차로 - 교차로부근,화물,남,55세,상해없음,승용,남,32세,경상
2022090900100377,2022년 9월 9일 17시,금요일,경상북도 안동시 용상동,중상사고,0,1,0,0,차대차 - 기타,안전운전불이행,건조,맑음,단일로 - 고가도로위,승용,남,59세,상해없음,이륜,남,18세,중상
2022090900100406,2022년 9월 9일 18시,금요일,경상북도 김천시 율곡동,경상사고,0,0,1,0,차대차 - 추돌,안전운전불이행,건조,맑음,단일로 - 기타,승용,여,45세,상해없음,승용,남,43세,경상
2022090900100407,2022년 9월 9일 18시,금요일,경상북도 칠곡군 약목면,경상사고,0,0,2,1,차대차 - 측면충돌,교차로운행방법위반,건조,맑음,교차로 - 교차로안,화물,남,47세,상해없음,승용,여,29세,경상
2022090900100408,2022년 9월 9일 18시,금요일,경상북도 구미시 선산읍,중상사고,0,1,0,0,차대차 - 기타,안전운전불이행,건조,맑음,단일로 - 기타,승용,남,44세,상해없음,원동기,남,82세,중상
2022090900100409,2022년 9월 9일 18시,금요일,경상북도 구미시 구평동,중상사고,0,1,1,1,차대차 - 측면충돌,안전운전불이행,건조,맑음,단일로 - 기타,승용,남,32세,부상신고,승용,남,30세,경상
2022090900100435,2022년 9월 9일 19시,금요일,경상북도 안동시 태화동,경상사고,0,0,1,0,차대사람 - 기타,보행자보호의무위반,건조,맑음,단일로 - 기타,승용,남,48세,상해없음,보행자,여,37세,경상
2022090900100436,2022년 9월 9일 19시,금요일,경상북도 구미시 사곡동,경상사고,0,0,1,0,차대차 - 추돌,안전운전불이행,건조,맑음,단일로 - 기타,승용,남,59세,상해없음,승용,남,29세,경상
2022090900100463,2022년 9월 9일 20시,금요일,경상북도 경주시 성동동,중상사고,0,1,0,0,차대차 - 측면충돌,안전운전불이행,건조,맑음,단일로 - 기타,자전거,남,57세,중상,이륜,남,19세,상해없음
2022090900100498,2022년 9월 9일 22시,금요일,경상북도 경주시 사정동,경상사고,0,0,2,0,차대차 - 측면충돌,안전운전불이행,건조,맑음,교차로 - 교차로안,승용,남,49세,상해없음,승용,남,53세,상해없음
2022090900100499,2022년 9월 9일 22시,금요일,경상북도 울진군 울진읍,중상사고,0,1,1,0,차대차 - 측면충돌,교차로운행방법위반,건조,맑음,교차로 - 교차로안,이륜,남,30세,중상,승용,남,48세,상해없음
2022090900100513,2022년 9월 9일 23시,금요일,경상북도 포항시 북구 죽도동,중상사고,0,1,0,0,차대사람 - 보도통행중,신호위반,건조,맑음,교차로 - 교차로횡단보도내,원동기,남,23세,상해없음,보행자,남,54세,중상
2022090900100514,2022년 9월 9일 23시,금요일,경상북도 안동시 용상동,중상사고,0,1,0,0,차대사람 - 기타,안전운전불이행,건조,맑음,교차로 - 교차로안,승용,남,47세,상해없음,보행자,여,38세,중상
2022090900100515,2022년 9월 9일 23시,금요일,경상북도 상주시 도남동,중상사고,0,1,0,0,차량단독 - 공작물충돌,안전운전불이행,건조,맑음,단일로 - 기타,승용,남,55세,중상,,,,
2022091000100015,2022년 9월 10일 01시,토요일,경상북도 포항시 북구 죽도동,경상사고,0,0,1,0,차대차 - 기타,기타,건조,맑음,단일로 - 기타,승용,남,70세,상해없음,이륜,남,23세,경상
2022091000100067,2022년 9월 10일 08시,토요일,경상북도 구미시 도량동,경상사고,0,0,1,0,차대차 - 기타,교차로운행방법위반,건조,맑음,교차로 - 교차로안,자전거,남,84세,상해없음,승용,남,44세,상해없음
2022091000100085,2022년 9월 10일 09시,토요일,경상북도 안동시 일직면,경상사고,0,0,5,0,차대차 - 기타,직진우회전진행방해,건조,맑음,교차로 - 교차로안,승용,여,64세,경상,화물,남,44세,경상
2022091000100086,2022년 9월 10일 09시,토요일,경상북도 구미시 사곡동,경상사고,0,0,2,0,차대차 - 측면충돌,직진우회전진행방해,건조,흐림,교차로 - 교차로부근,승용,남,80세,경상,승용,남,20세,경상
2022091000100106,2022년 9월 10일 10시,토요일,경상북도 포항시 남구 상도동,경상사고,0,0,1,0,차대차 - 측면충돌,신호위반,건조,맑음,교차로 - 교차로안,승용,남,85세,상해없음,이륜,남,25세,경상
2022091000100134,2022년 9월 10일 11시,토요일,경상북도 칠곡군 가산면,경상사고,0,0,4,0,차대차 - 측면충돌,안전운전불이행,건조,맑음,단일로 - 기타,이륜,남,78세,상해없음,승용,남,31세,경상
2022091000100135,2022년 9월 10일 11시,토요일,경상북도 봉화군 봉화읍,경상사고,0,0,2,0,차대차 - 기타,안전운전불이행,건조,맑음,교차로 - 교차로횡단보도내,승용,남,66세,상해없음,승용,남,49세,경상
2022091000100150,2022년 9월 10일 12시,토요일,경상북도 예천군 용궁면,경상사고,0,0,1,0,차대차 - 추돌,안전운전불이행,건조,맑음,교차로 - 교차로부근,승용,남,56세,상해없음,승용,남,56세,경상
2022091000100151,2022년 9월 10일 12시,토요일,경상북도 구미시 산동읍,경상사고,0,0,1,0,차대차 - 기타,안전운전불이행,건조,기타,주차장 - 주차장,화물,남,47세,상해없음,승용,여,31세,경상
2022091000100152,2022년 9월 10일 12시,토요일,경상북도 문경시 마성면,중상사고,0,2,3,0,차대차 - 추돌,안전운전불이행,건조,맑음,단일로 - 기타,승합,여,24세,경상,승용,남,66세,중상
2022091000100183,2022년 9월 10일 13시,토요일,경상북도 경주시 강동면,경상사고,0,0,1,0,차대차 - 측면충돌,신호위반,건조,맑음,교차로 - 교차로부근,승용,남,23세,상해없음,승용,남,52세,경상
2022091000100184,2022년 9월 10일 13시,토요일,경상북도 영천시 고경면,경상사고,0,0,1,0,차대차 - 측면충돌,안전운전불이행,건조,맑음,단일로 - 기타,승용,남,54세,상해없음,승합,남,67세,상해없음
2022091000100212,2022년 9월 10일 14시,토요일,경상북도 경주시 외동읍,경상사고,0,0,1,0,차대차 - 측면충돌,안전운전불이행,건조,맑음,교차로 - 교차로안,승합,여,41세,상해없음,이륜,남,43세,경상
2022091000100236,2022년 9월 10일 15시,토요일,경상북도 안동시 성곡동,중상사고,0,1,0,0,차대차 - 측면충돌,안전운전불이행,건조,맑음,단일로 - 기타,승용,남,61세,상해없음,이륜,남,30세,중상
2022091000100237,2022년 9월 10일 15시,토요일,경상북도 칠곡군 동명면,부상신고사고,0,0,0,8,차대차 - 측면충돌,안전거리미확보,건조,맑음,단일로 - 기타,승용,남,35세,상해없음,승용,남,42세,부상신고
2022091000100238,2022년 9월 10일 15시,토요일,경상북도 구미시 봉곡동,중상사고,0,1,0,0,차대차 - 정면충돌,교차로운행방법위반,건조,맑음,교차로 - 교차로안,승용,남,61세,상해없음,이륜,남,40세,중상
2022091000100257,2022년 9월 10일 16시,토요일,경상북도 경주시 서면,경상사고,0,0,3,0,차대차 - 후진중충돌,안전운전불이행,건조,맑음,주차장 - 주차장,승용,남,57세,상해없음,승용,남,32세,경상
2022091000100258,2022년 9월 10일 16시,토요일,경상북도 영천시 조교동,경상사고,0,0,1,0,차대차 - 측면충돌,안전운전불이행,건조,맑음,교차로 - 교차로안,승용,남,61세,상해없음,승용,여,31세,경상