사고번호,사고일시,요일,시군구,사고내용,사망자수,중상자수,경상자수,부상신고자수,사고유형,법규위반,노면상태,기상상태,도로형태,가해운전자 차종,가해운전자 성별,가해운전자 연령,가해운전자 상해정도,피해운전자 차종,피해운전자 성별,피해운전자 연령,피해운전자 상해정도
2022091000100274,2022년 9월 10일 17시,토요일,경상북도 안동시 옥동,중상사고,0,1,0,0,차대차 - 기타,안전운전불이행,건조,맑음,단일로 - 기타,승용,남,34세,상해없음,자전거,남,54세,중상
2022091000100305,2022년 9월 10일 19시,토요일,경상북도 경주시 천북면,경상사고,0,0,1,0,차대차 - 측면충돌,안전운전불이행,건조,맑음,단일로 - 기타,승용,여,62세,상해없음,승용,남,51세,경상
2022091000100306,2022년 9월 10일 19시,토요일,경상북도 포항시 북구 청하면,중상사고,0,1,0,0,차대차 - 추돌,안전운전불이행,건조,맑음,단일로 - 기타,승용,남,59세,상해없음,자전거,남,64세,중상
2022091000100307,2022년 9월 10일 19시,토요일,경상북도 김천시 평화동,중상사고,0,1,0,0,차대사람 - 길가장자리구역통행중,안전운전불이행,건조,맑음,교차로 - 교차로안,승용,여,49세,상해없음,보행자,남,6세,중상
2022091000100325,2022년 9월 10일 20시,토요일,경상북도 안동시 옥동,경상사고,0,0,1,0,차대사람 - 기타,안전운전불이행,건조,맑음,교차로 - 교차로안,승용,남,23세,상해없음,보행자,여,28세,경상
2022091000100348,2022년 9월 10일 21시,토요일,경상북도 포항시 북구 용흥동,경상사고,0,0,1,0,차대사람 - 횡단중,보행자보호의무위반,건조,맑음,교차로 - 교차로안,승용,여,55세,상해없음,보행자,남,19세,경상
2022091000100349,2022년 9월 10일 21시,토요일,경상북도 포항시 북구 장성동,경상사고,0,0,3,0,차대차 - 기타,안전거리미확보,건조,맑음,단일로 - 기타,승용,남,64세,상해없음,승합,남,49세,상해없음
2022091000100350,2022년 9월 10일 21시,토요일,경상북도 울진군 북면,중상사고,0,1,0,0,차대차 - 측면충돌,교차로운행방법위반,건조,맑음,교차로 - 교차로안,승용,남,63세,상해없음,이륜,남,57세,중상
2022091000100368,2022년 9월 10일 22시,토요일,경상북도 구미시 진평동,경상사고,0,0,1,0,차대차 - 측면충돌,안전운전불이행,건조,맑음,교차로 - 교차로부근,승용,남,55세,상해없음,승용,남,27세,경상
2022091000100378,2022년 9월 10일 23시,토요일,경상북도 상주시 냉림동,중상사고,0,1,0,0,차대차 - 측면충돌,기타,건조,맑음,단일로 - 기타,승용,남,46세,상해없음,자전거,여,49세,중상
2022091100100044,2022년 9월 11일 06시,일요일,경상북도 구미시 송정동,중상사고,0,1,0,0,차대사람 - 기타,신호위반,건조,맑음,교차로 - 교차로안,승용,남,56세,상해없음,보행자,남,63세,중상
2022091100100051,2022년 9월 11일 07시,일요일,경상북도 영주시 가흥동,경상사고,0,0,2,0,차대차 - 추돌,안전운전불이행,건조,맑음,교차로 - 교차로부근,승용,여,19세,기타불명,승용,남,63세,경상
2022091100100057,2022년 9월 11일 08시,일요일,경상북도 경주시 천군동,부상신고사고,0,0,0,1,차대차 - 측면충돌,안전운전불이행,건조,맑음,단일로 - 기타,승용,남,23세,상해없음,승용,남,33세,부상신고
2022091100100066,2022년 9월 11일 09시,일요일,경상북도 영천시 임고면,경상사고,0,0,2,0,차대차 - 측면충돌,안전운전불이행,건조,맑음,단일로 - 기타,승용,남,29세,경상,승용,여,32세,경상
2022091100100080,2022년 9월 11일 10시,일요일,경상북도 경산시 하양읍,경상사고,0,0,2,0,차대차 - 기타,기타,건조,맑음,단일로 - 기타,화물,남,65세,상해없음,승용,남,34세,경상
2022091100100081,2022년 9월 11일 10시,일요일,경상북도 구미시 도량동,경상사고,0,0,2,0,차대차 - 추돌,안전운전불이행,건조,맑음,단일로 - 기타,승용,남,63세,상해없음,승용,여,25세,경상
2022091100100095,2022년 9월 11일 11시,일요일,경상북도 문경시 문경읍,중상사고,0,1,0,0,차대차 - 측면충돌,안전운전불이행,건조,맑음,기타 - 기타,승용,남,59세,상해없음,이륜,남,38세,중상
2022091100100123,2022년 9월 11일 12시,일요일,경상북도 영덕군 축산면,경상사고,0,0,1,0,차대차 - 기타,안전운전불이행,건조,맑음,단일로 - 기타,승합,남,72세,상해없음,승용,여,30세,경상
2022091100100149,2022년 9월 11일 13시,일요일,경상북도 구미시 형곡동,부상신고사고,0,0,0,1,차대차 - 측면충돌,신호위반,건조,맑음,교차로 - 교차로안,이륜,남,41세,부상신고,승용,남,29세,상해없음
2022091100100200,2022년 9월 11일 15시,일요일,경상북도 포항시 북구 신광면,경상사고,0,0,2,0,차대차 - 기타,기타,건조,맑음,교차로 - 교차로안,이륜,남,40세,경상,승합,남,62세,경상
2022091100100201,2022년 9월 11일 15시,일요일,경상북도 상주시 무양동,경상사고,0,0,1,0,차대차 - 추돌,안전운전불이행,건조,맑음,단일로 - 기타,승용,여,50세,상해없음,승용,남,31세,경상
2022091100100202,2022년 9월 11일 15시,일요일,경상북도 성주군 월항면,중상사고,0,1,1,0,차대차 - 측면충돌,중앙선침범,건조,맑음,교차로 - 교차로부근,건설기계,남,52세,상해없음,승용,남,70세,경상
2022091100100203,2022년 9월 11일 15시,일요일,경상북도 군위군 부계면,경상사고,0,0,1,0,차대차 - 측면충돌,중앙선침범,건조,맑음,단일로 - 기타,승용,여,33세,상해없음,승용,남,49세,상해없음
2022091100100204,2022년 9월 11일 15시,일요일,경상북도 포항시 남구 오천읍,경상사고,0,0,1,0,차대차 - 측면충돌,신호위반,건조,맑음,교차로 - 교차로부근,이륜,남,65세,상해없음,승용,여,26세,상해없음
2022091100100205,2022년 9월 11일 15시,일요일,경상북도 포항시 남구 대잠동,경상사고,0,0,3,0,차대차 - 추돌,안전거리미확보,건조,맑음,단일로 - 기타,승용,여,57세,경상,승용,여,42세,경상
2022091100100256,2022년 9월 11일 17시,일요일,경상북도 예천군 풍양면,경상사고,0,0,1,0,차대차 - 측면충돌,직진우회전진행방해,건조,맑음,교차로 - 교차로안,승용,남,83세,상해없음,자전거,남,64세,경상
2022091100100257,2022년 9월 11일 17시,일요일,경상북도 청송군 청송읍,경상사고,0,0,1,0,차대차 - 추돌,안전운전불이행,건조,맑음,단일로 - 지하차도(도로)내,승용,남,57세,상해없음,화물,남,59세,경상
2022091100100282,2022년 9월 11일 18시,일요일,경상북도 영덕군 축산면,중상사고,0,3,1,1,차대차 - 정면충돌,중앙선침범,건조,맑음,단일로 - 기타,승용,남,67세,부상신고,승용,남,55세,중상
2022091100100304,2022년 9월 11일 19시,일요일,경상북도 경주시 인왕동,중상사고,0,3,0,0,차대차 - 추돌,안전운전불이행,건조,맑음,교차로 - 교차로부근,승용,남,22세,상해없음,승용,남,23세,중상
2022091100100305,2022년 9월 11일 19시,일요일,경상북도 영주시 가흥동,중상사고,0,1,0,0,차대차 - 측면충돌,신호위반,건조,맑음,교차로 - 교차로안,승용,남,44세,기타불명,승용,남,60세,중상
2022091100100306,2022년 9월 11일 19시,일요일,경상북도 구미시 황상동,중상사고,0,1,0,0,차대차 - 측면충돌,안전운전불이행,건조,맑음,단일로 - 기타,이륜,남,52세,중상,승용,남,65세,상해없음
2022091100100343,2022년 9월 11일 21시,일요일,경상북도 포항시 북구 대신동,경상사고,0,0,2,0,차대차 - 측면충돌,교차로운행방법위반,건조,맑음,교차로 - 교차로안,승용,남,48세,상해없음,승용,남,21세,경상
2022091100100362,2022년 9월 11일 22시,일요일,경상북도 구미시 사곡동,경상사고,0,0,1,0,차대사람 - 기타,기타,건조,맑음,교차로 - 교차로부근,승용,남,51세,상해없음,보행자,남,53세,경상
2022091200100009,2022년 9월 12일 00시,월요일,경상북도 경주시 동천동,경상사고,0,0,6,0,차대차 - 측면충돌,안전운전불이행,건조,맑음,교차로 - 교차로안,승용,남,40세,상해없음,승용,여,54세,경상
2022091200100054,2022년 9월 12일 04시,월요일,경상북도 포항시 북구 두호동,중상사고,0,1,1,0,차대차 - 추돌,신호위반,건조,맑음,교차로 - 교차로안,승용,남,53세,상해없음,승용,남,69세,중상
2022091200100063,2022년 9월 12일 05시,월요일,경상북도 경주시 외동읍,경상사고,0,0,1,0,차량단독 - 공작물충돌,안전운전불이행,건조,맑음,교차로 - 교차로안,승용,남,29세,상해없음,,,,
2022091200100064,2022년 9월 12일 05시,월요일,경상북도 구미시 구평동,경상사고,0,0,1,0,차대차 - 측면충돌,신호위반,건조,맑음,교차로 - 교차로부근,승용,남,28세,상해없음,승용,남,51세,경상
2022091200100073,2022년 9월 12일 07시,월요일,경상북도 경주시 사정동,중상사고,0,1,0,0,차대차 - 추돌,안전운전불이행,건조,맑음,교차로 - 교차로부근,승용,남,48세,상해없음,승용,남,24세,중상
2022091200100169,2022년 9월 12일 13시,월요일,경상북도 경주시 감포읍,경상사고,0,0,2,0,차대차 - 측면충돌,신호위반,건조,맑음,교차로 - 교차로안,화물,남,70세,상해없음,승용,남,51세,경상
2022091200100170,2022년 9월 12일 13시,월요일,경상북도 칠곡군 왜관읍,중상사고,0,1,0,0,차대차 - 측면충돌,신호위반,건조,흐림,교차로 - 교차로안,승용,남,63세,상해없음,승용,여,62세,중상
2022091200100199,2022년 9월 12일 14시,월요일,경상북도 영주시 장수면,경상사고,0,0,1,0,차량단독 - 도로외이탈 - 추락,안전운전불이행,건조,맑음,단일로 - 기타,화물,남,67세,경상,,,,
2022091200100200,2022년 9월 12일 14시,월요일,경상북도 구미시 원평동,경상사고,0,0,1,0,차대차 - 기타,안전운전불이행,건조,맑음,단일로 - 기타,승용,여,48세,상해없음,승용,여,52세,경상
2022091200100229,2022년 9월 12일 15시,월요일,경상북도 경주시 노서동,경상사고,0,0,1,0,차대차 - 측면충돌,안전운전불이행,건조,맑음,단일로 - 기타,승용,남,26세,상해없음,승용,남,64세,경상
2022091200100230,2022년 9월 12일 15시,월요일,경상북도 안동시 북문동,경상사고,0,0,1,0,차대차 - 측면충돌,교차로운행방법위반,건조,맑음,교차로 - 교차로안,승용,남,35세,상해없음,이륜,남,29세,경상
2022091200100249,2022년 9월 12일 16시,월요일,경상북도 영덕군 영해면,중상사고,0,1,0,0,차대차 - 측면충돌,교차로운행방법위반,건조,맑음,교차로 - 교차로안,화물,남,70세,상해없음,자전거,남,79세,중상
2022091200100250,2022년 9월 12일 16시,월요일,경상북도 청송군 안덕면,경상사고,0,0,2,0,차대차 - 기타,중앙선침범,건조,맑음,단일로 - 지하차도(도로)내,승용,남,28세,상해없음,승용,남,55세,경상
2022091200100251,2022년 9월 12일 16시,월요일,경상북도 성주군 초전면,사망사고,1,2,0,0,차량단독 - 기타,안전운전불이행,건조,맑음,주차장 - 주차장,승용,여,66세,중상,,,,
2022091200100272,2022년 9월 12일 17시,월요일,경상북도 영주시 가흥동,경상사고,0,0,1,0,차대사람 - 횡단중,보행자보호의무위반,건조,맑음,교차로 - 교차로횡단보도내,승용,여,35세,상해없음,보행자,남,6세,경상
2022091200100273,2022년 9월 12일 17시,월요일,경상북도 문경시 흥덕동,경상사고,0,0,1,0,차대사람 - 기타,안전운전불이행,건조,맑음,기타 - 기타,화물,남,58세,상해없음,보행자,남,76세,경상
2022091200100274,2022년 9월 12일 17시,월요일,경상북도 구미시 원평동,경상사고,0,0,1,0,차대차 - 추돌,안전운전불이행,건조,맑음,기타 - 기타,승용,여,55세,기타불명,승용,여,59세,기타불명
2022091200100299,2022년 9월 12일 18시,월요일,경상북도 포항시 북구 송라면,경상사고,0,0,1,0,차대차 - 추돌,안전운전불이행,건조,맑음,교차로 - 교차로부근,승용,남,47세,상해없음,승용,남,63세,상해없음
2022091200100328,2022년 9월 12일 19시,월요일,경상북도 경산시 옥산동,경상사고,0,0,1,0,차대사람 - 길가장자리구역통행중,안전운전불이행,건조,맑음,단일로 - 기타,승용,남,44세,상해없음,보행자,여,51세,경상
2022091200100329,2022년 9월 12일 19시,월요일,경상북도 구미시 도량동,중상사고,0,1,0,0,차대차 - 측면충돌,교차로운행방법위반,건조,맑음,교차로 - 교차로안,승용,남,46세,상해없음,이륜,남,45세,중상
2022091200100379,2022년 9월 12일 21시,월요일,경상북도 경주시 성건동,중상사고,0,1,0,0,차대차 - 추돌,안전운전불이행,건조,맑음,교차로 - 교차로부근,승용,남,49세,상해없음,승용,남,71세,중상
2022091200100380,2022년 9월 12일 21시,월요일,경상북도 상주시 무양동,경상사고,0,0,1,0,차대사람 - 차도통행중,안전운전불이행,건조,맑음,단일로 - 기타,화물,남,70세,상해없음,보행자,남,23세,경상
2022091200100404,2022년 9월 12일 23시,월요일,경상북도 칠곡군 동명면,중상사고,0,1,0,0,차대차 - 측면충돌,안전거리미확보,건조,맑음,단일로 - 기타,승용,남,36세,상해없음,이륜,남,22세,중상
2022091300100004,2022년 9월 13일 00시,화요일,경상북도 경주시 용강동,중상사고,0,2,1,0,차대차 - 추돌,안전운전불이행,건조,맑음,교차로 - 교차로부근,승용,남,29세,경상,승용,남,56세,중상
2022091300100026,2022년 9월 13일 05시,화요일,경상북도 의성군 금성면,사망사고,2,1,0,0,차대사람 - 횡단중,기타,젖음/습기,안개,교차로 - 교차로안,화물,남,64세,상해없음,보행자,여,81세,사망
2022091300100037,2022년 9월 13일 06시,화요일,경상북도 영주시 문정동,경상사고,0,0,1,0,차대차 - 측면충돌,안전운전불이행,건조,맑음,교차로 - 교차로부근,화물,남,72세,상해없음,특수,남,67세,경상
2022091300100051,2022년 9월 13일 07시,화요일,경상북도 포항시 북구 용흥동,경상사고,0,0,1,0,차대차 - 기타,신호위반,건조,맑음,단일로 - 고가도로위,승용,여,46세,상해없음,승용,남,34세,경상
2022091300100052,2022년 9월 13일 07시,화요일,경상북도 칠곡군 석적읍,경상사고,0,0,2,0,차대차 - 측면충돌,안전거리미확보,건조,맑음,단일로 - 기타,승용,남,31세,경상,승용,남,62세,경상
2022091300100084,2022년 9월 13일 08시,화요일,경상북도 김천시 대항면,경상사고,0,0,1,0,차대차 - 추돌,안전운전불이행,건조,맑음,교차로 - 교차로부근,화물,남,27세,상해없음,승용,여,46세,경상
2022091300100085,2022년 9월 13일 08시,화요일,경상북도 칠곡군 왜관읍,중상사고,0,1,0,0,차량단독 - 기타,안전운전불이행,건조,맑음,단일로 - 기타,원동기,여,51세,상해없음,,,,
2022091300100123,2022년 9월 13일 09시,화요일,경상북도 구미시 지산동,경상사고,0,0,1,0,차대차 - 측면충돌,기타,건조,맑음,단일로 - 기타,화물,남,33세,상해없음,승용,남,65세,경상
2022091300100171,2022년 9월 13일 11시,화요일,경상북도 포항시 북구 흥해읍,경상사고,0,0,2,0,차대차 - 추돌,안전운전불이행,건조,맑음,교차로 - 교차로부근,승용,여,66세,상해없음,승용,여,52세,경상
2022091300100172,2022년 9월 13일 11시,화요일,경상북도 영천시 고경면,경상사고,0,0,2,0,차대차 - 추돌,안전거리미확보,건조,맑음,단일로 - 기타,승용,남,37세,상해없음,승용,남,60세,경상
2022091300100202,2022년 9월 13일 12시,화요일,경상북도 문경시 문경읍,경상사고,0,0,1,0,차량단독 - 공작물충돌,안전운전불이행,건조,맑음,단일로 - 기타,승용,여,63세,경상,,,,
2022091300100231,2022년 9월 13일 13시,화요일,경상북도 포항시 북구 흥해읍,경상사고,0,0,1,0,차대사람 - 기타,안전운전불이행,건조,맑음,단일로 - 기타,승용,남,80세,상해없음,보행자,남,51세,경상
2022091300100260,2022년 9월 13일 14시,화요일,경상북도 경주시 황성동,경상사고,0,0,2,1,차대차 - 추돌,안전운전불이행,건조,맑음,단일로 - 기타,승용,남,32세,상해없음,승합,남,56세,경상
2022091300100261,2022년 9월 13일 14시,화요일,경상북도 경주시 동천동,중상사고,0,1,0,0,차대차 - 측면충돌,안전운전불이행,건조,맑음,교차로 - 교차로안,화물,남,43세,상해없음,자전거,여,69세,중상
2022091300100262,2022년 9월 13일 14시,화요일,경상북도 안동시 일직면,경상사고,0,0,1,0,차대차 - 기타,중앙선침범,건조,맑음,단일로 - 기타,승용,남,34세,상해없음,승용,남,37세,경상
2022091300100264,2022년 9월 13일 14시,화요일,경상북도 의성군 의성읍,경상사고,0,0,1,0,차대차 - 정면충돌,직진우회전진행방해,건조,맑음,교차로 - 교차로안,승용,여,60세,상해없음,자전거,남,80세,경상
2022091300100299,2022년 9월 13일 15시,화요일,경상북도 안동시 송현동,경상사고,0,0,1,0,차대차 - 기타,교차로운행방법위반,건조,맑음,교차로 - 교차로안,승용,여,22세,상해없음,승용,여,40세,경상
2022091300100300,2022년 9월 13일 15시,화요일,경상북도 김천시 부곡동,중상사고,0,1,0,0,차대차 - 추돌,안전거리미확보,건조,맑음,단일로 - 기타,승용,남,50세,상해없음,이륜,남,33세,중상
2022091300100331,2022년 9월 13일 16시,화요일,경상북도 상주시 남성동,중상사고,0,1,0,0,차대차 - 기타,안전운전불이행,건조,맑음,교차로 - 교차로부근,승용,여,51세,상해없음,자전거,여,73세,중상
2022091300100366,2022년 9월 13일 17시,화요일,경상북도 의성군 단북면,중상사고,0,2,0,0,차대차 - 측면충돌,기타,건조,맑음,교차로 - 교차로안,승용,여,35세,중상,화물,남,73세,중상
2022091300100367,2022년 9월 13일 17시,화요일,경상북도 성주군 수륜면,부상신고사고,0,0,0,1,차대사람 - 기타,안전운전불이행,건조,맑음,단일로 - 기타,승용,여,51세,상해없음,보행자,남,98세 이상,부상신고
2022091300100434,2022년 9월 13일 19시,화요일,경상북도 안동시 운안동,중상사고,0,1,0,0,차대사람 - 횡단중,보행자보호의무위반,건조,맑음,교차로 - 교차로횡단보도내,화물,남,60세,상해없음,보행자,여,29세,중상
2022091300100435,2022년 9월 13일 19시,화요일,경상북도 김천시 부곡동,중상사고,0,1,0,0,차대차 - 측면충돌,안전운전불이행,건조,맑음,교차로 - 교차로안,화물,남,78세,상해없음,이륜,남,39세,중상
2022091300100436,2022년 9월 13일 19시,화요일,경상북도 구미시 옥계동,경상사고,0,0,1,0,차대사람 - 기타,안전운전불이행,건조,맑음,단일로 - 기타,승용,여,29세,상해없음,보행자,남,24세,경상
2022091300100462,2022년 9월 13일 20시,화요일,경상북도 경산시 중방동,경상사고,0,0,2,0,차대사람 - 횡단중,보행자보호의무위반,건조,맑음,단일로 - 기타,승용,여,56세,상해없음,보행자,여,25세,경상
2022091300100463,2022년 9월 13일 20시,화요일,경상북도 구미시 송정동,경상사고,0,0,1,0,차대사람 - 횡단중,보행자보호의무위반,건조,맑음,교차로 - 교차로부근,승용,여,30세,상해없음,보행자,여,16세,경상
2022091300100482,2022년 9월 13일 21시,화요일,경상북도 김천시 감문면,경상사고,0,0,2,0,차대차 - 측면충돌,안전운전불이행,건조,맑음,교차로 - 교차로안,화물,남,59세,상해없음,승용,여,43세,경상
2022091400100053,2022년 9월 14일 07시,수요일,경상북도 안동시 운흥동,중상사고,0,1,0,0,차대차 - 기타,안전운전불이행,건조,맑음,교차로 - 교차로부근,승용,남,73세,상해없음,원동기,남,85세,중상
2022091400100096,2022년 9월 14일 08시,수요일,경상북도 경주시 충효동,경상사고,0,0,1,0,차대차 - 측면충돌,안전운전불이행,건조,맑음,교차로 - 교차로안,승용,여,45세,상해없음,자전거,남,29세,경상
2022091400100097,2022년 9월 14일 08시,수요일,경상북도 경산시 삼북동,중상사고,0,1,1,0,차대차 - 측면충돌,신호위반,건조,맑음,교차로 - 교차로안,승용,여,54세,상해없음,승용,남,59세,경상
2022091400100098,2022년 9월 14일 08시,수요일,경상북도 경산시 계양동,경상사고,0,0,1,0,차대차 - 측면충돌,안전운전불이행,건조,맑음,교차로 - 교차로안,승용,남,22세,상해없음,승용,남,28세,경상
2022091400100099,2022년 9월 14일 08시,수요일,경상북도 성주군 월항면,경상사고,0,0,2,0,차대차 - 측면충돌,신호위반,건조,맑음,교차로 - 교차로안,화물,남,72세,상해없음,화물,남,72세,경상
2022091400100100,2022년 9월 14일 08시,수요일,경상북도 울진군 울진읍,중상사고,0,1,0,0,차량단독 - 공작물충돌,기타,건조,맑음,단일로 - 기타,승용,여,58세,중상,,,,
2022091400100137,2022년 9월 14일 09시,수요일,경상북도 경산시 진량읍,경상사고,0,0,1,0,차대차 - 정면충돌,신호위반,건조,맑음,교차로 - 교차로안,승용,남,41세,상해없음,승용,남,56세,경상
2022091400100165,2022년 9월 14일 10시,수요일,경상북도 상주시 사벌국면,중상사고,0,1,1,0,차대차 - 측면충돌,중앙선침범,건조,맑음,단일로 - 기타,승용,여,34세,경상,건설기계,남,54세,중상
2022091400100166,2022년 9월 14일 10시,수요일,경상북도 구미시 도량동,경상사고,0,0,2,0,차대차 - 기타,신호위반,건조,맑음,교차로 - 교차로안,승용,여,71세,상해없음,승용,여,33세,경상
2022091400100229,2022년 9월 14일 12시,수요일,경상북도 영주시 가흥동,경상사고,0,0,1,0,차대차 - 추돌,안전운전불이행,건조,맑음,단일로 - 기타,승용,여,61세,상해없음,승용,여,63세,경상
2022091400100230,2022년 9월 14일 12시,수요일,경상북도 구미시 선산읍,사망사고,1,0,0,0,차량단독 - 공작물충돌,안전운전불이행,건조,맑음,단일로 - 기타,화물,남,77세,사망,,,,
2022091400100282,2022년 9월 14일 14시,수요일,경상북도 포항시 북구 죽도동,중상사고,0,1,0,0,차대차 - 측면충돌,안전운전불이행,건조,맑음,단일로 - 기타,이륜,남,29세,상해없음,자전거,남,59세,중상
2022091400100283,2022년 9월 14일 14시,수요일,경상북도 상주시 무양동,경상사고,0,0,1,0,차대차 - 측면충돌,안전거리미확보,건조,맑음,단일로 - 기타,승용,남,70세,상해없음,승용,남,26세,경상
2022091400100310,2022년 9월 14일 15시,수요일,경상북도 성주군 월항면,경상사고,0,0,1,0,차대차 - 측면충돌,안전운전불이행,건조,맑음,단일로 - 기타,승용,남,80세,상해없음,승용,여,42세,경상
2022091400100337,2022년 9월 14일 16시,수요일,경상북도 포항시 남구 동해면,경상사고,0,0,1,0,차대차 - 정면충돌,기타,건조,맑음,교차로 - 교차로안,승용,남,81세,상해없음,자전거,남,9세,경상
2022091400100338,2022년 9월 14일 16시,수요일,경상북도 포항시 남구 연일읍,부상신고사고,0,0,0,1,차대차 - 측면충돌,안전운전불이행,건조,맑음,교차로 - 교차로안,자전거,남,13세,부상신고,승용,여,58세,상해없음
2022091400100381,2022년 9월 14일 17시,수요일,경상북도 안동시 풍산읍,경상사고,0,0,2,0,차대차 - 추돌,안전운전불이행,건조,맑음,단일로 - 기타,화물,남,67세,상해없음,승용,여,50세,경상
2022091400100417,2022년 9월 14일 18시,수요일,경상북도 구미시 원평동,경상사고,0,0,1,0,차대차 - 측면충돌,직진우회전진행방해,건조,맑음,교차로 - 교차로안,승용,남,49세,상해없음,자전거,남,73세,경상
2022091400100455,2022년 9월 14일 19시,수요일,경상북도 포항시 남구 연일읍,중상사고,0,1,0,0,차대차 - 추돌,안전운전불이행,건조,맑음,단일로 - 기타,화물,여,75세,상해없음,자전거,남,67세,중상
2022091400100508,2022년 9월 14일 21시,수요일,경상북도 경주시 동천동,경상사고,0,0,2,0,차대차 - 추돌,안전운전불이행,건조,맑음,단일로 - 기타,승용,남,51세,상해없음,화물,남,33세,경상
2022091400100531,2022년 9월 14일 23시,수요일,경상북도 안동시 북후면,사망사고,1,0,0,0,차량단독 - 전도전복 - 전도,안전운전불이행,건조,맑음,단일로 - 기타,화물,남,69세,사망,,,,
2022091400100532,2022년 9월 14일 23시,수요일,경상북도 김천시 어모면,부상신고사고,0,0,0,1,차대차 - 측면충돌,중앙선침범,건조,맑음,교차로 - 교차로안,승용,여,54세,부상신고,승용,남,54세,상해없음
2022091500100007,2022년 9월 15일 00시,목요일,경상북도 경산시 남방동,경상사고,0,0,1,0,차대차 - 기타,중앙선침범,건조,맑음,단일로 - 기타,승용,남,25세,상해없음,승용,남,29세,경상
2022091500100014,2022년 9월 15일 01시,목요일,경상북도 경주시 석장동,경상사고,0,0,1,0,차대사람 - 기타,안전운전불이행,건조,맑음,단일로 - 기타,승용,남,24세,상해없음,보행자,남,29세,경상
2022091500100041,2022년 9월 15일 05시,목요일,경상북도 경산시 옥산동,경상사고,0,0,1,0,차대사람 - 횡단중,신호위반,건조,맑음,단일로 - 기타,승용,남,60세,상해없음,보행자,남,49세,경상
2022091500100065,2022년 9월 15일 07시,목요일,경상북도 안동시 일직면,중상사고,0,1,0,0,차대차 - 기타,안전운전불이행,건조,맑음,단일로 - 기타,승용,남,39세,상해없음,농기계,남,77세,중상
2022091500100066,2022년 9월 15일 07시,목요일,경상북도 영주시 안정면,중상사고,0,1,0,0,차대사람 - 기타,안전운전불이행,건조,맑음,단일로 - 기타,승용,여,73세,상해없음,보행자,여,76세,중상
2022091500100134,2022년 9월 15일 09시,목요일,경상북도 김천시 신음동,경상사고,0,0,2,0,차대차 - 추돌,안전운전불이행,건조,맑음,교차로 - 교차로횡단보도내,승용,남,28세,상해없음,승용,여,51세,경상
2022091500100160,2022년 9월 15일 10시,목요일,경상북도 구미시 선산읍,중상사고,0,2,0,0,차대차 - 측면충돌,신호위반,건조,맑음,교차로 - 교차로안,승용,여,40세,상해없음,화물,남,78세,중상
2022091500100214,2022년 9월 15일 12시,목요일,경상북도 경주시 외동읍,중상사고,0,1,1,0,차대차 - 측면충돌,신호위반,건조,맑음,교차로 - 교차로안,원동기,남,78세,중상,승용,남,58세,경상
2022091500100215,2022년 9월 15일 12시,목요일,경상북도 칠곡군 북삼읍,중상사고,0,2,0,0,차대차 - 측면충돌,기타,건조,맑음,교차로 - 교차로안,화물,남,35세,중상,승용,남,69세,중상
2022091500100216,2022년 9월 15일 12시,목요일,경상북도 영천시 화북면,경상사고,0,0,3,0,차대차 - 측면충돌,안전운전불이행,건조,맑음,단일로 - 기타,화물,남,79세,경상,승용,남,63세,경상
2022091500100217,2022년 9월 15일 12시,목요일,경상북도 경산시 평산동,경상사고,0,0,1,0,차대차 - 측면충돌,안전운전불이행,건조,맑음,교차로 - 교차로부근,승용,남,67세,상해없음,승용,여,53세,경상
2022091500100237,2022년 9월 15일 13시,목요일,경상북도 경주시 도지동,중상사고,0,2,0,0,차대차 - 측면충돌,안전운전불이행,건조,맑음,교차로 - 교차로부근,이륜,여,28세,중상,화물,남,72세,상해없음
2022091500100238,2022년 9월 15일 13시,목요일,경상북도 포항시 북구 죽장면,경상사고,0,0,1,0,차대차 - 기타,안전운전불이행,젖음/습기,맑음,단일로 - 기타,기타불명,기타불명,미분류,기타불명,이륜,남,52세,경상
2022091500100239,2022년 9월 15일 13시,목요일,경상북도 안동시 풍산읍,경상사고,0,0,1,0,차대차 - 측면충돌,안전운전불이행,건조,맑음,교차로 - 교차로안,승용,여,61세,상해없음,화물,남,70세,경상
2022091500100288,2022년 9월 15일 15시,목요일,경상북도 경주시 안강읍,경상사고,0,0,1,0,차대차 - 추돌,안전운전불이행,건조,맑음,단일로 - 기타,화물,남,61세,경상,화물,남,78세,상해없음
2022091500100289,2022년 9월 15일 15시,목요일,경상북도 안동시 옥정동,경상사고,0,0,1,0,차대차 - 측면충돌,안전운전불이행,건조,맑음,기타 - 기타,승용,남,56세,상해없음,승용,여,48세,경상
2022091500100290,2022년 9월 15일 15시,목요일,경상북도 상주시 내서면,경상사고,0,0,2,0,차대차 - 측면충돌,신호위반,건조,맑음,단일로 - 기타,특수,남,62세,상해없음,승용,남,51세,경상
2022091500100328,2022년 9월 15일 16시,목요일,경상북도 영덕군 남정면,경상사고,0,0,2,0,차대차 - 추돌,안전거리미확보,건조,맑음,단일로 - 기타,이륜,남,32세,경상,승용,여,24세,경상
2022091500100329,2022년 9월 15일 16시,목요일,경상북도 봉화군 춘양면,경상사고,0,0,2,0,차대차 - 측면충돌,교차로운행방법위반,건조,맑음,교차로 - 교차로안,승용,여,56세,경상,화물,남,68세,경상