사고번호,사고일시,요일,시군구,사고내용,사망자수,중상자수,경상자수,부상신고자수,사고유형,법규위반,노면상태,기상상태,도로형태,가해운전자 차종,가해운전자 성별,가해운전자 연령,가해운전자 상해정도,피해운전자 차종,피해운전자 성별,피해운전자 연령,피해운전자 상해정도
2022091500100330,2022년 9월 15일 16시,목요일,경상북도 구미시 도량동,중상사고,0,1,0,0,차대차 - 측면충돌,안전운전불이행,건조,맑음,교차로 - 교차로안,화물,남,68세,상해없음,이륜,남,30세,중상
2022091500100331,2022년 9월 15일 16시,목요일,경상북도 의성군 안평면,중상사고,0,1,0,0,차대차 - 추돌,안전운전불이행,건조,맑음,단일로 - 기타,화물,남,62세,상해없음,화물,남,71세,중상
2022091500100360,2022년 9월 15일 17시,목요일,경상북도 포항시 북구 죽도동,중상사고,0,1,0,0,차대차 - 측면충돌,안전운전불이행,건조,맑음,교차로 - 교차로횡단보도내,승용,여,26세,기타불명,자전거,남,14세,중상
2022091500100361,2022년 9월 15일 17시,목요일,경상북도 구미시 송정동,경상사고,0,0,1,0,차대차 - 측면충돌,안전운전불이행,건조,맑음,단일로 - 기타,승용,여,71세,상해없음,이륜,남,28세,경상
2022091500100362,2022년 9월 15일 17시,목요일,경상북도 구미시 공단동,경상사고,0,0,1,0,차대차 - 측면충돌,안전운전불이행,건조,맑음,교차로 - 교차로안,승용,남,50세,상해없음,승용,남,29세,경상
2022091500100363,2022년 9월 15일 17시,목요일,경상북도 포항시 남구 동촌동,경상사고,0,0,4,0,차대차 - 측면충돌,안전운전불이행,건조,맑음,교차로 - 교차로안,승용,남,44세,상해없음,승용,여,39세,경상
2022091500100364,2022년 9월 15일 17시,목요일,경상북도 칠곡군 가산면,중상사고,0,2,5,0,차대차 - 추돌,안전운전불이행,건조,맑음,기타 - 기타,승용,남,43세,경상,승용,남,23세,경상
2022091500100398,2022년 9월 15일 18시,목요일,경상북도 상주시 신봉동,경상사고,0,0,3,0,차대차 - 측면충돌,교차로운행방법위반,건조,맑음,교차로 - 교차로안,승용,남,40세,상해없음,승용,남,60세,경상
2022091500100399,2022년 9월 15일 18시,목요일,경상북도 영천시 조교동,경상사고,0,0,3,0,차대차 - 정면충돌,신호위반,건조,맑음,교차로 - 교차로안,이륜,남,61세,상해없음,승용,남,63세,경상
2022091500100441,2022년 9월 15일 19시,목요일,경상북도 고령군 대가야읍,경상사고,0,0,1,0,차대차 - 측면충돌,기타,건조,맑음,교차로 - 교차로부근,화물,남,55세,상해없음,승용,남,28세,경상
2022091500100442,2022년 9월 15일 19시,목요일,경상북도 구미시 선산읍,중상사고,0,1,0,1,차대차 - 측면충돌,안전운전불이행,건조,맑음,교차로 - 교차로안,승용,남,65세,부상신고,승합,남,67세,중상
2022091500100443,2022년 9월 15일 19시,목요일,경상북도 구미시 진평동,중상사고,0,1,0,0,차대사람 - 기타,안전운전불이행,건조,맑음,단일로 - 기타,화물,남,69세,상해없음,보행자,남,61세,중상
2022091500100477,2022년 9월 15일 20시,목요일,경상북도 영양군 영양읍,중상사고,0,1,0,0,차대사람 - 차도통행중,기타,건조,맑음,단일로 - 기타,승용,남,53세,상해없음,보행자,여,79세,중상
2022091500100478,2022년 9월 15일 20시,목요일,경상북도 구미시 고아읍,중상사고,0,2,0,0,차대차 - 기타,안전운전불이행,건조,맑음,단일로 - 기타,승용,남,44세,상해없음,화물,남,41세,중상
2022091500100494,2022년 9월 15일 21시,목요일,경상북도 구미시 시미동,경상사고,0,0,2,0,차대차 - 기타,안전운전불이행,건조,맑음,기타 - 기타,승용,남,33세,경상,승용,여,59세,경상
2022091500100495,2022년 9월 15일 21시,목요일,경상북도 포항시 남구 대도동,중상사고,0,1,0,0,차대사람 - 횡단중,안전운전불이행,건조,맑음,단일로 - 지하차도(도로)내,승용,남,34세,상해없음,보행자,여,46세,중상
2022091500100514,2022년 9월 15일 22시,목요일,경상북도 포항시 남구 오천읍,경상사고,0,0,1,0,차대차 - 기타,직진우회전진행방해,건조,맑음,교차로 - 교차로안,자전거,여,64세,경상,승용,여,25세,상해없음
2022091500100529,2022년 9월 15일 23시,목요일,경상북도 포항시 북구 창포동,경상사고,0,0,2,0,차대차 - 추돌,안전운전불이행,건조,맑음,단일로 - 기타,승용,남,35세,상해없음,승용,남,63세,경상
2022091600100006,2022년 9월 16일 00시,금요일,경상북도 포항시 북구 우현동,경상사고,0,0,2,0,차대차 - 추돌,안전운전불이행,건조,맑음,교차로 - 교차로부근,승용,남,39세,상해없음,승용,남,52세,경상
2022091600100007,2022년 9월 16일 00시,금요일,경상북도 포항시 북구 두호동,경상사고,0,0,1,0,차량단독 - 기타,안전운전불이행,건조,맑음,교차로 - 교차로안,승용,남,62세,상해없음,,,,
2022091600100031,2022년 9월 16일 03시,금요일,경상북도 경주시 율동,경상사고,0,0,1,0,차대차 - 추돌,안전운전불이행,건조,맑음,단일로 - 기타,승용,남,48세,상해없음,승용,남,24세,상해없음
2022091600100032,2022년 9월 16일 03시,금요일,경상북도 포항시 남구 오천읍,중상사고,0,1,0,0,차대사람 - 횡단중,안전운전불이행,건조,맑음,단일로 - 지하차도(도로)내,승용,남,61세,상해없음,보행자,남,57세,중상
2022091600100058,2022년 9월 16일 06시,금요일,경상북도 포항시 북구 창포동,중상사고,0,1,0,0,차량단독 - 기타,기타,건조,맑음,교차로 - 교차로안,화물,남,59세,기타불명,,,,
2022091600100080,2022년 9월 16일 07시,금요일,경상북도 의성군 의성읍,중상사고,0,1,1,0,차대차 - 추돌,안전운전불이행,건조,맑음,교차로 - 교차로부근,화물,남,54세,중상,화물,남,65세,경상
2022091600100123,2022년 9월 16일 08시,금요일,경상북도 포항시 북구 득량동,경상사고,0,0,2,0,차대차 - 추돌,안전거리미확보,건조,맑음,단일로 - 기타,승용,남,59세,상해없음,승용,여,40세,경상
2022091600100160,2022년 9월 16일 09시,금요일,경상북도 포항시 북구 우현동,경상사고,0,0,1,0,차대차 - 기타,안전운전불이행,건조,맑음,단일로 - 기타,승용,남,54세,기타불명,승용,여,32세,경상
2022091600100216,2022년 9월 16일 11시,금요일,경상북도 안동시 풍산읍,중상사고,0,1,2,0,차대차 - 정면충돌,기타,건조,맑음,교차로 - 교차로안,승용,남,53세,상해없음,승용,남,73세,중상
2022091600100217,2022년 9월 16일 11시,금요일,경상북도 영주시 가흥동,중상사고,0,1,0,0,차대차 - 측면충돌,안전운전불이행,건조,맑음,단일로 - 기타,승용,남,62세,상해없음,이륜,남,28세,중상
2022091600100282,2022년 9월 16일 13시,금요일,경상북도 포항시 남구 송내동,경상사고,0,0,1,0,차대차 - 측면충돌,안전운전불이행,건조,맑음,교차로 - 교차로부근,승용,남,42세,상해없음,승용,여,48세,경상
2022091600100309,2022년 9월 16일 14시,금요일,경상북도 경산시 평산동,경상사고,0,0,2,0,차대차 - 측면충돌,차로위반,건조,맑음,단일로 - 지하차도(도로)내,승용,남,19세,상해없음,승용,남,29세,경상
2022091600100339,2022년 9월 16일 15시,금요일,경상북도 경산시 갑제동,중상사고,0,1,0,0,차대차 - 측면충돌,신호위반,건조,맑음,교차로 - 교차로안,승용,여,48세,상해없음,자전거,여,59세,중상
2022091600100340,2022년 9월 16일 15시,금요일,경상북도 청도군 청도읍,중상사고,0,1,0,0,차대차 - 측면충돌,교차로운행방법위반,건조,맑음,교차로 - 교차로안,승용,여,29세,상해없음,사륜오토바이(ATV),여,76세,중상
2022091600100341,2022년 9월 16일 15시,금요일,경상북도 청도군 청도읍,경상사고,0,0,1,0,차대차 - 정면충돌,신호위반,건조,맑음,교차로 - 교차로안,화물,남,76세,상해없음,승용,여,32세,경상
2022091600100342,2022년 9월 16일 15시,금요일,경상북도 구미시 도량동,중상사고,0,1,0,0,차대차 - 측면충돌,안전운전불이행,건조,맑음,교차로 - 교차로안,승용,여,56세,상해없음,자전거,남,70세,중상
2022091600100384,2022년 9월 16일 16시,금요일,경상북도 경주시 문무대왕면,경상사고,0,0,3,0,차대차 - 기타,안전운전불이행,건조,맑음,기타 - 기타,화물,남,75세,상해없음,승용,남,41세,기타불명
2022091600100385,2022년 9월 16일 16시,금요일,경상북도 칠곡군 동명면,중상사고,0,1,2,0,차대차 - 측면충돌,안전운전불이행,건조,맑음,단일로 - 기타,화물,남,60세,상해없음,승용,남,61세,경상
2022091600100386,2022년 9월 16일 16시,금요일,경상북도 칠곡군 왜관읍,경상사고,0,0,2,0,차대차 - 측면충돌,안전운전불이행,건조,맑음,단일로 - 기타,화물,남,60세,상해없음,승용,남,34세,경상
2022091600100387,2022년 9월 16일 16시,금요일,경상북도 문경시 동로면,경상사고,0,0,1,0,차대사람 - 횡단중,안전운전불이행,건조,맑음,기타 - 기타,승용,남,67세,상해없음,보행자,남,74세,경상
2022091600100388,2022년 9월 16일 16시,금요일,경상북도 포항시 남구 구룡포읍,중상사고,0,1,0,0,차량단독 - 공작물충돌,안전운전불이행,젖음/습기,흐림,주차장 - 주차장,화물,남,55세,중상,,,,
2022091600100436,2022년 9월 16일 17시,금요일,경상북도 칠곡군 북삼읍,경상사고,0,0,1,0,차대사람 - 횡단중,안전운전불이행,건조,맑음,교차로 - 교차로안,승용,남,44세,상해없음,보행자,여,66세,경상
2022091600100437,2022년 9월 16일 17시,금요일,경상북도 칠곡군 왜관읍,경상사고,0,0,1,1,차대차 - 측면충돌,교차로운행방법위반,건조,맑음,교차로 - 교차로안,승용,여,47세,상해없음,승용,남,72세,경상
2022091600100438,2022년 9월 16일 17시,금요일,경상북도 경산시 하양읍,경상사고,0,0,1,0,차대사람 - 횡단중,안전운전불이행,건조,맑음,교차로 - 교차로안,승용,남,23세,상해없음,보행자,남,22세,경상
2022091600100496,2022년 9월 16일 18시,금요일,경상북도 안동시 풍천면,중상사고,0,1,1,0,차대차 - 측면충돌,신호위반,건조,맑음,교차로 - 교차로안,이륜,남,59세,경상,승용,남,23세,상해없음
2022091600100497,2022년 9월 16일 18시,금요일,경상북도 안동시 녹전면,경상사고,0,0,1,0,차대차 - 측면충돌,중앙선침범,건조,맑음,단일로 - 기타,승용,남,33세,상해없음,농기계,남,61세,경상
2022091600100498,2022년 9월 16일 18시,금요일,경상북도 문경시 문경읍,중상사고,0,2,0,0,차대차 - 정면충돌,중앙선침범,건조,맑음,단일로 - 기타,화물,남,66세,중상,승용,남,60세,중상
2022091600100499,2022년 9월 16일 18시,금요일,경상북도 영덕군 병곡면,중상사고,0,1,1,0,차대차 - 측면충돌,기타,건조,맑음,교차로 - 교차로안,화물,남,66세,상해없음,승용,여,48세,중상
2022091600100500,2022년 9월 16일 18시,금요일,경상북도 청도군 화양읍,중상사고,0,1,0,0,차대차 - 측면충돌,교차로운행방법위반,건조,맑음,교차로 - 교차로안,화물,남,74세,중상,화물,남,72세,상해없음
2022091600100501,2022년 9월 16일 18시,금요일,경상북도 청송군 청송읍,부상신고사고,0,0,0,1,차대차 - 측면충돌,안전운전불이행,건조,맑음,단일로 - 지하차도(도로)내,승용,여,31세,상해없음,이륜,남,34세,부상신고
2022091600100502,2022년 9월 16일 18시,금요일,경상북도 구미시 옥계동,중상사고,0,1,0,0,차대사람 - 기타,안전운전불이행,건조,맑음,교차로 - 교차로안,승용,남,42세,상해없음,보행자,여,91세,중상
2022091600100503,2022년 9월 16일 18시,금요일,경상북도 구미시 도량동,경상사고,0,0,1,0,차대차 - 추돌,안전운전불이행,건조,맑음,단일로 - 기타,승용,남,59세,상해없음,승용,남,47세,경상
2022091600100504,2022년 9월 16일 18시,금요일,경상북도 포항시 남구 대잠동,경상사고,0,0,1,0,차대사람 - 기타,안전운전불이행,건조,맑음,교차로 - 교차로부근,승용,남,50세,상해없음,보행자,남,11세,경상
2022091600100505,2022년 9월 16일 18시,금요일,경상북도 포항시 남구 오천읍,경상사고,0,0,2,0,차대차 - 측면충돌,안전운전불이행,건조,맑음,단일로 - 기타,승용,남,39세,경상,이륜,남,49세,경상
2022091600100564,2022년 9월 16일 19시,금요일,경상북도 영천시 망정동,경상사고,0,0,1,0,차대차 - 측면충돌,신호위반,건조,맑음,교차로 - 교차로부근,승용,남,36세,상해없음,이륜,남,16세,경상
2022091600100565,2022년 9월 16일 19시,금요일,경상북도 고령군 대가야읍,중상사고,0,1,0,0,차대사람 - 횡단중,안전운전불이행,건조,맑음,단일로 - 기타,원동기,남,21세,상해없음,보행자,여,69세,중상
2022091600100566,2022년 9월 16일 19시,금요일,경상북도 포항시 남구 효자동,경상사고,0,0,3,0,차대차 - 측면충돌,안전운전불이행,건조,맑음,교차로 - 교차로횡단보도내,승용,여,50세,경상,이륜,남,19세,경상
2022091600100567,2022년 9월 16일 19시,금요일,경상북도 포항시 남구 장흥동,경상사고,0,0,2,0,차대차 - 측면충돌,교차로운행방법위반,건조,맑음,교차로 - 교차로안,승용,남,60세,상해없음,특수,남,64세,경상
2022091600100613,2022년 9월 16일 20시,금요일,경상북도 군위군 군위읍,경상사고,0,0,1,0,차량단독 - 기타,안전운전불이행,건조,맑음,단일로 - 기타,이륜,남,77세,경상,,,,
2022091600100637,2022년 9월 16일 21시,금요일,경상북도 구미시 양호동,중상사고,0,1,0,0,차대사람 - 횡단중,보행자보호의무위반,건조,맑음,단일로 - 기타,승용,남,23세,상해없음,보행자,남,20세,중상
2022091600100638,2022년 9월 16일 21시,금요일,경상북도 구미시 산동읍,중상사고,0,1,0,0,차대사람 - 기타,기타,건조,맑음,교차로 - 교차로안,이륜,남,47세,상해없음,보행자,여,7세,중상
2022091700100104,2022년 9월 17일 07시,토요일,경상북도 김천시 대광동,경상사고,0,0,2,0,차대차 - 측면충돌,차로위반,건조,맑음,교차로 - 교차로부근,승용,여,63세,경상,화물,남,59세,경상
2022091700100124,2022년 9월 17일 08시,토요일,경상북도 안동시 풍산읍,사망사고,2,1,0,0,차대차 - 정면충돌,중앙선침범,건조,맑음,단일로 - 기타,승용,여,42세,사망,승용,남,62세,사망
2022091700100125,2022년 9월 17일 08시,토요일,경상북도 영덕군 강구면,경상사고,0,0,1,0,차대차 - 추돌,안전운전불이행,건조,맑음,단일로 - 기타,승용,남,35세,상해없음,화물,남,74세,경상
2022091700100149,2022년 9월 17일 09시,토요일,경상북도 구미시 고아읍,경상사고,0,0,2,1,차대차 - 추돌,안전운전불이행,건조,맑음,단일로 - 기타,화물,남,64세,상해없음,승용,여,55세,부상신고
2022091700100176,2022년 9월 17일 10시,토요일,경상북도 경주시 외동읍,경상사고,0,0,1,0,차대차 - 기타,안전운전불이행,건조,맑음,교차로 - 교차로부근,화물,남,67세,상해없음,화물,남,48세,경상
2022091700100177,2022년 9월 17일 10시,토요일,경상북도 포항시 북구 득량동,경상사고,0,0,1,0,차대사람 - 횡단중,보행자보호의무위반,건조,맑음,단일로 - 기타,승용,남,69세,상해없음,보행자,여,60세,경상
2022091700100178,2022년 9월 17일 10시,토요일,경상북도 안동시 서후면,경상사고,0,0,2,0,차대차 - 기타,안전운전불이행,건조,맑음,단일로 - 기타,건설기계,남,61세,상해없음,승용,여,55세,경상
2022091700100179,2022년 9월 17일 10시,토요일,경상북도 상주시 모서면,경상사고,0,0,2,0,차대차 - 측면충돌,교차로운행방법위반,건조,맑음,교차로 - 교차로안,농기계,남,64세,상해없음,승용,남,56세,경상
2022091700100214,2022년 9월 17일 11시,토요일,경상북도 포항시 남구 대도동,경상사고,0,0,1,0,차대차 - 측면충돌,직진우회전진행방해,건조,맑음,교차로 - 교차로안,화물,남,44세,상해없음,승용,남,58세,경상
2022091700100253,2022년 9월 17일 12시,토요일,경상북도 영주시 영주동,경상사고,0,0,2,0,차대차 - 측면충돌,안전운전불이행,건조,맑음,기타 - 기타,승용,여,53세,기타불명,승용,남,32세,경상
2022091700100254,2022년 9월 17일 12시,토요일,경상북도 구미시 구평동,중상사고,0,1,0,0,차대사람 - 기타,안전운전불이행,건조,맑음,기타 - 기타,승용,여,42세,상해없음,보행자,남,62세,중상
2022091700100287,2022년 9월 17일 13시,토요일,경상북도 구미시 인의동,경상사고,0,0,1,0,차대사람 - 횡단중,보행자보호의무위반,건조,맑음,단일로 - 기타,승용,여,63세,상해없음,보행자,여,9세,경상
2022091700100321,2022년 9월 17일 14시,토요일,경상북도 문경시 가은읍,경상사고,0,0,1,0,차대차 - 기타,안전운전불이행,건조,맑음,교차로 - 교차로부근,화물,남,81세,상해없음,화물,남,49세,경상
2022091700100322,2022년 9월 17일 14시,토요일,경상북도 성주군 성주읍,중상사고,0,1,0,0,차대차 - 추돌,안전운전불이행,건조,맑음,교차로 - 교차로안,승용,여,51세,상해없음,자전거,남,93세,중상
2022091700100362,2022년 9월 17일 15시,토요일,경상북도 포항시 남구 오천읍,경상사고,0,0,3,0,차대차 - 기타,신호위반,건조,맑음,단일로 - 지하차도(도로)내,승용,남,24세,경상,승용,남,18세,경상
2022091700100393,2022년 9월 17일 16시,토요일,경상북도 영주시 가흥동,경상사고,0,0,1,0,차대차 - 측면충돌,안전운전불이행,건조,맑음,단일로 - 기타,승용,남,58세,기타불명,승용,남,21세,경상
2022091700100394,2022년 9월 17일 16시,토요일,경상북도 포항시 남구 오천읍,경상사고,0,0,3,0,차대차 - 측면충돌,교차로운행방법위반,건조,맑음,교차로 - 교차로안,승용,여,61세,상해없음,승용,여,46세,경상
2022091700100439,2022년 9월 17일 17시,토요일,경상북도 경주시 감포읍,중상사고,0,1,2,0,차대차 - 측면충돌,안전운전불이행,건조,맑음,교차로 - 교차로안,화물,남,85세,상해없음,승용,여,44세,중상
2022091700100440,2022년 9월 17일 17시,토요일,경상북도 상주시 함창읍,경상사고,0,0,3,0,차대차 - 정면충돌,안전운전불이행,건조,맑음,단일로 - 기타,화물,남,60세,경상,승용,여,65세,경상
2022091700100441,2022년 9월 17일 17시,토요일,경상북도 청도군 금천면,경상사고,0,0,4,0,차대차 - 정면충돌,중앙선침범,건조,맑음,단일로 - 기타,승용,남,77세,경상,특수,남,45세,경상
2022091700100478,2022년 9월 17일 18시,토요일,경상북도 포항시 북구 장성동,경상사고,0,0,2,0,차대차 - 측면충돌,안전운전불이행,건조,맑음,교차로 - 교차로부근,승용,여,56세,경상,승용,여,38세,경상
2022091700100479,2022년 9월 17일 18시,토요일,경상북도 안동시 송현동,경상사고,0,0,1,0,차대사람 - 기타,보행자보호의무위반,건조,맑음,교차로 - 교차로횡단보도내,승용,남,66세,상해없음,보행자,남,17세,경상
2022091700100480,2022년 9월 17일 18시,토요일,경상북도 포항시 남구 대잠동,경상사고,0,0,1,0,차대차 - 정면충돌,신호위반,건조,맑음,교차로 - 교차로안,승용,남,78세,상해없음,이륜,남,26세,경상
2022091700100510,2022년 9월 17일 19시,토요일,경상북도 경주시 용강동,경상사고,0,0,1,0,차대사람 - 횡단중,안전운전불이행,건조,맑음,교차로 - 교차로부근,승용,여,26세,상해없음,보행자,남,79세,경상
2022091700100511,2022년 9월 17일 19시,토요일,경상북도 포항시 북구 흥해읍,경상사고,0,0,4,0,차대차 - 기타,안전운전불이행,젖음/습기,비,교차로 - 교차로안,승용,여,36세,경상,승용,남,27세,경상
2022091700100512,2022년 9월 17일 19시,토요일,경상북도 칠곡군 가산면,경상사고,0,0,1,0,차대차 - 측면충돌,신호위반,건조,맑음,기타 - 기타,승용,남,51세,상해없음,화물,남,57세,경상
2022091700100556,2022년 9월 17일 20시,토요일,경상북도 포항시 남구 동촌동,부상신고사고,0,0,0,1,차대차 - 측면충돌,신호위반,건조,맑음,교차로 - 교차로안,자전거,남,41세,부상신고,승용,남,43세,상해없음
2022091800100023,2022년 9월 18일 03시,일요일,경상북도 경주시 구황동,부상신고사고,0,0,0,1,차량단독 - 기타,안전운전불이행,건조,맑음,단일로 - 기타,이륜,남,37세,부상신고,,,,
2022091800100037,2022년 9월 18일 05시,일요일,경상북도 안동시 용상동,경상사고,0,0,1,0,차대차 - 기타,신호위반,젖음/습기,안개,교차로 - 교차로안,승용,남,29세,상해없음,승용,여,44세,경상
2022091800100048,2022년 9월 18일 07시,일요일,경상북도 칠곡군 왜관읍,경상사고,0,0,1,0,차대차 - 측면충돌,기타,건조,맑음,교차로 - 교차로안,승용,남,30세,상해없음,원동기,남,50세,경상
2022091800100148,2022년 9월 18일 12시,일요일,경상북도 청도군 운문면,경상사고,0,0,3,0,차대차 - 측면충돌,안전운전불이행,건조,맑음,단일로 - 기타,승용,여,71세,상해없음,승용,남,35세,경상
2022091800100230,2022년 9월 18일 15시,일요일,경상북도 경주시 황오동,경상사고,0,0,4,0,차대차 - 추돌,안전운전불이행,건조,맑음,단일로 - 기타,승용,남,52세,상해없음,승용,남,35세,경상
2022091800100251,2022년 9월 18일 16시,일요일,경상북도 상주시 함창읍,경상사고,0,0,1,0,차대차 - 측면충돌,차로위반,건조,맑음,단일로 - 기타,승용,남,66세,상해없음,승합,남,46세,경상
2022091800100252,2022년 9월 18일 16시,일요일,경상북도 칠곡군 석적읍,부상신고사고,0,0,0,1,차대차 - 측면충돌,직진우회전진행방해,건조,맑음,교차로 - 교차로안,승용,여,19세,상해없음,자전거,남,11세,부상신고
2022091800100253,2022년 9월 18일 16시,일요일,경상북도 칠곡군 석적읍,경상사고,0,0,1,0,차대차 - 정면충돌,안전운전불이행,건조,맑음,주차장 - 주차장,자전거,남,9세,경상,승용,남,32세,상해없음
2022091800100281,2022년 9월 18일 17시,일요일,경상북도 경주시 천군동,중상사고,0,1,1,0,차대차 - 측면충돌,안전운전불이행,건조,맑음,단일로 - 기타,승용,여,34세,상해없음,화물,남,78세,경상
2022091800100282,2022년 9월 18일 17시,일요일,경상북도 포항시 북구 두호동,경상사고,0,0,2,0,차대차 - 측면충돌,안전운전불이행,건조,맑음,교차로 - 교차로안,승용,남,50세,상해없음,승용,여,48세,경상
2022091800100283,2022년 9월 18일 17시,일요일,경상북도 안동시 용상동,부상신고사고,0,0,0,1,차대차 - 기타,안전운전불이행,건조,맑음,교차로 - 교차로부근,승용,여,56세,상해없음,자전거,남,7세,부상신고
2022091800100284,2022년 9월 18일 17시,일요일,경상북도 봉화군 명호면,중상사고,0,1,0,0,차대차 - 후진중충돌,안전운전불이행,건조,맑음,주차장 - 주차장,승용,남,59세,상해없음,자전거,남,79세,중상
2022091800100317,2022년 9월 18일 18시,일요일,경상북도 경산시 남방동,중상사고,0,1,0,0,차대차 - 추돌,안전운전불이행,건조,맑음,단일로 - 기타,승용,남,70세,상해없음,승용,남,48세,중상
2022091800100318,2022년 9월 18일 18시,일요일,경상북도 경산시 진량읍,경상사고,0,0,1,0,차대차 - 측면충돌,신호위반,건조,맑음,교차로 - 교차로안,승용,남,67세,상해없음,이륜,남,24세,경상
2022091800100319,2022년 9월 18일 18시,일요일,경상북도 구미시 인의동,중상사고,0,1,0,0,차대사람 - 횡단중,보행자보호의무위반,건조,맑음,교차로 - 교차로부근,승용,남,26세,상해없음,보행자,남,56세,중상
2022091800100351,2022년 9월 18일 19시,일요일,경상북도 구미시 형곡동,경상사고,0,0,1,0,차대차 - 측면충돌,신호위반,건조,맑음,교차로 - 교차로안,승용,남,57세,상해없음,이륜,남,36세,경상
2022091800100406,2022년 9월 18일 21시,일요일,경상북도 영주시 가흥동,중상사고,0,1,0,0,차대차 - 측면충돌,교차로운행방법위반,건조,맑음,교차로 - 교차로안,승용,남,65세,기타불명,승용,여,53세,중상
2022091800100425,2022년 9월 18일 22시,일요일,경상북도 안동시 옥동,중상사고,0,1,0,0,차대사람 - 기타,안전운전불이행,건조,맑음,교차로 - 교차로부근,화물,남,30세,상해없음,보행자,남,67세,중상
2022091900100012,2022년 9월 19일 01시,월요일,경상북도 포항시 북구 학잠동,경상사고,0,0,1,0,차대차 - 측면충돌,안전운전불이행,젖음/습기,비,교차로 - 교차로안,승용,여,21세,상해없음,이륜,남,28세,경상
2022091900100094,2022년 9월 19일 08시,월요일,경상북도 포항시 남구 동해면,중상사고,0,2,0,0,차량단독 - 기타,안전운전불이행,젖음/습기,비,단일로 - 지하차도(도로)내,승용,여,50세,중상,,,,
2022091900100124,2022년 9월 19일 09시,월요일,경상북도 영주시 영주동,경상사고,0,0,1,0,차대차 - 측면충돌,직진우회전진행방해,건조,맑음,교차로 - 교차로안,승용,여,43세,상해없음,승용,남,54세,경상
2022091900100125,2022년 9월 19일 09시,월요일,경상북도 청도군 운문면,경상사고,0,0,1,0,차대차 - 기타,중앙선침범,건조,맑음,기타 - 기타,화물,남,72세,상해없음,승용,남,64세,경상
2022091900100126,2022년 9월 19일 09시,월요일,경상북도 구미시 남통동,경상사고,0,0,1,0,차대차 - 측면충돌,안전운전불이행,건조,맑음,단일로 - 기타,승용,여,57세,상해없음,승용,남,46세,경상
2022091900100157,2022년 9월 19일 10시,월요일,경상북도 경주시 외동읍,경상사고,0,0,1,0,차대차 - 측면충돌,안전운전불이행,젖음/습기,비,교차로 - 교차로안,승용,남,62세,상해없음,화물,남,52세,경상
2022091900100158,2022년 9월 19일 10시,월요일,경상북도 봉화군 법전면,경상사고,0,0,1,0,차대차 - 측면충돌,안전운전불이행,건조,맑음,단일로 - 기타,화물,남,51세,상해없음,화물,남,57세,경상
2022091900100159,2022년 9월 19일 10시,월요일,경상북도 고령군 다산면,사망사고,1,0,0,0,차량단독 - 공작물충돌,안전운전불이행,건조,맑음,교차로 - 교차로안,화물,남,46세,사망,,,,
2022091900100183,2022년 9월 19일 11시,월요일,경상북도 포항시 남구 송도동,경상사고,0,0,1,0,차대차 - 측면충돌,직진우회전진행방해,건조,맑음,교차로 - 교차로안,승용,남,71세,상해없음,화물,남,24세,경상
2022091900100206,2022년 9월 19일 12시,월요일,경상북도 김천시 율곡동,중상사고,0,1,0,0,차대차 - 정면충돌,안전운전불이행,건조,맑음,기타 - 기타,승용,여,45세,상해없음,이륜,남,24세,중상
2022091900100207,2022년 9월 19일 12시,월요일,경상북도 영천시 조교동,경상사고,0,0,1,0,차대차 - 정면충돌,중앙선침범,건조,맑음,교차로 - 교차로부근,승용,남,70세,기타불명,승용,여,60세,경상
2022091900100208,2022년 9월 19일 12시,월요일,경상북도 영덕군 영덕읍,경상사고,0,0,1,0,차대차 - 측면충돌,안전운전불이행,젖음/습기,비,단일로 - 기타,승용,남,67세,상해없음,승용,여,34세,경상
2022091900100232,2022년 9월 19일 13시,월요일,경상북도 문경시 농암면,경상사고,0,0,2,0,차대차 - 측면충돌,안전운전불이행,건조,맑음,교차로 - 교차로안,화물,남,74세,경상,승용,남,24세,경상
2022091900100271,2022년 9월 19일 14시,월요일,경상북도 상주시 공성면,중상사고,0,1,0,0,차량단독 - 도로외이탈 - 추락,안전운전불이행,건조,맑음,단일로 - 기타,사륜오토바이(ATV),여,72세,중상,,,,
2022091900100272,2022년 9월 19일 14시,월요일,경상북도 영천시 야사동,중상사고,0,1,0,0,차대차 - 측면충돌,안전운전불이행,건조,맑음,교차로 - 교차로안,화물,남,79세,상해없음,자전거,남,9세,중상
2022091900100305,2022년 9월 19일 15시,월요일,경상북도 구미시 인의동,경상사고,0,0,2,0,차대차 - 추돌,안전운전불이행,건조,맑음,단일로 - 기타,승용,남,50세,상해없음,승용,남,33세,경상
2022091900100348,2022년 9월 19일 16시,월요일,경상북도 청송군 진보면,부상신고사고,0,0,0,1,차대사람 - 차도통행중,안전운전불이행,건조,맑음,단일로 - 지하차도(도로)내,승합,여,40세,상해없음,보행자,여,15세,부상신고
2022091900100349,2022년 9월 19일 16시,월요일,경상북도 포항시 남구 연일읍,경상사고,0,0,1,0,차대차 - 측면충돌,차로위반,건조,맑음,단일로 - 지하차도(도로)내,승용,여,66세,상해없음,승용,여,46세,경상