사고번호,사고일시,요일,시군구,사고내용,사망자수,중상자수,경상자수,부상신고자수,사고유형,법규위반,노면상태,기상상태,도로형태,가해운전자 차종,가해운전자 성별,가해운전자 연령,가해운전자 상해정도,피해운전자 차종,피해운전자 성별,피해운전자 연령,피해운전자 상해정도
2022092200100617,2022년 9월 22일 22시,목요일,경상북도 경산시 중방동,경상사고,0,0,1,0,차대차 - 정면충돌,신호위반,건조,맑음,교차로 - 교차로안,승용,남,65세,상해없음,승용,남,72세,경상
2022092200100618,2022년 9월 22일 22시,목요일,경상북도 구미시 송정동,경상사고,0,0,1,0,차대차 - 정면충돌,신호위반,건조,맑음,교차로 - 교차로안,승용,남,27세,상해없음,승용,여,52세,경상
2022092200100619,2022년 9월 22일 22시,목요일,경상북도 포항시 남구 효자동,경상사고,0,0,3,0,차대차 - 추돌,신호위반,건조,맑음,교차로 - 교차로안,승용,남,71세,상해없음,승용,남,53세,경상
2022092200100637,2022년 9월 22일 23시,목요일,경상북도 구미시 진평동,경상사고,0,0,1,0,차대차 - 기타,안전운전불이행,건조,맑음,교차로 - 교차로안,승용,여,64세,상해없음,승용,남,27세,경상
2022092300100015,2022년 9월 23일 01시,금요일,경상북도 경주시 노서동,경상사고,0,0,1,0,차대차 - 정면충돌,신호위반,건조,맑음,교차로 - 교차로안,승용,여,30세,상해없음,승용,남,28세,경상
2022092300100052,2022년 9월 23일 06시,금요일,경상북도 고령군 성산면,중상사고,0,1,0,0,차대차 - 정면충돌,중앙선침범,건조,맑음,단일로 - 기타,승용,남,55세,상해없음,승용,남,62세,중상
2022092300100100,2022년 9월 23일 08시,금요일,경상북도 포항시 북구 덕수동,경상사고,0,0,1,0,차대차 - 기타,안전거리미확보,건조,맑음,교차로 - 교차로부근,승합,남,67세,상해없음,승용,남,74세,상해없음
2022092300100101,2022년 9월 23일 08시,금요일,경상북도 영주시 하망동,중상사고,0,1,0,0,차대차 - 측면충돌,교차로운행방법위반,건조,맑음,교차로 - 교차로안,승용,여,61세,상해없음,자전거,남,65세,중상
2022092300100137,2022년 9월 23일 09시,금요일,경상북도 경주시 외동읍,경상사고,0,0,1,0,차대차 - 측면충돌,안전운전불이행,건조,맑음,단일로 - 기타,승용,남,64세,상해없음,승용,여,47세,경상
2022092300100138,2022년 9월 23일 09시,금요일,경상북도 안동시 태화동,경상사고,0,0,1,0,차대차 - 기타,안전거리미확보,건조,맑음,단일로 - 기타,승용,남,38세,상해없음,승용,남,48세,경상
2022092300100139,2022년 9월 23일 09시,금요일,경상북도 구미시 인의동,경상사고,0,0,1,0,차대차 - 기타,교차로운행방법위반,건조,맑음,교차로 - 교차로안,승용,여,30세,상해없음,이륜,남,28세,경상
2022092300100174,2022년 9월 23일 10시,금요일,경상북도 경주시 서면,중상사고,0,1,0,0,차대차 - 측면충돌,직진우회전진행방해,건조,맑음,교차로 - 교차로안,화물,남,61세,상해없음,승용,여,60세,중상
2022092300100176,2022년 9월 23일 10시,금요일,경상북도 구미시 도량동,중상사고,0,1,0,0,차량단독 - 전도전복 - 전도,안전운전불이행,건조,맑음,단일로 - 기타,이륜,남,71세,중상,,,,
2022092300100211,2022년 9월 23일 11시,금요일,경상북도 영주시 상망동,사망사고,1,3,0,0,차대차 - 기타,안전운전불이행,건조,맑음,단일로 - 기타,특수,남,46세,상해없음,화물,남,48세,중상
2022092300100247,2022년 9월 23일 12시,금요일,경상북도 포항시 남구 효자동,경상사고,0,0,1,0,차대차 - 기타,직진우회전진행방해,건조,맑음,교차로 - 교차로안,승용,여,29세,상해없음,승용,남,35세,경상
2022092300100280,2022년 9월 23일 13시,금요일,경상북도 상주시 남성동,부상신고사고,0,0,0,1,차대차 - 측면충돌,교차로운행방법위반,건조,맑음,교차로 - 교차로안,원동기,남,19세,부상신고,화물,남,62세,상해없음
2022092300100281,2022년 9월 23일 13시,금요일,경상북도 의성군 안평면,중상사고,0,1,0,0,차대차 - 기타,안전운전불이행,건조,맑음,단일로 - 기타,기타불명,기타불명,미분류,기타불명,농기계,남,51세,중상
2022092300100282,2022년 9월 23일 13시,금요일,경상북도 영주시 하망동,중상사고,0,1,0,0,차대차 - 추돌,안전운전불이행,건조,맑음,교차로 - 교차로부근,승용,여,61세,상해없음,원동기,남,52세,중상
2022092300100283,2022년 9월 23일 13시,금요일,경상북도 칠곡군 가산면,경상사고,0,0,2,0,차대차 - 측면충돌,신호위반,건조,맑음,교차로 - 교차로안,승용,남,73세,상해없음,승용,남,34세,경상
2022092300100284,2022년 9월 23일 13시,금요일,경상북도 포항시 남구 연일읍,경상사고,0,0,1,0,차대차 - 측면충돌,안전운전불이행,건조,맑음,단일로 - 기타,특수,남,47세,상해없음,승용,남,57세,경상
2022092300100285,2022년 9월 23일 13시,금요일,경상북도 김천시 봉산면,중상사고,0,1,1,0,차대차 - 추돌,안전운전불이행,건조,맑음,단일로 - 기타,화물,남,38세,중상,화물,남,54세,경상
2022092300100326,2022년 9월 23일 14시,금요일,경상북도 경주시 황성동,경상사고,0,0,5,0,차대차 - 추돌,안전운전불이행,건조,맑음,단일로 - 기타,승합,남,39세,경상,승합,남,55세,상해없음
2022092300100327,2022년 9월 23일 14시,금요일,경상북도 문경시 문경읍,부상신고사고,0,0,0,1,차대차 - 측면충돌,안전운전불이행,건조,맑음,단일로 - 기타,농기계,남,81세,부상신고,화물,남,65세,상해없음
2022092300100328,2022년 9월 23일 14시,금요일,경상북도 성주군 대가면,경상사고,0,0,2,0,차대차 - 기타,신호위반,건조,맑음,교차로 - 교차로안,승용,남,65세,기타불명,승용,남,70세,경상
2022092300100366,2022년 9월 23일 15시,금요일,경상북도 경주시 감포읍,경상사고,0,0,1,0,차대사람 - 기타,안전운전불이행,건조,맑음,단일로 - 기타,기타불명,기타불명,미분류,기타불명,보행자,여,84세,경상
2022092300100367,2022년 9월 23일 15시,금요일,경상북도 포항시 북구 흥해읍,경상사고,0,0,1,0,차대차 - 측면충돌,중앙선침범,건조,맑음,단일로 - 기타,승용,남,54세,상해없음,화물,남,48세,경상
2022092300100368,2022년 9월 23일 15시,금요일,경상북도 청도군 각남면,경상사고,0,0,1,0,차대차 - 측면충돌,교차로운행방법위반,건조,맑음,교차로 - 교차로안,농기계,남,45세,상해없음,승용,여,47세,경상
2022092300100412,2022년 9월 23일 16시,금요일,경상북도 포항시 북구 흥해읍,중상사고,0,1,0,0,차대사람 - 횡단중,보행자보호의무위반,건조,맑음,교차로 - 교차로횡단보도내,승용,남,78세,상해없음,보행자,여,29세,중상
2022092300100413,2022년 9월 23일 16시,금요일,경상북도 영천시 임고면,중상사고,0,1,0,0,차대차 - 정면충돌,안전운전불이행,건조,맑음,교차로 - 교차로안,화물,남,64세,상해없음,이륜,남,74세,중상
2022092300100414,2022년 9월 23일 16시,금요일,경상북도 성주군 성주읍,경상사고,0,0,3,0,차대차 - 기타,안전운전불이행,건조,맑음,교차로 - 교차로안,승용,여,50세,경상,승용,남,30세,경상
2022092300100415,2022년 9월 23일 16시,금요일,경상북도 구미시 사곡동,부상신고사고,0,0,0,1,차량단독 - 전도전복 - 전도,안전운전불이행,건조,맑음,교차로 - 교차로부근,자전거,남,26세,부상신고,,,,
2022092300100416,2022년 9월 23일 16시,금요일,경상북도 구미시 도량동,경상사고,0,0,1,0,차대차 - 측면충돌,교차로운행방법위반,건조,맑음,교차로 - 교차로안,원동기,남,56세,경상,승용,여,49세,상해없음
2022092300100508,2022년 9월 23일 18시,금요일,경상북도 경주시 감포읍,중상사고,0,1,0,0,차대차 - 측면충돌,신호위반,건조,맑음,교차로 - 교차로안,승용,남,38세,상해없음,승용,여,52세,중상
2022092300100509,2022년 9월 23일 18시,금요일,경상북도 구미시 봉곡동,경상사고,0,0,1,0,차대사람 - 횡단중,안전운전불이행,건조,맑음,교차로 - 교차로안,승용,남,43세,상해없음,보행자,남,12세,경상
2022092300100569,2022년 9월 23일 19시,금요일,경상북도 구미시 옥계동,중상사고,0,1,0,0,차대차 - 정면충돌,안전운전불이행,건조,흐림,교차로 - 교차로안,승용,남,73세,상해없음,이륜,남,38세,중상
2022092300100600,2022년 9월 23일 20시,금요일,경상북도 영천시 망정동,부상신고사고,0,0,0,2,차대사람 - 차도통행중,안전운전불이행,건조,맑음,단일로 - 기타,개인형이동수단(PM),남,12세,상해없음,보행자,여,57세,부상신고
2022092300100601,2022년 9월 23일 20시,금요일,경상북도 구미시 진평동,경상사고,0,0,1,0,차대사람 - 횡단중,안전운전불이행,건조,맑음,단일로 - 기타,이륜,남,30세,상해없음,보행자,여,24세,경상
2022092300100602,2022년 9월 23일 20시,금요일,경상북도 구미시 산동읍,경상사고,0,0,1,0,차대차 - 추돌,안전거리미확보,건조,맑음,단일로 - 기타,승용,남,38세,상해없음,승용,남,54세,경상
2022092300100625,2022년 9월 23일 21시,금요일,경상북도 포항시 북구 우현동,중상사고,0,1,0,0,차대사람 - 횡단중,보행자보호의무위반,건조,맑음,교차로 - 교차로안,승용,여,56세,상해없음,보행자,여,58세,중상
2022092400100012,2022년 9월 24일 00시,토요일,경상북도 경산시 계양동,경상사고,0,0,2,0,차대차 - 추돌,안전운전불이행,건조,맑음,교차로 - 교차로부근,승용,남,53세,상해없음,승용,남,50세,경상
2022092400100046,2022년 9월 24일 04시,토요일,경상북도 칠곡군 석적읍,중상사고,0,1,0,0,차대차 - 측면충돌,안전운전불이행,건조,흐림,단일로 - 기타,승용,남,29세,상해없음,특수,남,42세,중상
2022092400100074,2022년 9월 24일 07시,토요일,경상북도 구미시 송정동,경상사고,0,0,1,0,차대차 - 기타,신호위반,건조,맑음,교차로 - 교차로안,승용,남,54세,상해없음,승용,여,60세,경상
2022092400100096,2022년 9월 24일 08시,토요일,경상북도 예천군 예천읍,중상사고,0,1,0,0,차대차 - 측면충돌,직진우회전진행방해,건조,맑음,교차로 - 교차로안,화물,남,71세,상해없음,자전거,남,64세,중상
2022092400100097,2022년 9월 24일 08시,토요일,경상북도 경산시 와촌면,경상사고,0,0,1,0,차대차 - 측면충돌,안전운전불이행,건조,맑음,기타 - 기타,승용,남,65세,상해없음,화물,남,39세,경상
2022092400100201,2022년 9월 24일 11시,토요일,경상북도 경주시 강동면,중상사고,0,1,0,0,차대차 - 추돌,안전운전불이행,건조,맑음,교차로 - 교차로부근,자전거,남,56세,상해없음,자전거,여,51세,중상
2022092400100202,2022년 9월 24일 11시,토요일,경상북도 문경시 흥덕동,경상사고,0,0,2,0,차대차 - 측면충돌,안전운전불이행,건조,맑음,교차로 - 교차로안,승용,여,67세,경상,승용,여,62세,경상
2022092400100203,2022년 9월 24일 11시,토요일,경상북도 군위군 군위읍,중상사고,0,1,4,0,차대차 - 기타,안전운전불이행,건조,맑음,단일로 - 기타,기타불명,기타불명,미분류,기타불명,승용,남,34세,경상
2022092400100204,2022년 9월 24일 11시,토요일,경상북도 구미시 옥성면,경상사고,0,0,2,0,차대차 - 추돌,안전운전불이행,건조,맑음,기타 - 기타,승합,남,43세,상해없음,승용,남,40세,상해없음
2022092400100205,2022년 9월 24일 11시,토요일,경상북도 구미시 옥성면,중상사고,0,1,3,0,차대차 - 추돌,안전운전불이행,건조,맑음,단일로 - 기타,승용,남,34세,상해없음,승용,남,63세,경상
2022092400100245,2022년 9월 24일 12시,토요일,경상북도 경주시 충효동,중상사고,0,1,0,0,차대차 - 측면충돌,안전운전불이행,건조,맑음,단일로 - 기타,원동기,남,38세,중상,승용,남,60세,상해없음
2022092400100246,2022년 9월 24일 12시,토요일,경상북도 경산시 옥산동,경상사고,0,0,2,0,차대차 - 측면충돌,안전운전불이행,건조,맑음,교차로 - 교차로안,승용,남,47세,상해없음,승용,여,27세,경상
2022092400100247,2022년 9월 24일 12시,토요일,경상북도 영덕군 남정면,경상사고,0,0,1,0,차대차 - 추돌,안전운전불이행,건조,맑음,교차로 - 교차로부근,화물,남,60세,경상,건설기계,남,43세,상해없음
2022092400100248,2022년 9월 24일 12시,토요일,경상북도 예천군 예천읍,경상사고,0,0,4,0,차대차 - 추돌,안전운전불이행,건조,맑음,교차로 - 교차로부근,승용,남,36세,상해없음,승용,남,70세,경상
2022092400100304,2022년 9월 24일 13시,토요일,경상북도 안동시 태화동,경상사고,0,0,2,0,차대차 - 추돌,안전거리미확보,건조,맑음,단일로 - 기타,승용,남,23세,상해없음,승용,남,29세,경상
2022092400100305,2022년 9월 24일 13시,토요일,경상북도 상주시 냉림동,경상사고,0,0,2,0,차대차 - 측면충돌,직진우회전진행방해,건조,맑음,교차로 - 교차로안,승용,남,69세,상해없음,승합,여,48세,경상
2022092400100306,2022년 9월 24일 13시,토요일,경상북도 구미시 거의동,경상사고,0,0,5,0,차대차 - 추돌,안전운전불이행,건조,맑음,단일로 - 교량,승용,남,51세,상해없음,승용,남,62세,경상
2022092400100350,2022년 9월 24일 14시,토요일,경상북도 경산시 와촌면,경상사고,0,0,2,0,차대차 - 정면충돌,중앙선침범,건조,맑음,단일로 - 기타,승용,남,65세,경상,승용,여,57세,경상
2022092400100431,2022년 9월 24일 16시,토요일,경상북도 경주시 동천동,경상사고,0,0,1,0,차대사람 - 기타,안전운전불이행,건조,맑음,교차로 - 교차로부근,화물,남,41세,상해없음,보행자,남,62세,경상
2022092400100432,2022년 9월 24일 16시,토요일,경상북도 경주시 탑동,경상사고,0,0,1,0,차대차 - 측면충돌,안전운전불이행,건조,맑음,단일로 - 기타,승용,여,27세,상해없음,승용,남,67세,경상
2022092400100433,2022년 9월 24일 16시,토요일,경상북도 영양군 일월면,중상사고,0,1,1,0,차대차 - 측면충돌,신호위반,건조,맑음,교차로 - 교차로안,승용,여,59세,중상,승용,여,61세,경상
2022092400100434,2022년 9월 24일 16시,토요일,경상북도 포항시 남구 효자동,경상사고,0,0,1,0,차대사람 - 횡단중,보행자보호의무위반,건조,맑음,교차로 - 교차로횡단보도내,승용,여,45세,상해없음,보행자,남,62세,경상
2022092400100466,2022년 9월 24일 17시,토요일,경상북도 구미시 형곡동,경상사고,0,0,1,0,차대차 - 정면충돌,안전운전불이행,건조,맑음,단일로 - 기타,승용,여,59세,상해없음,승용,남,24세,경상
2022092400100467,2022년 9월 24일 17시,토요일,경상북도 영천시 임고면,경상사고,0,0,2,1,차대차 - 기타,신호위반,건조,맑음,단일로 - 터널,승용,여,63세,부상신고,승용,여,57세,경상
2022092400100508,2022년 9월 24일 18시,토요일,경상북도 포항시 북구 죽도동,경상사고,0,0,3,0,차대차 - 측면충돌,신호위반,건조,맑음,교차로 - 교차로안,승용,남,34세,상해없음,승용,여,48세,경상
2022092400100509,2022년 9월 24일 18시,토요일,경상북도 구미시 해평면,중상사고,0,1,0,0,차대차 - 기타,안전운전불이행,건조,맑음,교차로 - 교차로안,승용,여,57세,상해없음,이륜,여,78세,중상
2022092400100510,2022년 9월 24일 18시,토요일,경상북도 포항시 남구 상도동,경상사고,0,0,1,0,차대차 - 기타,안전운전불이행,건조,맑음,교차로 - 교차로안,기타불명,기타불명,미분류,기타불명,승합,남,50세,경상
2022092400100552,2022년 9월 24일 19시,토요일,경상북도 경주시 안강읍,경상사고,0,0,1,0,차대차 - 추돌,안전운전불이행,건조,맑음,단일로 - 기타,승용,남,29세,상해없음,승용,남,62세,상해없음
2022092400100553,2022년 9월 24일 19시,토요일,경상북도 경주시 황오동,부상신고사고,0,0,0,2,차대차 - 기타,안전운전불이행,건조,맑음,교차로 - 교차로안,승용,여,56세,상해없음,승용,남,49세,상해없음
2022092400100576,2022년 9월 24일 20시,토요일,경상북도 포항시 북구 죽도동,경상사고,0,0,1,0,차대차 - 기타,중앙선침범,건조,맑음,교차로 - 교차로부근,승용,남,67세,상해없음,승용,여,41세,경상
2022092400100602,2022년 9월 24일 21시,토요일,경상북도 포항시 남구 연일읍,경상사고,0,0,1,0,차대차 - 측면충돌,안전운전불이행,건조,맑음,교차로 - 교차로안,기타불명,기타불명,미분류,기타불명,승용,남,38세,경상
2022092400100603,2022년 9월 24일 21시,토요일,경상북도 포항시 남구 대잠동,중상사고,0,2,3,0,차대차 - 추돌,기타,건조,맑음,단일로 - 기타,승합,남,42세,경상,승용,여,46세,중상
2022092400100641,2022년 9월 24일 23시,토요일,경상북도 안동시 풍천면,경상사고,0,0,1,0,차대차 - 추돌,안전운전불이행,건조,맑음,교차로 - 교차로부근,승용,남,42세,상해없음,승용,남,48세,경상
2022092400100642,2022년 9월 24일 23시,토요일,경상북도 포항시 남구 동해면,경상사고,0,0,3,0,차대차 - 측면충돌,차로위반,건조,맑음,교차로 - 교차로안,화물,남,67세,상해없음,승합,남,41세,경상
2022092500100013,2022년 9월 25일 00시,일요일,경상북도 문경시 점촌동,경상사고,0,0,1,0,차대차 - 기타,안전운전불이행,건조,맑음,교차로 - 교차로안,승용,남,49세,상해없음,승용,남,44세,경상
2022092500100023,2022년 9월 25일 01시,일요일,경상북도 경산시 임당동,중상사고,0,2,0,0,차량단독 - 공작물충돌,기타,건조,맑음,단일로 - 기타,이륜,남,19세,중상,,,,
2022092500100043,2022년 9월 25일 03시,일요일,경상북도 포항시 북구 흥해읍,경상사고,0,0,1,0,차량단독 - 공작물충돌,안전운전불이행,건조,맑음,기타 - 기타,승용,남,31세,경상,,,,
2022092500100058,2022년 9월 25일 06시,일요일,경상북도 영주시 하망동,중상사고,0,1,1,0,차대차 - 측면충돌,신호위반,건조,맑음,교차로 - 교차로안,화물,남,54세,상해없음,승용,남,78세,경상
2022092500100081,2022년 9월 25일 08시,일요일,경상북도 구미시 광평동,경상사고,0,0,1,0,차대차 - 측면충돌,신호위반,건조,맑음,단일로 - 교량,승용,남,71세,상해없음,승용,남,31세,경상
2022092500100094,2022년 9월 25일 09시,일요일,경상북도 영천시 문내동,경상사고,0,0,2,0,차대차 - 추돌,안전운전불이행,건조,맑음,교차로 - 교차로부근,승용,남,73세,경상,화물,남,50세,경상
2022092500100140,2022년 9월 25일 11시,일요일,경상북도 경주시 천군동,부상신고사고,0,0,0,1,차량단독 - 기타,안전운전불이행,건조,맑음,단일로 - 기타,승용,여,70세,부상신고,,,,
2022092500100141,2022년 9월 25일 11시,일요일,경상북도 영주시 봉현면,중상사고,0,1,0,0,차대차 - 측면충돌,안전운전불이행,건조,맑음,교차로 - 교차로안,승용,여,29세,상해없음,이륜,남,61세,중상
2022092500100162,2022년 9월 25일 12시,일요일,경상북도 구미시 상모동,중상사고,0,1,0,0,차대차 - 측면충돌,중앙선침범,건조,맑음,단일로 - 기타,승용,여,61세,상해없음,이륜,남,38세,중상
2022092500100223,2022년 9월 25일 14시,일요일,경상북도 영천시 화남면,경상사고,0,0,4,0,차대차 - 기타,안전운전불이행,건조,맑음,단일로 - 기타,화물,남,64세,상해없음,승용,남,41세,경상
2022092500100224,2022년 9월 25일 14시,일요일,경상북도 청송군 진보면,중상사고,0,1,0,0,차대차 - 측면충돌,안전운전불이행,건조,맑음,단일로 - 지하차도(도로)내,승용,남,55세,상해없음,이륜,남,33세,중상
2022092500100261,2022년 9월 25일 15시,일요일,경상북도 칠곡군 약목면,중상사고,0,1,0,0,차대차 - 측면충돌,교차로운행방법위반,건조,맑음,교차로 - 교차로안,승용,남,26세,상해없음,이륜,남,66세,중상
2022092500100288,2022년 9월 25일 16시,일요일,경상북도 영주시 봉현면,경상사고,0,0,1,0,차대차 - 정면충돌,안전운전불이행,건조,맑음,교차로 - 교차로부근,승용,남,56세,상해없음,이륜,여,70세,경상
2022092500100289,2022년 9월 25일 16시,일요일,경상북도 성주군 가천면,중상사고,0,1,0,0,차대차 - 추돌,안전운전불이행,건조,기타,교차로 - 교차로부근,승용,남,69세,상해없음,화물,남,65세,중상
2022092500100303,2022년 9월 25일 17시,일요일,경상북도 안동시 북후면,중상사고,0,1,0,0,차대사람 - 기타,안전운전불이행,건조,맑음,단일로 - 기타,승용,남,75세,상해없음,보행자,여,72세,중상
2022092500100304,2022년 9월 25일 17시,일요일,경상북도 칠곡군 약목면,중상사고,0,1,0,0,차대차 - 측면충돌,교차로운행방법위반,건조,맑음,교차로 - 교차로부근,승용,남,46세,상해없음,승용,여,57세,중상
2022092500100344,2022년 9월 25일 18시,일요일,경상북도 칠곡군 석적읍,경상사고,0,0,3,0,차대차 - 측면충돌,교차로운행방법위반,건조,맑음,교차로 - 교차로안,승용,여,28세,경상,승용,남,52세,경상
2022092500100385,2022년 9월 25일 19시,일요일,경상북도 경주시 성건동,경상사고,0,0,2,0,차대차 - 추돌,안전운전불이행,건조,맑음,교차로 - 교차로안,승용,남,31세,상해없음,승용,남,40세,경상
2022092500100386,2022년 9월 25일 19시,일요일,경상북도 경산시 옥곡동,경상사고,0,0,1,0,차대사람 - 횡단중,중앙선침범,건조,맑음,단일로 - 기타,승용,여,54세,상해없음,보행자,남,84세,경상
2022092500100417,2022년 9월 25일 20시,일요일,경상북도 구미시 신평동,경상사고,0,0,2,0,차대차 - 측면충돌,교차로운행방법위반,건조,맑음,교차로 - 교차로부근,승용,여,39세,상해없음,승용,남,42세,상해없음
2022092500100470,2022년 9월 25일 23시,일요일,경상북도 포항시 남구 대도동,부상신고사고,0,0,0,1,차대차 - 기타,직진우회전진행방해,건조,맑음,교차로 - 교차로안,승용,여,60세,상해없음,승용,남,73세,상해없음
2022092600100038,2022년 9월 26일 06시,월요일,경상북도 김천시 아포읍,경상사고,0,0,2,0,차량단독 - 도로외이탈 - 추락,안전운전불이행,건조,맑음,단일로 - 기타,화물,남,31세,상해없음,,,,
2022092600100039,2022년 9월 26일 06시,월요일,경상북도 구미시 도량동,중상사고,0,1,0,0,차대사람 - 횡단중,안전운전불이행,건조,맑음,단일로 - 기타,승용,남,66세,상해없음,보행자,남,72세,중상
2022092600100040,2022년 9월 26일 06시,월요일,경상북도 포항시 남구 해도동,경상사고,0,0,1,0,차대차 - 측면충돌,안전운전불이행,건조,맑음,교차로 - 교차로안,승용,남,70세,상해없음,이륜,남,70세,경상
2022092600100069,2022년 9월 26일 07시,월요일,경상북도 칠곡군 지천면,경상사고,0,0,1,0,차대차 - 측면충돌,교차로운행방법위반,건조,맑음,교차로 - 교차로안,승용,남,64세,상해없음,승용,남,32세,경상
2022092600100070,2022년 9월 26일 07시,월요일,경상북도 울진군 북면,경상사고,0,0,1,0,차대차 - 측면충돌,직진우회전진행방해,건조,맑음,교차로 - 교차로안,승용,여,50세,상해없음,승용,여,60세,상해없음
2022092600100071,2022년 9월 26일 07시,월요일,경상북도 구미시 임수동,중상사고,0,1,0,0,차대차 - 측면충돌,중앙선침범,건조,맑음,교차로 - 교차로부근,화물,남,60세,상해없음,이륜,남,29세,중상
2022092600100114,2022년 9월 26일 08시,월요일,경상북도 포항시 북구 죽도동,경상사고,0,0,1,0,차대사람 - 횡단중,안전운전불이행,건조,맑음,단일로 - 기타,승용,남,41세,상해없음,보행자,여,77세,경상
2022092600100115,2022년 9월 26일 08시,월요일,경상북도 안동시 용상동,중상사고,0,1,0,0,차대차 - 기타,안전운전불이행,건조,맑음,단일로 - 기타,이륜,남,26세,상해없음,특수,남,29세,중상
2022092600100116,2022년 9월 26일 08시,월요일,경상북도 울진군 울진읍,경상사고,0,0,1,0,차대차 - 기타,차로위반,건조,맑음,단일로 - 기타,승합,남,63세,상해없음,승용,여,31세,경상
2022092600100221,2022년 9월 26일 11시,월요일,경상북도 영덕군 영덕읍,중상사고,0,1,0,0,차량단독 - 도로외이탈 - 추락,안전운전불이행,건조,맑음,단일로 - 기타,승용,남,63세,중상,,,,
2022092600100248,2022년 9월 26일 12시,월요일,경상북도 안동시 북후면,경상사고,0,0,1,1,차대차 - 기타,교차로운행방법위반,건조,맑음,교차로 - 교차로안,승용,남,74세,부상신고,화물,남,65세,경상
2022092600100249,2022년 9월 26일 12시,월요일,경상북도 김천시 어모면,부상신고사고,0,0,0,1,차대차 - 추돌,안전운전불이행,건조,맑음,기타 - 기타,자전거,남,61세,부상신고,화물,남,47세,기타불명
2022092600100250,2022년 9월 26일 12시,월요일,경상북도 상주시 외답동,경상사고,0,0,1,0,차대차 - 추돌,안전운전불이행,건조,맑음,교차로 - 교차로부근,화물,남,59세,상해없음,화물,남,62세,경상
2022092600100281,2022년 9월 26일 13시,월요일,경상북도 안동시 용상동,경상사고,0,0,1,0,차대차 - 기타,신호위반,건조,맑음,교차로 - 교차로안,원동기,남,60세,상해없음,화물,남,52세,경상
2022092600100282,2022년 9월 26일 13시,월요일,경상북도 구미시 산동읍,경상사고,0,0,1,0,차대차 - 추돌,안전거리미확보,건조,맑음,교차로 - 교차로부근,승용,남,61세,상해없음,승용,남,38세,경상
2022092600100310,2022년 9월 26일 14시,월요일,경상북도 경주시 광명동,경상사고,0,0,1,0,차대차 - 측면충돌,안전운전불이행,건조,맑음,교차로 - 교차로안,승용,여,54세,상해없음,승용,남,59세,경상
2022092600100311,2022년 9월 26일 14시,월요일,경상북도 영덕군 지품면,중상사고,0,1,0,1,차량단독 - 공작물충돌,안전운전불이행,건조,맑음,단일로 - 기타,화물,남,71세,부상신고,,,,
2022092600100344,2022년 9월 26일 15시,월요일,경상북도 칠곡군 약목면,경상사고,0,0,1,0,차대차 - 측면충돌,안전운전불이행,건조,맑음,교차로 - 교차로안,화물,남,43세,상해없음,승용,남,66세,경상
2022092600100345,2022년 9월 26일 15시,월요일,경상북도 고령군 다산면,중상사고,0,1,0,0,차대차 - 측면충돌,안전운전불이행,건조,맑음,단일로 - 기타,화물,남,60세,상해없음,화물,남,55세,중상
2022092600100375,2022년 9월 26일 16시,월요일,경상북도 포항시 북구 죽도동,경상사고,0,0,1,0,차대차 - 후진중충돌,안전운전불이행,건조,맑음,단일로 - 기타,승용,여,69세,상해없음,승용,남,31세,경상
2022092600100376,2022년 9월 26일 16시,월요일,경상북도 김천시 어모면,중상사고,0,1,0,0,차대차 - 측면충돌,중앙선침범,건조,맑음,교차로 - 교차로부근,화물,남,39세,상해없음,이륜,남,72세,중상
2022092600100377,2022년 9월 26일 16시,월요일,경상북도 상주시 낙양동,경상사고,0,0,3,0,차대차 - 측면충돌,교차로운행방법위반,건조,맑음,교차로 - 교차로안,승용,남,27세,경상,승용,여,64세,경상
2022092600100378,2022년 9월 26일 16시,월요일,경상북도 문경시 모전동,부상신고사고,0,0,0,1,차대차 - 측면충돌,안전운전불이행,건조,맑음,교차로 - 교차로안,자전거,여,64세,부상신고,화물,남,42세,상해없음
2022092600100379,2022년 9월 26일 16시,월요일,경상북도 문경시 점촌동,중상사고,0,1,0,0,차대차 - 측면충돌,안전운전불이행,건조,맑음,교차로 - 교차로안,화물,남,71세,상해없음,자전거,남,84세,중상
2022092600100380,2022년 9월 26일 16시,월요일,경상북도 구미시 사곡동,경상사고,0,0,1,0,차대사람 - 횡단중,안전운전불이행,건조,맑음,단일로 - 기타,자전거,기타불명,미분류,기타불명,보행자,여,17세,경상
2022092600100419,2022년 9월 26일 17시,월요일,경상북도 문경시 문경읍,부상신고사고,0,0,0,1,차대차 - 측면충돌,안전운전불이행,건조,맑음,교차로 - 교차로안,승용,남,18세,부상신고,승용,여,51세,상해없음
2022092600100464,2022년 9월 26일 18시,월요일,경상북도 포항시 북구 용흥동,중상사고,0,1,0,0,차대사람 - 차도통행중,안전운전불이행,건조,맑음,기타 - 기타,승용,여,46세,상해없음,보행자,남,8세,중상
2022092600100465,2022년 9월 26일 18시,월요일,경상북도 영주시 휴천동,경상사고,0,0,1,0,차대사람 - 횡단중,신호위반,건조,맑음,교차로 - 교차로횡단보도내,승용,여,41세,상해없음,보행자,여,47세,경상
2022092600100466,2022년 9월 26일 18시,월요일,경상북도 성주군 성주읍,경상사고,0,0,1,0,차대차 - 기타,신호위반,건조,맑음,교차로 - 교차로안,승용,남,59세,상해없음,이륜,남,56세,경상