사고번호,사고일시,요일,시군구,사고내용,사망자수,중상자수,경상자수,부상신고자수,사고유형,법규위반,노면상태,기상상태,도로형태,가해운전자 차종,가해운전자 성별,가해운전자 연령,가해운전자 상해정도,피해운전자 차종,피해운전자 성별,피해운전자 연령,피해운전자 상해정도
2022093000100213,2022년 9월 30일 11시,금요일,경상북도 경산시 와촌면,경상사고,0,0,1,0,차대차 - 기타,교차로운행방법위반,건조,맑음,교차로 - 교차로안,승용,남,22세,상해없음,승용,남,71세,경상
2022093000100214,2022년 9월 30일 11시,금요일,경상북도 구미시 선기동,중상사고,0,1,1,0,차대차 - 정면충돌,중앙선침범,건조,맑음,교차로 - 교차로안,승용,남,65세,상해없음,승용,남,67세,중상
2022093000100215,2022년 9월 30일 11시,금요일,경상북도 포항시 남구 이동,경상사고,0,0,1,0,차대차 - 측면충돌,교차로운행방법위반,건조,맑음,교차로 - 교차로안,승용,여,36세,상해없음,승용,여,52세,경상
2022093000100245,2022년 9월 30일 12시,금요일,경상북도 포항시 남구 송도동,경상사고,0,0,1,0,차대차 - 정면충돌,안전운전불이행,건조,맑음,교차로 - 교차로안,자전거,남,77세,경상,승용,남,73세,상해없음
2022093000100322,2022년 9월 30일 14시,금요일,경상북도 구미시 고아읍,경상사고,0,0,3,0,차대차 - 측면충돌,직진우회전진행방해,건조,맑음,교차로 - 교차로안,이륜,남,38세,상해없음,승용,남,28세,경상
2022093000100357,2022년 9월 30일 15시,금요일,경상북도 경산시 용성면,중상사고,0,1,0,0,차대사람 - 기타,안전운전불이행,건조,맑음,단일로 - 기타,승용,여,71세,상해없음,보행자,남,53세,중상
2022093000100358,2022년 9월 30일 15시,금요일,경상북도 경산시 계양동,경상사고,0,0,1,0,차대차 - 추돌,안전운전불이행,건조,맑음,교차로 - 교차로부근,화물,남,37세,상해없음,승용,여,23세,경상
2022093000100359,2022년 9월 30일 15시,금요일,경상북도 영덕군 영해면,경상사고,0,0,1,0,차대차 - 후진중충돌,안전운전불이행,건조,맑음,단일로 - 기타,승용,여,73세,상해없음,승용,남,59세,경상
2022093000100360,2022년 9월 30일 15시,금요일,경상북도 군위군 효령면,경상사고,0,0,1,0,차대차 - 측면충돌,신호위반,건조,맑음,교차로 - 교차로안,승용,남,68세,상해없음,승합,여,60세,경상
2022093000100403,2022년 9월 30일 16시,금요일,경상북도 경주시 황오동,중상사고,0,1,0,0,차대차 - 측면충돌,안전운전불이행,건조,맑음,교차로 - 교차로안,자전거,남,13세,중상,화물,남,68세,상해없음
2022093000100404,2022년 9월 30일 16시,금요일,경상북도 포항시 북구 청하면,중상사고,0,2,0,0,차대차 - 추돌,안전운전불이행,건조,맑음,단일로 - 기타,화물,남,65세,상해없음,승용,남,28세,중상
2022093000100405,2022년 9월 30일 16시,금요일,경상북도 상주시 이안면,중상사고,0,1,0,0,차대차 - 기타,교차로운행방법위반,건조,맑음,교차로 - 교차로안,화물,남,74세,상해없음,승합,남,58세,중상
2022093000100407,2022년 9월 30일 16시,금요일,경상북도 구미시 진평동,경상사고,0,0,1,0,차대차 - 기타,직진우회전진행방해,건조,맑음,교차로 - 교차로안,승용,여,42세,상해없음,승용,여,33세,경상
2022093000100463,2022년 9월 30일 17시,금요일,경상북도 경주시 황성동,중상사고,0,1,0,0,차대차 - 측면충돌,신호위반,건조,맑음,교차로 - 교차로안,승용,남,69세,상해없음,승용,남,41세,중상
2022093000100464,2022년 9월 30일 17시,금요일,경상북도 경산시 진량읍,경상사고,0,0,1,0,차대차 - 측면충돌,안전운전불이행,건조,맑음,단일로 - 기타,농기계,남,64세,상해없음,승용,여,29세,경상
2022093000100465,2022년 9월 30일 17시,금요일,경상북도 구미시 선기동,중상사고,0,1,0,1,차대차 - 측면충돌,안전운전불이행,건조,맑음,단일로 - 기타,승용,남,48세,부상신고,승용,남,43세,중상
2022093000100466,2022년 9월 30일 17시,금요일,경상북도 포항시 남구 장흥동,중상사고,0,1,1,0,차대차 - 추돌,안전거리미확보,건조,맑음,단일로 - 기타,승용,여,36세,경상,화물,남,53세,중상
2022093000100531,2022년 9월 30일 18시,금요일,경상북도 영주시 문정동,중상사고,0,1,0,0,차대차 - 측면충돌,신호위반,건조,맑음,교차로 - 교차로안,승용,여,44세,상해없음,자전거,여,59세,중상
2022093000100532,2022년 9월 30일 18시,금요일,경상북도 청도군 풍각면,경상사고,0,0,1,0,차대차 - 후진중충돌,안전운전불이행,건조,흐림,단일로 - 기타,승용,남,72세,상해없음,화물,남,77세,경상
2022093000100533,2022년 9월 30일 18시,금요일,경상북도 청송군 부남면,경상사고,0,0,1,0,차대차 - 측면충돌,안전운전불이행,건조,맑음,단일로 - 지하차도(도로)내,화물,남,70세,상해없음,화물,남,57세,경상
2022093000100534,2022년 9월 30일 18시,금요일,경상북도 구미시 광평동,중상사고,0,1,0,0,차대차 - 측면충돌,안전운전불이행,건조,맑음,교차로 - 교차로횡단보도내,승용,여,43세,상해없음,자전거,남,49세,중상
2022093000100579,2022년 9월 30일 19시,금요일,경상북도 포항시 북구 항구동,경상사고,0,0,2,0,차대차 - 측면충돌,안전운전불이행,건조,맑음,단일로 - 기타,승용,남,25세,경상,승용,남,23세,경상
2022093000100580,2022년 9월 30일 19시,금요일,경상북도 안동시 정하동,경상사고,0,0,2,0,차대차 - 추돌,안전운전불이행,건조,맑음,단일로 - 교량,이륜,남,40세,경상,화물,남,61세,경상
2022093000100581,2022년 9월 30일 19시,금요일,경상북도 구미시 형곡동,경상사고,0,0,1,0,차대차 - 측면충돌,안전운전불이행,건조,맑음,단일로 - 기타,승용,남,55세,상해없음,승용,여,47세,경상
2022093000100582,2022년 9월 30일 19시,금요일,경상북도 포항시 남구 대잠동,경상사고,0,0,6,0,차대차 - 측면충돌,신호위반,건조,맑음,교차로 - 교차로안,승용,남,64세,상해없음,승용,여,47세,경상
2022093000100623,2022년 9월 30일 20시,금요일,경상북도 포항시 북구 우현동,경상사고,0,0,2,0,차대차 - 추돌,안전운전불이행,건조,맑음,교차로 - 교차로부근,승용,여,35세,상해없음,승용,여,46세,경상
2022093000100624,2022년 9월 30일 20시,금요일,경상북도 경산시 압량읍,사망사고,1,0,0,0,차대사람 - 기타,안전운전불이행,건조,맑음,단일로 - 기타,승용,남,59세,상해없음,보행자,여,49세,사망
2022093000100647,2022년 9월 30일 21시,금요일,경상북도 칠곡군 북삼읍,경상사고,0,0,1,0,차대사람 - 기타,안전운전불이행,건조,맑음,단일로 - 기타,이륜,남,23세,상해없음,보행자,남,56세,경상
2022093000100671,2022년 9월 30일 22시,금요일,경상북도 경산시 계양동,경상사고,0,0,1,0,차대사람 - 기타,보행자보호의무위반,건조,맑음,단일로 - 기타,승용,남,46세,상해없음,보행자,남,35세,경상
2022093000100672,2022년 9월 30일 22시,금요일,경상북도 구미시 선산읍,경상사고,0,0,1,0,차대차 - 추돌,안전운전불이행,건조,맑음,단일로 - 기타,이륜,남,56세,경상,이륜,남,16세,상해없음
2022100100100011,2022년 10월 1일 00시,토요일,경상북도 성주군 용암면,중상사고,0,1,0,0,차량단독 - 공작물충돌,안전운전불이행,건조,맑음,교차로 - 교차로안,승용,여,35세,기타불명,,,,
2022100100100040,2022년 10월 1일 02시,토요일,경상북도 상주시 연원동,중상사고,0,1,0,0,차량단독 - 공작물충돌,안전운전불이행,건조,맑음,교차로 - 교차로부근,승용,여,36세,중상,,,,
2022100100100070,2022년 10월 1일 05시,토요일,경상북도 구미시 원평동,중상사고,0,1,0,0,차대사람 - 횡단중,안전운전불이행,건조,맑음,교차로 - 교차로안,승용,남,69세,상해없음,보행자,여,71세,중상
2022100100100091,2022년 10월 1일 06시,토요일,경상북도 경산시 계양동,사망사고,1,0,0,0,차대사람 - 차도통행중,안전운전불이행,건조,맑음,교차로 - 교차로안,화물,남,48세,상해없음,보행자,여,80세,사망
2022100100100092,2022년 10월 1일 06시,토요일,경상북도 청송군 현서면,부상신고사고,0,0,0,1,차대차 - 측면충돌,안전운전불이행,건조,맑음,단일로 - 지하차도(도로)내,승용,여,36세,상해없음,승합,남,62세,부상신고
2022100100100093,2022년 10월 1일 06시,토요일,경상북도 포항시 남구 송도동,경상사고,0,0,1,0,차대차 - 측면충돌,신호위반,건조,맑음,교차로 - 교차로안,승용,남,41세,상해없음,자전거,남,63세,경상
2022100100100107,2022년 10월 1일 07시,토요일,경상북도 영덕군 영해면,경상사고,0,0,2,0,차대차 - 측면충돌,안전운전불이행,건조,맑음,단일로 - 기타,화물,남,51세,경상,승용,여,63세,경상
2022100100100134,2022년 10월 1일 08시,토요일,경상북도 영덕군 영덕읍,경상사고,0,0,3,0,차대차 - 측면충돌,안전운전불이행,건조,맑음,교차로 - 교차로안,승용,여,20세,상해없음,화물,남,61세,경상
2022100100100191,2022년 10월 1일 10시,토요일,경상북도 포항시 북구 장성동,경상사고,0,0,1,0,차대차 - 후진중충돌,안전운전불이행,건조,맑음,주차장 - 주차장,승용,여,43세,상해없음,승용,여,36세,경상
2022100100100192,2022년 10월 1일 10시,토요일,경상북도 청도군 각북면,경상사고,0,0,2,0,차대차 - 기타,중앙선침범,건조,맑음,단일로 - 기타,화물,남,59세,상해없음,승용,여,55세,경상
2022100100100193,2022년 10월 1일 10시,토요일,경상북도 군위군 군위읍,경상사고,0,0,1,0,차대차 - 기타,안전운전불이행,건조,맑음,주차장 - 주차장,승용,남,67세,상해없음,승합,남,56세,상해없음
2022100100100225,2022년 10월 1일 11시,토요일,경상북도 김천시 아포읍,경상사고,0,0,1,0,차대사람 - 길가장자리구역통행중,안전운전불이행,건조,맑음,단일로 - 기타,화물,남,54세,상해없음,보행자,여,80세,경상
2022100100100226,2022년 10월 1일 11시,토요일,경상북도 칠곡군 지천면,중상사고,0,1,1,0,차대차 - 측면충돌,기타,건조,맑음,교차로 - 교차로안,승용,여,59세,중상,승용,남,74세,상해없음
2022100100100227,2022년 10월 1일 11시,토요일,경상북도 구미시 황상동,경상사고,0,0,1,0,차대차 - 측면충돌,교차로운행방법위반,건조,맑음,교차로 - 교차로안,승용,여,56세,상해없음,이륜,남,27세,경상
2022100100100228,2022년 10월 1일 11시,토요일,경상북도 포항시 남구 이동,경상사고,0,0,2,0,차대차 - 측면충돌,신호위반,건조,맑음,단일로 - 지하차도(도로)내,화물,남,65세,상해없음,승용,남,36세,경상
2022100100100265,2022년 10월 1일 12시,토요일,경상북도 포항시 북구 죽도동,중상사고,0,1,0,0,차대사람 - 횡단중,안전운전불이행,건조,맑음,단일로 - 기타,이륜,남,39세,상해없음,보행자,여,62세,중상
2022100100100305,2022년 10월 1일 13시,토요일,경상북도 청도군 청도읍,경상사고,0,0,2,0,차대차 - 측면충돌,안전거리미확보,건조,맑음,단일로 - 기타,승용,여,34세,상해없음,승용,남,24세,경상
2022100100100379,2022년 10월 1일 15시,토요일,경상북도 안동시 이천동,경상사고,0,0,2,0,차대차 - 측면충돌,중앙선침범,건조,맑음,단일로 - 지하차도(도로)내,승용,남,28세,상해없음,승용,여,55세,경상
2022100100100380,2022년 10월 1일 15시,토요일,경상북도 영주시 가흥동,사망사고,1,0,0,0,차대사람 - 기타,안전운전불이행,건조,맑음,단일로 - 교량,승용,남,70세,상해없음,보행자,남,86세,사망
2022100100100381,2022년 10월 1일 15시,토요일,경상북도 성주군 성주읍,중상사고,0,1,2,0,차대차 - 기타,안전운전불이행,건조,맑음,교차로 - 교차로안,승용,여,63세,상해없음,승용,남,69세,상해없음
2022100100100419,2022년 10월 1일 16시,토요일,경상북도 청도군 운문면,사망사고,1,0,0,0,차대차 - 정면충돌,중앙선침범,건조,흐림,단일로 - 기타,승용,여,38세,상해없음,승용,여,48세,상해없음
2022100100100420,2022년 10월 1일 16시,토요일,경상북도 울릉군 북면,중상사고,0,1,0,0,차대사람 - 보도통행중,안전운전불이행,건조,맑음,단일로 - 기타,화물,남,39세,상해없음,보행자,여,73세,중상
2022100100100421,2022년 10월 1일 16시,토요일,경상북도 포항시 남구 구룡포읍,경상사고,0,0,1,0,차대차 - 측면충돌,안전운전불이행,건조,맑음,단일로 - 지하차도(도로)내,승용,여,70세,상해없음,승용,여,53세,경상
2022100100100457,2022년 10월 1일 17시,토요일,경상북도 안동시 풍천면,경상사고,0,0,2,0,차대차 - 추돌,안전거리미확보,건조,맑음,단일로 - 기타,승용,남,33세,상해없음,승용,여,27세,경상
2022100100100458,2022년 10월 1일 17시,토요일,경상북도 문경시 불정동,중상사고,0,3,8,0,차대차 - 추돌,안전운전불이행,건조,맑음,단일로 - 터널,승용,남,31세,경상,승합,남,52세,상해없음
2022100100100498,2022년 10월 1일 18시,토요일,경상북도 영주시 봉현면,경상사고,0,0,2,0,차대차 - 기타,안전운전불이행,건조,맑음,교차로 - 교차로안,승용,남,66세,상해없음,승용,남,45세,경상
2022100100100499,2022년 10월 1일 18시,토요일,경상북도 경산시 압량읍,중상사고,0,1,0,0,차대차 - 추돌,안전운전불이행,건조,맑음,교차로 - 교차로부근,화물,남,60세,상해없음,이륜,남,50세,중상
2022100100100549,2022년 10월 1일 19시,토요일,경상북도 상주시 가장동,경상사고,0,0,2,0,차대차 - 측면충돌,안전거리미확보,건조,맑음,단일로 - 교량,승용,남,71세,상해없음,승용,남,38세,경상
2022100100100587,2022년 10월 1일 20시,토요일,경상북도 경주시 천군동,경상사고,0,0,1,0,차대사람 - 횡단중,보행자보호의무위반,건조,맑음,교차로 - 교차로부근,승용,남,47세,상해없음,보행자,여,13세,경상
2022100100100588,2022년 10월 1일 20시,토요일,경상북도 고령군 다산면,부상신고사고,0,0,0,1,차대차 - 측면충돌,안전운전불이행,건조,맑음,교차로 - 교차로안,이륜,남,21세,부상신고,승용,남,48세,상해없음
2022100100100589,2022년 10월 1일 20시,토요일,경상북도 경산시 와촌면,중상사고,0,1,7,1,차대차 - 추돌,안전운전불이행,건조,맑음,단일로 - 터널,승용,남,44세,상해없음,승용,남,40세,부상신고
2022100100100619,2022년 10월 1일 21시,토요일,경상북도 포항시 북구 두호동,중상사고,0,1,0,0,차대차 - 측면충돌,안전운전불이행,건조,맑음,단일로 - 기타,승용,남,30세,상해없음,원동기,남,37세,중상
2022100100100620,2022년 10월 1일 21시,토요일,경상북도 울진군 북면,경상사고,0,0,2,0,차대차 - 측면충돌,안전운전불이행,건조,맑음,기타 - 기타,승용,여,50세,경상,승용,남,27세,경상
2022100200100023,2022년 10월 2일 01시,일요일,경상북도 김천시 부곡동,경상사고,0,0,1,0,차대사람 - 보도통행중,안전운전불이행,건조,맑음,교차로 - 교차로안,승용,남,68세,상해없음,보행자,남,59세,경상
2022100200100024,2022년 10월 2일 01시,일요일,경상북도 구미시 봉곡동,중상사고,0,1,0,0,차량단독 - 전도전복 - 전도,안전운전불이행,건조,기타,교차로 - 교차로안,이륜,남,16세,상해없음,,,,
2022100200100064,2022년 10월 2일 07시,일요일,경상북도 영천시 성내동,경상사고,0,0,1,0,차대차 - 측면충돌,안전운전불이행,건조,맑음,교차로 - 교차로부근,승용,남,48세,상해없음,승용,남,36세,경상
2022100200100074,2022년 10월 2일 08시,일요일,경상북도 경산시 자인면,중상사고,0,1,1,0,차대차 - 측면충돌,중앙선침범,건조,맑음,단일로 - 기타,화물,남,68세,경상,화물,남,40세,중상
2022100200100083,2022년 10월 2일 09시,일요일,경상북도 경산시 계양동,경상사고,0,0,7,0,차대차 - 기타,안전운전불이행,건조,맑음,단일로 - 기타,승용,남,52세,상해없음,승용,남,53세,경상
2022100200100102,2022년 10월 2일 10시,일요일,경상북도 포항시 북구 청하면,경상사고,0,0,1,0,차대사람 - 차도통행중,안전운전불이행,건조,맑음,단일로 - 기타,승용,남,51세,상해없음,보행자,남,51세,경상
2022100200100104,2022년 10월 2일 10시,일요일,경상북도 구미시 고아읍,경상사고,0,0,1,0,차대차 - 측면충돌,직진우회전진행방해,건조,흐림,교차로 - 교차로안,승용,남,55세,상해없음,사륜오토바이(ATV),여,83세,경상
2022100200100125,2022년 10월 2일 11시,일요일,경상북도 경주시 문무대왕면,중상사고,0,1,4,0,차대차 - 정면충돌,중앙선침범,건조,맑음,단일로 - 터널,승용,남,78세,상해없음,승용,남,33세,경상
2022100200100148,2022년 10월 2일 12시,일요일,경상북도 청도군 청도읍,경상사고,0,0,3,0,차대차 - 후진중충돌,안전운전불이행,건조,맑음,단일로 - 기타,승용,남,64세,상해없음,승용,여,39세,경상
2022100200100149,2022년 10월 2일 12시,일요일,경상북도 구미시 선산읍,경상사고,0,0,1,0,차대사람 - 횡단중,안전운전불이행,건조,맑음,교차로 - 교차로안,화물,남,63세,상해없음,보행자,남,41세,경상
2022100200100150,2022년 10월 2일 12시,일요일,경상북도 구미시 송정동,경상사고,0,0,1,0,차대차 - 측면충돌,중앙선침범,건조,맑음,교차로 - 교차로부근,승용,남,62세,상해없음,이륜,남,46세,경상
2022100200100199,2022년 10월 2일 14시,일요일,경상북도 성주군 성주읍,중상사고,0,2,0,1,차대차 - 측면충돌,신호위반,건조,맑음,교차로 - 교차로안,승용,남,67세,부상신고,승용,여,62세,중상
2022100200100200,2022년 10월 2일 14시,일요일,경상북도 성주군 초전면,부상신고사고,0,0,0,1,차량단독 - 공작물충돌,안전운전불이행,건조,맑음,단일로 - 기타,승용,여,49세,부상신고,,,,
2022100200100228,2022년 10월 2일 15시,일요일,경상북도 경주시 천군동,경상사고,0,0,2,0,차대차 - 측면충돌,안전운전불이행,건조,맑음,단일로 - 기타,승용,남,44세,상해없음,승용,남,26세,경상
2022100200100229,2022년 10월 2일 15시,일요일,경상북도 경주시 북군동,경상사고,0,0,1,1,차대차 - 측면충돌,안전운전불이행,건조,맑음,교차로 - 교차로횡단보도내,승용,여,38세,기타불명,개인형이동수단(PM),남,70세,부상신고
2022100200100258,2022년 10월 2일 16시,일요일,경상북도 영주시 이산면,경상사고,0,0,1,0,차대차 - 기타,안전운전불이행,건조,맑음,단일로 - 기타,승용,여,36세,상해없음,화물,남,76세,경상
2022100200100259,2022년 10월 2일 16시,일요일,경상북도 청도군 운문면,경상사고,0,0,1,0,차대차 - 측면충돌,안전거리미확보,건조,맑음,단일로 - 기타,승용,남,29세,상해없음,이륜,남,48세,경상
2022100200100293,2022년 10월 2일 17시,일요일,경상북도 경주시 덕동,경상사고,0,0,2,0,차대차 - 측면충돌,중앙선침범,건조,맑음,교차로 - 교차로부근,승용,여,29세,상해없음,승용,남,38세,경상
2022100200100326,2022년 10월 2일 18시,일요일,경상북도 경산시 와촌면,경상사고,0,0,1,0,차량단독 - 공작물충돌,안전운전불이행,건조,맑음,교차로 - 교차로안,승용,남,28세,상해없음,,,,
2022100200100353,2022년 10월 2일 19시,일요일,경상북도 안동시 남부동,경상사고,0,0,1,0,차대사람 - 기타,안전운전불이행,건조,맑음,교차로 - 교차로부근,승용,남,36세,상해없음,보행자,남,24세,경상
2022100200100354,2022년 10월 2일 19시,일요일,경상북도 성주군 성주읍,중상사고,0,1,0,0,차대사람 - 횡단중,보행자보호의무위반,건조,맑음,교차로 - 교차로안,승용,여,62세,상해없음,보행자,여,46세,중상
2022100200100398,2022년 10월 2일 20시,일요일,경상북도 울진군 근남면,사망사고,1,1,3,0,차대차 - 추돌,안전운전불이행,건조,맑음,단일로 - 기타,화물,남,64세,사망,승용,남,62세,경상
2022100200100443,2022년 10월 2일 22시,일요일,경상북도 상주시 무양동,경상사고,0,0,1,0,차대사람 - 횡단중,안전운전불이행,젖음/습기,비,교차로 - 교차로부근,이륜,남,53세,상해없음,보행자,여,69세,경상
2022100300100067,2022년 10월 3일 06시,월요일,경상북도 포항시 북구 흥해읍,중상사고,0,1,1,0,차대차 - 정면충돌,중앙선침범,젖음/습기,흐림,단일로 - 기타,승용,남,68세,상해없음,화물,남,57세,경상
2022100300100068,2022년 10월 3일 06시,월요일,경상북도 구미시 시미동,경상사고,0,0,1,0,차대차 - 측면충돌,안전운전불이행,건조,맑음,교차로 - 교차로부근,화물,남,53세,상해없음,승용,여,37세,경상
2022100300100099,2022년 10월 3일 09시,월요일,경상북도 안동시 송천동,경상사고,0,0,4,0,차대차 - 기타,안전운전불이행,건조,흐림,교차로 - 교차로부근,승용,여,45세,상해없음,승용,여,50세,경상
2022100300100100,2022년 10월 3일 09시,월요일,경상북도 성주군 선남면,중상사고,0,1,0,0,차대차 - 기타,안전운전불이행,젖음/습기,비,단일로 - 기타,이륜,남,75세,중상,승용,여,63세,상해없음
2022100300100123,2022년 10월 3일 10시,월요일,경상북도 김천시 양천동,중상사고,0,1,2,0,차대차 - 측면충돌,기타,젖음/습기,맑음,교차로 - 교차로안,승용,여,43세,경상,화물,남,57세,경상
2022100300100147,2022년 10월 3일 11시,월요일,경상북도 문경시 문경읍,경상사고,0,0,2,0,차대차 - 추돌,안전운전불이행,건조,흐림,단일로 - 터널,승용,남,62세,상해없음,승용,여,33세,경상
2022100300100176,2022년 10월 3일 12시,월요일,경상북도 안동시 송현동,경상사고,0,0,1,0,차대차 - 기타,안전운전불이행,건조,맑음,교차로 - 교차로안,승용,남,67세,상해없음,이륜,남,38세,경상
2022100300100177,2022년 10월 3일 12시,월요일,경상북도 문경시 산양면,중상사고,0,1,1,0,차대차 - 정면충돌,중앙선침범,건조,맑음,단일로 - 교량,승용,여,63세,상해없음,승용,남,27세,경상
2022100300100203,2022년 10월 3일 13시,월요일,경상북도 김천시 율곡동,경상사고,0,0,2,0,차대차 - 측면충돌,안전운전불이행,건조,맑음,단일로 - 기타,이륜,남,39세,경상,승용,여,55세,경상
2022100300100233,2022년 10월 3일 14시,월요일,경상북도 포항시 북구 우현동,경상사고,0,0,2,0,차대차 - 측면충돌,안전운전불이행,건조,맑음,교차로 - 교차로안,승용,남,70세,상해없음,승용,남,28세,경상
2022100300100234,2022년 10월 3일 14시,월요일,경상북도 고령군 성산면,경상사고,0,0,1,0,차대차 - 추돌,안전운전불이행,건조,맑음,기타 - 기타,승용,남,69세,상해없음,승용,남,51세,경상
2022100300100261,2022년 10월 3일 15시,월요일,경상북도 안동시 태화동,경상사고,0,0,1,0,차대차 - 측면충돌,안전운전불이행,건조,맑음,단일로 - 기타,승용,남,70세,경상,승용,남,53세,기타불명
2022100300100262,2022년 10월 3일 15시,월요일,경상북도 구미시 인의동,중상사고,0,1,0,0,차대차 - 측면충돌,직진우회전진행방해,건조,맑음,교차로 - 교차로안,승용,남,57세,상해없음,이륜,남,43세,중상
2022100300100287,2022년 10월 3일 16시,월요일,경상북도 경주시 감포읍,중상사고,0,1,0,0,차대차 - 측면충돌,중앙선침범,건조,맑음,단일로 - 기타,승용,여,27세,상해없음,이륜,남,81세,중상
2022100300100288,2022년 10월 3일 16시,월요일,경상북도 포항시 북구 양덕동,경상사고,0,0,2,0,차대차 - 측면충돌,신호위반,건조,맑음,교차로 - 교차로안,원동기,남,19세,상해없음,승용,남,21세,경상
2022100300100289,2022년 10월 3일 16시,월요일,경상북도 안동시 옥동,경상사고,0,0,1,0,차량단독 - 공작물충돌,안전운전불이행,건조,맑음,단일로 - 기타,승용,남,72세,경상,,,,
2022100300100290,2022년 10월 3일 16시,월요일,경상북도 영천시 문외동,중상사고,0,1,0,0,차대사람 - 차도통행중,안전운전불이행,건조,맑음,교차로 - 교차로안,승용,남,51세,상해없음,보행자,여,12세,중상
2022100300100291,2022년 10월 3일 16시,월요일,경상북도 영천시 본촌동,경상사고,0,0,2,0,차대차 - 측면충돌,안전운전불이행,건조,맑음,단일로 - 기타,승용,남,28세,상해없음,특수,남,45세,경상
2022100300100322,2022년 10월 3일 17시,월요일,경상북도 경주시 성건동,경상사고,0,0,1,0,차대차 - 측면충돌,신호위반,건조,맑음,교차로 - 교차로횡단보도내,승용,남,71세,상해없음,개인형이동수단(PM),남,23세,경상
2022100300100323,2022년 10월 3일 17시,월요일,경상북도 포항시 북구 죽도동,경상사고,0,0,1,0,차대차 - 측면충돌,안전운전불이행,건조,맑음,교차로 - 교차로부근,승용,여,22세,상해없음,화물,남,53세,경상
2022100300100357,2022년 10월 3일 18시,월요일,경상북도 경주시 충효동,중상사고,0,1,0,0,차대차 - 측면충돌,중앙선침범,건조,맑음,교차로 - 교차로부근,승용,남,57세,상해없음,원동기,남,44세,중상
2022100300100386,2022년 10월 3일 19시,월요일,경상북도 의성군 의성읍,중상사고,0,1,0,0,차량단독 - 공작물충돌,안전운전불이행,건조,맑음,단일로 - 교량,화물,남,69세,중상,,,,
2022100300100387,2022년 10월 3일 19시,월요일,경상북도 경산시 사동,중상사고,0,1,2,0,차대차 - 측면충돌,신호위반,건조,맑음,교차로 - 교차로안,원동기,남,17세,중상,승용,여,51세,경상
2022100300100388,2022년 10월 3일 19시,월요일,경상북도 구미시 거의동,중상사고,0,1,0,0,차대사람 - 기타,보행자보호의무위반,건조,맑음,교차로 - 교차로횡단보도내,승용,남,74세,상해없음,보행자,여,22세,중상
2022100300100389,2022년 10월 3일 19시,월요일,경상북도 구미시 사곡동,경상사고,0,0,1,0,차대차 - 측면충돌,안전운전불이행,건조,맑음,단일로 - 기타,승용,남,58세,상해없음,이륜,남,31세,경상
2022100300100416,2022년 10월 3일 20시,월요일,경상북도 경주시 사정동,경상사고,0,0,7,0,차대차 - 측면충돌,안전거리미확보,건조,맑음,교차로 - 교차로부근,승용,여,58세,상해없음,승용,남,35세,경상
2022100300100439,2022년 10월 3일 21시,월요일,경상북도 포항시 남구 해도동,부상신고사고,0,0,0,1,차대사람 - 기타,안전운전불이행,건조,맑음,교차로 - 교차로안,승용,여,58세,상해없음,보행자,여,24세,부상신고
2022100300100465,2022년 10월 3일 22시,월요일,경상북도 구미시 공단동,경상사고,0,0,1,0,차대차 - 기타,안전운전불이행,건조,맑음,교차로 - 교차로안,승용,여,47세,상해없음,승용,남,53세,경상
2022100300100492,2022년 10월 3일 23시,월요일,경상북도 문경시 문경읍,중상사고,0,1,0,0,차대차 - 추돌,안전운전불이행,건조,맑음,단일로 - 기타,승합,남,52세,상해없음,승용,남,26세,상해없음
2022100400100009,2022년 10월 4일 00시,화요일,경상북도 고령군 대가야읍,경상사고,0,0,1,0,차대차 - 기타,안전운전불이행,건조,흐림,단일로 - 기타,승용,여,55세,상해없음,승용,남,24세,경상
2022100400100047,2022년 10월 4일 06시,화요일,경상북도 경주시 현곡면,중상사고,0,1,0,0,차대차 - 정면충돌,중앙선침범,젖음/습기,흐림,교차로 - 교차로부근,승용,남,26세,상해없음,승용,남,42세,중상
2022100400100048,2022년 10월 4일 06시,화요일,경상북도 안동시 풍산읍,경상사고,0,0,2,0,차대차 - 기타,안전운전불이행,젖음/습기,비,단일로 - 기타,승합,남,65세,경상,승용,남,43세,상해없음
2022100400100067,2022년 10월 4일 07시,화요일,경상북도 경산시 하양읍,경상사고,0,0,1,0,차대차 - 추돌,안전거리미확보,건조,맑음,단일로 - 기타,승용,남,51세,상해없음,승용,남,31세,경상
2022100400100089,2022년 10월 4일 08시,화요일,경상북도 상주시 낙양동,경상사고,0,0,1,0,차대차 - 측면충돌,안전운전불이행,젖음/습기,맑음,교차로 - 교차로부근,승용,남,53세,상해없음,자전거,남,17세,경상
2022100400100090,2022년 10월 4일 08시,화요일,경상북도 칠곡군 석적읍,경상사고,0,0,1,0,차대차 - 추돌,안전운전불이행,건조,맑음,교차로 - 교차로부근,승용,여,45세,상해없음,승용,여,66세,경상
2022100400100126,2022년 10월 4일 09시,화요일,경상북도 포항시 남구 인덕동,경상사고,0,0,1,0,차대차 - 기타,차로위반,젖음/습기,맑음,단일로 - 기타,승용,남,69세,상해없음,승용,여,33세,경상
2022100400100161,2022년 10월 4일 10시,화요일,경상북도 경주시 동부동,중상사고,0,1,0,0,차대사람 - 횡단중,안전운전불이행,젖음/습기,비,단일로 - 지하차도(도로)내,화물,남,82세,상해없음,보행자,남,81세,중상