사고번호,사고일시,요일,시군구,사고내용,사망자수,중상자수,경상자수,부상신고자수,사고유형,법규위반,노면상태,기상상태,도로형태,가해운전자 차종,가해운전자 성별,가해운전자 연령,가해운전자 상해정도,피해운전자 차종,피해운전자 성별,피해운전자 연령,피해운전자 상해정도
2022100400100162,2022년 10월 4일 10시,화요일,경상북도 김천시 평화동,부상신고사고,0,0,0,1,차대차 - 측면충돌,직진우회전진행방해,젖음/습기,비,교차로 - 교차로안,승용,여,60세,부상신고,승용,여,39세,상해없음
2022100400100163,2022년 10월 4일 10시,화요일,경상북도 경산시 하양읍,경상사고,0,0,1,0,차대차 - 추돌,안전운전불이행,젖음/습기,비,교차로 - 교차로안,승용,남,21세,상해없음,승용,남,57세,경상
2022100400100199,2022년 10월 4일 11시,화요일,경상북도 상주시 남장동,중상사고,0,1,0,0,차대차 - 측면충돌,안전운전불이행,젖음/습기,맑음,단일로 - 기타,농기계,남,76세,상해없음,이륜,남,46세,중상
2022100400100238,2022년 10월 4일 12시,화요일,경상북도 안동시 광석동,경상사고,0,0,1,0,차대차 - 기타,안전운전불이행,건조,맑음,단일로 - 기타,승합,남,67세,상해없음,화물,남,75세,경상
2022100400100239,2022년 10월 4일 12시,화요일,경상북도 울릉군 울릉읍,경상사고,0,0,2,0,차대차 - 후진중충돌,안전운전불이행,젖음/습기,비,단일로 - 기타,화물,남,65세,상해없음,승용,남,32세,경상
2022100400100258,2022년 10월 4일 13시,화요일,경상북도 안동시 태화동,중상사고,0,1,0,0,차대사람 - 기타,안전운전불이행,건조,맑음,단일로 - 기타,승용,여,20세,상해없음,보행자,여,70세,중상
2022100400100259,2022년 10월 4일 13시,화요일,경상북도 상주시 내서면,경상사고,0,0,1,0,차대사람 - 기타,안전운전불이행,건조,맑음,단일로 - 기타,화물,남,62세,상해없음,보행자,남,41세,경상
2022100400100291,2022년 10월 4일 14시,화요일,경상북도 안동시 임하면,경상사고,0,0,2,0,차대차 - 기타,중앙선침범,젖음/습기,비,교차로 - 교차로부근,승용,남,73세,상해없음,화물,남,53세,경상
2022100400100292,2022년 10월 4일 14시,화요일,경상북도 영천시 화산면,중상사고,0,1,2,0,차대차 - 정면충돌,안전운전불이행,건조,맑음,교차로 - 교차로안,승용,남,35세,중상,화물,남,69세,경상
2022100400100337,2022년 10월 4일 15시,화요일,경상북도 상주시 중덕동,경상사고,0,0,2,0,차대차 - 측면충돌,교차로운행방법위반,건조,맑음,교차로 - 교차로안,승합,남,41세,상해없음,화물,남,65세,경상
2022100400100338,2022년 10월 4일 15시,화요일,경상북도 영주시 휴천동,중상사고,0,1,0,0,차대사람 - 횡단중,보행자보호의무위반,젖음/습기,비,교차로 - 교차로횡단보도내,승용,여,52세,상해없음,보행자,여,69세,중상
2022100400100440,2022년 10월 4일 18시,화요일,경상북도 경주시 황성동,중상사고,0,1,0,0,차대차 - 정면충돌,안전운전불이행,젖음/습기,비,교차로 - 교차로부근,자전거,여,85세,중상,이륜,남,32세,상해없음
2022100400100441,2022년 10월 4일 18시,화요일,경상북도 성주군 성주읍,경상사고,0,0,1,0,차대차 - 기타,안전운전불이행,건조,맑음,교차로 - 교차로안,승용,남,26세,상해없음,승용,여,68세,경상
2022100400100471,2022년 10월 4일 19시,화요일,경상북도 칠곡군 북삼읍,경상사고,0,0,1,0,차대차 - 측면충돌,안전운전불이행,건조,맑음,교차로 - 교차로안,승용,남,62세,상해없음,승합,여,54세,경상
2022100400100472,2022년 10월 4일 19시,화요일,경상북도 경산시 하양읍,중상사고,0,1,0,0,차대차 - 추돌,안전거리미확보,건조,맑음,단일로 - 지하차도(도로)내,승용,남,56세,상해없음,승용,남,68세,중상
2022100400100473,2022년 10월 4일 19시,화요일,경상북도 경산시 계양동,경상사고,0,0,1,0,차대차 - 측면충돌,신호위반,젖음/습기,비,교차로 - 교차로횡단보도내,승용,남,29세,상해없음,자전거,남,27세,경상
2022100400100474,2022년 10월 4일 19시,화요일,경상북도 포항시 남구 효자동,경상사고,0,0,2,0,차대사람 - 횡단중,보행자보호의무위반,젖음/습기,비,교차로 - 교차로횡단보도내,승용,남,42세,상해없음,보행자,남,33세,경상
2022100400100499,2022년 10월 4일 20시,화요일,경상북도 경산시 하양읍,경상사고,0,0,2,0,차대차 - 측면충돌,안전거리미확보,건조,맑음,교차로 - 교차로부근,승용,남,21세,경상,승용,남,51세,경상
2022100400100500,2022년 10월 4일 20시,화요일,경상북도 포항시 남구 해도동,경상사고,0,0,1,0,차대사람 - 횡단중,안전운전불이행,젖음/습기,비,단일로 - 기타,승용,여,66세,상해없음,보행자,남,58세,경상
2022100400100533,2022년 10월 4일 21시,화요일,경상북도 안동시 옥동,중상사고,0,1,0,0,차대사람 - 횡단중,보행자보호의무위반,젖음/습기,비,교차로 - 교차로횡단보도내,승용,남,22세,상해없음,보행자,남,35세,중상
2022100400100534,2022년 10월 4일 21시,화요일,경상북도 안동시 용상동,중상사고,0,1,0,0,차대사람 - 횡단중,보행자보호의무위반,젖음/습기,비,단일로 - 기타,승용,여,39세,상해없음,보행자,남,32세,중상
2022100400100551,2022년 10월 4일 22시,화요일,경상북도 경주시 구정동,사망사고,1,0,0,0,차대사람 - 횡단중,안전운전불이행,건조,흐림,교차로 - 교차로안,화물,남,54세,상해없음,보행자,남,61세,사망
2022100500100031,2022년 10월 5일 04시,수요일,경상북도 청송군 파천면,중상사고,0,1,0,0,차량단독 - 전도전복 - 전복,안전운전불이행,건조,맑음,단일로 - 지하차도(도로)내,이륜,남,79세,중상,,,,
2022100500100106,2022년 10월 5일 08시,수요일,경상북도 경산시 자인면,중상사고,0,1,0,0,차대차 - 추돌,안전운전불이행,건조,맑음,단일로 - 기타,화물,남,73세,상해없음,화물,남,45세,중상
2022100500100107,2022년 10월 5일 08시,수요일,경상북도 포항시 남구 대도동,경상사고,0,0,3,0,차대차 - 기타,안전운전불이행,건조,맑음,단일로 - 지하차도(도로)내,승용,남,60세,기타불명,승용,남,70세,경상
2022100500100137,2022년 10월 5일 09시,수요일,경상북도 포항시 북구 장성동,중상사고,0,1,0,0,차대사람 - 횡단중,보행자보호의무위반,건조,맑음,단일로 - 기타,승용,여,72세,상해없음,보행자,남,80세,중상
2022100500100164,2022년 10월 5일 10시,수요일,경상북도 경주시 외동읍,경상사고,0,0,1,0,차대사람 - 기타,기타,건조,맑음,교차로 - 교차로부근,승합,남,61세,상해없음,보행자,여,57세,경상
2022100500100165,2022년 10월 5일 10시,수요일,경상북도 포항시 남구 연일읍,경상사고,0,0,1,0,차대차 - 측면충돌,안전운전불이행,건조,맑음,단일로 - 기타,자전거,남,75세,경상,승용,여,49세,상해없음
2022100500100258,2022년 10월 5일 13시,수요일,경상북도 경주시 외동읍,중상사고,0,1,0,0,차대사람 - 길가장자리구역통행중,안전운전불이행,건조,맑음,단일로 - 기타,화물,남,54세,상해없음,보행자,남,36세,중상
2022100500100259,2022년 10월 5일 13시,수요일,경상북도 칠곡군 왜관읍,경상사고,0,0,2,0,차대차 - 측면충돌,교차로운행방법위반,건조,맑음,교차로 - 교차로안,승용,남,84세,경상,건설기계,남,31세,경상
2022100500100260,2022년 10월 5일 13시,수요일,경상북도 문경시 산양면,경상사고,0,0,2,0,차대차 - 측면충돌,안전운전불이행,건조,흐림,교차로 - 교차로안,승합,남,73세,경상,승용,남,43세,경상
2022100500100292,2022년 10월 5일 14시,수요일,경상북도 경주시 도지동,경상사고,0,0,1,0,차량단독 - 전도전복 - 전복,안전운전불이행,건조,맑음,기타 - 기타,승용,남,79세,상해없음,,,,
2022100500100293,2022년 10월 5일 14시,수요일,경상북도 포항시 남구 동해면,경상사고,0,0,2,0,차대차 - 측면충돌,중앙선침범,건조,맑음,단일로 - 고가도로위,승용,여,59세,상해없음,승용,남,70세,경상
2022100500100338,2022년 10월 5일 15시,수요일,경상북도 예천군 감천면,중상사고,0,1,0,0,차대차 - 추돌,안전운전불이행,건조,맑음,단일로 - 기타,화물,남,68세,중상,화물,남,51세,기타불명
2022100500100339,2022년 10월 5일 15시,수요일,경상북도 영양군 일월면,경상사고,0,0,1,0,차대차 - 기타,중앙선침범,건조,맑음,단일로 - 기타,화물,남,63세,상해없음,사륜오토바이(ATV),남,65세,경상
2022100500100414,2022년 10월 5일 17시,수요일,경상북도 경주시 황성동,중상사고,0,1,0,0,차대차 - 측면충돌,신호위반,건조,맑음,교차로 - 교차로안,이륜,남,61세,상해없음,승용,여,30세,중상
2022100500100415,2022년 10월 5일 17시,수요일,경상북도 봉화군 봉화읍,중상사고,0,1,0,0,차대차 - 기타,신호위반,건조,맑음,교차로 - 교차로안,사륜오토바이(ATV),남,84세,중상,승용,남,72세,상해없음
2022100500100456,2022년 10월 5일 18시,수요일,경상북도 안동시 예안면,중상사고,0,3,0,0,차대차 - 정면충돌,중앙선침범,건조,맑음,단일로 - 기타,승용,남,67세,중상,승용,남,73세,중상
2022100500100457,2022년 10월 5일 18시,수요일,경상북도 칠곡군 북삼읍,경상사고,0,0,2,0,차대차 - 측면충돌,기타,건조,맑음,교차로 - 교차로안,승용,여,49세,경상,승용,남,33세,경상
2022100500100458,2022년 10월 5일 18시,수요일,경상북도 울진군 후포면,중상사고,0,1,2,0,차대차 - 측면충돌,직진우회전진행방해,젖음/습기,비,교차로 - 교차로안,승용,남,47세,경상,승용,남,26세,중상
2022100500100459,2022년 10월 5일 18시,수요일,경상북도 울릉군 울릉읍,중상사고,0,1,0,0,차대사람 - 횡단중,안전운전불이행,건조,맑음,단일로 - 기타,승용,여,29세,상해없음,보행자,여,65세,중상
2022100500100511,2022년 10월 5일 19시,수요일,경상북도 경주시 감포읍,사망사고,1,0,0,0,차대사람 - 차도통행중,안전운전불이행,건조,맑음,단일로 - 지하차도(도로)내,승용,남,34세,상해없음,보행자,여,50세,사망
2022100500100512,2022년 10월 5일 19시,수요일,경상북도 상주시 사벌국면,중상사고,0,1,0,0,차량단독 - 전도전복 - 전복,안전운전불이행,건조,맑음,단일로 - 기타,승용,여,67세,중상,,,,
2022100500100513,2022년 10월 5일 19시,수요일,경상북도 포항시 남구 해도동,중상사고,0,1,0,0,차대차 - 측면충돌,중앙선침범,건조,맑음,단일로 - 기타,이륜,남,58세,중상,승용,남,59세,상해없음
2022100500100602,2022년 10월 5일 23시,수요일,경상북도 포항시 북구 죽도동,경상사고,0,0,1,0,차대차 - 측면충돌,안전운전불이행,건조,맑음,교차로 - 교차로부근,승용,남,32세,상해없음,승용,남,65세,경상
2022100500100603,2022년 10월 5일 23시,수요일,경상북도 경산시 계양동,중상사고,0,1,0,0,차대차 - 측면충돌,안전운전불이행,건조,맑음,단일로 - 기타,승용,남,52세,상해없음,승용,여,47세,중상
2022100600100007,2022년 10월 6일 01시,목요일,경상북도 경산시 하양읍,경상사고,0,0,1,0,차대차 - 측면충돌,안전운전불이행,건조,맑음,단일로 - 지하차도(도로)내,승용,남,29세,상해없음,승용,남,49세,경상
2022100600100011,2022년 10월 6일 02시,목요일,경상북도 문경시 유곡동,중상사고,0,1,1,0,차대차 - 추돌,안전운전불이행,건조,맑음,단일로 - 교량,화물,남,26세,중상,화물,남,70세,경상
2022100600100042,2022년 10월 6일 06시,목요일,경상북도 김천시 신음동,중상사고,0,1,0,0,차대차 - 측면충돌,안전운전불이행,건조,맑음,교차로 - 교차로부근,승용,남,33세,상해없음,승합,남,63세,상해없음
2022100600100043,2022년 10월 6일 06시,목요일,경상북도 의성군 봉양면,경상사고,0,0,1,0,차대차 - 측면충돌,안전운전불이행,건조,맑음,주차장 - 주차장,승용,남,57세,상해없음,승용,남,65세,경상
2022100600100044,2022년 10월 6일 06시,목요일,경상북도 경주시 신평동,중상사고,0,1,0,0,차대차 - 추돌,안전운전불이행,건조,맑음,단일로 - 기타,승용,남,85세,상해없음,화물,남,68세,상해없음
2022100600100063,2022년 10월 6일 07시,목요일,경상북도 경산시 계양동,경상사고,0,0,1,0,차대차 - 추돌,기타,건조,맑음,교차로 - 교차로부근,승용,남,27세,상해없음,승용,남,40세,경상
2022100600100100,2022년 10월 6일 08시,목요일,경상북도 김천시 율곡동,중상사고,0,1,0,0,차대차 - 측면충돌,안전운전불이행,건조,맑음,교차로 - 교차로횡단보도내,승합,남,54세,상해없음,자전거,남,11세,중상
2022100600100145,2022년 10월 6일 09시,목요일,경상북도 경주시 동천동,경상사고,0,0,1,0,차대사람 - 횡단중,보행자보호의무위반,건조,맑음,교차로 - 교차로부근,자전거,남,64세,상해없음,보행자,남,50세,경상
2022100600100146,2022년 10월 6일 09시,목요일,경상북도 영덕군 영덕읍,중상사고,0,1,0,0,차대사람 - 횡단중,보행자보호의무위반,건조,맑음,교차로 - 교차로횡단보도내,승용,여,65세,상해없음,보행자,여,79세,중상
2022100600100147,2022년 10월 6일 09시,목요일,경상북도 울진군 평해읍,중상사고,0,1,0,0,차량단독 - 전도전복 - 전도,기타,젖음/습기,비,단일로 - 기타,승용,여,45세,중상,,,,
2022100600100172,2022년 10월 6일 10시,목요일,경상북도 의성군 봉양면,중상사고,0,1,0,0,차대차 - 측면충돌,안전운전불이행,건조,맑음,단일로 - 기타,승용,남,65세,상해없음,화물,남,66세,중상
2022100600100173,2022년 10월 6일 10시,목요일,경상북도 경산시 하양읍,경상사고,0,0,1,0,차대차 - 후진중충돌,안전운전불이행,건조,맑음,단일로 - 기타,화물,남,67세,상해없음,승용,여,36세,경상
2022100600100174,2022년 10월 6일 10시,목요일,경상북도 구미시 송정동,중상사고,0,1,0,0,차대차 - 추돌,안전운전불이행,건조,맑음,단일로 - 기타,화물,남,46세,상해없음,승용,여,53세,중상
2022100600100175,2022년 10월 6일 10시,목요일,경상북도 구미시 송정동,경상사고,0,0,1,0,차대차 - 측면충돌,안전거리미확보,건조,맑음,단일로 - 기타,승용,여,63세,기타불명,승용,여,53세,경상
2022100600100207,2022년 10월 6일 11시,목요일,경상북도 안동시 태화동,중상사고,0,1,0,0,차대차 - 측면충돌,신호위반,건조,맑음,교차로 - 교차로안,특수,남,32세,상해없음,이륜,남,69세,중상
2022100600100208,2022년 10월 6일 11시,목요일,경상북도 칠곡군 왜관읍,경상사고,0,0,1,0,차대사람 - 차도통행중,안전운전불이행,건조,맑음,단일로 - 기타,승용,남,65세,상해없음,보행자,여,34세,경상
2022100600100241,2022년 10월 6일 12시,목요일,경상북도 성주군 초전면,경상사고,0,0,2,0,차대차 - 측면충돌,안전운전불이행,건조,맑음,단일로 - 기타,화물,남,43세,상해없음,승용,여,45세,경상
2022100600100263,2022년 10월 6일 13시,목요일,경상북도 상주시 낙양동,경상사고,0,0,1,0,차대차 - 측면충돌,교차로운행방법위반,건조,맑음,교차로 - 교차로안,승용,여,43세,상해없음,이륜,남,82세,경상
2022100600100264,2022년 10월 6일 13시,목요일,경상북도 칠곡군 왜관읍,중상사고,0,1,0,0,차대사람 - 기타,안전운전불이행,건조,맑음,기타 - 기타,화물,남,45세,상해없음,보행자,남,46세,중상
2022100600100288,2022년 10월 6일 14시,목요일,경상북도 성주군 성주읍,사망사고,1,0,1,0,차대차 - 측면충돌,안전운전불이행,건조,맑음,교차로 - 교차로안,화물,여,33세,경상,자전거,남,63세,사망
2022100600100289,2022년 10월 6일 14시,목요일,경상북도 포항시 남구 오천읍,경상사고,0,0,1,0,차대차 - 측면충돌,교차로운행방법위반,건조,맑음,교차로 - 교차로안,승용,남,28세,상해없음,승용,남,39세,경상
2022100600100327,2022년 10월 6일 15시,목요일,경상북도 구미시 선기동,중상사고,0,1,0,0,차대차 - 기타,교차로운행방법위반,건조,맑음,교차로 - 교차로안,자전거,남,66세,중상,자전거,남,54세,상해없음
2022100600100328,2022년 10월 6일 15시,목요일,경상북도 포항시 남구 오천읍,경상사고,0,0,1,0,차대차 - 측면충돌,보행자보호의무위반,건조,맑음,교차로 - 교차로안,승용,남,30세,상해없음,자전거,남,10세,경상
2022100600100365,2022년 10월 6일 16시,목요일,경상북도 경산시 하양읍,중상사고,0,1,0,0,차대사람 - 횡단중,안전운전불이행,건조,맑음,단일로 - 기타,승용,남,65세,상해없음,보행자,여,24세,중상
2022100600100366,2022년 10월 6일 16시,목요일,경상북도 구미시 진평동,부상신고사고,0,0,0,1,차량단독 - 도로외이탈 - 기타,안전운전불이행,건조,맑음,단일로 - 기타,자전거,남,10세,부상신고,,,,
2022100600100367,2022년 10월 6일 16시,목요일,경상북도 포항시 남구 오천읍,경상사고,0,0,1,0,차대차 - 측면충돌,안전운전불이행,건조,맑음,단일로 - 기타,승용,남,56세,상해없음,승합,남,51세,경상
2022100600100368,2022년 10월 6일 16시,목요일,경상북도 칠곡군 왜관읍,부상신고사고,0,0,0,1,차대차 - 측면충돌,안전운전불이행,건조,맑음,단일로 - 기타,승용,여,14세,상해없음,승용,남,51세,부상신고
2022100600100402,2022년 10월 6일 17시,목요일,경상북도 경주시 성건동,경상사고,0,0,1,0,차대차 - 측면충돌,안전운전불이행,건조,맑음,교차로 - 교차로부근,승용,남,71세,상해없음,승용,여,45세,경상
2022100600100403,2022년 10월 6일 17시,목요일,경상북도 포항시 북구 흥해읍,경상사고,0,0,1,0,차대차 - 측면충돌,교차로운행방법위반,건조,맑음,교차로 - 교차로안,화물,남,75세,상해없음,승용,여,60세,경상
2022100600100404,2022년 10월 6일 17시,목요일,경상북도 울진군 후포면,경상사고,0,0,1,0,차대차 - 추돌,안전거리미확보,젖음/습기,비,단일로 - 기타,이륜,남,65세,상해없음,승용,남,57세,경상
2022100600100405,2022년 10월 6일 17시,목요일,경상북도 포항시 남구 연일읍,경상사고,0,0,1,0,차대차 - 측면충돌,안전운전불이행,건조,맑음,교차로 - 교차로안,승용,여,63세,상해없음,자전거,남,14세,경상
2022100600100449,2022년 10월 6일 18시,목요일,경상북도 경주시 구정동,경상사고,0,0,1,0,차대차 - 측면충돌,안전운전불이행,건조,맑음,교차로 - 교차로부근,승용,여,35세,상해없음,원동기,남,53세,경상
2022100600100450,2022년 10월 6일 18시,목요일,경상북도 영양군 일월면,부상신고사고,0,0,0,1,차대차 - 추돌,안전거리미확보,건조,맑음,교차로 - 교차로부근,사륜오토바이(ATV),남,77세,부상신고,화물,남,52세,상해없음
2022100600100557,2022년 10월 6일 21시,목요일,경상북도 칠곡군 동명면,중상사고,0,1,0,0,차대차 - 정면충돌,신호위반,젖음/습기,맑음,교차로 - 교차로안,승용,남,62세,상해없음,승용,남,22세,중상
2022100600100559,2022년 10월 6일 21시,목요일,경상북도 포항시 남구 구룡포읍,중상사고,0,1,1,0,차량단독 - 주/정차차량 충돌,안전운전불이행,건조,맑음,교차로 - 교차로부근,승합,여,48세,경상,,,,
2022100600100583,2022년 10월 6일 22시,목요일,경상북도 안동시 일직면,경상사고,0,0,2,0,차대차 - 추돌,안전운전불이행,건조,맑음,단일로 - 기타,화물,남,25세,경상,승용,남,47세,경상
2022100600100584,2022년 10월 6일 22시,목요일,경상북도 김천시 모암동,부상신고사고,0,0,0,1,차량단독 - 전도전복 - 전도,안전운전불이행,건조,맑음,단일로 - 기타,원동기,남,47세,부상신고,,,,
2022100600100585,2022년 10월 6일 22시,목요일,경상북도 경산시 임당동,경상사고,0,0,3,0,차대차 - 측면충돌,안전운전불이행,건조,맑음,단일로 - 기타,승용,남,41세,상해없음,승용,남,25세,경상
2022100600100586,2022년 10월 6일 22시,목요일,경상북도 구미시 인의동,경상사고,0,0,2,0,차대차 - 기타,교차로운행방법위반,건조,맑음,단일로 - 기타,승용,여,40세,상해없음,승용,남,26세,경상
2022100600100604,2022년 10월 6일 23시,목요일,경상북도 포항시 북구 용흥동,경상사고,0,0,1,0,차대차 - 추돌,안전운전불이행,건조,맑음,단일로 - 기타,승용,남,62세,상해없음,승용,여,54세,경상
2022100700100013,2022년 10월 7일 01시,금요일,경상북도 포항시 북구 용흥동,중상사고,0,1,0,0,차대사람 - 기타,안전운전불이행,건조,맑음,기타 - 기타,승용,남,56세,상해없음,보행자,남,49세,중상
2022100700100045,2022년 10월 7일 05시,금요일,경상북도 영주시 가흥동,중상사고,0,1,1,0,차대차 - 측면충돌,신호위반,건조,맑음,교차로 - 교차로안,화물,여,59세,상해없음,승용,남,33세,경상
2022100700100046,2022년 10월 7일 05시,금요일,경상북도 칠곡군 북삼읍,중상사고,0,1,1,0,차대차 - 측면충돌,직진우회전진행방해,건조,맑음,교차로 - 교차로안,승용,남,36세,경상,승용,남,52세,중상
2022100700100062,2022년 10월 7일 06시,금요일,경상북도 경주시 충효동,경상사고,0,0,1,0,차대차 - 측면충돌,안전운전불이행,건조,맑음,교차로 - 교차로안,승용,남,59세,상해없음,자전거,여,54세,경상
2022100700100063,2022년 10월 7일 06시,금요일,경상북도 안동시 광석동,중상사고,0,1,0,0,차대차 - 측면충돌,안전운전불이행,건조,맑음,교차로 - 교차로안,승용,남,38세,상해없음,이륜,남,40세,중상
2022100700100132,2022년 10월 7일 08시,금요일,경상북도 안동시 송현동,경상사고,0,0,1,0,차대차 - 기타,직진우회전진행방해,건조,맑음,교차로 - 교차로부근,승용,남,72세,상해없음,승용,남,32세,경상
2022100700100133,2022년 10월 7일 08시,금요일,경상북도 안동시 풍산읍,경상사고,0,0,1,0,차대차 - 기타,안전거리미확보,건조,맑음,단일로 - 기타,승용,남,32세,상해없음,승용,여,31세,경상
2022100700100135,2022년 10월 7일 08시,금요일,경상북도 경산시 갑제동,경상사고,0,0,1,0,차대차 - 추돌,안전운전불이행,건조,맑음,교차로 - 교차로부근,승용,남,26세,상해없음,승합,남,57세,경상
2022100700100136,2022년 10월 7일 08시,금요일,경상북도 구미시 고아읍,경상사고,0,0,1,0,차대차 - 기타,신호위반,건조,맑음,교차로 - 교차로안,승용,여,56세,상해없음,승용,남,41세,경상
2022100700100137,2022년 10월 7일 08시,금요일,경상북도 구미시 형곡동,경상사고,0,0,1,0,차대차 - 측면충돌,안전운전불이행,건조,맑음,교차로 - 교차로안,자전거,남,14세,경상,승용,여,46세,상해없음
2022100700100138,2022년 10월 7일 08시,금요일,경상북도 구미시 고아읍,경상사고,0,0,2,0,차대차 - 측면충돌,안전운전불이행,건조,맑음,단일로 - 기타,승용,여,48세,경상,승용,남,38세,경상
2022100700100182,2022년 10월 7일 09시,금요일,경상북도 포항시 북구 죽도동,중상사고,0,1,0,0,차대사람 - 기타,안전운전불이행,젖음/습기,맑음,기타 - 기타,화물,남,69세,상해없음,보행자,남,67세,중상
2022100700100209,2022년 10월 7일 10시,금요일,경상북도 김천시 덕곡동,중상사고,0,1,0,0,차대사람 - 차도통행중,안전운전불이행,건조,맑음,단일로 - 기타,승용,남,73세,상해없음,보행자,여,61세,중상
2022100700100210,2022년 10월 7일 10시,금요일,경상북도 포항시 남구 연일읍,경상사고,0,0,1,0,차대차 - 측면충돌,안전운전불이행,건조,맑음,단일로 - 기타,특수,남,57세,상해없음,승용,남,62세,경상
2022100700100211,2022년 10월 7일 10시,금요일,경상북도 포항시 남구 대도동,경상사고,0,0,1,0,차대차 - 측면충돌,신호위반,건조,맑음,교차로 - 교차로횡단보도내,승용,남,67세,상해없음,자전거,여,64세,경상
2022100700100278,2022년 10월 7일 12시,금요일,경상북도 안동시 북후면,경상사고,0,0,1,0,차대사람 - 기타,안전운전불이행,건조,맑음,단일로 - 기타,화물,남,62세,상해없음,보행자,여,81세,경상
2022100700100279,2022년 10월 7일 12시,금요일,경상북도 문경시 문경읍,경상사고,0,0,1,0,차대사람 - 길가장자리구역통행중,안전운전불이행,건조,맑음,단일로 - 기타,승용,남,76세,상해없음,보행자,남,57세,경상
2022100700100280,2022년 10월 7일 12시,금요일,경상북도 문경시 농암면,중상사고,0,1,0,0,차대차 - 측면충돌,안전운전불이행,건조,맑음,기타 - 기타,이륜,남,49세,중상,화물,남,33세,상해없음
2022100700100281,2022년 10월 7일 12시,금요일,경상북도 구미시 신평동,경상사고,0,0,1,1,차대차 - 기타,안전운전불이행,건조,맑음,단일로 - 기타,승용,여,61세,상해없음,승용,여,32세,경상
2022100700100282,2022년 10월 7일 12시,금요일,경상북도 구미시 선산읍,경상사고,0,0,1,0,차대차 - 기타,안전운전불이행,건조,맑음,단일로 - 기타,화물,남,60세,상해없음,승용,여,66세,경상
2022100700100283,2022년 10월 7일 12시,금요일,경상북도 포항시 남구 장기면,경상사고,0,0,1,0,차대차 - 추돌,안전운전불이행,건조,맑음,단일로 - 고가도로위,승용,남,25세,상해없음,화물,남,52세,경상
2022100700100323,2022년 10월 7일 13시,금요일,경상북도 의성군 다인면,중상사고,0,1,0,0,차대차 - 추돌,기타,건조,맑음,단일로 - 기타,승용,여,31세,상해없음,이륜,여,61세,중상
2022100700100324,2022년 10월 7일 13시,금요일,경상북도 경산시 조영동,경상사고,0,0,2,0,차대차 - 측면충돌,신호위반,건조,맑음,교차로 - 교차로안,이륜,남,22세,상해없음,승용,남,19세,경상
2022100700100367,2022년 10월 7일 14시,금요일,경상북도 영천시 완산동,경상사고,0,0,3,0,차대차 - 추돌,안전운전불이행,건조,맑음,교차로 - 교차로부근,화물,남,48세,경상,화물,남,26세,경상
2022100700100368,2022년 10월 7일 14시,금요일,경상북도 구미시 옥계동,부상신고사고,0,0,0,1,차대차 - 측면충돌,불법유턴,건조,맑음,단일로 - 기타,개인형이동수단(PM),여,15세,부상신고,승용,여,44세,상해없음
2022100700100369,2022년 10월 7일 14시,금요일,경상북도 구미시 원평동,중상사고,0,1,0,0,차대차 - 측면충돌,안전운전불이행,건조,맑음,교차로 - 교차로횡단보도내,승용,여,41세,상해없음,자전거,남,66세,중상
2022100700100435,2022년 10월 7일 16시,금요일,경상북도 경주시 석장동,경상사고,0,0,1,0,차대차 - 후진중충돌,안전운전불이행,건조,맑음,단일로 - 지하차도(도로)내,승용,남,66세,상해없음,승용,남,23세,경상
2022100700100436,2022년 10월 7일 16시,금요일,경상북도 경주시 석장동,경상사고,0,0,2,0,차대차 - 추돌,기타,건조,맑음,교차로 - 교차로안,승용,남,26세,상해없음,승용,남,65세,경상
2022100700100437,2022년 10월 7일 16시,금요일,경상북도 안동시 태화동,경상사고,0,0,1,0,차대차 - 추돌,안전운전불이행,건조,맑음,단일로 - 기타,화물,남,46세,상해없음,승용,남,34세,경상
2022100700100488,2022년 10월 7일 17시,금요일,경상북도 칠곡군 가산면,경상사고,0,0,1,0,차대차 - 기타,안전운전불이행,건조,맑음,단일로 - 터널,승용,남,59세,상해없음,승용,남,58세,경상
2022100700100527,2022년 10월 7일 18시,금요일,경상북도 의성군 단밀면,경상사고,0,0,1,0,차량단독 - 기타,안전운전불이행,건조,흐림,단일로 - 기타,승용,남,44세,경상,,,,
2022100700100528,2022년 10월 7일 18시,금요일,경상북도 영천시 창구동,경상사고,0,0,1,0,차대차 - 추돌,안전운전불이행,건조,맑음,단일로 - 기타,승용,남,52세,상해없음,화물,남,62세,경상
2022100700100529,2022년 10월 7일 18시,금요일,경상북도 문경시 산북면,중상사고,0,1,0,0,차대사람 - 차도통행중,안전운전불이행,건조,맑음,단일로 - 기타,승용,남,23세,상해없음,보행자,남,90세,중상
2022100700100530,2022년 10월 7일 18시,금요일,경상북도 경산시 백천동,중상사고,0,1,0,0,차대사람 - 횡단중,안전운전불이행,건조,맑음,단일로 - 기타,이륜,남,33세,상해없음,보행자,여,82세,중상
2022100700100531,2022년 10월 7일 18시,금요일,경상북도 포항시 남구 오천읍,경상사고,0,0,1,0,차대차 - 추돌,안전거리미확보,건조,맑음,단일로 - 기타,승용,여,63세,상해없음,승용,여,45세,경상