사고번호,사고일시,요일,시군구,사고내용,사망자수,중상자수,경상자수,부상신고자수,사고유형,법규위반,노면상태,기상상태,도로형태,가해운전자 차종,가해운전자 성별,가해운전자 연령,가해운전자 상해정도,피해운전자 차종,피해운전자 성별,피해운전자 연령,피해운전자 상해정도
2022100700100585,2022년 10월 7일 19시,금요일,경상북도 경주시 외동읍,중상사고,0,1,0,0,차대사람 - 길가장자리구역통행중,안전운전불이행,건조,맑음,단일로 - 기타,화물,남,56세,상해없음,보행자,남,63세,중상
2022100700100586,2022년 10월 7일 19시,금요일,경상북도 경산시 진량읍,경상사고,0,0,1,0,차대차 - 기타,차로위반,건조,맑음,단일로 - 기타,승용,남,72세,상해없음,승용,남,31세,경상
2022100700100615,2022년 10월 7일 20시,금요일,경상북도 영주시 장수면,부상신고사고,0,0,0,1,차량단독 - 공작물충돌,안전운전불이행,건조,맑음,교차로 - 교차로안,승용,여,30세,부상신고,,,,
2022100700100655,2022년 10월 7일 21시,금요일,경상북도 안동시 송현동,사망사고,1,0,0,0,차대사람 - 횡단중,신호위반,건조,맑음,단일로 - 기타,승용,여,25세,상해없음,보행자,여,62세,사망
2022100700100656,2022년 10월 7일 21시,금요일,경상북도 포항시 남구 해도동,경상사고,0,0,2,0,차대차 - 추돌,안전거리미확보,건조,맑음,단일로 - 기타,승합,남,71세,상해없음,승용,남,40세,경상
2022100700100681,2022년 10월 7일 22시,금요일,경상북도 안동시 송현동,중상사고,0,1,0,0,차대차 - 기타,안전운전불이행,건조,맑음,교차로 - 교차로안,승용,남,30세,상해없음,이륜,남,33세,중상
2022100700100682,2022년 10월 7일 22시,금요일,경상북도 포항시 남구 오천읍,경상사고,0,0,1,0,차대차 - 기타,안전운전불이행,건조,맑음,교차로 - 교차로안,개인형이동수단(PM),남,21세,경상,기타불명,기타불명,미분류,기타불명
2022100800100025,2022년 10월 8일 01시,토요일,경상북도 경주시 구정동,경상사고,0,0,1,0,차대차 - 측면충돌,신호위반,건조,맑음,교차로 - 교차로안,승용,여,48세,상해없음,승용,남,62세,경상
2022100800100051,2022년 10월 8일 03시,토요일,경상북도 포항시 남구 해도동,사망사고,1,0,0,0,차대사람 - 횡단중,안전운전불이행,건조,맑음,교차로 - 교차로안,화물,남,73세,상해없음,보행자,남,49세,사망
2022100800100087,2022년 10월 8일 06시,토요일,경상북도 칠곡군 약목면,경상사고,0,0,2,0,차대차 - 측면충돌,신호위반,건조,맑음,교차로 - 교차로안,화물,남,67세,상해없음,화물,남,47세,경상
2022100800100118,2022년 10월 8일 08시,토요일,경상북도 성주군 용암면,경상사고,0,0,1,0,차대차 - 기타,신호위반,건조,맑음,교차로 - 교차로안,농기계,남,78세,상해없음,자전거,여,72세,경상
2022100800100171,2022년 10월 8일 10시,토요일,경상북도 경주시 외동읍,중상사고,0,1,0,0,차대차 - 측면충돌,신호위반,건조,맑음,교차로 - 교차로안,승합,남,54세,상해없음,이륜,남,39세,중상
2022100800100172,2022년 10월 8일 10시,토요일,경상북도 영덕군 남정면,경상사고,0,0,1,0,차대차 - 측면충돌,안전운전불이행,건조,맑음,교차로 - 교차로부근,승용,남,59세,상해없음,자전거,남,74세,경상
2022100800100173,2022년 10월 8일 10시,토요일,경상북도 포항시 남구 오천읍,부상신고사고,0,0,0,1,차대사람 - 차도통행중,안전운전불이행,건조,맑음,교차로 - 교차로부근,승용,여,47세,상해없음,보행자,여,72세,부상신고
2022100800100225,2022년 10월 8일 11시,토요일,경상북도 안동시 옥동,경상사고,0,0,1,0,차대차 - 측면충돌,안전운전불이행,건조,맑음,교차로 - 교차로부근,승용,여,56세,상해없음,승용,여,61세,경상
2022100800100226,2022년 10월 8일 11시,토요일,경상북도 경산시 계양동,경상사고,0,0,2,0,차대차 - 기타,안전운전불이행,건조,맑음,단일로 - 기타,승용,남,73세,상해없음,승용,남,36세,경상
2022100800100266,2022년 10월 8일 12시,토요일,경상북도 안동시 서부동,경상사고,0,0,1,0,차대사람 - 기타,기타,건조,맑음,단일로 - 기타,승합,남,54세,상해없음,보행자,여,81세,경상
2022100800100267,2022년 10월 8일 12시,토요일,경상북도 상주시 거동동,사망사고,1,0,0,0,차량단독 - 공작물충돌,안전운전불이행,건조,맑음,단일로 - 기타,승용,남,52세,사망,,,,
2022100800100312,2022년 10월 8일 13시,토요일,경상북도 포항시 북구 장성동,중상사고,0,1,0,0,차대차 - 측면충돌,안전운전불이행,건조,맑음,단일로 - 기타,이륜,남,41세,중상,건설기계,남,65세,상해없음
2022100800100313,2022년 10월 8일 13시,토요일,경상북도 영주시 휴천동,경상사고,0,0,2,0,차대차 - 측면충돌,안전운전불이행,건조,맑음,단일로 - 기타,화물,남,76세,기타불명,승용,여,39세,경상
2022100800100314,2022년 10월 8일 13시,토요일,경상북도 구미시 오태동,경상사고,0,0,1,0,차대차 - 기타,안전운전불이행,건조,맑음,교차로 - 교차로부근,승용,남,55세,상해없음,승용,남,30세,경상
2022100800100348,2022년 10월 8일 14시,토요일,경상북도 문경시 흥덕동,경상사고,0,0,1,0,차대차 - 측면충돌,안전운전불이행,건조,맑음,교차로 - 교차로안,승용,남,71세,상해없음,이륜,남,34세,경상
2022100800100378,2022년 10월 8일 15시,토요일,경상북도 경주시 성건동,경상사고,0,0,1,0,차대사람 - 횡단중,보행자보호의무위반,건조,맑음,교차로 - 교차로안,승용,여,54세,상해없음,보행자,남,5세,경상
2022100800100379,2022년 10월 8일 15시,토요일,경상북도 안동시 옥동,경상사고,0,0,1,0,차대차 - 측면충돌,안전운전불이행,건조,맑음,교차로 - 교차로부근,승용,남,27세,상해없음,승용,남,70세,경상
2022100800100380,2022년 10월 8일 15시,토요일,경상북도 칠곡군 왜관읍,경상사고,0,0,2,0,차대차 - 측면충돌,안전운전불이행,건조,맑음,교차로 - 교차로부근,자전거,남,12세,경상,이륜,여,51세,경상
2022100800100421,2022년 10월 8일 16시,토요일,경상북도 김천시 아포읍,중상사고,0,1,0,0,차대차 - 후진중충돌,기타,건조,맑음,단일로 - 기타,승용,남,65세,상해없음,승용,여,59세,중상
2022100800100463,2022년 10월 8일 17시,토요일,경상북도 봉화군 소천면,경상사고,0,0,3,0,차대차 - 후진중충돌,안전운전불이행,건조,맑음,교차로 - 교차로안,승용,남,26세,상해없음,승용,남,50세,경상
2022100800100464,2022년 10월 8일 17시,토요일,경상북도 구미시 지산동,중상사고,0,1,0,0,차대차 - 측면충돌,중앙선침범,건조,맑음,단일로 - 기타,이륜,여,65세,중상,승용,남,52세,상해없음
2022100800100465,2022년 10월 8일 17시,토요일,경상북도 구미시 도량동,경상사고,0,0,4,0,차대차 - 추돌,안전운전불이행,건조,맑음,교차로 - 교차로부근,승용,여,25세,상해없음,승용,남,62세,경상
2022100800100509,2022년 10월 8일 18시,토요일,경상북도 포항시 북구 죽도동,중상사고,0,1,0,0,차대사람 - 기타,기타,건조,맑음,기타 - 기타,승합,남,54세,상해없음,보행자,남,71세,중상
2022100800100510,2022년 10월 8일 18시,토요일,경상북도 경산시 정평동,중상사고,0,1,0,0,차대사람 - 횡단중,보행자보호의무위반,건조,맑음,교차로 - 교차로안,승용,여,65세,상해없음,보행자,남,58세,중상
2022100800100511,2022년 10월 8일 18시,토요일,경상북도 영덕군 남정면,중상사고,0,1,0,0,차대차 - 추돌,안전운전불이행,건조,맑음,단일로 - 기타,승용,남,40세,상해없음,이륜,여,42세,중상
2022100800100512,2022년 10월 8일 18시,토요일,경상북도 구미시 형곡동,중상사고,0,1,0,0,차대차 - 측면충돌,안전운전불이행,건조,맑음,교차로 - 교차로횡단보도내,자전거,남,50세,중상,승용,여,65세,상해없음
2022100800100594,2022년 10월 8일 20시,토요일,경상북도 포항시 북구 남빈동,경상사고,0,0,1,0,차대차 - 측면충돌,안전거리미확보,건조,맑음,교차로 - 교차로안,승용,남,53세,상해없음,승용,남,53세,경상
2022100800100621,2022년 10월 8일 21시,토요일,경상북도 칠곡군 왜관읍,경상사고,0,0,1,0,차대사람 - 횡단중,안전운전불이행,건조,맑음,단일로 - 기타,승용,남,53세,상해없음,보행자,남,5세,경상
2022100800100641,2022년 10월 8일 22시,토요일,경상북도 경주시 황오동,경상사고,0,0,4,0,차대차 - 측면충돌,안전운전불이행,건조,맑음,교차로 - 교차로안,승용,남,48세,경상,승용,남,44세,상해없음
2022100800100642,2022년 10월 8일 22시,토요일,경상북도 포항시 남구 오천읍,경상사고,0,0,3,0,차대차 - 기타,안전운전불이행,건조,맑음,교차로 - 교차로부근,승합,여,51세,경상,이륜,남,30세,경상
2022100900100048,2022년 10월 9일 04시,일요일,경상북도 의성군 안평면,경상사고,0,0,2,0,차대차 - 측면충돌,안전운전불이행,건조,맑음,기타 - 기타,특수,남,53세,상해없음,승용,남,53세,경상
2022100900100070,2022년 10월 9일 07시,일요일,경상북도 고령군 대가야읍,경상사고,0,0,1,0,차대사람 - 기타,안전운전불이행,건조,맑음,단일로 - 기타,화물,남,76세,상해없음,보행자,남,79세,경상
2022100900100091,2022년 10월 9일 09시,일요일,경상북도 포항시 북구 죽도동,중상사고,0,1,0,0,차대사람 - 차도통행중,안전운전불이행,건조,맑음,단일로 - 기타,승용,여,44세,상해없음,보행자,여,65세,중상
2022100900100139,2022년 10월 9일 11시,일요일,경상북도 성주군 성주읍,중상사고,0,2,0,0,차대차 - 측면충돌,중앙선침범,젖음/습기,비,단일로 - 기타,승합,남,67세,상해없음,이륜,남,80세,중상
2022100900100169,2022년 10월 9일 12시,일요일,경상북도 경주시 동천동,중상사고,0,1,0,0,차대차 - 측면충돌,신호위반,건조,맑음,교차로 - 교차로안,이륜,남,45세,상해없음,승용,여,51세,중상
2022100900100199,2022년 10월 9일 13시,일요일,경상북도 구미시 지산동,중상사고,0,1,0,0,차대차 - 측면충돌,안전거리미확보,젖음/습기,비,단일로 - 기타,승용,남,60세,상해없음,이륜,여,64세,중상
2022100900100229,2022년 10월 9일 14시,일요일,경상북도 울진군 후포면,경상사고,0,0,5,0,차대차 - 추돌,안전운전불이행,건조,맑음,단일로 - 기타,화물,남,57세,상해없음,승용,여,63세,경상
2022100900100260,2022년 10월 9일 15시,일요일,경상북도 경주시 성건동,경상사고,0,0,1,0,차대차 - 측면충돌,안전운전불이행,건조,맑음,단일로 - 지하차도(도로)내,승용,남,65세,상해없음,승용,남,29세,경상
2022100900100261,2022년 10월 9일 15시,일요일,경상북도 영양군 일월면,경상사고,0,0,2,0,차량단독 - 전도전복 - 전복,안전운전불이행,건조,맑음,기타 - 기타,승용,남,75세,경상,,,,
2022100900100262,2022년 10월 9일 15시,일요일,경상북도 포항시 남구 해도동,경상사고,0,0,1,0,차대차 - 정면충돌,중앙선침범,건조,맑음,단일로 - 지하차도(도로)내,승용,남,54세,상해없음,승용,남,54세,경상
2022100900100289,2022년 10월 9일 16시,일요일,경상북도 영주시 봉현면,경상사고,0,0,2,0,차대차 - 측면충돌,교차로운행방법위반,건조,맑음,교차로 - 교차로안,승용,여,47세,상해없음,승용,남,38세,경상
2022100900100309,2022년 10월 9일 17시,일요일,경상북도 안동시 와룡면,중상사고,0,1,0,0,차대차 - 측면충돌,안전운전불이행,건조,맑음,교차로 - 교차로안,자전거,남,15세,중상,승용,남,58세,상해없음
2022100900100310,2022년 10월 9일 17시,일요일,경상북도 영주시 부석면,경상사고,0,0,3,1,차대차 - 측면충돌,중앙선침범,젖음/습기,비,단일로 - 기타,화물,남,42세,상해없음,승용,여,62세,경상
2022100900100311,2022년 10월 9일 17시,일요일,경상북도 구미시 송정동,경상사고,0,0,2,0,차대차 - 추돌,안전운전불이행,젖음/습기,비,교차로 - 교차로안,화물,남,67세,상해없음,승용,남,30세,경상
2022100900100312,2022년 10월 9일 17시,일요일,경상북도 구미시 도량동,경상사고,0,0,1,0,차대차 - 기타,안전거리미확보,젖음/습기,비,교차로 - 교차로부근,승용,여,23세,상해없음,승용,여,56세,경상
2022100900100409,2022년 10월 9일 19시,일요일,경상북도 영덕군 영덕읍,중상사고,0,1,0,0,차량단독 - 도로외이탈 - 추락,안전운전불이행,건조,맑음,단일로 - 기타,사륜오토바이(ATV),남,59세,중상,,,,
2022100900100474,2022년 10월 9일 21시,일요일,경상북도 경주시 인왕동,경상사고,0,0,2,0,차대차 - 측면충돌,안전운전불이행,건조,맑음,교차로 - 교차로부근,승용,남,26세,상해없음,승용,여,29세,경상
2022100900100475,2022년 10월 9일 21시,일요일,경상북도 포항시 북구 항구동,경상사고,0,0,5,0,차대차 - 추돌,안전운전불이행,건조,맑음,단일로 - 기타,승용,남,24세,상해없음,승용,여,65세,경상
2022100900100476,2022년 10월 9일 21시,일요일,경상북도 상주시 서성동,경상사고,0,0,2,0,차대차 - 정면충돌,중앙선침범,젖음/습기,비,교차로 - 교차로안,승용,남,49세,상해없음,승용,남,23세,경상
2022100900100477,2022년 10월 9일 21시,일요일,경상북도 경산시 사동,경상사고,0,0,2,0,차대차 - 추돌,안전운전불이행,젖음/습기,비,단일로 - 기타,승용,남,35세,상해없음,승용,남,24세,경상
2022100900100478,2022년 10월 9일 21시,일요일,경상북도 구미시 원평동,경상사고,0,0,1,0,차대차 - 기타,안전운전불이행,건조,맑음,교차로 - 교차로부근,승용,남,60세,상해없음,이륜,남,25세,경상
2022100900100506,2022년 10월 9일 22시,일요일,경상북도 구미시 구평동,중상사고,0,1,0,0,차대사람 - 기타,신호위반,젖음/습기,비,단일로 - 기타,이륜,남,50세,상해없음,보행자,여,39세,중상
2022101000100019,2022년 10월 10일 02시,월요일,경상북도 경주시 건천읍,부상신고사고,0,0,0,1,차량단독 - 기타,안전운전불이행,건조,맑음,단일로 - 기타,이륜,남,65세,부상신고,,,,
2022101000100057,2022년 10월 10일 07시,월요일,경상북도 상주시 청리면,중상사고,0,1,0,0,차대차 - 측면충돌,안전운전불이행,건조,맑음,교차로 - 교차로안,승용,남,27세,상해없음,승용,남,64세,상해없음
2022101000100082,2022년 10월 10일 09시,월요일,경상북도 영천시 야사동,경상사고,0,0,1,0,차대사람 - 보도통행중,안전운전불이행,건조,맑음,단일로 - 기타,승용,남,50세,상해없음,보행자,여,60세,경상
2022101000100105,2022년 10월 10일 10시,월요일,경상북도 상주시 이안면,경상사고,0,0,1,0,차대차 - 기타,안전운전불이행,건조,맑음,단일로 - 기타,화물,남,39세,상해없음,승용,여,25세,경상
2022101000100121,2022년 10월 10일 11시,월요일,경상북도 포항시 북구 청하면,경상사고,0,0,1,0,차대차 - 측면충돌,안전운전불이행,건조,맑음,교차로 - 교차로안,화물,남,58세,경상,승용,남,73세,상해없음
2022101000100122,2022년 10월 10일 11시,월요일,경상북도 안동시 송현동,중상사고,0,1,0,0,차대사람 - 기타,안전운전불이행,건조,맑음,단일로 - 기타,승용,여,46세,상해없음,보행자,여,39세,중상
2022101000100123,2022년 10월 10일 11시,월요일,경상북도 김천시 율곡동,경상사고,0,0,1,0,차대사람 - 횡단중,교차로운행방법위반,건조,맑음,교차로 - 교차로안,승용,여,39세,상해없음,보행자,여,8세,경상
2022101000100124,2022년 10월 10일 11시,월요일,경상북도 경산시 진량읍,경상사고,0,0,1,0,차대차 - 측면충돌,안전거리미확보,건조,맑음,단일로 - 기타,승용,여,64세,상해없음,승용,여,22세,상해없음
2022101000100148,2022년 10월 10일 12시,월요일,경상북도 고령군 대가야읍,경상사고,0,0,3,0,차대차 - 기타,안전운전불이행,건조,맑음,단일로 - 기타,승용,여,63세,상해없음,승용,남,43세,경상
2022101000100185,2022년 10월 10일 13시,월요일,경상북도 칠곡군 왜관읍,중상사고,0,1,0,0,차대사람 - 횡단중,보행자보호의무위반,건조,맑음,교차로 - 교차로부근,화물,남,55세,상해없음,보행자,남,61세,중상
2022101000100186,2022년 10월 10일 13시,월요일,경상북도 영천시 완산동,중상사고,0,1,0,0,차대차 - 측면충돌,중앙선침범,건조,맑음,교차로 - 교차로부근,자전거,남,42세,중상,화물,남,69세,상해없음
2022101000100187,2022년 10월 10일 13시,월요일,경상북도 봉화군 물야면,중상사고,0,1,1,0,차대차 - 정면충돌,중앙선침범,건조,맑음,단일로 - 기타,화물,남,54세,상해없음,화물,남,84세,경상
2022101000100219,2022년 10월 10일 14시,월요일,경상북도 경주시 건천읍,중상사고,0,1,1,0,차대차 - 측면충돌,안전운전불이행,건조,맑음,단일로 - 지하차도(도로)내,이륜,남,62세,경상,자전거,남,69세,중상
2022101000100220,2022년 10월 10일 14시,월요일,경상북도 청도군 이서면,중상사고,0,2,0,0,차대차 - 정면충돌,교차로운행방법위반,건조,맑음,교차로 - 교차로안,승용,여,65세,상해없음,승용,남,78세,중상
2022101000100259,2022년 10월 10일 15시,월요일,경상북도 의성군 춘산면,중상사고,0,1,3,0,차량단독 - 도로외이탈 - 기타,안전운전불이행,건조,맑음,기타 - 기타,승용,남,78세,경상,,,,
2022101000100260,2022년 10월 10일 15시,월요일,경상북도 청송군 현서면,부상신고사고,0,0,0,1,차대사람 - 횡단중,직진우회전진행방해,건조,맑음,교차로 - 교차로안,승용,여,51세,상해없음,보행자,여,80세,부상신고
2022101000100261,2022년 10월 10일 15시,월요일,경상북도 포항시 남구 연일읍,경상사고,0,0,3,0,차대차 - 측면충돌,신호위반,건조,맑음,교차로 - 교차로안,건설기계,남,59세,상해없음,승용,여,42세,경상
2022101000100298,2022년 10월 10일 16시,월요일,경상북도 의성군 춘산면,경상사고,0,0,1,0,차대차 - 기타,안전운전불이행,건조,맑음,교차로 - 교차로부근,이륜,남,84세,경상,화물,남,61세,상해없음
2022101000100299,2022년 10월 10일 16시,월요일,경상북도 구미시 옥계동,경상사고,0,0,2,0,차대차 - 기타,직진우회전진행방해,건조,맑음,교차로 - 교차로안,이륜,남,29세,경상,승용,여,37세,경상
2022101000100300,2022년 10월 10일 16시,월요일,경상북도 칠곡군 동명면,사망사고,1,0,2,0,차대차 - 추돌,안전거리미확보,건조,맑음,단일로 - 기타,화물,남,61세,사망,화물,남,56세,경상
2022101000100301,2022년 10월 10일 16시,월요일,경상북도 안동시 풍산읍,경상사고,0,0,1,0,차대차 - 추돌,안전운전불이행,건조,맑음,단일로 - 기타,화물,남,48세,상해없음,승용,남,40세,경상
2022101000100339,2022년 10월 10일 17시,월요일,경상북도 포항시 북구 대신동,경상사고,0,0,3,0,차대차 - 추돌,안전운전불이행,건조,맑음,교차로 - 교차로부근,승용,여,62세,상해없음,승용,여,53세,경상
2022101000100368,2022년 10월 10일 18시,월요일,경상북도 경주시 시래동,경상사고,0,0,1,0,차대차 - 측면충돌,안전운전불이행,건조,맑음,교차로 - 교차로부근,승용,남,54세,상해없음,승용,남,58세,상해없음
2022101000100403,2022년 10월 10일 19시,월요일,경상북도 포항시 북구 두호동,중상사고,0,1,1,0,차대차 - 기타,교차로운행방법위반,건조,맑음,교차로 - 교차로안,이륜,남,25세,경상,승용,남,21세,중상
2022101000100404,2022년 10월 10일 19시,월요일,경상북도 예천군 예천읍,경상사고,0,0,2,0,차대차 - 측면충돌,안전운전불이행,건조,맑음,교차로 - 교차로부근,승용,남,55세,상해없음,승용,남,65세,경상
2022101000100449,2022년 10월 10일 21시,월요일,경상북도 포항시 북구 우현동,중상사고,0,1,2,0,차대차 - 측면충돌,안전운전불이행,건조,맑음,교차로 - 교차로부근,승용,남,61세,상해없음,승용,남,64세,경상
2022101000100450,2022년 10월 10일 21시,월요일,경상북도 구미시 상모동,중상사고,0,1,0,0,차대사람 - 횡단중,보행자보호의무위반,젖음/습기,비,교차로 - 교차로횡단보도내,승용,여,61세,상해없음,보행자,남,63세,중상
2022101000100471,2022년 10월 10일 22시,월요일,경상북도 영천시 망정동,중상사고,0,1,1,0,차대사람 - 횡단중,보행자보호의무위반,건조,맑음,단일로 - 기타,이륜,남,41세,경상,보행자,남,55세,중상
2022101100100047,2022년 10월 11일 06시,화요일,경상북도 영양군 석보면,경상사고,0,0,1,1,차대차 - 추돌,안전운전불이행,건조,맑음,기타 - 기타,화물,남,38세,상해없음,화물,남,64세,경상
2022101100100077,2022년 10월 11일 07시,화요일,경상북도 포항시 북구 죽도동,중상사고,0,1,0,0,차대차 - 측면충돌,안전운전불이행,건조,맑음,교차로 - 교차로안,승용,남,38세,상해없음,이륜,여,66세,중상
2022101100100114,2022년 10월 11일 08시,화요일,경상북도 포항시 북구 흥해읍,경상사고,0,0,1,0,차대차 - 추돌,안전운전불이행,건조,맑음,단일로 - 기타,승용,여,40세,상해없음,승용,남,58세,경상
2022101100100115,2022년 10월 11일 08시,화요일,경상북도 포항시 북구 우현동,중상사고,0,1,0,0,차대사람 - 횡단중,안전운전불이행,건조,맑음,기타 - 기타,승용,여,45세,상해없음,보행자,남,50세,중상
2022101100100116,2022년 10월 11일 08시,화요일,경상북도 안동시 북후면,경상사고,0,0,1,0,차대차 - 측면충돌,안전운전불이행,젖음/습기,안개,단일로 - 기타,기타불명,기타불명,미분류,기타불명,화물,남,57세,경상
2022101100100117,2022년 10월 11일 08시,화요일,경상북도 상주시 헌신동,중상사고,0,1,1,0,차대차 - 측면충돌,안전거리미확보,건조,맑음,단일로 - 지하차도(도로)내,화물,남,69세,상해없음,승용,여,25세,중상
2022101100100118,2022년 10월 11일 08시,화요일,경상북도 경산시 중방동,중상사고,0,1,0,0,차대차 - 측면충돌,안전운전불이행,건조,맑음,교차로 - 교차로부근,개인형이동수단(PM),여,15세,중상,승용,남,51세,상해없음
2022101100100160,2022년 10월 11일 09시,화요일,경상북도 안동시 용상동,경상사고,0,0,1,0,차대사람 - 횡단중,보행자보호의무위반,건조,맑음,교차로 - 교차로횡단보도내,승용,남,29세,상해없음,보행자,여,65세,경상
2022101100100161,2022년 10월 11일 09시,화요일,경상북도 영주시 하망동,중상사고,0,2,1,0,차대사람 - 기타,기타,건조,맑음,단일로 - 기타,승용,여,60세,상해없음,보행자,여,82세,중상
2022101100100162,2022년 10월 11일 09시,화요일,경상북도 경산시 옥산동,중상사고,0,1,0,0,차량단독 - 기타,안전운전불이행,건조,맑음,단일로 - 기타,승합,남,65세,기타불명,,,,
2022101100100206,2022년 10월 11일 10시,화요일,경상북도 영주시 안정면,중상사고,0,1,2,0,차대차 - 측면충돌,교차로운행방법위반,건조,맑음,교차로 - 교차로안,승합,남,53세,기타불명,화물,남,59세,중상
2022101100100207,2022년 10월 11일 10시,화요일,경상북도 칠곡군 약목면,중상사고,0,1,0,0,차대차 - 추돌,안전운전불이행,건조,맑음,단일로 - 기타,승용,남,50세,상해없음,이륜,남,84세,중상
2022101100100208,2022년 10월 11일 10시,화요일,경상북도 경산시 압량읍,경상사고,0,0,2,0,차대차 - 측면충돌,신호위반,건조,맑음,교차로 - 교차로안,승용,여,23세,상해없음,승용,남,31세,경상
2022101100100238,2022년 10월 11일 11시,화요일,경상북도 안동시 옥동,중상사고,0,1,0,0,차대사람 - 기타,안전운전불이행,건조,맑음,주차장 - 주차장,승용,남,65세,상해없음,보행자,여,76세,중상
2022101100100239,2022년 10월 11일 11시,화요일,경상북도 영천시 조교동,경상사고,0,0,1,0,차대차 - 후진중충돌,안전운전불이행,건조,맑음,교차로 - 교차로안,승용,여,54세,상해없음,승용,여,40세,경상
2022101100100240,2022년 10월 11일 11시,화요일,경상북도 구미시 진평동,중상사고,0,1,0,0,차대사람 - 횡단중,보행자보호의무위반,건조,맑음,교차로 - 교차로안,화물,남,46세,상해없음,보행자,여,53세,중상
2022101100100241,2022년 10월 11일 11시,화요일,경상북도 구미시 산동읍,경상사고,0,0,1,0,차대차 - 추돌,안전운전불이행,건조,맑음,교차로 - 교차로부근,승용,남,36세,상해없음,승용,여,61세,경상
2022101100100242,2022년 10월 11일 11시,화요일,경상북도 포항시 남구 이동,경상사고,0,0,2,0,차대차 - 측면충돌,기타,건조,맑음,교차로 - 교차로안,승용,남,60세,경상,승용,여,47세,경상
2022101100100243,2022년 10월 11일 11시,화요일,경상북도 포항시 남구 상도동,경상사고,0,0,1,0,차대차 - 측면충돌,안전운전불이행,건조,맑음,단일로 - 지하차도(도로)내,승용,여,52세,상해없음,화물,남,30세,경상
2022101100100301,2022년 10월 11일 13시,화요일,경상북도 영주시 봉현면,경상사고,0,0,1,0,차대차 - 정면충돌,안전운전불이행,건조,맑음,단일로 - 기타,화물,남,67세,상해없음,화물,남,66세,상해없음
2022101100100344,2022년 10월 11일 14시,화요일,경상북도 경주시 안강읍,부상신고사고,0,0,0,1,차대차 - 정면충돌,중앙선침범,건조,맑음,단일로 - 기타,이륜,남,38세,부상신고,승용,남,48세,상해없음
2022101100100345,2022년 10월 11일 14시,화요일,경상북도 영천시 금호읍,중상사고,0,1,7,1,차대차 - 추돌,안전운전불이행,건조,맑음,단일로 - 기타,화물,남,56세,상해없음,화물,남,29세,중상
2022101100100346,2022년 10월 11일 14시,화요일,경상북도 구미시 원평동,경상사고,0,0,2,0,차대차 - 추돌,안전운전불이행,건조,맑음,교차로 - 교차로부근,승용,여,30세,기타불명,승용,남,36세,경상
2022101100100394,2022년 10월 11일 15시,화요일,경상북도 경주시 황오동,경상사고,0,0,1,0,차대사람 - 차도통행중,안전운전불이행,건조,맑음,단일로 - 기타,화물,남,47세,상해없음,보행자,남,66세,경상
2022101100100395,2022년 10월 11일 15시,화요일,경상북도 경산시 대동,중상사고,0,1,0,0,차대차 - 추돌,안전운전불이행,건조,맑음,단일로 - 기타,이륜,남,20세,중상,승용,남,63세,상해없음
2022101100100396,2022년 10월 11일 15시,화요일,경상북도 경산시 진량읍,중상사고,0,2,0,1,차대차 - 추돌,안전운전불이행,건조,맑음,단일로 - 기타,화물,남,57세,상해없음,승용,남,31세,부상신고
2022101100100397,2022년 10월 11일 15시,화요일,경상북도 안동시 풍산읍,경상사고,0,0,1,1,차대차 - 기타,차로위반,건조,맑음,단일로 - 기타,승용,여,47세,부상신고,화물,남,29세,경상
2022101100100439,2022년 10월 11일 16시,화요일,경상북도 칠곡군 왜관읍,중상사고,0,1,0,0,차대사람 - 횡단중,안전운전불이행,건조,맑음,교차로 - 교차로부근,화물,남,42세,상해없음,보행자,여,84세,중상
2022101100100440,2022년 10월 11일 16시,화요일,경상북도 청도군 각북면,경상사고,0,0,1,0,차대차 - 정면충돌,중앙선침범,건조,맑음,단일로 - 기타,화물,남,85세,상해없음,승용,여,70세,경상
2022101100100489,2022년 10월 11일 17시,화요일,경상북도 청송군 주왕산면,경상사고,0,0,1,0,차대차 - 측면충돌,중앙선침범,건조,맑음,단일로 - 지하차도(도로)내,화물,남,58세,상해없음,승용,남,26세,경상
2022101100100490,2022년 10월 11일 17시,화요일,경상북도 포항시 남구 해도동,경상사고,0,0,2,0,차대차 - 정면충돌,신호위반,건조,맑음,교차로 - 교차로부근,승용,여,58세,상해없음,승용,남,42세,경상
2022101100100542,2022년 10월 11일 18시,화요일,경상북도 경주시 성건동,경상사고,0,0,1,0,차대차 - 정면충돌,안전운전불이행,건조,맑음,교차로 - 교차로안,개인형이동수단(PM),여,18세,경상,승용,남,65세,상해없음
2022101100100543,2022년 10월 11일 18시,화요일,경상북도 칠곡군 지천면,경상사고,0,0,1,0,차대차 - 측면충돌,안전거리미확보,건조,맑음,교차로 - 교차로안,화물,남,64세,상해없음,승용,남,32세,경상
2022101100100544,2022년 10월 11일 18시,화요일,경상북도 예천군 예천읍,중상사고,0,1,0,0,차대차 - 측면충돌,기타,건조,맑음,단일로 - 기타,승용,남,35세,상해없음,이륜,남,23세,중상
2022101100100545,2022년 10월 11일 18시,화요일,경상북도 봉화군 봉화읍,사망사고,1,0,0,0,차대차 - 추돌,안전운전불이행,건조,맑음,단일로 - 기타,승용,남,43세,상해없음,농기계,남,78세,사망