사고번호,사고일시,요일,시군구,사고내용,사망자수,중상자수,경상자수,부상신고자수,사고유형,법규위반,노면상태,기상상태,도로형태,가해운전자 차종,가해운전자 성별,가해운전자 연령,가해운전자 상해정도,피해운전자 차종,피해운전자 성별,피해운전자 연령,피해운전자 상해정도
2022101100100546,2022년 10월 11일 18시,화요일,경상북도 구미시 오태동,경상사고,0,0,1,0,차대차 - 측면충돌,신호위반,건조,맑음,교차로 - 교차로안,화물,남,64세,상해없음,승용,남,35세,경상
2022101100100595,2022년 10월 11일 19시,화요일,경상북도 영천시 망정동,경상사고,0,0,1,0,차대차 - 측면충돌,안전운전불이행,건조,맑음,교차로 - 교차로부근,승용,남,67세,상해없음,승용,남,42세,경상
2022101100100596,2022년 10월 11일 19시,화요일,경상북도 영덕군 달산면,사망사고,1,0,0,0,차대차 - 추돌,안전운전불이행,건조,맑음,단일로 - 교량,승용,남,59세,상해없음,승용,남,65세,사망
2022101100100597,2022년 10월 11일 19시,화요일,경상북도 청도군 각남면,경상사고,0,0,1,0,차대차 - 추돌,안전운전불이행,건조,맑음,단일로 - 기타,승용,남,63세,상해없음,승용,남,49세,경상
2022101100100598,2022년 10월 11일 19시,화요일,경상북도 구미시 공단동,경상사고,0,0,1,0,차대차 - 기타,안전운전불이행,건조,맑음,교차로 - 교차로부근,이륜,남,29세,상해없음,이륜,남,47세,경상
2022101100100623,2022년 10월 11일 20시,화요일,경상북도 구미시 형곡동,경상사고,0,0,1,0,차대사람 - 기타,안전운전불이행,건조,맑음,단일로 - 기타,승용,여,47세,상해없음,보행자,남,50세,경상
2022101100100624,2022년 10월 11일 20시,화요일,경상북도 김천시 남면,경상사고,0,0,1,0,차대차 - 측면충돌,안전운전불이행,건조,맑음,단일로 - 기타,승용,여,51세,경상,화물,남,67세,상해없음
2022101100100666,2022년 10월 11일 22시,화요일,경상북도 포항시 북구 대신동,경상사고,0,0,1,0,차대차 - 측면충돌,직진우회전진행방해,건조,맑음,교차로 - 교차로안,승용,남,27세,상해없음,승용,남,45세,경상
2022101100100682,2022년 10월 11일 23시,화요일,경상북도 포항시 북구 양덕동,경상사고,0,0,1,0,차대사람 - 기타,안전운전불이행,건조,맑음,단일로 - 기타,승용,남,66세,상해없음,보행자,여,59세,경상
2022101200100005,2022년 10월 12일 00시,수요일,경상북도 상주시 냉림동,중상사고,0,1,0,0,차대차 - 측면충돌,직진우회전진행방해,건조,맑음,교차로 - 교차로안,화물,남,64세,상해없음,이륜,남,45세,중상
2022101200100044,2022년 10월 12일 06시,수요일,경상북도 김천시 평화동,중상사고,0,1,0,0,차량단독 - 공작물충돌,안전운전불이행,건조,맑음,단일로 - 기타,승용,남,65세,상해없음,,,,
2022101200100073,2022년 10월 12일 07시,수요일,경상북도 경주시 노서동,경상사고,0,0,1,0,차대차 - 측면충돌,안전운전불이행,건조,맑음,단일로 - 기타,승용,남,68세,상해없음,승용,남,79세,경상
2022101200100074,2022년 10월 12일 07시,수요일,경상북도 포항시 남구 해도동,경상사고,0,0,1,0,차대차 - 추돌,안전거리미확보,건조,맑음,교차로 - 교차로부근,승용,여,25세,상해없음,승용,남,31세,경상
2022101200100128,2022년 10월 12일 08시,수요일,경상북도 구미시 공단동,경상사고,0,0,1,0,차대사람 - 횡단중,안전운전불이행,건조,맑음,교차로 - 교차로안,승용,남,46세,상해없음,보행자,여,30세,경상
2022101200100129,2022년 10월 12일 08시,수요일,경상북도 구미시 진평동,경상사고,0,0,1,0,차대차 - 기타,교차로운행방법위반,건조,맑음,교차로 - 교차로안,승용,남,26세,상해없음,자전거,남,13세,경상
2022101200100130,2022년 10월 12일 08시,수요일,경상북도 포항시 남구 오천읍,경상사고,0,0,3,0,차대차 - 측면충돌,기타,건조,맑음,교차로 - 교차로안,승용,남,41세,경상,승용,여,43세,경상
2022101200100165,2022년 10월 12일 09시,수요일,경상북도 칠곡군 왜관읍,중상사고,0,1,0,0,차대차 - 측면충돌,안전거리미확보,건조,맑음,단일로 - 기타,이륜,남,79세,중상,승합,남,68세,상해없음
2022101200100192,2022년 10월 12일 10시,수요일,경상북도 영주시 휴천동,경상사고,0,0,1,0,차대차 - 측면충돌,신호위반,건조,맑음,교차로 - 교차로안,승용,여,50세,상해없음,승용,남,59세,경상
2022101200100193,2022년 10월 12일 10시,수요일,경상북도 예천군 개포면,중상사고,0,1,0,0,차대사람 - 기타,안전운전불이행,건조,맑음,단일로 - 기타,화물,남,62세,상해없음,보행자,남,72세,중상
2022101200100194,2022년 10월 12일 10시,수요일,경상북도 포항시 남구 일월동,경상사고,0,0,2,1,차대차 - 추돌,안전운전불이행,건조,맑음,단일로 - 기타,승용,남,83세,상해없음,승용,남,78세,부상신고
2022101200100230,2022년 10월 12일 11시,수요일,경상북도 성주군 성주읍,중상사고,0,1,1,0,차대차 - 측면충돌,신호위반,건조,맑음,교차로 - 교차로안,승용,여,65세,중상,승합,남,48세,경상
2022101200100231,2022년 10월 12일 11시,수요일,경상북도 성주군 초전면,경상사고,0,0,2,0,차대차 - 기타,안전운전불이행,건조,맑음,단일로 - 기타,이륜,남,61세,경상,승용,여,60세,경상
2022101200100263,2022년 10월 12일 12시,수요일,경상북도 영주시 상줄동,중상사고,0,1,0,0,차대차 - 정면충돌,안전운전불이행,건조,맑음,단일로 - 기타,승용,남,68세,기타불명,이륜,남,22세,중상
2022101200100264,2022년 10월 12일 12시,수요일,경상북도 구미시 송정동,경상사고,0,0,1,0,차대차 - 기타,안전운전불이행,건조,맑음,단일로 - 기타,승용,여,68세,상해없음,자전거,남,63세,경상
2022101200100294,2022년 10월 12일 13시,수요일,경상북도 경산시 중방동,중상사고,0,1,0,0,차대사람 - 횡단중,보행자보호의무위반,건조,맑음,단일로 - 기타,화물,남,55세,상해없음,보행자,여,69세,중상
2022101200100331,2022년 10월 12일 14시,수요일,경상북도 포항시 북구 양덕동,중상사고,0,1,3,0,차대차 - 측면충돌,신호위반,건조,맑음,교차로 - 교차로안,화물,남,24세,상해없음,승용,남,27세,경상
2022101200100402,2022년 10월 12일 16시,수요일,경상북도 포항시 북구 용흥동,경상사고,0,0,1,0,차대차 - 측면충돌,안전거리미확보,건조,맑음,단일로 - 기타,승용,남,62세,상해없음,승용,여,55세,경상
2022101200100403,2022년 10월 12일 16시,수요일,경상북도 안동시 정하동,경상사고,0,0,2,0,차대차 - 기타,중앙선침범,건조,맑음,단일로 - 교량,승용,남,53세,경상,화물,남,62세,경상
2022101200100449,2022년 10월 12일 17시,수요일,경상북도 안동시 풍산읍,경상사고,0,0,1,0,차대사람 - 기타,안전운전불이행,건조,맑음,기타 - 기타,승합,남,63세,상해없음,보행자,남,15세,경상
2022101200100450,2022년 10월 12일 17시,수요일,경상북도 상주시 계산동,경상사고,0,0,1,0,차대차 - 추돌,안전거리미확보,건조,맑음,단일로 - 기타,승합,여,45세,상해없음,승용,여,59세,경상
2022101200100451,2022년 10월 12일 17시,수요일,경상북도 상주시 무양동,중상사고,0,1,0,0,차대사람 - 기타,안전운전불이행,건조,맑음,단일로 - 기타,승용,남,63세,상해없음,보행자,여,67세,중상
2022101200100452,2022년 10월 12일 17시,수요일,경상북도 칠곡군 왜관읍,경상사고,0,0,3,0,차대차 - 추돌,안전운전불이행,건조,맑음,교차로 - 교차로부근,승용,남,57세,상해없음,승용,남,30세,경상
2022101200100453,2022년 10월 12일 17시,수요일,경상북도 문경시 모전동,경상사고,0,0,2,0,차대차 - 기타,신호위반,건조,맑음,교차로 - 교차로안,승용,여,52세,상해없음,승용,남,36세,경상
2022101200100497,2022년 10월 12일 18시,수요일,경상북도 칠곡군 왜관읍,경상사고,0,0,3,0,차대차 - 추돌,안전운전불이행,건조,맑음,단일로 - 지하차도(도로)내,승용,남,35세,상해없음,승용,남,52세,경상
2022101200100549,2022년 10월 12일 19시,수요일,경상북도 칠곡군 지천면,경상사고,0,0,1,0,차대차 - 기타,안전운전불이행,건조,흐림,단일로 - 기타,승용,남,33세,상해없음,승용,여,60세,경상
2022101200100550,2022년 10월 12일 19시,수요일,경상북도 구미시 송정동,경상사고,0,0,1,0,차대차 - 측면충돌,안전거리미확보,건조,맑음,단일로 - 기타,승용,여,50세,상해없음,승용,여,42세,경상
2022101200100587,2022년 10월 12일 20시,수요일,경상북도 구미시 형곡동,경상사고,0,0,1,0,차대차 - 측면충돌,안전운전불이행,기타,맑음,단일로 - 기타,승용,여,45세,상해없음,승용,남,25세,경상
2022101300100038,2022년 10월 13일 04시,목요일,경상북도 구미시 도량동,경상사고,0,0,3,0,차대차 - 추돌,안전운전불이행,건조,맑음,교차로 - 교차로안,승용,남,51세,상해없음,승용,남,28세,경상
2022101300100125,2022년 10월 13일 08시,목요일,경상북도 안동시 수상동,경상사고,0,0,1,0,차대차 - 측면충돌,안전운전불이행,건조,맑음,단일로 - 기타,화물,남,52세,상해없음,승용,여,48세,경상
2022101300100126,2022년 10월 13일 08시,목요일,경상북도 문경시 산양면,경상사고,0,0,2,0,차대차 - 측면충돌,안전운전불이행,건조,맑음,교차로 - 교차로안,승용,남,62세,상해없음,화물,남,49세,경상
2022101300100127,2022년 10월 13일 08시,목요일,경상북도 경산시 압량읍,경상사고,0,0,6,0,차대차 - 추돌,안전운전불이행,건조,맑음,단일로 - 기타,승용,남,22세,상해없음,승용,남,49세,경상
2022101300100128,2022년 10월 13일 08시,목요일,경상북도 예천군 예천읍,중상사고,0,1,0,0,차대차 - 기타,안전운전불이행,건조,맑음,단일로 - 기타,이륜,여,77세,중상,승용,여,37세,상해없음
2022101300100129,2022년 10월 13일 08시,목요일,경상북도 고령군 대가야읍,중상사고,0,1,0,0,차대차 - 측면충돌,안전운전불이행,건조,맑음,교차로 - 교차로부근,승용,여,31세,상해없음,승용,남,47세,중상
2022101300100205,2022년 10월 13일 10시,목요일,경상북도 성주군 선남면,경상사고,0,0,1,0,차대차 - 기타,안전운전불이행,건조,맑음,단일로 - 기타,화물,남,65세,기타불명,승용,여,58세,경상
2022101300100206,2022년 10월 13일 10시,목요일,경상북도 청송군 부남면,부상신고사고,0,0,0,1,차대차 - 측면충돌,안전운전불이행,건조,맑음,단일로 - 지하차도(도로)내,화물,남,77세,부상신고,화물,남,63세,상해없음
2022101300100207,2022년 10월 13일 10시,목요일,경상북도 칠곡군 지천면,중상사고,0,1,0,0,차대차 - 추돌,안전운전불이행,건조,맑음,단일로 - 기타,승용,남,51세,상해없음,승용,남,38세,중상
2022101300100261,2022년 10월 13일 12시,목요일,경상북도 구미시 임수동,중상사고,0,1,0,0,차대차 - 측면충돌,안전거리미확보,건조,맑음,교차로 - 교차로부근,승용,남,52세,상해없음,승용,남,49세,중상
2022101300100262,2022년 10월 13일 12시,목요일,경상북도 구미시 임수동,경상사고,0,0,2,0,차대차 - 추돌,안전운전불이행,건조,맑음,교차로 - 교차로부근,승용,남,25세,상해없음,화물,남,60세,경상
2022101300100299,2022년 10월 13일 13시,목요일,경상북도 포항시 남구 인덕동,경상사고,0,0,2,0,차대차 - 측면충돌,안전운전불이행,건조,맑음,교차로 - 교차로안,화물,남,48세,기타불명,승용,남,73세,경상
2022101300100327,2022년 10월 13일 14시,목요일,경상북도 문경시 공평동,경상사고,0,0,1,0,차량단독 - 공작물충돌,안전운전불이행,건조,맑음,단일로 - 기타,승용,여,66세,경상,,,,
2022101300100328,2022년 10월 13일 14시,목요일,경상북도 고령군 대가야읍,경상사고,0,0,1,0,차대차 - 측면충돌,안전운전불이행,건조,맑음,기타 - 기타,승용,남,80세,상해없음,자전거,여,73세,경상
2022101300100361,2022년 10월 13일 15시,목요일,경상북도 안동시 풍천면,경상사고,0,0,1,0,차대차 - 측면충돌,중앙선침범,건조,맑음,단일로 - 기타,승용,남,77세,상해없음,승용,남,70세,경상
2022101300100362,2022년 10월 13일 15시,목요일,경상북도 안동시 북후면,경상사고,0,0,1,0,차대차 - 측면충돌,중앙선침범,건조,맑음,단일로 - 기타,이륜,남,51세,상해없음,승용,남,65세,경상
2022101300100363,2022년 10월 13일 15시,목요일,경상북도 상주시 헌신동,중상사고,0,1,1,0,차대차 - 측면충돌,신호위반,건조,맑음,교차로 - 교차로안,승용,여,37세,상해없음,승용,여,70세,경상
2022101300100364,2022년 10월 13일 15시,목요일,경상북도 칠곡군 북삼읍,중상사고,0,1,0,0,차대차 - 정면충돌,안전운전불이행,건조,맑음,교차로 - 교차로부근,승용,여,57세,상해없음,승용,여,54세,중상
2022101300100365,2022년 10월 13일 15시,목요일,경상북도 예천군 예천읍,중상사고,0,1,0,0,차대차 - 측면충돌,안전운전불이행,건조,맑음,교차로 - 교차로안,화물,남,57세,상해없음,화물,남,46세,중상
2022101300100366,2022년 10월 13일 15시,목요일,경상북도 고령군 다산면,중상사고,0,1,0,0,차대사람 - 길가장자리구역통행중,안전운전불이행,건조,맑음,미분류 - 미분류,화물,남,55세,상해없음,보행자,여,81세,중상
2022101300100403,2022년 10월 13일 16시,목요일,경상북도 포항시 북구 우현동,중상사고,0,1,0,0,차대사람 - 기타,안전운전불이행,건조,맑음,단일로 - 기타,승용,남,48세,상해없음,보행자,여,61세,중상
2022101300100404,2022년 10월 13일 16시,목요일,경상북도 청도군 이서면,경상사고,0,0,1,0,차대차 - 측면충돌,안전운전불이행,건조,맑음,교차로 - 교차로안,농기계,남,53세,상해없음,승용,남,51세,경상
2022101300100405,2022년 10월 13일 16시,목요일,경상북도 구미시 형곡동,경상사고,0,0,2,0,차대차 - 측면충돌,안전운전불이행,건조,맑음,기타 - 기타,승용,여,61세,상해없음,개인형이동수단(PM),여,17세,경상
2022101300100460,2022년 10월 13일 17시,목요일,경상북도 영주시 부석면,중상사고,0,1,1,0,차대차 - 측면충돌,교차로운행방법위반,건조,맑음,교차로 - 교차로안,화물,남,68세,중상,화물,남,36세,경상
2022101300100461,2022년 10월 13일 17시,목요일,경상북도 영천시 화룡동,경상사고,0,0,1,0,차대차 - 추돌,안전운전불이행,건조,맑음,교차로 - 교차로부근,승용,남,71세,상해없음,특수,남,37세,경상
2022101300100510,2022년 10월 13일 18시,목요일,경상북도 경주시 현곡면,경상사고,0,0,3,0,차대차 - 측면충돌,중앙선침범,건조,맑음,교차로 - 교차로부근,승용,남,64세,상해없음,화물,여,64세,경상
2022101300100511,2022년 10월 13일 18시,목요일,경상북도 상주시 공성면,중상사고,0,1,0,0,차대사람 - 길가장자리구역통행중,안전운전불이행,건조,맑음,단일로 - 기타,승용,남,62세,상해없음,보행자,여,63세,중상
2022101300100552,2022년 10월 13일 19시,목요일,경상북도 포항시 북구 흥해읍,경상사고,0,0,1,0,차대차 - 추돌,안전운전불이행,건조,맑음,교차로 - 교차로부근,승용,여,39세,상해없음,화물,남,56세,경상
2022101300100553,2022년 10월 13일 19시,목요일,경상북도 안동시 태화동,중상사고,0,2,0,0,차대사람 - 횡단중,신호위반,건조,맑음,교차로 - 교차로횡단보도내,이륜,남,65세,중상,보행자,여,46세,중상
2022101300100554,2022년 10월 13일 19시,목요일,경상북도 의성군 봉양면,중상사고,0,1,1,0,차대차 - 측면충돌,안전운전불이행,건조,맑음,단일로 - 기타,화물,남,54세,경상,화물,남,64세,중상
2022101300100555,2022년 10월 13일 19시,목요일,경상북도 영천시 망정동,사망사고,1,0,0,0,차대사람 - 횡단중,기타,건조,맑음,교차로 - 교차로안,이륜,남,25세,상해없음,보행자,여,61세,사망
2022101300100556,2022년 10월 13일 19시,목요일,경상북도 고령군 덕곡면,경상사고,0,0,1,0,차대차 - 기타,안전운전불이행,건조,맑음,단일로 - 기타,승용,여,53세,상해없음,농기계,남,73세,경상
2022101300100590,2022년 10월 13일 20시,목요일,경상북도 영천시 완산동,경상사고,0,0,1,0,차대차 - 추돌,안전운전불이행,건조,맑음,단일로 - 기타,승용,남,40세,기타불명,승용,남,41세,상해없음
2022101300100622,2022년 10월 13일 21시,목요일,경상북도 포항시 북구 흥해읍,경상사고,0,0,1,0,차대차 - 측면충돌,교차로운행방법위반,건조,맑음,교차로 - 교차로안,화물,남,63세,상해없음,이륜,남,43세,경상
2022101300100654,2022년 10월 13일 23시,목요일,경상북도 칠곡군 가산면,경상사고,0,0,1,0,차대차 - 측면충돌,교차로운행방법위반,건조,맑음,교차로 - 교차로안,승용,남,41세,상해없음,화물,남,44세,경상
2022101400100006,2022년 10월 14일 00시,금요일,경상북도 포항시 남구 상도동,경상사고,0,0,1,0,차대차 - 측면충돌,중앙선침범,건조,맑음,단일로 - 기타,승용,남,59세,상해없음,원동기,남,32세,경상
2022101400100023,2022년 10월 14일 02시,금요일,경상북도 구미시 임수동,경상사고,0,0,2,0,차대차 - 기타,안전운전불이행,건조,맑음,단일로 - 기타,승용,남,28세,상해없음,승용,남,56세,경상
2022101400100032,2022년 10월 14일 04시,금요일,경상북도 경주시 황성동,중상사고,0,1,0,0,차대사람 - 횡단중,보행자보호의무위반,건조,맑음,교차로 - 교차로횡단보도내,화물,남,36세,상해없음,보행자,여,82세,중상
2022101400100033,2022년 10월 14일 04시,금요일,경상북도 김천시 삼락동,사망사고,1,1,2,0,차대차 - 추돌,안전운전불이행,건조,맑음,단일로 - 기타,특수,남,62세,사망,화물,여,49세,경상
2022101400100111,2022년 10월 14일 08시,금요일,경상북도 경주시 황성동,경상사고,0,0,1,0,차대차 - 측면충돌,신호위반,건조,맑음,교차로 - 교차로안,승용,여,61세,상해없음,승용,여,58세,경상
2022101400100170,2022년 10월 14일 10시,금요일,경상북도 성주군 벽진면,중상사고,0,1,0,0,차대차 - 측면충돌,안전운전불이행,건조,맑음,교차로 - 교차로안,화물,남,67세,상해없음,자전거,남,78세,중상
2022101400100199,2022년 10월 14일 11시,금요일,경상북도 안동시 옥동,경상사고,0,0,1,0,차대차 - 기타,안전운전불이행,건조,맑음,단일로 - 기타,승용,여,31세,상해없음,이륜,남,46세,경상
2022101400100200,2022년 10월 14일 11시,금요일,경상북도 영덕군 영덕읍,중상사고,0,2,0,0,차대차 - 측면충돌,신호위반,건조,맑음,교차로 - 교차로안,승용,남,77세,중상,화물,남,56세,중상
2022101400100201,2022년 10월 14일 11시,금요일,경상북도 영덕군 영해면,경상사고,0,0,1,0,차대차 - 측면충돌,직진우회전진행방해,건조,맑음,교차로 - 교차로안,승용,남,44세,상해없음,승용,여,61세,경상
2022101400100202,2022년 10월 14일 11시,금요일,경상북도 구미시 원평동,경상사고,0,0,1,0,차대차 - 측면충돌,안전운전불이행,건조,맑음,교차로 - 교차로부근,승용,여,60세,상해없음,승용,여,46세,경상
2022101400100203,2022년 10월 14일 11시,금요일,경상북도 포항시 남구 동해면,경상사고,0,0,1,0,차대차 - 측면충돌,신호위반,건조,맑음,교차로 - 교차로안,승용,여,70세,상해없음,자전거,남,62세,경상
2022101400100204,2022년 10월 14일 11시,금요일,경상북도 포항시 남구 연일읍,경상사고,0,0,1,0,차대차 - 측면충돌,직진우회전진행방해,건조,맑음,교차로 - 교차로부근,승용,남,62세,상해없음,승용,여,35세,경상
2022101400100232,2022년 10월 14일 12시,금요일,경상북도 안동시 옥동,경상사고,0,0,1,0,차대사람 - 횡단중,보행자보호의무위반,건조,맑음,교차로 - 교차로횡단보도내,승용,남,30세,상해없음,보행자,남,54세,경상
2022101400100233,2022년 10월 14일 12시,금요일,경상북도 안동시 운흥동,중상사고,0,2,0,0,차대차 - 기타,직진우회전진행방해,건조,맑음,교차로 - 교차로안,승용,여,52세,기타불명,승용,여,46세,중상
2022101400100234,2022년 10월 14일 12시,금요일,경상북도 경산시 사동,경상사고,0,0,3,2,차대차 - 추돌,안전운전불이행,건조,맑음,단일로 - 기타,화물,남,74세,상해없음,승용,여,56세,경상
2022101400100235,2022년 10월 14일 12시,금요일,경상북도 예천군 예천읍,경상사고,0,0,1,0,차대차 - 정면충돌,중앙선침범,건조,맑음,단일로 - 기타,승용,여,67세,상해없음,승용,남,53세,경상
2022101400100281,2022년 10월 14일 13시,금요일,경상북도 경주시 황남동,경상사고,0,0,1,0,차대차 - 측면충돌,안전운전불이행,건조,맑음,주차장 - 주차장,승합,남,49세,상해없음,승용,여,39세,경상
2022101400100282,2022년 10월 14일 13시,금요일,경상북도 칠곡군 왜관읍,경상사고,0,0,3,0,차대차 - 측면충돌,안전운전불이행,건조,맑음,단일로 - 기타,승용,남,69세,경상,승용,남,54세,경상
2022101400100283,2022년 10월 14일 13시,금요일,경상북도 경산시 하양읍,경상사고,0,0,1,0,차대차 - 후진중충돌,안전운전불이행,건조,맑음,단일로 - 교량,승용,여,64세,상해없음,승용,남,57세,경상
2022101400100284,2022년 10월 14일 13시,금요일,경상북도 경산시 중방동,경상사고,0,0,3,0,차대차 - 측면충돌,안전운전불이행,건조,맑음,교차로 - 교차로안,승용,여,54세,상해없음,화물,남,51세,경상
2022101400100321,2022년 10월 14일 14시,금요일,경상북도 영주시 하망동,경상사고,0,0,1,0,차대사람 - 보도통행중,보행자보호의무위반,건조,맑음,교차로 - 교차로횡단보도내,승용,남,55세,상해없음,보행자,여,69세,경상
2022101400100322,2022년 10월 14일 14시,금요일,경상북도 영덕군 강구면,경상사고,0,0,1,0,차대차 - 측면충돌,기타,건조,맑음,교차로 - 교차로안,승용,남,72세,상해없음,화물,남,67세,경상
2022101400100405,2022년 10월 14일 16시,금요일,경상북도 경주시 동천동,중상사고,0,1,0,0,차대차 - 측면충돌,안전운전불이행,건조,맑음,교차로 - 교차로부근,승용,남,27세,상해없음,자전거,여,68세,중상
2022101400100406,2022년 10월 14일 16시,금요일,경상북도 상주시 모서면,경상사고,0,0,1,0,차대차 - 측면충돌,중앙선침범,건조,맑음,단일로 - 기타,승용,여,43세,상해없음,승용,남,47세,경상
2022101400100407,2022년 10월 14일 16시,금요일,경상북도 고령군 대가야읍,경상사고,0,0,1,0,차대차 - 기타,직진우회전진행방해,건조,맑음,교차로 - 교차로안,이륜,남,52세,상해없음,농기계,남,81세,경상
2022101400100458,2022년 10월 14일 17시,금요일,경상북도 경주시 황남동,경상사고,0,0,1,0,차대사람 - 기타,안전운전불이행,건조,맑음,단일로 - 기타,개인형이동수단(PM),남,16세,상해없음,보행자,남,27세,경상
2022101400100459,2022년 10월 14일 17시,금요일,경상북도 안동시 정하동,중상사고,0,1,0,0,차대차 - 기타,안전운전불이행,건조,맑음,교차로 - 교차로부근,자전거,남,43세,중상,승합,남,66세,상해없음
2022101400100460,2022년 10월 14일 17시,금요일,경상북도 상주시 남성동,사망사고,1,0,1,0,차대차 - 측면충돌,안전운전불이행,건조,맑음,교차로 - 교차로안,이륜,남,19세,경상,이륜,남,87세,사망
2022101400100461,2022년 10월 14일 17시,금요일,경상북도 칠곡군 왜관읍,중상사고,0,1,0,1,차대차 - 측면충돌,기타,건조,맑음,교차로 - 교차로안,화물,남,64세,부상신고,화물,남,54세,중상
2022101400100462,2022년 10월 14일 17시,금요일,경상북도 구미시 형곡동,경상사고,0,0,3,0,차대차 - 측면충돌,안전운전불이행,건조,맑음,교차로 - 교차로안,승용,여,27세,경상,승용,여,54세,경상
2022101400100539,2022년 10월 14일 18시,금요일,경상북도 경주시 동천동,중상사고,0,1,0,0,차대차 - 측면충돌,안전운전불이행,건조,맑음,교차로 - 교차로안,승용,남,70세,상해없음,승용,남,46세,중상
2022101400100540,2022년 10월 14일 18시,금요일,경상북도 경산시 백천동,경상사고,0,0,1,0,차대사람 - 횡단중,보행자보호의무위반,건조,맑음,교차로 - 교차로횡단보도내,승용,여,25세,상해없음,보행자,여,5세,경상
2022101400100541,2022년 10월 14일 18시,금요일,경상북도 봉화군 봉화읍,경상사고,0,0,1,0,차대차 - 추돌,안전거리미확보,건조,맑음,단일로 - 기타,화물,남,42세,상해없음,화물,남,53세,경상
2022101400100542,2022년 10월 14일 18시,금요일,경상북도 구미시 고아읍,중상사고,0,1,0,0,차대사람 - 길가장자리구역통행중,안전운전불이행,건조,맑음,단일로 - 기타,승용,여,52세,상해없음,보행자,여,64세,중상
2022101400100543,2022년 10월 14일 18시,금요일,경상북도 포항시 남구 청림동,경상사고,0,0,1,0,차대차 - 측면충돌,안전운전불이행,건조,맑음,교차로 - 교차로안,자전거,남,30세,경상,승용,남,51세,상해없음
2022101400100544,2022년 10월 14일 18시,금요일,경상북도 포항시 남구 해도동,경상사고,0,0,1,0,차대차 - 측면충돌,안전운전불이행,건조,맑음,단일로 - 교량,승용,남,50세,상해없음,승용,여,38세,경상
2022101400100677,2022년 10월 14일 22시,금요일,경상북도 의성군 단촌면,경상사고,0,0,1,0,차대차 - 후진중충돌,안전운전불이행,건조,맑음,주차장 - 주차장,승용,여,55세,상해없음,승용,여,62세,경상
2022101400100678,2022년 10월 14일 22시,금요일,경상북도 칠곡군 동명면,경상사고,0,0,1,1,차대차 - 추돌,안전운전불이행,건조,맑음,단일로 - 지하차도(도로)내,승용,여,49세,경상,승용,남,59세,부상신고
2022101400100679,2022년 10월 14일 22시,금요일,경상북도 구미시 송정동,중상사고,0,1,0,0,차대차 - 측면충돌,차로위반,건조,맑음,교차로 - 교차로부근,승용,남,31세,상해없음,이륜,남,18세,중상
2022101400100695,2022년 10월 14일 23시,금요일,경상북도 구미시 광평동,사망사고,1,0,0,0,차대차 - 측면충돌,안전운전불이행,건조,맑음,단일로 - 기타,승합,남,58세,상해없음,자전거,남,59세,사망
2022101500100056,2022년 10월 15일 06시,토요일,경상북도 경주시 황성동,경상사고,0,0,1,0,차대차 - 측면충돌,안전운전불이행,건조,맑음,교차로 - 교차로부근,승용,남,81세,상해없음,승용,남,32세,경상
2022101500100057,2022년 10월 15일 06시,토요일,경상북도 구미시 해평면,중상사고,0,1,4,0,차대차 - 측면충돌,중앙선침범,건조,맑음,교차로 - 교차로부근,승용,남,23세,경상,화물,남,68세,중상
2022101500100082,2022년 10월 15일 08시,토요일,경상북도 칠곡군 석적읍,경상사고,0,0,2,0,차대차 - 측면충돌,직진우회전진행방해,건조,맑음,교차로 - 교차로안,승용,여,31세,경상,이륜,남,38세,경상
2022101500100102,2022년 10월 15일 09시,토요일,경상북도 상주시 사벌국면,중상사고,0,1,0,0,차량단독 - 전도전복 - 전도,안전운전불이행,건조,맑음,단일로 - 기타,건설기계,남,60세,중상,,,,
2022101500100103,2022년 10월 15일 09시,토요일,경상북도 경산시 남천면,중상사고,0,1,0,0,차대차 - 측면충돌,기타,건조,맑음,교차로 - 교차로안,승용,남,52세,상해없음,승용,여,44세,중상
2022101500100104,2022년 10월 15일 09시,토요일,경상북도 청도군 풍각면,경상사고,0,0,1,1,차대사람 - 기타,안전운전불이행,건조,맑음,주차장 - 주차장,승용,남,85세,부상신고,보행자,남,69세,경상
2022101500100133,2022년 10월 15일 10시,토요일,경상북도 영천시 청통면,경상사고,0,0,1,0,차대차 - 측면충돌,안전운전불이행,건조,맑음,단일로 - 기타,승용,남,34세,기타불명,승용,여,55세,경상
2022101500100134,2022년 10월 15일 10시,토요일,경상북도 청도군 풍각면,경상사고,0,0,1,0,차대차 - 정면충돌,안전운전불이행,건조,맑음,단일로 - 기타,화물,남,70세,상해없음,이륜,여,60세,경상
2022101500100172,2022년 10월 15일 11시,토요일,경상북도 안동시 송현동,중상사고,0,1,1,0,차대차 - 기타,중앙선침범,건조,맑음,단일로 - 기타,화물,남,70세,상해없음,승용,남,41세,중상
2022101500100173,2022년 10월 15일 11시,토요일,경상북도 안동시 와룡면,경상사고,0,0,1,0,차대차 - 기타,안전거리미확보,건조,맑음,교차로 - 교차로부근,승용,남,70세,상해없음,화물,남,54세,경상