사고번호,사고일시,요일,시군구,사고내용,사망자수,중상자수,경상자수,부상신고자수,사고유형,법규위반,노면상태,기상상태,도로형태,가해운전자 차종,가해운전자 성별,가해운전자 연령,가해운전자 상해정도,피해운전자 차종,피해운전자 성별,피해운전자 연령,피해운전자 상해정도
2022101500100174,2022년 10월 15일 11시,토요일,경상북도 예천군 지보면,사망사고,1,0,0,0,차량단독 - 공작물충돌,안전운전불이행,건조,맑음,단일로 - 기타,이륜,남,51세,사망,,,,
2022101500100175,2022년 10월 15일 11시,토요일,경상북도 청도군 청도읍,경상사고,0,0,2,0,차대차 - 기타,기타,건조,맑음,단일로 - 기타,화물,남,70세,상해없음,화물,남,58세,경상
2022101500100176,2022년 10월 15일 11시,토요일,경상북도 포항시 남구 연일읍,경상사고,0,0,1,0,차대차 - 추돌,안전운전불이행,건조,맑음,교차로 - 교차로부근,자전거,남,70세,경상,승용,남,47세,상해없음
2022101500100215,2022년 10월 15일 12시,토요일,경상북도 영주시 풍기읍,경상사고,0,0,1,0,차대차 - 측면충돌,교차로운행방법위반,건조,맑음,교차로 - 교차로안,승용,여,49세,경상,승용,남,25세,상해없음
2022101500100252,2022년 10월 15일 13시,토요일,경상북도 경주시 동천동,경상사고,0,0,1,0,차대사람 - 기타,안전운전불이행,건조,맑음,기타 - 기타,화물,남,46세,상해없음,보행자,여,83세,경상
2022101500100253,2022년 10월 15일 13시,토요일,경상북도 안동시 당북동,경상사고,0,0,1,0,차대차 - 기타,안전운전불이행,건조,맑음,교차로 - 교차로부근,승용,여,62세,상해없음,자전거,남,10세,경상
2022101500100254,2022년 10월 15일 13시,토요일,경상북도 김천시 지례면,경상사고,0,0,2,0,차대차 - 측면충돌,직진우회전진행방해,건조,맑음,교차로 - 교차로안,승합,남,65세,상해없음,화물,남,69세,경상
2022101500100255,2022년 10월 15일 13시,토요일,경상북도 영덕군 강구면,경상사고,0,0,2,0,차대차 - 측면충돌,안전운전불이행,건조,맑음,단일로 - 기타,특수,남,63세,상해없음,승용,남,41세,경상
2022101500100256,2022년 10월 15일 13시,토요일,경상북도 구미시 황상동,중상사고,0,2,1,0,차대차 - 기타,신호위반,건조,맑음,교차로 - 교차로안,승용,남,65세,상해없음,승용,남,59세,경상
2022101500100297,2022년 10월 15일 14시,토요일,경상북도 경주시 노동동,경상사고,0,0,1,0,차대사람 - 기타,안전운전불이행,건조,맑음,단일로 - 기타,이륜,남,53세,상해없음,보행자,여,22세,경상
2022101500100298,2022년 10월 15일 14시,토요일,경상북도 안동시 운흥동,부상신고사고,0,0,0,1,차대사람 - 기타,안전운전불이행,건조,맑음,주차장 - 주차장,승용,여,30세,상해없음,보행자,여,16세,부상신고
2022101500100299,2022년 10월 15일 14시,토요일,경상북도 상주시 낙동면,경상사고,0,0,2,0,차대차 - 추돌,안전운전불이행,건조,맑음,단일로 - 터널,승용,여,54세,상해없음,승용,남,51세,경상
2022101500100337,2022년 10월 15일 15시,토요일,경상북도 경주시 신평동,경상사고,0,0,3,0,차대차 - 추돌,안전운전불이행,건조,맑음,교차로 - 교차로안,승용,남,62세,상해없음,승용,여,34세,경상
2022101500100338,2022년 10월 15일 15시,토요일,경상북도 포항시 북구 청하면,경상사고,0,0,4,0,차대차 - 기타,안전거리미확보,건조,맑음,단일로 - 기타,승용,남,75세,경상,승용,여,57세,경상
2022101500100339,2022년 10월 15일 15시,토요일,경상북도 포항시 북구 기북면,중상사고,0,1,0,0,차량단독 - 도로외이탈 - 기타,안전운전불이행,건조,맑음,단일로 - 기타,이륜,남,41세,중상,,,,
2022101500100340,2022년 10월 15일 15시,토요일,경상북도 문경시 문경읍,경상사고,0,0,2,6,차대차 - 추돌,안전운전불이행,건조,맑음,단일로 - 기타,승용,여,36세,부상신고,승용,여,36세,상해없음
2022101500100385,2022년 10월 15일 16시,토요일,경상북도 김천시 율곡동,경상사고,0,0,1,0,차대차 - 추돌,안전운전불이행,건조,맑음,교차로 - 교차로부근,승용,남,45세,상해없음,승용,여,66세,경상
2022101500100386,2022년 10월 15일 16시,토요일,경상북도 고령군 다산면,경상사고,0,0,1,0,차량단독 - 도로외이탈 - 추락,안전운전불이행,건조,맑음,단일로 - 교량,화물,남,74세,경상,,,,
2022101500100387,2022년 10월 15일 16시,토요일,경상북도 포항시 남구 상도동,중상사고,0,2,3,2,차대차 - 측면충돌,신호위반,건조,맑음,교차로 - 교차로부근,승용,남,72세,경상,승용,남,39세,경상
2022101500100429,2022년 10월 15일 17시,토요일,경상북도 칠곡군 왜관읍,중상사고,0,1,0,0,차대사람 - 횡단중,보행자보호의무위반,건조,맑음,단일로 - 기타,이륜,남,43세,상해없음,보행자,남,86세,중상
2022101500100472,2022년 10월 15일 18시,토요일,경상북도 안동시 풍산읍,중상사고,0,1,2,0,차대차 - 기타,신호위반,건조,맑음,교차로 - 교차로안,승용,여,58세,경상,승용,남,64세,경상
2022101500100473,2022년 10월 15일 18시,토요일,경상북도 김천시 신음동,경상사고,0,0,1,0,차대차 - 측면충돌,안전운전불이행,건조,맑음,교차로 - 교차로안,이륜,남,20세,경상,승용,남,66세,상해없음
2022101500100474,2022년 10월 15일 18시,토요일,경상북도 상주시 중동면,경상사고,0,0,2,0,차대차 - 측면충돌,안전운전불이행,건조,맑음,교차로 - 교차로안,승합,남,67세,경상,화물,남,73세,경상
2022101500100475,2022년 10월 15일 18시,토요일,경상북도 영주시 하망동,중상사고,0,1,0,0,차대차 - 측면충돌,교차로운행방법위반,건조,맑음,교차로 - 교차로안,화물,남,81세,상해없음,이륜,남,35세,중상
2022101500100538,2022년 10월 15일 20시,토요일,경상북도 경산시 백천동,경상사고,0,0,1,0,차대차 - 측면충돌,신호위반,건조,맑음,교차로 - 교차로안,승용,남,25세,기타불명,승합,남,31세,경상
2022101500100619,2022년 10월 15일 23시,토요일,경상북도 경주시 외동읍,중상사고,0,1,0,0,차대사람 - 차도통행중,안전운전불이행,건조,맑음,단일로 - 기타,승용,남,48세,상해없음,보행자,남,59세,중상
2022101600100083,2022년 10월 16일 07시,일요일,경상북도 안동시 정하동,경상사고,0,0,2,0,차대차 - 기타,직진우회전진행방해,건조,맑음,교차로 - 교차로안,화물,남,74세,경상,승용,남,47세,경상
2022101600100092,2022년 10월 16일 08시,일요일,경상북도 영주시 영주동,경상사고,0,0,1,0,차대차 - 측면충돌,신호위반,건조,맑음,교차로 - 교차로안,승합,남,69세,상해없음,이륜,여,64세,경상
2022101600100107,2022년 10월 16일 09시,일요일,경상북도 경주시 석장동,경상사고,0,0,2,0,차대차 - 기타,안전운전불이행,건조,맑음,단일로 - 기타,승용,남,74세,상해없음,승용,남,74세,경상
2022101600100108,2022년 10월 16일 09시,일요일,경상북도 고령군 개진면,중상사고,0,1,1,0,차대사람 - 기타,안전운전불이행,건조,맑음,기타 - 기타,자전거,남,66세,상해없음,보행자,여,53세,중상
2022101600100147,2022년 10월 16일 11시,일요일,경상북도 포항시 북구 환호동,중상사고,0,1,0,0,차대사람 - 횡단중,보행자보호의무위반,건조,맑음,단일로 - 기타,승용,여,81세,상해없음,보행자,여,79세,중상
2022101600100148,2022년 10월 16일 11시,일요일,경상북도 포항시 북구 장성동,경상사고,0,0,1,0,차대차 - 측면충돌,안전운전불이행,건조,맑음,단일로 - 기타,승용,남,40세,상해없음,이륜,남,40세,경상
2022101600100180,2022년 10월 16일 12시,일요일,경상북도 경주시 동천동,중상사고,0,1,0,0,차대차 - 측면충돌,안전운전불이행,건조,맑음,단일로 - 지하차도(도로)내,승용,남,25세,상해없음,자전거,여,63세,중상
2022101600100181,2022년 10월 16일 12시,일요일,경상북도 포항시 북구 흥해읍,경상사고,0,0,1,0,차대차 - 측면충돌,직진우회전진행방해,건조,맑음,교차로 - 교차로안,승용,남,77세,상해없음,승용,남,32세,경상
2022101600100182,2022년 10월 16일 12시,일요일,경상북도 포항시 북구 득량동,경상사고,0,0,1,0,차대차 - 측면충돌,안전운전불이행,건조,맑음,교차로 - 교차로부근,승용,남,33세,상해없음,이륜,남,41세,경상
2022101600100183,2022년 10월 16일 12시,일요일,경상북도 영주시 평은면,경상사고,0,0,2,0,차대차 - 추돌,안전운전불이행,건조,맑음,교차로 - 교차로부근,승용,남,64세,상해없음,승용,남,72세,경상
2022101600100184,2022년 10월 16일 12시,일요일,경상북도 영주시 휴천동,경상사고,0,0,1,0,차대차 - 측면충돌,교차로운행방법위반,건조,맑음,교차로 - 교차로안,승용,남,37세,상해없음,이륜,남,38세,경상
2022101600100212,2022년 10월 16일 13시,일요일,경상북도 영천시 금호읍,경상사고,0,0,2,0,차대차 - 측면충돌,안전운전불이행,건조,맑음,교차로 - 교차로안,승용,여,59세,기타불명,승용,남,75세,경상
2022101600100242,2022년 10월 16일 14시,일요일,경상북도 영주시 상망동,중상사고,0,1,0,0,차대차 - 측면충돌,교차로운행방법위반,건조,맑음,교차로 - 교차로안,승용,여,48세,상해없음,이륜,남,46세,중상
2022101600100243,2022년 10월 16일 14시,일요일,경상북도 구미시 금전동,중상사고,0,2,0,0,차대차 - 측면충돌,안전운전불이행,건조,맑음,단일로 - 기타,승용,남,26세,상해없음,승용,남,49세,중상
2022101600100274,2022년 10월 16일 15시,일요일,경상북도 포항시 북구 기계면,경상사고,0,0,2,0,차대차 - 기타,안전거리미확보,건조,맑음,교차로 - 교차로안,승용,남,31세,상해없음,사륜오토바이(ATV),남,88세,경상
2022101600100276,2022년 10월 16일 15시,일요일,경상북도 영양군 영양읍,사망사고,1,0,2,0,차대차 - 정면충돌,안전운전불이행,건조,맑음,단일로 - 기타,승용,남,65세,사망,승용,남,42세,경상
2022101600100303,2022년 10월 16일 16시,일요일,경상북도 상주시 낙양동,경상사고,0,0,1,0,차대차 - 정면충돌,안전운전불이행,건조,맑음,단일로 - 기타,자전거,남,10세,경상,화물,남,61세,상해없음
2022101600100330,2022년 10월 16일 17시,일요일,경상북도 영주시 부석면,중상사고,0,2,0,0,차대차 - 측면충돌,중앙선침범,건조,맑음,단일로 - 기타,화물,남,55세,상해없음,승용,여,69세,중상
2022101600100374,2022년 10월 16일 18시,일요일,경상북도 영천시 청통면,중상사고,0,1,0,0,차대사람 - 횡단중,신호위반,건조,맑음,교차로 - 교차로부근,승용,여,58세,기타불명,보행자,남,72세,중상
2022101600100375,2022년 10월 16일 18시,일요일,경상북도 문경시 흥덕동,경상사고,0,0,1,0,차대차 - 측면충돌,안전운전불이행,건조,맑음,교차로 - 교차로안,승용,남,61세,상해없음,이륜,남,52세,경상
2022101600100376,2022년 10월 16일 18시,일요일,경상북도 봉화군 봉화읍,중상사고,0,1,0,0,차대차 - 기타,중앙선침범,건조,맑음,기타 - 기타,이륜,남,84세,중상,화물,남,60세,상해없음
2022101600100377,2022년 10월 16일 18시,일요일,경상북도 포항시 남구 대도동,경상사고,0,0,1,0,차대차 - 측면충돌,차로위반,건조,맑음,교차로 - 교차로부근,승용,여,28세,상해없음,이륜,남,45세,경상
2022101600100378,2022년 10월 16일 18시,일요일,경상북도 영천시 고경면,경상사고,0,0,2,0,차량단독 - 기타,안전운전불이행,건조,맑음,단일로 - 기타,승용,남,32세,경상,,,,
2022101600100416,2022년 10월 16일 19시,일요일,경상북도 포항시 북구 흥해읍,경상사고,0,0,1,0,차대차 - 정면충돌,안전운전불이행,건조,맑음,교차로 - 교차로안,개인형이동수단(PM),남,22세,상해없음,승용,남,35세,경상
2022101600100417,2022년 10월 16일 19시,일요일,경상북도 영덕군 강구면,경상사고,0,0,1,0,차량단독 - 기타,안전운전불이행,건조,맑음,단일로 - 기타,이륜,남,31세,경상,,,,
2022101600100437,2022년 10월 16일 20시,일요일,경상북도 상주시 성동동,경상사고,0,0,2,0,차대차 - 추돌,안전운전불이행,건조,맑음,단일로 - 기타,승용,남,37세,상해없음,화물,남,56세,경상
2022101600100438,2022년 10월 16일 20시,일요일,경상북도 구미시 사곡동,부상신고사고,0,0,0,1,차대차 - 측면충돌,안전운전불이행,건조,맑음,교차로 - 교차로안,승용,여,29세,상해없음,이륜,남,19세,부상신고
2022101600100439,2022년 10월 16일 20시,일요일,경상북도 포항시 남구 연일읍,경상사고,0,0,5,0,차대차 - 추돌,안전운전불이행,건조,맑음,단일로 - 기타,승용,남,21세,경상,승용,남,42세,경상
2022101600100458,2022년 10월 16일 21시,일요일,경상북도 칠곡군 석적읍,경상사고,0,0,1,0,차량단독 - 기타,안전운전불이행,건조,맑음,단일로 - 기타,사륜오토바이(ATV),남,27세,경상,,,,
2022101600100476,2022년 10월 16일 22시,일요일,경상북도 의성군 안계면,중상사고,0,1,0,0,차대차 - 후진중충돌,안전운전불이행,건조,맑음,단일로 - 기타,화물,남,49세,상해없음,승용,남,38세,중상
2022101600100477,2022년 10월 16일 22시,일요일,경상북도 경산시 사동,경상사고,0,0,1,0,차대차 - 측면충돌,안전거리미확보,건조,맑음,교차로 - 교차로안,승용,남,70세,기타불명,승용,여,42세,경상
2022101600100492,2022년 10월 16일 23시,일요일,경상북도 경주시 용강동,경상사고,0,0,1,0,차대사람 - 기타,안전운전불이행,건조,맑음,주차장 - 주차장,승용,여,58세,상해없음,보행자,남,32세,경상
2022101700100048,2022년 10월 17일 06시,월요일,경상북도 구미시 광평동,중상사고,0,1,0,0,차대사람 - 횡단중,안전운전불이행,건조,흐림,단일로 - 기타,화물,남,47세,상해없음,보행자,여,78세,중상
2022101700100074,2022년 10월 17일 07시,월요일,경상북도 포항시 남구 대도동,경상사고,0,0,1,0,차대차 - 측면충돌,안전운전불이행,건조,맑음,교차로 - 교차로안,이륜,남,37세,경상,승합,여,49세,상해없음
2022101700100116,2022년 10월 17일 08시,월요일,경상북도 경산시 옥산동,중상사고,0,1,0,0,차대사람 - 횡단중,보행자보호의무위반,건조,맑음,교차로 - 교차로횡단보도내,승용,여,43세,상해없음,보행자,남,79세,중상
2022101700100197,2022년 10월 17일 10시,월요일,경상북도 의성군 의성읍,중상사고,0,2,0,0,차대차 - 측면충돌,안전운전불이행,건조,맑음,단일로 - 기타,화물,남,62세,상해없음,이륜,남,74세,중상
2022101700100238,2022년 10월 17일 11시,월요일,경상북도 경주시 배반동,경상사고,0,0,4,0,차대차 - 추돌,안전운전불이행,건조,맑음,교차로 - 교차로부근,승용,여,53세,경상,승용,여,73세,경상
2022101700100239,2022년 10월 17일 11시,월요일,경상북도 포항시 북구 죽도동,경상사고,0,0,2,0,차대차 - 추돌,안전운전불이행,건조,맑음,교차로 - 교차로부근,승용,남,75세,상해없음,승용,여,65세,경상
2022101700100240,2022년 10월 17일 11시,월요일,경상북도 영주시 가흥동,경상사고,0,0,1,0,차대차 - 측면충돌,교차로운행방법위반,건조,맑음,교차로 - 교차로안,이륜,남,70세,경상,이륜,남,34세,상해없음
2022101700100241,2022년 10월 17일 11시,월요일,경상북도 영천시 완산동,경상사고,0,0,1,0,차대사람 - 횡단중,안전운전불이행,건조,맑음,교차로 - 교차로안,승용,남,86세,상해없음,보행자,여,39세,경상
2022101700100242,2022년 10월 17일 11시,월요일,경상북도 구미시 인의동,경상사고,0,0,2,0,차대차 - 측면충돌,안전거리미확보,건조,맑음,교차로 - 교차로안,화물,남,57세,상해없음,승용,남,22세,경상
2022101700100276,2022년 10월 17일 12시,월요일,경상북도 문경시 영순면,중상사고,0,1,0,0,차대차 - 측면충돌,안전운전불이행,건조,맑음,교차로 - 교차로안,승용,남,67세,상해없음,이륜,남,90세,중상
2022101700100277,2022년 10월 17일 12시,월요일,경상북도 구미시 오태동,경상사고,0,0,1,0,차대차 - 기타,안전운전불이행,건조,맑음,교차로 - 교차로안,화물,남,51세,상해없음,승용,여,72세,경상
2022101700100320,2022년 10월 17일 13시,월요일,경상북도 김천시 남산동,경상사고,0,0,1,0,차대사람 - 차도통행중,안전운전불이행,건조,맑음,단일로 - 기타,승용,남,74세,상해없음,보행자,여,20세,경상
2022101700100321,2022년 10월 17일 13시,월요일,경상북도 청송군 파천면,중상사고,0,1,0,0,차대차 - 추돌,기타,건조,맑음,단일로 - 지하차도(도로)내,화물,남,60세,상해없음,승용,여,49세,중상
2022101700100322,2022년 10월 17일 13시,월요일,경상북도 포항시 남구 상도동,경상사고,0,0,2,0,차대차 - 측면충돌,신호위반,건조,맑음,교차로 - 교차로안,승용,남,69세,경상,승용,남,74세,경상
2022101700100361,2022년 10월 17일 14시,월요일,경상북도 상주시 내서면,중상사고,0,1,0,0,차대사람 - 기타,안전운전불이행,건조,맑음,단일로 - 기타,승용,여,64세,상해없음,보행자,남,47세,중상
2022101700100458,2022년 10월 17일 16시,월요일,경상북도 안동시 풍산읍,중상사고,0,1,1,0,차대차 - 추돌,안전운전불이행,건조,맑음,교차로 - 교차로부근,승용,여,59세,상해없음,승용,남,58세,경상
2022101700100459,2022년 10월 17일 16시,월요일,경상북도 구미시 원평동,경상사고,0,0,2,0,차대차 - 측면충돌,안전운전불이행,건조,맑음,단일로 - 기타,개인형이동수단(PM),남,24세,상해없음,승용,남,59세,경상
2022101700100513,2022년 10월 17일 17시,월요일,경상북도 안동시 수상동,경상사고,0,0,2,0,차대차 - 측면충돌,안전운전불이행,건조,맑음,교차로 - 교차로안,화물,남,55세,상해없음,승용,여,31세,경상
2022101700100514,2022년 10월 17일 17시,월요일,경상북도 성주군 성주읍,경상사고,0,0,3,0,차대차 - 측면충돌,교차로운행방법위반,건조,맑음,교차로 - 교차로부근,승용,남,79세,경상,승용,여,39세,경상
2022101700100584,2022년 10월 17일 18시,월요일,경상북도 의성군 의성읍,경상사고,0,0,1,0,차대차 - 측면충돌,안전운전불이행,건조,흐림,단일로 - 기타,화물,남,75세,경상,농기계,남,60세,기타불명
2022101700100585,2022년 10월 17일 18시,월요일,경상북도 영천시 문외동,중상사고,0,1,0,0,차대차 - 측면충돌,안전운전불이행,건조,맑음,단일로 - 기타,승용,남,39세,상해없음,자전거,남,12세,중상
2022101700100586,2022년 10월 17일 18시,월요일,경상북도 경산시 정평동,경상사고,0,0,1,0,차대사람 - 횡단중,보행자보호의무위반,건조,맑음,교차로 - 교차로횡단보도내,승용,여,62세,상해없음,보행자,여,78세,경상
2022101700100656,2022년 10월 17일 20시,월요일,경상북도 성주군 성주읍,경상사고,0,0,1,0,차대차 - 측면충돌,신호위반,건조,맑음,교차로 - 교차로횡단보도내,승용,남,50세,상해없음,자전거,여,61세,경상
2022101700100677,2022년 10월 17일 21시,월요일,경상북도 청송군 청송읍,경상사고,0,0,3,0,차대차 - 정면충돌,안전운전불이행,건조,맑음,교차로 - 교차로안,화물,남,30세,상해없음,승용,남,66세,경상
2022101800100063,2022년 10월 18일 07시,화요일,경상북도 안동시 송현동,경상사고,0,0,1,0,차대차 - 기타,안전거리미확보,건조,맑음,교차로 - 교차로부근,승용,여,45세,상해없음,승용,여,46세,경상
2022101800100113,2022년 10월 18일 08시,화요일,경상북도 김천시 아포읍,중상사고,0,1,0,0,차대차 - 측면충돌,중앙선침범,건조,맑음,단일로 - 기타,승용,남,38세,상해없음,승용,여,57세,중상
2022101800100114,2022년 10월 18일 08시,화요일,경상북도 구미시 도량동,경상사고,0,0,1,0,차대차 - 측면충돌,안전거리미확보,건조,맑음,단일로 - 기타,승용,남,62세,기타불명,승용,여,47세,경상
2022101800100157,2022년 10월 18일 09시,화요일,경상북도 상주시 낙동면,경상사고,0,0,1,0,차대차 - 측면충돌,교차로운행방법위반,건조,맑음,교차로 - 교차로안,승용,여,60세,상해없음,승용,남,60세,경상
2022101800100181,2022년 10월 18일 10시,화요일,경상북도 포항시 북구 양덕동,경상사고,0,0,1,0,차대차 - 기타,안전운전불이행,건조,맑음,단일로 - 기타,자전거,여,61세,경상,승용,남,64세,상해없음
2022101800100182,2022년 10월 18일 10시,화요일,경상북도 안동시 용상동,경상사고,0,0,1,0,차대차 - 측면충돌,신호위반,건조,맑음,단일로 - 기타,화물,남,74세,상해없음,이륜,남,77세,경상
2022101800100214,2022년 10월 18일 11시,화요일,경상북도 칠곡군 북삼읍,중상사고,0,1,0,0,차량단독 - 전도전복 - 전도,안전운전불이행,건조,맑음,단일로 - 기타,자전거,남,40세,중상,,,,
2022101800100249,2022년 10월 18일 12시,화요일,경상북도 영주시 가흥동,중상사고,0,1,0,0,차대차 - 기타,안전운전불이행,건조,맑음,단일로 - 기타,승합,남,22세,상해없음,원동기,남,23세,중상
2022101800100250,2022년 10월 18일 12시,화요일,경상북도 영덕군 병곡면,중상사고,0,3,1,0,차대사람 - 기타,안전운전불이행,건조,맑음,주차장 - 주차장,승용,남,78세,경상,보행자,남,53세,중상
2022101800100289,2022년 10월 18일 13시,화요일,경상북도 포항시 북구 죽도동,중상사고,0,1,0,0,차대차 - 기타,안전운전불이행,건조,맑음,교차로 - 교차로안,이륜,남,68세,상해없음,자전거,남,77세,중상
2022101800100290,2022년 10월 18일 13시,화요일,경상북도 영주시 하망동,중상사고,0,1,0,0,차대차 - 측면충돌,안전거리미확보,건조,맑음,단일로 - 기타,승용,여,72세,기타불명,자전거,남,83세,중상
2022101800100291,2022년 10월 18일 13시,화요일,경상북도 예천군 호명면,경상사고,0,0,2,0,차대차 - 측면충돌,신호위반,건조,맑음,교차로 - 교차로안,승용,여,62세,상해없음,승용,여,25세,경상
2022101800100292,2022년 10월 18일 13시,화요일,경상북도 구미시 송정동,경상사고,0,0,1,0,차대차 - 측면충돌,안전운전불이행,건조,맑음,단일로 - 기타,승용,남,66세,기타불명,승용,여,41세,경상
2022101800100293,2022년 10월 18일 13시,화요일,경상북도 김천시 봉산면,경상사고,0,0,2,0,차대차 - 기타,안전운전불이행,건조,맑음,단일로 - 기타,승용,남,28세,상해없음,화물,남,60세,경상
2022101800100338,2022년 10월 18일 14시,화요일,경상북도 구미시 선산읍,경상사고,0,0,1,0,차대차 - 측면충돌,교차로운행방법위반,건조,맑음,교차로 - 교차로안,승용,남,25세,상해없음,승용,남,49세,경상
2022101800100386,2022년 10월 18일 15시,화요일,경상북도 포항시 북구 동빈1가,경상사고,0,0,1,0,차대사람 - 횡단중,안전운전불이행,건조,맑음,교차로 - 교차로안,승용,여,64세,상해없음,보행자,남,71세,경상
2022101800100387,2022년 10월 18일 15시,화요일,경상북도 안동시 안기동,경상사고,0,0,2,0,차대차 - 기타,안전거리미확보,건조,맑음,단일로 - 기타,승용,여,67세,상해없음,승용,남,67세,상해없음
2022101800100388,2022년 10월 18일 15시,화요일,경상북도 김천시 신음동,중상사고,0,1,0,1,차대차 - 추돌,안전운전불이행,건조,맑음,단일로 - 기타,승용,남,34세,부상신고,승용,여,54세,기타불명
2022101800100389,2022년 10월 18일 15시,화요일,경상북도 포항시 남구 연일읍,경상사고,0,0,1,0,차대차 - 기타,차로위반,건조,맑음,단일로 - 기타,승용,남,81세,상해없음,특수,남,45세,경상
2022101800100435,2022년 10월 18일 16시,화요일,경상북도 김천시 구성면,경상사고,0,0,2,0,차대차 - 추돌,안전운전불이행,건조,맑음,교차로 - 교차로부근,화물,남,58세,상해없음,승용,남,60세,경상
2022101800100436,2022년 10월 18일 16시,화요일,경상북도 상주시 중동면,경상사고,0,0,1,0,차대차 - 정면충돌,안전운전불이행,건조,맑음,단일로 - 기타,승용,여,64세,상해없음,자전거,남,35세,경상
2022101800100437,2022년 10월 18일 16시,화요일,경상북도 의성군 비안면,중상사고,0,1,0,0,차대차 - 기타,중앙선침범,건조,맑음,단일로 - 기타,승합,남,47세,상해없음,건설기계,남,38세,중상
2022101800100438,2022년 10월 18일 16시,화요일,경상북도 구미시 원평동,경상사고,0,0,1,0,차대차 - 측면충돌,중앙선침범,건조,맑음,단일로 - 기타,승용,남,61세,상해없음,승용,여,58세,경상
2022101800100439,2022년 10월 18일 16시,화요일,경상북도 구미시 송정동,중상사고,0,1,0,0,차대차 - 기타,안전운전불이행,건조,맑음,단일로 - 기타,승용,남,43세,상해없음,이륜,남,33세,중상
2022101800100475,2022년 10월 18일 17시,화요일,경상북도 안동시 운흥동,경상사고,0,0,1,0,차대차 - 정면충돌,안전운전불이행,건조,맑음,교차로 - 교차로안,이륜,남,16세,기타불명,승용,여,26세,경상
2022101800100476,2022년 10월 18일 17시,화요일,경상북도 영천시 망정동,경상사고,0,0,1,0,차대사람 - 횡단중,보행자보호의무위반,건조,맑음,교차로 - 교차로횡단보도내,화물,남,36세,상해없음,보행자,여,50세,경상
2022101800100528,2022년 10월 18일 18시,화요일,경상북도 예천군 용궁면,경상사고,0,0,1,0,차대차 - 기타,안전운전불이행,건조,맑음,단일로 - 기타,화물,남,46세,경상,승용,남,41세,상해없음
2022101800100529,2022년 10월 18일 18시,화요일,경상북도 포항시 남구 이동,경상사고,0,0,3,1,차대차 - 측면충돌,안전운전불이행,건조,맑음,교차로 - 교차로안,승용,남,54세,상해없음,승용,여,46세,경상
2022101800100577,2022년 10월 18일 19시,화요일,경상북도 경주시 탑동,경상사고,0,0,3,0,차대차 - 측면충돌,안전운전불이행,건조,맑음,단일로 - 교량,승용,남,31세,상해없음,승용,남,24세,경상
2022101800100578,2022년 10월 18일 19시,화요일,경상북도 칠곡군 왜관읍,경상사고,0,0,1,0,차대차 - 측면충돌,안전운전불이행,건조,맑음,교차로 - 교차로안,승용,남,29세,상해없음,승용,여,42세,경상
2022101800100579,2022년 10월 18일 19시,화요일,경상북도 포항시 남구 대도동,경상사고,0,0,2,0,차대차 - 측면충돌,직진우회전진행방해,건조,맑음,교차로 - 교차로안,승용,여,67세,경상,승용,남,51세,경상
2022101800100619,2022년 10월 18일 20시,화요일,경상북도 포항시 북구 장성동,경상사고,0,0,3,0,차대차 - 추돌,안전운전불이행,건조,맑음,기타 - 기타,승용,남,67세,상해없음,승용,남,28세,경상
2022101800100662,2022년 10월 18일 22시,화요일,경상북도 포항시 남구 해도동,경상사고,0,0,1,0,차대사람 - 기타,안전운전불이행,건조,맑음,단일로 - 기타,이륜,남,54세,상해없음,보행자,여,22세,경상
2022101800100681,2022년 10월 18일 23시,화요일,경상북도 안동시 옥동,경상사고,0,0,1,0,차대차 - 기타,신호위반,건조,맑음,교차로 - 교차로안,승용,남,29세,상해없음,승용,남,72세,상해없음
2022101900100007,2022년 10월 19일 00시,수요일,경상북도 문경시 점촌동,중상사고,0,1,0,0,차대사람 - 기타,기타,건조,맑음,기타 - 기타,승용,남,71세,상해없음,보행자,여,63세,중상
2022101900100008,2022년 10월 19일 00시,수요일,경상북도 김천시 삼락동,중상사고,0,1,0,0,차대차 - 추돌,안전운전불이행,건조,맑음,단일로 - 기타,화물,남,62세,상해없음,화물,남,62세,중상
2022101900100066,2022년 10월 19일 07시,수요일,경상북도 안동시 안막동,중상사고,0,2,1,0,차대차 - 측면충돌,중앙선침범,건조,맑음,단일로 - 기타,승합,여,37세,경상,승용,남,74세,중상
2022101900100117,2022년 10월 19일 08시,수요일,경상북도 상주시 청리면,경상사고,0,0,1,0,차대차 - 측면충돌,중앙선침범,건조,맑음,단일로 - 기타,승용,남,75세,상해없음,승용,여,49세,경상
2022101900100158,2022년 10월 19일 09시,수요일,경상북도 칠곡군 왜관읍,경상사고,0,0,1,0,차대차 - 측면충돌,안전운전불이행,건조,맑음,단일로 - 기타,건설기계,남,55세,상해없음,승용,남,48세,경상
2022101900100190,2022년 10월 19일 10시,수요일,경상북도 구미시 도개면,경상사고,0,0,1,0,차대차 - 추돌,안전운전불이행,건조,맑음,단일로 - 기타,승용,남,52세,상해없음,건설기계,남,54세,경상
2022101900100223,2022년 10월 19일 11시,수요일,경상북도 경주시 황성동,경상사고,0,0,1,0,차대차 - 측면충돌,안전운전불이행,건조,맑음,교차로 - 교차로부근,승용,여,53세,상해없음,이륜,남,48세,경상