사고번호,사고일시,요일,시군구,사고내용,사망자수,중상자수,경상자수,부상신고자수,사고유형,법규위반,노면상태,기상상태,도로형태,가해운전자 차종,가해운전자 성별,가해운전자 연령,가해운전자 상해정도,피해운전자 차종,피해운전자 성별,피해운전자 연령,피해운전자 상해정도
2022101900100224,2022년 10월 19일 11시,수요일,경상북도 영천시 금노동,경상사고,0,0,1,0,차대사람 - 차도통행중,안전운전불이행,건조,맑음,단일로 - 기타,특수,남,28세,상해없음,보행자,여,77세,경상
2022101900100225,2022년 10월 19일 11시,수요일,경상북도 예천군 호명면,경상사고,0,0,2,0,차대차 - 측면충돌,신호위반,건조,맑음,교차로 - 교차로안,승합,남,43세,상해없음,화물,남,65세,경상
2022101900100226,2022년 10월 19일 11시,수요일,경상북도 포항시 남구 해도동,사망사고,1,0,0,0,차대차 - 기타,안전운전불이행,건조,맑음,단일로 - 지하차도(도로)내,화물,남,49세,상해없음,자전거,남,72세,사망
2022101900100227,2022년 10월 19일 11시,수요일,경상북도 칠곡군 석적읍,경상사고,0,0,1,0,차대차 - 추돌,안전운전불이행,건조,맑음,단일로 - 기타,승용,여,31세,상해없음,승용,남,28세,경상
2022101900100259,2022년 10월 19일 12시,수요일,경상북도 경주시 성건동,경상사고,0,0,3,0,차대차 - 추돌,안전운전불이행,건조,맑음,교차로 - 교차로부근,승용,남,36세,상해없음,승용,남,78세,경상
2022101900100260,2022년 10월 19일 12시,수요일,경상북도 포항시 북구 장성동,중상사고,0,1,0,0,차대차 - 기타,안전운전불이행,건조,맑음,교차로 - 교차로안,자전거,남,55세,중상,승용,여,51세,상해없음
2022101900100261,2022년 10월 19일 12시,수요일,경상북도 울릉군 울릉읍,중상사고,0,1,0,0,차대사람 - 차도통행중,안전운전불이행,건조,맑음,단일로 - 기타,승합,남,72세,상해없음,보행자,여,60세,중상
2022101900100293,2022년 10월 19일 13시,수요일,경상북도 안동시 평화동,경상사고,0,0,1,0,차대차 - 기타,신호위반,건조,맑음,교차로 - 교차로안,승용,남,61세,상해없음,승용,여,49세,경상
2022101900100294,2022년 10월 19일 13시,수요일,경상북도 안동시 송현동,중상사고,0,1,0,0,차대차 - 기타,안전운전불이행,건조,맑음,단일로 - 기타,기타불명,기타불명,미분류,기타불명,자전거,남,80세,중상
2022101900100295,2022년 10월 19일 13시,수요일,경상북도 김천시 개령면,경상사고,0,0,1,0,차대차 - 측면충돌,안전운전불이행,건조,맑음,교차로 - 교차로부근,승용,남,35세,상해없음,화물,남,59세,경상
2022101900100296,2022년 10월 19일 13시,수요일,경상북도 김천시 아포읍,경상사고,0,0,2,0,차대차 - 측면충돌,기타,건조,맑음,교차로 - 교차로부근,승용,여,63세,경상,승용,남,24세,기타불명
2022101900100297,2022년 10월 19일 13시,수요일,경상북도 영천시 문내동,경상사고,0,0,4,0,차대차 - 정면충돌,직진우회전진행방해,건조,맑음,교차로 - 교차로안,승용,남,50세,상해없음,승용,남,30세,경상
2022101900100298,2022년 10월 19일 13시,수요일,경상북도 포항시 남구 연일읍,부상신고사고,0,0,0,1,차량단독 - 공작물충돌,안전운전불이행,건조,맑음,단일로 - 기타,특수,남,24세,부상신고,,,,
2022101900100337,2022년 10월 19일 14시,수요일,경상북도 김천시 개령면,경상사고,0,0,1,0,차대차 - 측면충돌,직진우회전진행방해,건조,맑음,교차로 - 교차로안,화물,여,66세,경상,화물,남,48세,상해없음
2022101900100338,2022년 10월 19일 14시,수요일,경상북도 포항시 남구 해도동,부상신고사고,0,0,0,1,차대사람 - 차도통행중,안전운전불이행,건조,맑음,교차로 - 교차로안,승용,여,33세,상해없음,보행자,여,70세,부상신고
2022101900100366,2022년 10월 19일 15시,수요일,경상북도 경주시 황성동,경상사고,0,0,1,0,차대차 - 측면충돌,안전운전불이행,건조,맑음,교차로 - 교차로안,승용,남,73세,상해없음,승합,남,41세,경상
2022101900100367,2022년 10월 19일 15시,수요일,경상북도 포항시 북구 흥해읍,경상사고,0,0,2,0,차대차 - 추돌,안전운전불이행,건조,맑음,단일로 - 기타,건설기계,남,52세,상해없음,승용,여,60세,경상
2022101900100409,2022년 10월 19일 16시,수요일,경상북도 김천시 부곡동,중상사고,0,1,0,0,차대차 - 측면충돌,직진우회전진행방해,건조,맑음,교차로 - 교차로안,승용,남,63세,상해없음,자전거,여,25세,중상
2022101900100410,2022년 10월 19일 16시,수요일,경상북도 상주시 성동동,부상신고사고,0,0,0,1,차대사람 - 차도통행중,안전운전불이행,건조,맑음,단일로 - 기타,자전거,여,66세,상해없음,보행자,여,75세,부상신고
2022101900100411,2022년 10월 19일 16시,수요일,경상북도 경산시 압량읍,경상사고,0,0,1,0,차대차 - 측면충돌,안전운전불이행,건조,맑음,교차로 - 교차로부근,승용,여,48세,상해없음,승용,여,42세,경상
2022101900100412,2022년 10월 19일 16시,수요일,경상북도 포항시 남구 대도동,경상사고,0,0,1,0,차대차 - 추돌,안전운전불이행,건조,맑음,단일로 - 기타,화물,남,53세,상해없음,승용,남,54세,기타불명
2022101900100455,2022년 10월 19일 17시,수요일,경상북도 경주시 황성동,경상사고,0,0,1,0,차대차 - 측면충돌,중앙선침범,건조,맑음,단일로 - 기타,승용,여,28세,상해없음,원동기,남,48세,경상
2022101900100456,2022년 10월 19일 17시,수요일,경상북도 안동시 용상동,경상사고,0,0,1,0,차대차 - 기타,교차로운행방법위반,건조,맑음,교차로 - 교차로안,승용,남,53세,상해없음,승용,여,54세,경상
2022101900100457,2022년 10월 19일 17시,수요일,경상북도 의성군 단밀면,경상사고,0,0,1,0,차대차 - 정면충돌,기타,젖음/습기,맑음,교차로 - 교차로안,승용,여,51세,상해없음,자전거,남,21세,경상
2022101900100508,2022년 10월 19일 18시,수요일,경상북도 안동시 서후면,경상사고,0,0,2,0,차대차 - 기타,신호위반,건조,맑음,단일로 - 기타,화물,남,63세,상해없음,화물,여,44세,경상
2022101900100509,2022년 10월 19일 18시,수요일,경상북도 김천시 신음동,중상사고,0,1,0,0,차대사람 - 횡단중,안전운전불이행,건조,맑음,교차로 - 교차로부근,승용,남,57세,상해없음,보행자,남,9세,중상
2022101900100510,2022년 10월 19일 18시,수요일,경상북도 칠곡군 왜관읍,중상사고,0,1,0,0,차대차 - 측면충돌,기타,건조,맑음,교차로 - 교차로안,승합,남,45세,상해없음,이륜,남,56세,중상
2022101900100511,2022년 10월 19일 18시,수요일,경상북도 칠곡군 가산면,중상사고,0,1,0,1,차대차 - 추돌,안전거리미확보,건조,맑음,단일로 - 기타,승용,남,81세,상해없음,농기계,남,61세,중상
2022101900100512,2022년 10월 19일 18시,수요일,경상북도 칠곡군 왜관읍,경상사고,0,0,2,0,차대차 - 추돌,안전운전불이행,건조,맑음,단일로 - 기타,승용,남,62세,경상,화물,남,48세,경상
2022101900100513,2022년 10월 19일 18시,수요일,경상북도 영천시 임고면,경상사고,0,0,1,0,차대차 - 측면충돌,안전운전불이행,건조,맑음,교차로 - 교차로안,승용,남,44세,기타불명,승용,남,34세,경상
2022101900100514,2022년 10월 19일 18시,수요일,경상북도 경산시 중방동,중상사고,0,1,0,0,차대사람 - 횡단중,보행자보호의무위반,건조,맑음,교차로 - 교차로횡단보도내,승용,여,48세,상해없음,보행자,여,49세,중상
2022101900100571,2022년 10월 19일 19시,수요일,경상북도 김천시 평화동,경상사고,0,0,1,0,차대차 - 정면충돌,신호위반,건조,맑음,교차로 - 교차로안,승용,남,69세,상해없음,승용,남,36세,경상
2022101900100572,2022년 10월 19일 19시,수요일,경상북도 구미시 공단동,중상사고,0,1,0,0,차대사람 - 차도통행중,안전운전불이행,건조,맑음,단일로 - 기타,승용,남,47세,상해없음,보행자,남,54세,중상
2022101900100573,2022년 10월 19일 19시,수요일,경상북도 구미시 공단동,경상사고,0,0,1,0,차대차 - 측면충돌,안전운전불이행,건조,맑음,교차로 - 교차로부근,승용,남,36세,상해없음,승용,남,28세,경상
2022101900100603,2022년 10월 19일 20시,수요일,경상북도 경산시 사동,경상사고,0,0,1,0,차대차 - 기타,안전운전불이행,건조,맑음,교차로 - 교차로안,승용,남,46세,상해없음,승용,남,26세,경상
2022101900100604,2022년 10월 19일 20시,수요일,경상북도 포항시 남구 대도동,경상사고,0,0,3,0,차대차 - 기타,안전운전불이행,건조,맑음,교차로 - 교차로부근,승용,남,63세,상해없음,승용,여,47세,경상
2022101900100625,2022년 10월 19일 21시,수요일,경상북도 김천시 남면,경상사고,0,0,1,0,차대차 - 측면충돌,안전운전불이행,건조,맑음,단일로 - 기타,기타불명,기타불명,미분류,기타불명,자전거,남,43세,경상
2022101900100626,2022년 10월 19일 21시,수요일,경상북도 청도군 청도읍,경상사고,0,0,1,0,차대차 - 정면충돌,안전운전불이행,건조,맑음,교차로 - 교차로부근,화물,남,59세,상해없음,이륜,남,31세,경상
2022101900100646,2022년 10월 19일 22시,수요일,경상북도 포항시 북구 양덕동,경상사고,0,0,1,0,차대사람 - 보도통행중,안전운전불이행,건조,맑음,기타 - 기타,자전거,여,26세,경상,보행자,남,15세,상해없음
2022102000100019,2022년 10월 20일 02시,목요일,경상북도 구미시 봉곡동,경상사고,0,0,1,0,차대차 - 추돌,안전운전불이행,건조,맑음,단일로 - 기타,승용,여,41세,상해없음,승용,남,42세,경상
2022102000100048,2022년 10월 20일 06시,목요일,경상북도 문경시 흥덕동,경상사고,0,0,1,0,차대차 - 측면충돌,안전운전불이행,건조,맑음,교차로 - 교차로안,화물,남,70세,상해없음,원동기,남,55세,경상
2022102000100049,2022년 10월 20일 06시,목요일,경상북도 포항시 남구 상도동,경상사고,0,0,2,0,차대차 - 측면충돌,신호위반,건조,맑음,교차로 - 교차로안,승용,남,67세,상해없음,승합,남,51세,경상
2022102000100070,2022년 10월 20일 07시,목요일,경상북도 칠곡군 약목면,경상사고,0,0,1,0,차대차 - 측면충돌,안전운전불이행,건조,맑음,교차로 - 교차로안,승용,남,63세,상해없음,승용,여,59세,경상
2022102000100071,2022년 10월 20일 07시,목요일,경상북도 구미시 형곡동,경상사고,0,0,1,0,차량단독 - 공작물충돌,안전운전불이행,건조,맑음,단일로 - 기타,승용,남,47세,상해없음,,,,
2022102000100111,2022년 10월 20일 08시,목요일,경상북도 김천시 부곡동,중상사고,0,1,0,0,차대차 - 추돌,안전운전불이행,건조,맑음,교차로 - 교차로부근,화물,남,57세,상해없음,승용,여,29세,중상
2022102000100112,2022년 10월 20일 08시,목요일,경상북도 칠곡군 석적읍,경상사고,0,0,1,0,차대차 - 추돌,안전운전불이행,건조,맑음,교차로 - 교차로부근,승용,남,22세,상해없음,승용,남,36세,경상
2022102000100113,2022년 10월 20일 08시,목요일,경상북도 구미시 고아읍,경상사고,0,0,2,0,차대차 - 측면충돌,안전거리미확보,건조,맑음,교차로 - 교차로부근,승용,여,43세,경상,승용,남,33세,경상
2022102000100114,2022년 10월 20일 08시,목요일,경상북도 포항시 남구 대도동,경상사고,0,0,1,0,차대차 - 기타,직진우회전진행방해,건조,맑음,교차로 - 교차로안,승용,남,64세,상해없음,자전거,남,74세,경상
2022102000100162,2022년 10월 20일 09시,목요일,경상북도 영주시 가흥동,경상사고,0,0,1,0,차대차 - 측면충돌,안전운전불이행,건조,맑음,교차로 - 교차로안,승용,남,62세,경상,승용,남,30세,상해없음
2022102000100200,2022년 10월 20일 10시,목요일,경상북도 영천시 언하동,경상사고,0,0,1,0,차대차 - 측면충돌,신호위반,건조,맑음,교차로 - 교차로안,화물,남,54세,기타불명,승용,남,39세,경상
2022102000100227,2022년 10월 20일 11시,목요일,경상북도 고령군 대가야읍,경상사고,0,0,1,0,차대차 - 추돌,안전운전불이행,건조,맑음,단일로 - 기타,승용,여,59세,상해없음,화물,남,25세,경상
2022102000100228,2022년 10월 20일 11시,목요일,경상북도 구미시 상모동,경상사고,0,0,1,0,차대차 - 측면충돌,안전운전불이행,건조,맑음,교차로 - 교차로안,승용,여,51세,상해없음,승용,남,52세,경상
2022102000100229,2022년 10월 20일 11시,목요일,경상북도 포항시 남구 대잠동,중상사고,0,1,0,1,차대차 - 측면충돌,신호위반,건조,맑음,교차로 - 교차로안,이륜,남,57세,부상신고,이륜,남,29세,중상
2022102000100264,2022년 10월 20일 12시,목요일,경상북도 의성군 봉양면,경상사고,0,0,1,0,차대차 - 추돌,안전운전불이행,건조,맑음,단일로 - 기타,화물,남,59세,상해없음,승용,남,41세,경상
2022102000100265,2022년 10월 20일 12시,목요일,경상북도 청송군 청송읍,중상사고,0,1,0,0,차대차 - 추돌,안전운전불이행,건조,맑음,단일로 - 지하차도(도로)내,화물,남,48세,상해없음,승용,남,68세,중상
2022102000100308,2022년 10월 20일 13시,목요일,경상북도 의성군 의성읍,경상사고,0,0,1,0,차대차 - 측면충돌,직진우회전진행방해,건조,맑음,교차로 - 교차로안,이륜,남,20세,경상,화물,남,64세,상해없음
2022102000100309,2022년 10월 20일 13시,목요일,경상북도 영주시 휴천동,중상사고,0,2,1,0,차대차 - 측면충돌,교차로운행방법위반,건조,맑음,교차로 - 교차로안,승용,여,60세,경상,화물,남,76세,중상
2022102000100347,2022년 10월 20일 14시,목요일,경상북도 경주시 서부동,경상사고,0,0,1,0,차대차 - 기타,안전운전불이행,건조,맑음,교차로 - 교차로안,승용,남,41세,상해없음,이륜,남,17세,경상
2022102000100348,2022년 10월 20일 14시,목요일,경상북도 청송군 현동면,부상신고사고,0,0,0,1,차대사람 - 차도통행중,안전운전불이행,건조,맑음,단일로 - 지하차도(도로)내,승용,남,61세,상해없음,보행자,남,32세,부상신고
2022102000100349,2022년 10월 20일 14시,목요일,경상북도 구미시 산동읍,중상사고,0,2,1,0,차대차 - 측면충돌,중앙선침범,건조,맑음,단일로 - 기타,승용,여,70세,상해없음,화물,남,61세,경상
2022102000100390,2022년 10월 20일 15시,목요일,경상북도 김천시 성내동,중상사고,0,1,0,0,차대사람 - 차도통행중,안전운전불이행,건조,맑음,교차로 - 교차로안,승용,여,56세,상해없음,보행자,여,68세,중상
2022102000100391,2022년 10월 20일 15시,목요일,경상북도 영주시 가흥동,중상사고,0,1,0,0,차대차 - 측면충돌,중앙선침범,건조,맑음,단일로 - 기타,자전거,남,85세,중상,이륜,남,23세,상해없음
2022102000100392,2022년 10월 20일 15시,목요일,경상북도 봉화군 봉화읍,경상사고,0,0,2,0,차대차 - 정면충돌,중앙선침범,건조,맑음,단일로 - 기타,승용,남,64세,상해없음,승용,여,48세,경상
2022102000100435,2022년 10월 20일 16시,목요일,경상북도 칠곡군 약목면,경상사고,0,0,2,0,차대차 - 추돌,안전운전불이행,건조,맑음,단일로 - 기타,승용,남,77세,상해없음,승용,여,39세,경상
2022102000100436,2022년 10월 20일 16시,목요일,경상북도 경산시 대평동,경상사고,0,0,1,0,차대차 - 측면충돌,불법유턴,건조,맑음,단일로 - 기타,자전거,남,80세,경상,승용,남,40세,상해없음
2022102000100437,2022년 10월 20일 16시,목요일,경상북도 경산시 압량읍,경상사고,0,0,1,0,차대차 - 기타,교차로운행방법위반,건조,맑음,교차로 - 교차로안,화물,남,69세,상해없음,승용,여,56세,경상
2022102000100438,2022년 10월 20일 16시,목요일,경상북도 포항시 남구 오천읍,경상사고,0,0,1,0,차대차 - 측면충돌,직진우회전진행방해,건조,맑음,교차로 - 교차로안,이륜,남,27세,경상,승용,여,62세,상해없음
2022102000100478,2022년 10월 20일 17시,목요일,경상북도 안동시 운흥동,중상사고,0,1,0,0,차대차 - 측면충돌,안전운전불이행,건조,맑음,단일로 - 기타,자전거,남,63세,중상,승용,여,61세,상해없음
2022102000100479,2022년 10월 20일 17시,목요일,경상북도 칠곡군 북삼읍,중상사고,0,1,0,0,차대차 - 추돌,안전운전불이행,건조,맑음,교차로 - 교차로부근,이륜,남,62세,중상,승용,남,52세,상해없음
2022102000100480,2022년 10월 20일 17시,목요일,경상북도 고령군 다산면,중상사고,0,1,0,0,차대차 - 측면충돌,교차로운행방법위반,건조,맑음,교차로 - 교차로안,승용,남,61세,상해없음,승용,여,61세,중상
2022102000100481,2022년 10월 20일 17시,목요일,경상북도 구미시 남통동,경상사고,0,0,1,0,차대사람 - 기타,안전운전불이행,건조,맑음,단일로 - 기타,승용,남,75세,상해없음,보행자,남,12세,경상
2022102000100531,2022년 10월 20일 18시,목요일,경상북도 포항시 북구 흥해읍,중상사고,0,1,0,0,차대차 - 측면충돌,안전운전불이행,건조,맑음,교차로 - 교차로안,승용,남,69세,상해없음,자전거,남,48세,중상
2022102000100532,2022년 10월 20일 18시,목요일,경상북도 문경시 모전동,경상사고,0,0,1,0,차대차 - 측면충돌,안전거리미확보,건조,맑음,교차로 - 교차로안,승합,남,62세,상해없음,이륜,남,48세,경상
2022102000100533,2022년 10월 20일 18시,목요일,경상북도 경산시 사동,경상사고,0,0,1,0,차대사람 - 횡단중,보행자보호의무위반,건조,맑음,단일로 - 기타,승용,여,63세,상해없음,보행자,여,24세,경상
2022102000100584,2022년 10월 20일 19시,목요일,경상북도 영주시 휴천동,경상사고,0,0,1,0,차대차 - 측면충돌,직진우회전진행방해,건조,맑음,교차로 - 교차로안,이륜,남,32세,상해없음,자전거,여,70세,경상
2022102000100622,2022년 10월 20일 20시,목요일,경상북도 김천시 부곡동,경상사고,0,0,1,0,차대차 - 측면충돌,신호위반,건조,맑음,교차로 - 교차로안,이륜,남,48세,경상,이륜,남,46세,상해없음
2022102000100623,2022년 10월 20일 20시,목요일,경상북도 경산시 진량읍,경상사고,0,0,1,0,차대차 - 측면충돌,신호위반,건조,맑음,교차로 - 교차로횡단보도내,이륜,남,44세,상해없음,자전거,여,6세,경상
2022102000100624,2022년 10월 20일 20시,목요일,경상북도 구미시 인의동,경상사고,0,0,1,0,차대차 - 기타,신호위반,건조,맑음,교차로 - 교차로안,승용,여,65세,상해없음,이륜,남,49세,경상
2022102000100678,2022년 10월 20일 22시,목요일,경상북도 경산시 조영동,경상사고,0,0,1,0,차대차 - 정면충돌,중앙선침범,건조,맑음,단일로 - 기타,승용,남,42세,상해없음,이륜,남,41세,경상
2022102000100679,2022년 10월 20일 22시,목요일,경상북도 포항시 남구 해도동,경상사고,0,0,1,0,차대차 - 추돌,안전운전불이행,건조,맑음,단일로 - 지하차도(도로)내,승용,남,28세,상해없음,승용,남,60세,경상
2022102100100009,2022년 10월 21일 00시,금요일,경상북도 포항시 북구 흥해읍,경상사고,0,0,1,0,차량단독 - 도로외이탈 - 추락,안전운전불이행,건조,맑음,단일로 - 기타,승용,남,65세,상해없음,,,,
2022102100100018,2022년 10월 21일 01시,금요일,경상북도 영덕군 영해면,중상사고,0,1,0,0,차량단독 - 전도전복 - 전도,안전운전불이행,건조,맑음,단일로 - 교량,이륜,남,67세,중상,,,,
2022102100100033,2022년 10월 21일 04시,금요일,경상북도 경주시 내남면,중상사고,0,1,0,0,차대차 - 추돌,안전운전불이행,건조,맑음,교차로 - 교차로부근,화물,남,61세,상해없음,화물,남,57세,중상
2022102100100056,2022년 10월 21일 06시,금요일,경상북도 포항시 남구 송내동,부상신고사고,0,0,0,1,차대차 - 추돌,안전운전불이행,건조,맑음,단일로 - 기타,자전거,남,70세,상해없음,자전거,남,70세,부상신고
2022102100100082,2022년 10월 21일 07시,금요일,경상북도 포항시 남구 대송면,경상사고,0,0,1,0,차대차 - 측면충돌,직진우회전진행방해,건조,맑음,교차로 - 교차로안,승용,남,22세,상해없음,승용,남,54세,경상
2022102100100132,2022년 10월 21일 08시,금요일,경상북도 경주시 안강읍,경상사고,0,0,2,0,차대차 - 기타,중앙선침범,건조,맑음,단일로 - 기타,승용,남,31세,경상,승용,남,33세,경상
2022102100100133,2022년 10월 21일 08시,금요일,경상북도 포항시 남구 오천읍,경상사고,0,0,1,0,차대차 - 측면충돌,안전운전불이행,건조,맑음,단일로 - 기타,승합,남,64세,상해없음,승용,남,40세,경상
2022102100100160,2022년 10월 21일 09시,금요일,경상북도 경주시 용강동,경상사고,0,0,1,0,차대차 - 측면충돌,안전운전불이행,건조,맑음,단일로 - 기타,승용,여,51세,상해없음,승용,남,59세,경상
2022102100100191,2022년 10월 21일 10시,금요일,경상북도 영천시 조교동,경상사고,0,0,1,0,차대사람 - 차도통행중,안전운전불이행,건조,맑음,단일로 - 기타,승용,여,71세,상해없음,보행자,남,51세,경상
2022102100100192,2022년 10월 21일 10시,금요일,경상북도 영덕군 영덕읍,경상사고,0,0,2,0,차대차 - 후진중충돌,불법유턴,건조,맑음,교차로 - 교차로안,승용,남,78세,상해없음,승용,여,25세,경상
2022102100100193,2022년 10월 21일 10시,금요일,경상북도 군위군 부계면,중상사고,0,1,0,0,차량단독 - 공작물충돌,안전운전불이행,건조,맑음,기타 - 기타,승용,여,55세,중상,,,,
2022102100100225,2022년 10월 21일 11시,금요일,경상북도 경주시 동천동,경상사고,0,0,1,0,차대차 - 측면충돌,안전운전불이행,건조,맑음,교차로 - 교차로안,원동기,남,67세,경상,승용,남,63세,상해없음
2022102100100226,2022년 10월 21일 11시,금요일,경상북도 봉화군 봉성면,경상사고,0,0,1,0,차대차 - 기타,안전운전불이행,건조,맑음,단일로 - 기타,승용,남,21세,경상,승용,여,52세,상해없음
2022102100100227,2022년 10월 21일 11시,금요일,경상북도 성주군 초전면,중상사고,0,1,0,0,차대차 - 정면충돌,중앙선침범,건조,맑음,단일로 - 교량,화물,남,64세,상해없음,이륜,여,60세,중상
2022102100100252,2022년 10월 21일 12시,금요일,경상북도 문경시 문경읍,중상사고,0,2,0,0,차대차 - 추돌,안전운전불이행,건조,맑음,단일로 - 기타,승용,여,54세,중상,건설기계,남,48세,상해없음
2022102100100253,2022년 10월 21일 12시,금요일,경상북도 경산시 대정동,경상사고,0,0,1,0,차대사람 - 길가장자리구역통행중,안전운전불이행,건조,맑음,단일로 - 기타,승용,남,38세,상해없음,보행자,남,66세,경상
2022102100100254,2022년 10월 21일 12시,금요일,경상북도 포항시 남구 이동,경상사고,0,0,1,0,차대차 - 측면충돌,중앙선침범,건조,맑음,단일로 - 기타,승용,남,21세,상해없음,이륜,남,54세,경상
2022102100100255,2022년 10월 21일 12시,금요일,경상북도 포항시 남구 대송면,중상사고,0,1,0,0,차대사람 - 차도통행중,안전운전불이행,건조,맑음,교차로 - 교차로안,화물,남,56세,상해없음,보행자,남,62세,중상
2022102100100256,2022년 10월 21일 12시,금요일,경상북도 포항시 남구 구룡포읍,중상사고,0,1,1,0,차대사람 - 기타,중앙선침범,건조,맑음,단일로 - 지하차도(도로)내,화물,남,51세,상해없음,보행자,여,61세,중상
2022102100100278,2022년 10월 21일 13시,금요일,경상북도 영천시 임고면,중상사고,0,1,0,0,차량단독 - 도로외이탈 - 기타,안전운전불이행,건조,맑음,단일로 - 기타,승합,남,65세,상해없음,,,,
2022102100100279,2022년 10월 21일 13시,금요일,경상북도 영덕군 남정면,중상사고,0,2,0,0,차대차 - 추돌,안전운전불이행,건조,맑음,교차로 - 교차로안,화물,남,59세,상해없음,화물,남,39세,중상
2022102100100376,2022년 10월 21일 16시,금요일,경상북도 포항시 북구 흥해읍,경상사고,0,0,1,0,차대차 - 측면충돌,안전거리미확보,건조,맑음,교차로 - 교차로부근,승합,남,65세,상해없음,승용,여,45세,경상
2022102100100423,2022년 10월 21일 17시,금요일,경상북도 영덕군 강구면,중상사고,0,1,0,0,차대사람 - 차도통행중,안전운전불이행,건조,맑음,단일로 - 기타,승용,여,62세,상해없음,보행자,여,85세,중상
2022102100100424,2022년 10월 21일 17시,금요일,경상북도 청송군 현서면,경상사고,0,0,1,0,차대차 - 측면충돌,안전운전불이행,건조,맑음,단일로 - 지하차도(도로)내,승용,남,23세,상해없음,화물,여,27세,경상
2022102100100425,2022년 10월 21일 17시,금요일,경상북도 구미시 진평동,경상사고,0,0,2,0,차대차 - 측면충돌,안전운전불이행,건조,맑음,교차로 - 교차로안,승용,남,35세,상해없음,승용,남,32세,경상
2022102100100490,2022년 10월 21일 18시,금요일,경상북도 포항시 북구 흥해읍,경상사고,0,0,1,0,차대차 - 기타,안전거리미확보,건조,맑음,단일로 - 기타,승용,남,26세,상해없음,승용,여,66세,경상
2022102100100491,2022년 10월 21일 18시,금요일,경상북도 영주시 휴천동,중상사고,0,1,0,0,차대사람 - 횡단중,보행자보호의무위반,건조,맑음,교차로 - 교차로부근,승용,남,74세,기타불명,보행자,남,80세,중상
2022102100100492,2022년 10월 21일 18시,금요일,경상북도 구미시 고아읍,사망사고,1,0,0,0,차량단독 - 기타,안전운전불이행,건조,맑음,단일로 - 기타,이륜,남,73세,사망,,,,
2022102100100549,2022년 10월 21일 19시,금요일,경상북도 김천시 성내동,경상사고,0,0,1,0,차대차 - 기타,기타,건조,맑음,교차로 - 교차로부근,승용,남,64세,상해없음,승용,남,38세,상해없음
2022102100100550,2022년 10월 21일 19시,금요일,경상북도 청도군 청도읍,경상사고,0,0,2,0,차대차 - 추돌,안전거리미확보,건조,맑음,단일로 - 기타,승용,남,68세,상해없음,승용,남,37세,경상
2022102100100625,2022년 10월 21일 21시,금요일,경상북도 포항시 남구 대도동,경상사고,0,0,1,0,차대사람 - 횡단중,안전운전불이행,건조,맑음,교차로 - 교차로부근,원동기,남,51세,기타불명,보행자,남,51세,경상
2022102100100639,2022년 10월 21일 22시,금요일,경상북도 포항시 북구 죽도동,경상사고,0,0,2,0,차대차 - 측면충돌,안전거리미확보,건조,맑음,기타 - 기타,승용,남,40세,경상,승용,여,44세,경상
2022102100100640,2022년 10월 21일 22시,금요일,경상북도 영천시 망정동,중상사고,0,1,0,0,차대사람 - 횡단중,보행자보호의무위반,건조,맑음,교차로 - 교차로횡단보도내,승용,남,34세,상해없음,보행자,여,26세,중상
2022102100100641,2022년 10월 21일 22시,금요일,경상북도 경산시 상방동,중상사고,0,1,0,0,차대차 - 측면충돌,교차로운행방법위반,건조,맑음,교차로 - 교차로안,승용,남,57세,상해없음,이륜,남,50세,중상
2022102100100642,2022년 10월 21일 22시,금요일,경상북도 포항시 남구 대잠동,경상사고,0,0,1,0,차대사람 - 차도통행중,안전운전불이행,건조,맑음,단일로 - 지하차도(도로)내,승용,남,51세,상해없음,보행자,남,45세,경상
2022102100100643,2022년 10월 21일 22시,금요일,경상북도 성주군 용암면,경상사고,0,0,1,0,차대차 - 추돌,안전운전불이행,건조,맑음,단일로 - 기타,승용,남,49세,상해없음,화물,남,71세,경상
2022102200100042,2022년 10월 22일 03시,토요일,경상북도 칠곡군 지천면,경상사고,0,0,1,0,차량단독 - 공작물충돌,안전운전불이행,젖음/습기,비,교차로 - 교차로부근,승용,남,41세,경상,,,,
2022102200100097,2022년 10월 22일 07시,토요일,경상북도 안동시 태화동,경상사고,0,0,1,0,차대차 - 기타,안전운전불이행,건조,맑음,교차로 - 교차로부근,승용,남,35세,경상,건설기계,남,58세,상해없음
2022102200100114,2022년 10월 22일 08시,토요일,경상북도 김천시 지좌동,경상사고,0,0,1,0,차량단독 - 기타,기타,건조,맑음,단일로 - 기타,승합,남,57세,상해없음,,,,
2022102200100142,2022년 10월 22일 09시,토요일,경상북도 경산시 중방동,중상사고,0,1,1,0,차대차 - 추돌,안전거리미확보,건조,맑음,교차로 - 교차로안,승용,남,57세,상해없음,승용,남,68세,중상
2022102200100176,2022년 10월 22일 10시,토요일,경상북도 경주시 구정동,경상사고,0,0,2,0,차대차 - 후진중충돌,안전운전불이행,건조,맑음,주차장 - 주차장,승용,남,76세,상해없음,승용,여,24세,경상