사고번호,사고일시,요일,시군구,사고내용,사망자수,중상자수,경상자수,부상신고자수,사고유형,법규위반,노면상태,기상상태,도로형태,가해운전자 차종,가해운전자 성별,가해운전자 연령,가해운전자 상해정도,피해운전자 차종,피해운전자 성별,피해운전자 연령,피해운전자 상해정도
2022102200100177,2022년 10월 22일 10시,토요일,경상북도 경주시 용강동,경상사고,0,0,1,0,차대차 - 후진중충돌,안전운전불이행,젖음/습기,맑음,기타 - 기타,승용,남,28세,상해없음,승용,여,51세,경상
2022102200100178,2022년 10월 22일 10시,토요일,경상북도 포항시 남구 오천읍,경상사고,0,0,1,0,차대차 - 기타,안전운전불이행,건조,맑음,교차로 - 교차로부근,이륜,여,23세,상해없음,승합,남,60세,상해없음
2022102200100209,2022년 10월 22일 11시,토요일,경상북도 경주시 탑동,경상사고,0,0,3,0,차대차 - 측면충돌,안전거리미확보,건조,맑음,교차로 - 교차로부근,승용,여,33세,경상,농기계,남,68세,경상
2022102200100210,2022년 10월 22일 11시,토요일,경상북도 포항시 북구 죽도동,경상사고,0,0,1,0,차대차 - 기타,안전운전불이행,건조,맑음,교차로 - 교차로부근,승용,남,55세,기타불명,승용,남,54세,경상
2022102200100211,2022년 10월 22일 11시,토요일,경상북도 문경시 문경읍,중상사고,0,1,1,0,차대차 - 측면충돌,안전운전불이행,건조,맑음,단일로 - 기타,화물,남,51세,중상,승용,남,47세,상해없음
2022102200100212,2022년 10월 22일 11시,토요일,경상북도 포항시 남구 대송면,경상사고,0,0,1,0,차대차 - 측면충돌,직진우회전진행방해,건조,맑음,교차로 - 교차로안,승용,남,60세,상해없음,화물,여,65세,경상
2022102200100247,2022년 10월 22일 12시,토요일,경상북도 경주시 하동,경상사고,0,0,1,0,차대차 - 측면충돌,신호위반,건조,맑음,교차로 - 교차로안,승용,남,52세,상해없음,이륜,남,26세,경상
2022102200100248,2022년 10월 22일 12시,토요일,경상북도 성주군 성주읍,경상사고,0,0,1,0,차대차 - 정면충돌,직진우회전진행방해,건조,맑음,교차로 - 교차로안,승용,남,37세,상해없음,화물,남,71세,상해없음
2022102200100290,2022년 10월 22일 13시,토요일,경상북도 경산시 진량읍,경상사고,0,0,2,0,차대차 - 측면충돌,안전운전불이행,건조,맑음,기타 - 기타,승용,남,26세,상해없음,승용,남,39세,경상
2022102200100291,2022년 10월 22일 13시,토요일,경상북도 봉화군 명호면,경상사고,0,0,1,0,차대차 - 측면충돌,신호위반,건조,맑음,교차로 - 교차로안,승용,남,58세,상해없음,이륜,남,55세,경상
2022102200100336,2022년 10월 22일 14시,토요일,경상북도 칠곡군 가산면,경상사고,0,0,1,0,차대사람 - 길가장자리구역통행중,안전운전불이행,건조,맑음,단일로 - 기타,승용,남,36세,상해없음,보행자,여,19세,경상
2022102200100337,2022년 10월 22일 14시,토요일,경상북도 영천시 성내동,경상사고,0,0,2,0,차대차 - 측면충돌,신호위반,건조,맑음,교차로 - 교차로안,승용,남,31세,경상,승용,남,69세,경상
2022102200100338,2022년 10월 22일 14시,토요일,경상북도 포항시 남구 대도동,경상사고,0,0,1,0,차대차 - 측면충돌,신호위반,건조,맑음,단일로 - 기타,승용,남,31세,상해없음,이륜,남,40세,경상
2022102200100339,2022년 10월 22일 14시,토요일,경상북도 문경시 유곡동,경상사고,0,0,3,0,차대차 - 추돌,안전운전불이행,건조,맑음,단일로 - 기타,승용,남,49세,상해없음,승용,여,52세,경상
2022102200100372,2022년 10월 22일 15시,토요일,경상북도 포항시 북구 장성동,경상사고,0,0,4,0,차대차 - 추돌,안전운전불이행,건조,맑음,단일로 - 기타,원동기,남,16세,경상,승용,남,40세,경상
2022102200100373,2022년 10월 22일 15시,토요일,경상북도 안동시 송천동,경상사고,0,0,1,0,차대차 - 측면충돌,안전운전불이행,건조,맑음,교차로 - 교차로안,승용,남,24세,상해없음,화물,남,69세,경상
2022102200100414,2022년 10월 22일 16시,토요일,경상북도 상주시 헌신동,경상사고,0,0,3,0,차대차 - 추돌,안전운전불이행,건조,맑음,단일로 - 터널,승용,남,27세,상해없음,승용,여,37세,상해없음
2022102200100501,2022년 10월 22일 18시,토요일,경상북도 경주시 황성동,중상사고,0,1,0,0,차대사람 - 횡단중,보행자보호의무위반,건조,맑음,교차로 - 교차로횡단보도내,승용,여,67세,상해없음,보행자,남,78세,중상
2022102200100541,2022년 10월 22일 19시,토요일,경상북도 경주시 성건동,부상신고사고,0,0,0,1,차대차 - 정면충돌,안전운전불이행,건조,맑음,교차로 - 교차로안,이륜,남,58세,부상신고,승용,남,29세,상해없음
2022102200100542,2022년 10월 22일 19시,토요일,경상북도 포항시 북구 죽도동,경상사고,0,0,1,0,차대사람 - 기타,안전운전불이행,건조,맑음,단일로 - 기타,승용,남,68세,상해없음,보행자,여,54세,경상
2022102200100543,2022년 10월 22일 19시,토요일,경상북도 영주시 가흥동,경상사고,0,0,1,0,차대차 - 측면충돌,안전운전불이행,건조,맑음,교차로 - 교차로안,화물,남,73세,상해없음,승용,남,22세,경상
2022102200100544,2022년 10월 22일 19시,토요일,경상북도 경산시 백천동,중상사고,0,1,0,0,차대사람 - 보도통행중,안전운전불이행,건조,맑음,기타 - 기타,자전거,남,15세,상해없음,보행자,여,51세,중상
2022102200100545,2022년 10월 22일 19시,토요일,경상북도 경산시 압량읍,경상사고,0,0,1,0,차대차 - 기타,신호위반,건조,맑음,교차로 - 교차로안,승용,남,52세,상해없음,이륜,남,37세,경상
2022102200100575,2022년 10월 22일 20시,토요일,경상북도 포항시 북구 항구동,경상사고,0,0,1,0,차대차 - 후진중충돌,안전운전불이행,건조,맑음,교차로 - 교차로부근,승용,남,26세,상해없음,승용,남,31세,경상
2022102200100624,2022년 10월 22일 22시,토요일,경상북도 영덕군 영해면,부상신고사고,0,0,0,1,차대차 - 추돌,안전운전불이행,건조,맑음,단일로 - 기타,승용,여,51세,부상신고,화물,기타불명,미분류,기타불명
2022102200100649,2022년 10월 22일 23시,토요일,경상북도 영주시 가흥동,경상사고,0,0,1,0,차대차 - 측면충돌,차로위반,건조,맑음,단일로 - 기타,승용,남,69세,기타불명,승용,남,21세,경상
2022102200100650,2022년 10월 22일 23시,토요일,경상북도 문경시 마성면,경상사고,0,0,1,0,차대차 - 추돌,안전운전불이행,건조,맑음,단일로 - 기타,승용,남,50세,상해없음,화물,남,60세,경상
2022102300100047,2022년 10월 23일 05시,일요일,경상북도 포항시 북구 학잠동,경상사고,0,0,1,0,차대사람 - 길가장자리구역통행중,안전운전불이행,건조,맑음,기타 - 기타,화물,남,57세,상해없음,보행자,남,62세,경상
2022102300100112,2022년 10월 23일 10시,일요일,경상북도 포항시 북구 기계면,중상사고,0,1,0,0,차대사람 - 횡단중,보행자보호의무위반,건조,맑음,교차로 - 교차로횡단보도내,자전거,남,45세,상해없음,보행자,여,68세,중상
2022102300100113,2022년 10월 23일 10시,일요일,경상북도 영덕군 달산면,사망사고,1,1,0,0,차대차 - 정면충돌,중앙선침범,건조,맑음,단일로 - 기타,화물,남,80세,사망,승합,남,56세,중상
2022102300100129,2022년 10월 23일 11시,일요일,경상북도 경주시 안강읍,경상사고,0,0,3,0,차대차 - 측면충돌,안전운전불이행,건조,맑음,단일로 - 기타,승용,여,40세,상해없음,승용,여,48세,경상
2022102300100130,2022년 10월 23일 11시,일요일,경상북도 칠곡군 석적읍,경상사고,0,0,2,0,차대차 - 측면충돌,안전운전불이행,건조,맑음,단일로 - 지하차도(도로)내,승용,남,28세,경상,승용,남,67세,경상
2022102300100131,2022년 10월 23일 11시,일요일,경상북도 예천군 효자면,중상사고,0,1,0,0,차대차 - 기타,안전운전불이행,건조,맑음,교차로 - 교차로부근,자전거,남,30세,중상,승용,남,65세,상해없음
2022102300100132,2022년 10월 23일 11시,일요일,경상북도 성주군 월항면,경상사고,0,0,1,0,차량단독 - 공작물충돌,안전운전불이행,건조,맑음,단일로 - 기타,이륜,남,24세,경상,,,,
2022102300100165,2022년 10월 23일 12시,일요일,경상북도 구미시 상모동,경상사고,0,0,1,0,차대사람 - 횡단중,보행자보호의무위반,건조,맑음,교차로 - 교차로안,승용,여,50세,상해없음,보행자,남,42세,경상
2022102300100188,2022년 10월 23일 13시,일요일,경상북도 경주시 성동동,경상사고,0,0,1,0,차대차 - 측면충돌,안전운전불이행,건조,맑음,교차로 - 교차로부근,승합,남,62세,상해없음,승용,여,51세,경상
2022102300100222,2022년 10월 23일 14시,일요일,경상북도 영천시 금호읍,경상사고,0,0,1,0,차대차 - 측면충돌,안전운전불이행,건조,맑음,교차로 - 교차로안,이륜,여,64세,상해없음,화물,남,40세,경상
2022102300100223,2022년 10월 23일 14시,일요일,경상북도 문경시 문경읍,중상사고,0,1,0,0,차대차 - 추돌,안전운전불이행,건조,맑음,기타 - 기타,이륜,남,64세,상해없음,이륜,남,62세,상해없음
2022102300100224,2022년 10월 23일 14시,일요일,경상북도 청송군 현서면,중상사고,0,1,1,0,차대차 - 측면충돌,신호위반,건조,맑음,교차로 - 교차로안,승용,여,74세,경상,화물,남,70세,중상
2022102300100257,2022년 10월 23일 15시,일요일,경상북도 고령군 다산면,중상사고,0,1,0,0,차대사람 - 기타,안전운전불이행,건조,맑음,기타 - 기타,화물,남,69세,상해없음,보행자,여,64세,중상
2022102300100258,2022년 10월 23일 15시,일요일,경상북도 구미시 원평동,경상사고,0,0,1,0,차대사람 - 횡단중,보행자보호의무위반,건조,맑음,교차로 - 교차로안,승용,남,61세,기타불명,보행자,남,38세,경상
2022102300100285,2022년 10월 23일 16시,일요일,경상북도 안동시 송천동,중상사고,0,1,0,0,차대차 - 기타,안전운전불이행,건조,맑음,단일로 - 기타,승용,여,52세,상해없음,개인형이동수단(PM),남,27세,중상
2022102300100313,2022년 10월 23일 17시,일요일,경상북도 포항시 북구 흥해읍,경상사고,0,0,2,0,차대차 - 기타,안전운전불이행,건조,맑음,교차로 - 교차로부근,화물,남,52세,상해없음,승합,남,60세,상해없음
2022102300100314,2022년 10월 23일 17시,일요일,경상북도 영주시 상망동,경상사고,0,0,3,0,차대차 - 추돌,안전운전불이행,건조,맑음,교차로 - 교차로부근,화물,남,75세,상해없음,화물,남,41세,경상
2022102300100315,2022년 10월 23일 17시,일요일,경상북도 칠곡군 왜관읍,중상사고,0,1,0,0,차대차 - 측면충돌,안전운전불이행,건조,맑음,주차장 - 주차장,승용,여,38세,상해없음,승용,남,28세,중상
2022102300100316,2022년 10월 23일 17시,일요일,경상북도 경산시 삼북동,경상사고,0,0,1,0,차대차 - 기타,안전운전불이행,건조,맑음,단일로 - 기타,승용,남,49세,상해없음,승용,남,24세,상해없음
2022102300100318,2022년 10월 23일 17시,일요일,경상북도 영천시 임고면,경상사고,0,0,2,0,차량단독 - 기타,안전운전불이행,건조,맑음,기타 - 기타,특수,남,28세,상해없음,,,,
2022102300100347,2022년 10월 23일 18시,일요일,경상북도 경주시 구정동,경상사고,0,0,2,0,차대차 - 추돌,안전운전불이행,건조,맑음,교차로 - 교차로부근,승용,여,45세,상해없음,승용,남,61세,경상
2022102300100348,2022년 10월 23일 18시,일요일,경상북도 칠곡군 석적읍,경상사고,0,0,3,0,차대차 - 측면충돌,직진우회전진행방해,건조,맑음,교차로 - 교차로안,승용,남,31세,상해없음,승용,남,39세,경상
2022102300100349,2022년 10월 23일 18시,일요일,경상북도 상주시 낙동면,경상사고,0,0,1,0,차대차 - 측면충돌,안전운전불이행,건조,맑음,단일로 - 기타,승용,여,25세,상해없음,승용,남,32세,경상
2022102300100419,2022년 10월 23일 21시,일요일,경상북도 구미시 원평동,경상사고,0,0,1,0,차대차 - 기타,안전거리미확보,건조,맑음,단일로 - 기타,승용,남,63세,상해없음,승용,남,28세,경상
2022102300100428,2022년 10월 23일 22시,일요일,경상북도 칠곡군 왜관읍,경상사고,0,0,1,0,차대차 - 기타,안전운전불이행,건조,흐림,단일로 - 기타,승용,남,64세,상해없음,이륜,남,49세,경상
2022102300100441,2022년 10월 23일 23시,일요일,경상북도 포항시 북구 죽도동,사망사고,1,0,0,0,차대차 - 측면충돌,안전운전불이행,건조,맑음,단일로 - 기타,승용,남,66세,상해없음,이륜,남,54세,사망
2022102400100004,2022년 10월 24일 00시,월요일,경상북도 상주시 외답동,경상사고,0,0,1,0,차대차 - 측면충돌,안전운전불이행,건조,맑음,단일로 - 기타,승용,여,59세,상해없음,승용,남,49세,경상
2022102400100006,2022년 10월 24일 01시,월요일,경상북도 포항시 북구 흥해읍,중상사고,0,1,0,0,차대차 - 정면충돌,중앙선침범,건조,맑음,단일로 - 기타,승용,여,48세,상해없음,승용,남,54세,중상
2022102400100015,2022년 10월 24일 03시,월요일,경상북도 구미시 도량동,중상사고,0,2,0,0,차대차 - 측면충돌,안전운전불이행,건조,맑음,단일로 - 기타,승용,남,25세,중상,특수,남,62세,상해없음
2022102400100075,2022년 10월 24일 07시,월요일,경상북도 경주시 내남면,경상사고,0,0,1,0,차대차 - 측면충돌,중앙선침범,건조,맑음,단일로 - 기타,화물,남,76세,상해없음,건설기계,남,63세,경상
2022102400100076,2022년 10월 24일 07시,월요일,경상북도 포항시 북구 흥해읍,중상사고,0,1,0,0,차대사람 - 차도통행중,안전운전불이행,건조,맑음,단일로 - 기타,승용,남,77세,상해없음,보행자,남,70세,중상
2022102400100077,2022년 10월 24일 07시,월요일,경상북도 청도군 운문면,사망사고,1,0,0,0,차량단독 - 전도전복 - 전도,안전거리미확보,건조,맑음,단일로 - 기타,승용,남,67세,사망,,,,
2022102400100128,2022년 10월 24일 08시,월요일,경상북도 영주시 안정면,경상사고,0,0,1,0,차대차 - 정면충돌,안전운전불이행,건조,맑음,단일로 - 기타,화물,남,82세,상해없음,승합,남,50세,경상
2022102400100129,2022년 10월 24일 08시,월요일,경상북도 영천시 창구동,경상사고,0,0,2,0,차대차 - 정면충돌,안전운전불이행,건조,맑음,교차로 - 교차로안,승용,남,27세,경상,승용,여,21세,경상
2022102400100130,2022년 10월 24일 08시,월요일,경상북도 구미시 고아읍,경상사고,0,0,1,0,차대사람 - 횡단중,보행자보호의무위반,건조,맑음,교차로 - 교차로안,승용,여,47세,상해없음,보행자,여,10세,경상
2022102400100131,2022년 10월 24일 08시,월요일,경상북도 칠곡군 지천면,중상사고,0,3,1,0,차대차 - 측면충돌,안전운전불이행,건조,맑음,단일로 - 기타,승용,여,51세,상해없음,화물,남,61세,중상
2022102400100176,2022년 10월 24일 09시,월요일,경상북도 영천시 교촌동,경상사고,0,0,3,0,차대차 - 측면충돌,안전거리미확보,건조,맑음,교차로 - 교차로부근,화물,남,73세,상해없음,승용,남,37세,경상
2022102400100177,2022년 10월 24일 09시,월요일,경상북도 포항시 남구 장기면,사망사고,1,4,0,0,차대차 - 정면충돌,중앙선침범,건조,맑음,단일로 - 기타,승용,남,61세,중상,승용,남,55세,사망
2022102400100218,2022년 10월 24일 10시,월요일,경상북도 경주시 강동면,중상사고,0,1,0,0,차대차 - 기타,안전운전불이행,건조,맑음,단일로 - 기타,승용,남,76세,상해없음,승용,남,71세,상해없음
2022102400100219,2022년 10월 24일 10시,월요일,경상북도 김천시 성내동,경상사고,0,0,1,0,차대차 - 추돌,안전운전불이행,건조,맑음,단일로 - 기타,건설기계,남,58세,상해없음,승용,여,64세,경상
2022102400100220,2022년 10월 24일 10시,월요일,경상북도 안동시 풍산읍,중상사고,0,1,0,0,차대차 - 추돌,안전운전불이행,건조,맑음,단일로 - 기타,화물,남,66세,상해없음,건설기계,남,56세,중상
2022102400100258,2022년 10월 24일 11시,월요일,경상북도 상주시 낙동면,사망사고,1,0,2,0,차대차 - 추돌,안전거리미확보,건조,맑음,단일로 - 기타,화물,남,57세,사망,화물,남,68세,상해없음
2022102400100259,2022년 10월 24일 11시,월요일,경상북도 청도군 이서면,경상사고,0,0,1,0,차대차 - 추돌,안전거리미확보,건조,맑음,교차로 - 교차로부근,승용,남,58세,상해없음,승용,여,67세,경상
2022102400100260,2022년 10월 24일 11시,월요일,경상북도 구미시 지산동,중상사고,0,1,0,0,차대차 - 기타,신호위반,건조,맑음,교차로 - 교차로안,승용,여,65세,상해없음,승용,여,53세,중상
2022102400100298,2022년 10월 24일 12시,월요일,경상북도 김천시 부곡동,경상사고,0,0,2,0,차대차 - 측면충돌,교차로운행방법위반,건조,맑음,교차로 - 교차로안,승용,여,43세,경상,승용,남,62세,경상
2022102400100326,2022년 10월 24일 13시,월요일,경상북도 경주시 외동읍,중상사고,0,1,1,0,차대차 - 측면충돌,안전운전불이행,건조,맑음,단일로 - 기타,화물,남,44세,상해없음,승용,남,38세,경상
2022102400100327,2022년 10월 24일 13시,월요일,경상북도 안동시 도산면,경상사고,0,0,2,0,차대차 - 추돌,안전거리미확보,건조,맑음,단일로 - 기타,화물,남,66세,상해없음,승용,남,72세,경상
2022102400100328,2022년 10월 24일 13시,월요일,경상북도 칠곡군 지천면,경상사고,0,0,1,1,차대차 - 측면충돌,안전거리미확보,건조,맑음,교차로 - 교차로안,승용,여,48세,부상신고,승용,남,32세,경상
2022102400100368,2022년 10월 24일 14시,월요일,경상북도 안동시 송현동,경상사고,0,0,1,1,차대차 - 추돌,안전거리미확보,건조,맑음,단일로 - 기타,승용,남,77세,상해없음,승용,남,66세,경상
2022102400100369,2022년 10월 24일 14시,월요일,경상북도 영주시 가흥동,경상사고,0,0,1,0,차대차 - 측면충돌,안전운전불이행,건조,맑음,교차로 - 교차로안,화물,남,83세,상해없음,이륜,남,35세,경상
2022102400100370,2022년 10월 24일 14시,월요일,경상북도 칠곡군 북삼읍,경상사고,0,0,3,0,차대차 - 측면충돌,기타,건조,맑음,교차로 - 교차로안,승용,여,38세,경상,이륜,남,43세,경상
2022102400100371,2022년 10월 24일 14시,월요일,경상북도 문경시 문경읍,경상사고,0,0,4,0,차대차 - 측면충돌,기타,건조,맑음,교차로 - 교차로부근,승용,여,77세,경상,승용,남,55세,경상
2022102400100372,2022년 10월 24일 14시,월요일,경상북도 구미시 형곡동,경상사고,0,0,1,0,차대차 - 기타,신호위반,건조,맑음,교차로 - 교차로부근,승용,남,67세,상해없음,이륜,남,41세,경상
2022102400100400,2022년 10월 24일 15시,월요일,경상북도 고령군 대가야읍,중상사고,0,1,0,0,차대차 - 추돌,안전운전불이행,건조,맑음,단일로 - 기타,승용,여,63세,상해없음,원동기,남,68세,중상
2022102400100401,2022년 10월 24일 15시,월요일,경상북도 의성군 안평면,경상사고,0,0,2,0,차대사람 - 기타,안전운전불이행,건조,맑음,단일로 - 기타,승용,여,52세,상해없음,보행자,남,53세,경상
2022102400100436,2022년 10월 24일 16시,월요일,경상북도 상주시 화동면,경상사고,0,0,1,0,차대차 - 측면충돌,신호위반,건조,맑음,교차로 - 교차로안,승용,남,52세,상해없음,이륜,남,47세,경상
2022102400100437,2022년 10월 24일 16시,월요일,경상북도 포항시 남구 연일읍,중상사고,0,1,0,0,차대차 - 측면충돌,신호위반,건조,맑음,교차로 - 교차로안,자전거,남,74세,중상,기타불명,기타불명,미분류,기타불명
2022102400100475,2022년 10월 24일 17시,월요일,경상북도 성주군 성주읍,경상사고,0,0,1,0,차대차 - 기타,안전운전불이행,건조,맑음,교차로 - 교차로안,승용,남,32세,상해없음,이륜,남,30세,경상
2022102400100476,2022년 10월 24일 17시,월요일,경상북도 구미시 봉곡동,경상사고,0,0,1,0,차대사람 - 횡단중,보행자보호의무위반,건조,맑음,교차로 - 교차로안,승용,남,64세,상해없음,보행자,남,7세,경상
2022102400100477,2022년 10월 24일 17시,월요일,경상북도 포항시 남구 대잠동,중상사고,0,1,0,0,차대차 - 측면충돌,교차로운행방법위반,건조,맑음,교차로 - 교차로안,승용,여,65세,상해없음,자전거,남,59세,중상
2022102400100531,2022년 10월 24일 18시,월요일,경상북도 경주시 성건동,중상사고,0,2,0,0,차대사람 - 횡단중,신호위반,건조,맑음,교차로 - 교차로부근,화물,남,60세,상해없음,보행자,여,19세,중상
2022102400100532,2022년 10월 24일 18시,월요일,경상북도 경주시 내남면,경상사고,0,0,1,0,차대차 - 측면충돌,안전운전불이행,건조,맑음,단일로 - 기타,화물,남,67세,상해없음,승용,여,53세,경상
2022102400100533,2022년 10월 24일 18시,월요일,경상북도 영천시 완산동,중상사고,0,2,0,0,차대차 - 추돌,안전운전불이행,건조,맑음,교차로 - 교차로부근,화물,남,55세,상해없음,승용,여,55세,중상
2022102400100534,2022년 10월 24일 18시,월요일,경상북도 문경시 모전동,경상사고,0,0,1,0,차대차 - 측면충돌,안전운전불이행,건조,맑음,단일로 - 기타,승용,여,48세,상해없음,이륜,남,46세,경상
2022102400100535,2022년 10월 24일 18시,월요일,경상북도 경산시 하양읍,중상사고,0,1,0,0,차대사람 - 기타,기타,건조,맑음,기타 - 기타,개인형이동수단(PM),남,19세,상해없음,보행자,여,58세,중상
2022102400100536,2022년 10월 24일 18시,월요일,경상북도 군위군 군위읍,중상사고,0,2,0,0,차대차 - 추돌,안전운전불이행,건조,맑음,단일로 - 기타,화물,남,69세,상해없음,농기계,남,78세,중상
2022102400100537,2022년 10월 24일 18시,월요일,경상북도 군위군 효령면,경상사고,0,0,6,1,차대차 - 추돌,안전운전불이행,건조,맑음,단일로 - 기타,승용,여,26세,상해없음,화물,남,46세,경상
2022102400100576,2022년 10월 24일 19시,월요일,경상북도 울진군 온정면,중상사고,0,1,0,0,차대차 - 기타,중앙선침범,젖음/습기,비,단일로 - 기타,화물,남,56세,상해없음,승용,여,51세,중상
2022102400100606,2022년 10월 24일 20시,월요일,경상북도 영천시 화남면,경상사고,0,0,1,0,차대사람 - 횡단중,안전운전불이행,건조,맑음,교차로 - 교차로안,화물,남,19세,상해없음,보행자,남,16세,경상
2022102400100607,2022년 10월 24일 20시,월요일,경상북도 포항시 남구 해도동,중상사고,0,1,0,0,차대차 - 측면충돌,교차로운행방법위반,건조,맑음,교차로 - 교차로안,승용,남,32세,상해없음,화물,남,36세,중상
2022102500100047,2022년 10월 25일 06시,화요일,경상북도 구미시 진평동,경상사고,0,0,1,0,차대차 - 측면충돌,안전운전불이행,건조,맑음,단일로 - 기타,승용,남,20세,상해없음,이륜,남,41세,경상
2022102500100048,2022년 10월 25일 06시,화요일,경상북도 포항시 남구 오천읍,중상사고,0,1,0,0,차대차 - 기타,신호위반,건조,맑음,교차로 - 교차로안,화물,남,68세,상해없음,이륜,남,44세,중상
2022102500100062,2022년 10월 25일 07시,화요일,경상북도 포항시 남구 청림동,경상사고,0,0,1,0,차대차 - 측면충돌,교차로운행방법위반,건조,맑음,교차로 - 교차로안,화물,남,72세,상해없음,승합,남,52세,경상
2022102500100112,2022년 10월 25일 08시,화요일,경상북도 구미시 봉곡동,경상사고,0,0,2,0,차대차 - 기타,안전운전불이행,건조,맑음,교차로 - 교차로부근,승용,여,66세,상해없음,승용,여,40세,경상
2022102500100149,2022년 10월 25일 09시,화요일,경상북도 경주시 감포읍,경상사고,0,0,1,0,차대차 - 기타,중앙선침범,젖음/습기,흐림,단일로 - 기타,승용,여,60세,상해없음,화물,남,70세,경상
2022102500100150,2022년 10월 25일 09시,화요일,경상북도 경산시 중방동,경상사고,0,0,1,0,차대차 - 측면충돌,안전운전불이행,건조,맑음,단일로 - 기타,승합,남,62세,상해없음,승용,여,64세,경상
2022102500100219,2022년 10월 25일 11시,화요일,경상북도 포항시 북구 양덕동,경상사고,0,0,1,0,차대차 - 기타,안전거리미확보,건조,맑음,단일로 - 기타,승용,남,65세,상해없음,승용,여,24세,경상
2022102500100220,2022년 10월 25일 11시,화요일,경상북도 포항시 남구 상도동,경상사고,0,0,1,0,차대차 - 측면충돌,안전운전불이행,건조,맑음,단일로 - 기타,화물,남,65세,상해없음,이륜,남,55세,경상
2022102500100240,2022년 10월 25일 12시,화요일,경상북도 안동시 옥동,경상사고,0,0,5,0,차대차 - 측면충돌,안전거리미확보,건조,맑음,교차로 - 교차로부근,승용,남,57세,기타불명,승용,남,25세,경상
2022102500100241,2022년 10월 25일 12시,화요일,경상북도 영천시 북안면,경상사고,0,0,1,0,차대차 - 측면충돌,안전운전불이행,건조,맑음,단일로 - 기타,승용,여,66세,경상,화물,남,50세,상해없음
2022102500100276,2022년 10월 25일 13시,화요일,경상북도 경주시 강동면,중상사고,0,1,0,0,차대차 - 측면충돌,안전운전불이행,건조,맑음,교차로 - 교차로부근,특수,남,49세,상해없음,화물,남,49세,중상
2022102500100277,2022년 10월 25일 13시,화요일,경상북도 안동시 용상동,중상사고,0,1,0,0,차대사람 - 기타,안전운전불이행,건조,맑음,단일로 - 기타,승용,여,39세,상해없음,보행자,여,78세,중상
2022102500100278,2022년 10월 25일 13시,화요일,경상북도 봉화군 봉화읍,경상사고,0,0,1,0,차대차 - 측면충돌,직진우회전진행방해,건조,맑음,교차로 - 교차로안,승용,여,49세,상해없음,승용,여,54세,경상
2022102500100314,2022년 10월 25일 14시,화요일,경상북도 경주시 안강읍,중상사고,0,1,0,0,차대사람 - 횡단중,보행자보호의무위반,건조,맑음,교차로 - 교차로횡단보도내,건설기계,남,49세,상해없음,보행자,남,85세,중상
2022102500100315,2022년 10월 25일 14시,화요일,경상북도 영덕군 영덕읍,경상사고,0,0,1,0,차대차 - 후진중충돌,안전운전불이행,건조,맑음,단일로 - 기타,승용,남,85세,상해없음,승용,여,49세,경상
2022102500100316,2022년 10월 25일 14시,화요일,경상북도 포항시 남구 효자동,중상사고,0,1,1,0,차대차 - 측면충돌,신호위반,건조,맑음,교차로 - 교차로안,이륜,남,29세,중상,승용,여,31세,경상
2022102500100351,2022년 10월 25일 15시,화요일,경상북도 안동시 당북동,중상사고,0,1,0,0,차대차 - 측면충돌,안전운전불이행,건조,맑음,단일로 - 기타,승용,남,51세,상해없음,이륜,남,20세,중상
2022102500100352,2022년 10월 25일 15시,화요일,경상북도 칠곡군 가산면,경상사고,0,0,3,0,차대차 - 측면충돌,안전거리미확보,건조,맑음,단일로 - 기타,승용,남,66세,상해없음,승용,여,35세,경상
2022102500100353,2022년 10월 25일 15시,화요일,경상북도 경산시 압량읍,경상사고,0,0,1,0,차대차 - 측면충돌,안전운전불이행,건조,맑음,단일로 - 기타,승용,남,80세,상해없음,승용,여,43세,경상
2022102500100354,2022년 10월 25일 15시,화요일,경상북도 구미시 장천면,경상사고,0,0,1,0,차량단독 - 전도전복 - 전도,안전운전불이행,건조,맑음,단일로 - 기타,이륜,남,72세,경상,,,,
2022102500100355,2022년 10월 25일 15시,화요일,경상북도 구미시 구평동,경상사고,0,0,1,0,차대차 - 추돌,안전운전불이행,건조,맑음,교차로 - 교차로부근,승용,남,59세,상해없음,화물,남,56세,경상
2022102500100356,2022년 10월 25일 15시,화요일,경상북도 포항시 남구 상도동,중상사고,0,1,0,0,차대차 - 기타,안전운전불이행,건조,맑음,단일로 - 기타,기타불명,기타불명,미분류,기타불명,자전거,여,84세,중상
2022102500100459,2022년 10월 25일 17시,화요일,경상북도 포항시 북구 죽도동,경상사고,0,0,2,0,차대차 - 측면충돌,신호위반,건조,맑음,교차로 - 교차로안,화물,남,70세,상해없음,승용,여,31세,경상
2022102500100460,2022년 10월 25일 17시,화요일,경상북도 영덕군 영덕읍,경상사고,0,0,1,0,차대차 - 측면충돌,안전운전불이행,건조,맑음,교차로 - 교차로안,승용,남,43세,상해없음,자전거,남,56세,경상
2022102500100461,2022년 10월 25일 17시,화요일,경상북도 포항시 남구 오천읍,경상사고,0,0,1,0,차대차 - 후진중충돌,안전운전불이행,건조,맑음,교차로 - 교차로부근,승용,남,71세,상해없음,승용,남,44세,경상