사고번호,사고일시,요일,시군구,사고내용,사망자수,중상자수,경상자수,부상신고자수,사고유형,법규위반,노면상태,기상상태,도로형태,가해운전자 차종,가해운전자 성별,가해운전자 연령,가해운전자 상해정도,피해운전자 차종,피해운전자 성별,피해운전자 연령,피해운전자 상해정도
2022102500100516,2022년 10월 25일 18시,화요일,경상북도 문경시 모전동,경상사고,0,0,1,0,차대차 - 추돌,안전거리미확보,건조,맑음,교차로 - 교차로안,화물,남,32세,상해없음,이륜,여,68세,경상
2022102500100517,2022년 10월 25일 18시,화요일,경상북도 경산시 정평동,경상사고,0,0,3,0,차대차 - 추돌,안전운전불이행,건조,맑음,단일로 - 기타,승용,여,32세,상해없음,승용,남,39세,경상
2022102500100518,2022년 10월 25일 18시,화요일,경상북도 경산시 서상동,중상사고,0,1,0,0,차대사람 - 횡단중,안전운전불이행,건조,맑음,교차로 - 교차로안,승용,남,59세,상해없음,보행자,여,29세,중상
2022102500100519,2022년 10월 25일 18시,화요일,경상북도 경산시 진량읍,중상사고,0,1,0,0,차대사람 - 횡단중,보행자보호의무위반,건조,맑음,단일로 - 기타,승용,남,60세,상해없음,보행자,여,16세,중상
2022102500100575,2022년 10월 25일 19시,화요일,경상북도 경산시 하양읍,중상사고,0,1,1,0,차대차 - 측면충돌,신호위반,건조,맑음,교차로 - 교차로안,승용,남,21세,경상,승용,남,50세,중상
2022102500100576,2022년 10월 25일 19시,화요일,경상북도 구미시 선기동,경상사고,0,0,2,2,차대차 - 측면충돌,교차로운행방법위반,건조,맑음,교차로 - 교차로안,승용,남,46세,부상신고,승용,남,58세,부상신고
2022102500100635,2022년 10월 25일 21시,화요일,경상북도 구미시 형곡동,중상사고,0,1,0,0,차대차 - 추돌,안전운전불이행,건조,맑음,단일로 - 기타,원동기,남,51세,중상,승합,남,59세,상해없음
2022102500100654,2022년 10월 25일 22시,화요일,경상북도 의성군 금성면,경상사고,0,0,2,0,차대사람 - 기타,안전운전불이행,건조,맑음,주차장 - 주차장,승용,남,69세,상해없음,보행자,남,35세,경상
2022102600100031,2022년 10월 26일 02시,수요일,경상북도 포항시 북구 흥해읍,사망사고,1,0,0,0,차대사람 - 차도통행중,기타,건조,맑음,단일로 - 기타,승용,남,31세,상해없음,보행자,남,22세,사망
2022102600100038,2022년 10월 26일 03시,수요일,경상북도 경산시 진량읍,중상사고,0,1,0,0,차대사람 - 기타,안전운전불이행,건조,맑음,단일로 - 기타,승용,여,54세,상해없음,보행자,남,24세,중상
2022102600100075,2022년 10월 26일 07시,수요일,경상북도 경주시 서악동,경상사고,0,0,1,0,차대차 - 측면충돌,중앙선침범,건조,맑음,단일로 - 지하차도(도로)내,화물,남,70세,상해없음,화물,남,59세,경상
2022102600100076,2022년 10월 26일 07시,수요일,경상북도 칠곡군 동명면,중상사고,0,1,0,0,차대차 - 측면충돌,안전운전불이행,건조,맑음,단일로 - 기타,승합,남,51세,상해없음,승용,남,52세,중상
2022102600100123,2022년 10월 26일 08시,수요일,경상북도 칠곡군 기산면,경상사고,0,0,2,0,차대차 - 추돌,안전거리미확보,건조,맑음,교차로 - 교차로부근,화물,남,40세,상해없음,승용,남,69세,경상
2022102600100124,2022년 10월 26일 08시,수요일,경상북도 청도군 화양읍,중상사고,0,1,0,0,차대차 - 측면충돌,교차로운행방법위반,건조,맑음,교차로 - 교차로안,승용,여,39세,상해없음,승용,여,42세,중상
2022102600100161,2022년 10월 26일 09시,수요일,경상북도 상주시 외남면,부상신고사고,0,0,0,1,차량단독 - 공작물충돌,안전운전불이행,건조,맑음,단일로 - 기타,화물,남,55세,부상신고,,,,
2022102600100162,2022년 10월 26일 09시,수요일,경상북도 청도군 각남면,경상사고,0,0,1,0,차대차 - 추돌,안전운전불이행,건조,맑음,단일로 - 기타,화물,남,40세,상해없음,농기계,남,70세,경상
2022102600100197,2022년 10월 26일 10시,수요일,경상북도 김천시 덕곡동,경상사고,0,0,1,0,차대차 - 측면충돌,안전운전불이행,건조,맑음,교차로 - 교차로부근,화물,남,67세,상해없음,이륜,남,80세,경상
2022102600100198,2022년 10월 26일 10시,수요일,경상북도 영주시 안정면,경상사고,0,0,1,0,차대차 - 측면충돌,직진우회전진행방해,건조,맑음,교차로 - 교차로안,승용,여,60세,기타불명,승용,남,46세,경상
2022102600100199,2022년 10월 26일 10시,수요일,경상북도 영천시 청통면,경상사고,0,0,2,0,차대차 - 후진중충돌,안전운전불이행,건조,맑음,단일로 - 기타,화물,남,61세,상해없음,승용,남,65세,경상
2022102600100242,2022년 10월 26일 12시,수요일,경상북도 경주시 외동읍,경상사고,0,0,1,0,차대차 - 측면충돌,안전운전불이행,건조,맑음,교차로 - 교차로부근,승용,남,24세,상해없음,이륜,남,42세,경상
2022102600100243,2022년 10월 26일 12시,수요일,경상북도 경주시 성동동,경상사고,0,0,2,0,차대차 - 기타,안전운전불이행,건조,맑음,단일로 - 기타,승용,남,64세,상해없음,승용,남,24세,상해없음
2022102600100276,2022년 10월 26일 13시,수요일,경상북도 경주시 외동읍,경상사고,0,0,1,0,차대차 - 측면충돌,안전운전불이행,건조,맑음,단일로 - 기타,화물,남,62세,상해없음,승용,남,33세,경상
2022102600100307,2022년 10월 26일 14시,수요일,경상북도 구미시 옥계동,중상사고,0,1,0,0,차대차 - 추돌,안전운전불이행,건조,맑음,교차로 - 교차로안,이륜,남,39세,중상,화물,남,68세,상해없음
2022102600100333,2022년 10월 26일 15시,수요일,경상북도 김천시 대덕면,경상사고,0,0,2,0,차대차 - 정면충돌,중앙선침범,건조,맑음,단일로 - 기타,화물,남,53세,상해없음,승용,남,75세,경상
2022102600100334,2022년 10월 26일 15시,수요일,경상북도 경산시 평산동,중상사고,0,1,0,0,차대차 - 정면충돌,교차로운행방법위반,건조,맑음,교차로 - 교차로부근,개인형이동수단(PM),여,20세,중상,승용,남,41세,상해없음
2022102600100335,2022년 10월 26일 15시,수요일,경상북도 봉화군 명호면,경상사고,0,0,1,0,차대차 - 기타,불법유턴,건조,맑음,교차로 - 교차로안,승용,남,73세,상해없음,승용,남,55세,경상
2022102600100376,2022년 10월 26일 16시,수요일,경상북도 포항시 북구 용흥동,경상사고,0,0,1,0,차대차 - 추돌,안전거리미확보,건조,맑음,단일로 - 고가도로위,승용,여,40세,상해없음,승용,여,62세,경상
2022102600100411,2022년 10월 26일 17시,수요일,경상북도 경주시 외동읍,경상사고,0,0,1,0,차대차 - 정면충돌,중앙선침범,건조,맑음,단일로 - 기타,승용,남,58세,상해없음,승용,남,31세,경상
2022102600100412,2022년 10월 26일 17시,수요일,경상북도 포항시 북구 청하면,경상사고,0,0,2,0,차대차 - 측면충돌,안전운전불이행,건조,맑음,교차로 - 교차로안,화물,여,57세,상해없음,승용,남,42세,경상
2022102600100413,2022년 10월 26일 17시,수요일,경상북도 포항시 북구 학산동,중상사고,0,1,0,0,차대차 - 측면충돌,안전거리미확보,건조,맑음,단일로 - 기타,승용,여,23세,상해없음,승용,여,40세,중상
2022102600100414,2022년 10월 26일 17시,수요일,경상북도 구미시 옥계동,경상사고,0,0,1,0,차대차 - 기타,안전거리미확보,건조,맑음,단일로 - 기타,화물,남,45세,상해없음,이륜,남,20세,경상
2022102600100471,2022년 10월 26일 18시,수요일,경상북도 경주시 안강읍,경상사고,0,0,3,0,차대차 - 추돌,안전운전불이행,건조,맑음,단일로 - 기타,화물,남,45세,상해없음,화물,남,58세,경상
2022102600100472,2022년 10월 26일 18시,수요일,경상북도 포항시 북구 항구동,중상사고,0,1,0,0,차대사람 - 기타,안전운전불이행,건조,맑음,기타 - 기타,승용,여,65세,상해없음,보행자,여,74세,중상
2022102600100473,2022년 10월 26일 18시,수요일,경상북도 안동시 옥동,중상사고,0,1,0,0,차대사람 - 차도통행중,안전운전불이행,건조,맑음,단일로 - 기타,승용,여,29세,상해없음,보행자,남,65세,중상
2022102600100474,2022년 10월 26일 18시,수요일,경상북도 의성군 의성읍,중상사고,0,3,1,0,차대차 - 추돌,기타,건조,맑음,단일로 - 기타,승용,남,24세,상해없음,승용,남,56세,상해없음
2022102600100475,2022년 10월 26일 18시,수요일,경상북도 성주군 성주읍,경상사고,0,0,1,0,차대차 - 추돌,안전운전불이행,건조,맑음,교차로 - 교차로부근,화물,남,47세,상해없음,승용,남,28세,경상
2022102600100476,2022년 10월 26일 18시,수요일,경상북도 구미시 구포동,경상사고,0,0,1,0,차대차 - 추돌,안전운전불이행,건조,맑음,교차로 - 교차로부근,승용,남,38세,상해없음,승용,남,55세,경상
2022102600100518,2022년 10월 26일 19시,수요일,경상북도 구미시 송정동,경상사고,0,0,1,0,차대사람 - 기타,안전운전불이행,건조,맑음,교차로 - 교차로부근,승합,남,61세,상해없음,보행자,여,64세,경상
2022102600100519,2022년 10월 26일 19시,수요일,경상북도 구미시 옥계동,경상사고,0,0,2,0,차대차 - 측면충돌,교차로운행방법위반,건조,맑음,교차로 - 교차로안,승용,여,42세,기타불명,승합,남,51세,경상
2022102600100559,2022년 10월 26일 20시,수요일,경상북도 경주시 황성동,경상사고,0,0,1,0,차대차 - 측면충돌,안전운전불이행,건조,맑음,교차로 - 교차로안,이륜,남,31세,상해없음,자전거,남,74세,경상
2022102600100560,2022년 10월 26일 20시,수요일,경상북도 김천시 부곡동,경상사고,0,0,1,0,차대차 - 측면충돌,차로위반,건조,맑음,교차로 - 교차로안,승용,여,47세,상해없음,이륜,남,67세,경상
2022102600100561,2022년 10월 26일 20시,수요일,경상북도 구미시 임은동,경상사고,0,0,1,0,차대사람 - 횡단중,안전운전불이행,건조,맑음,교차로 - 교차로횡단보도내,기타불명,기타불명,미분류,기타불명,보행자,남,16세,경상
2022102600100562,2022년 10월 26일 20시,수요일,경상북도 포항시 남구 대잠동,경상사고,0,0,1,0,차대사람 - 기타,안전운전불이행,건조,맑음,단일로 - 지하차도(도로)내,승용,남,39세,상해없음,보행자,여,22세,경상
2022102600100585,2022년 10월 26일 21시,수요일,경상북도 경주시 황성동,경상사고,0,0,1,0,차대사람 - 길가장자리구역통행중,안전운전불이행,건조,맑음,단일로 - 기타,승용,여,45세,상해없음,보행자,여,57세,경상
2022102600100586,2022년 10월 26일 21시,수요일,경상북도 구미시 공단동,사망사고,1,0,0,0,차대차 - 기타,안전운전불이행,건조,맑음,교차로 - 교차로안,승합,남,40세,상해없음,이륜,남,19세,사망
2022102700100031,2022년 10월 27일 04시,목요일,경상북도 구미시 형곡동,경상사고,0,0,1,0,차대차 - 기타,안전운전불이행,건조,맑음,교차로 - 교차로부근,화물,남,59세,상해없음,승용,남,42세,경상
2022102700100078,2022년 10월 27일 07시,목요일,경상북도 경주시 서면,경상사고,0,0,1,0,차대차 - 추돌,안전운전불이행,건조,맑음,단일로 - 기타,승용,남,28세,경상,승용,남,32세,상해없음
2022102700100079,2022년 10월 27일 07시,목요일,경상북도 칠곡군 북삼읍,중상사고,0,1,0,0,차대차 - 측면충돌,안전운전불이행,건조,맑음,교차로 - 교차로부근,승합,남,56세,상해없음,자전거,남,72세,중상
2022102700100080,2022년 10월 27일 07시,목요일,경상북도 경산시 진량읍,사망사고,1,0,0,0,차대사람 - 기타,안전운전불이행,건조,맑음,단일로 - 기타,승용,여,42세,상해없음,보행자,여,70세,사망
2022102700100081,2022년 10월 27일 07시,목요일,경상북도 안동시 길안면,경상사고,0,0,2,0,차대차 - 측면충돌,안전운전불이행,건조,맑음,기타 - 기타,승용,남,32세,상해없음,승용,남,60세,경상
2022102700100125,2022년 10월 27일 08시,목요일,경상북도 경주시 구황동,경상사고,0,0,1,0,차대차 - 추돌,안전운전불이행,건조,맑음,단일로 - 기타,건설기계,남,62세,상해없음,승용,여,34세,경상
2022102700100126,2022년 10월 27일 08시,목요일,경상북도 상주시 낙동면,경상사고,0,0,1,0,차대차 - 측면충돌,교차로운행방법위반,건조,맑음,교차로 - 교차로안,자전거,여,81세,경상,승용,여,42세,상해없음
2022102700100206,2022년 10월 27일 10시,목요일,경상북도 칠곡군 지천면,중상사고,0,1,0,0,차대차 - 추돌,안전운전불이행,건조,맑음,단일로 - 기타,승용,남,53세,상해없음,이륜,남,83세,중상
2022102700100275,2022년 10월 27일 12시,목요일,경상북도 경주시 성동동,경상사고,0,0,1,0,차대차 - 추돌,안전운전불이행,건조,맑음,교차로 - 교차로부근,승용,여,66세,상해없음,이륜,남,28세,경상
2022102700100276,2022년 10월 27일 12시,목요일,경상북도 포항시 북구 흥해읍,중상사고,0,1,0,0,차대사람 - 차도통행중,중앙선침범,건조,맑음,주차장 - 주차장,승용,여,25세,상해없음,보행자,여,84세,중상
2022102700100277,2022년 10월 27일 12시,목요일,경상북도 칠곡군 석적읍,중상사고,0,2,0,0,차대차 - 추돌,안전운전불이행,건조,맑음,단일로 - 기타,승용,여,29세,상해없음,승용,남,64세,중상
2022102700100278,2022년 10월 27일 12시,목요일,경상북도 칠곡군 석적읍,경상사고,0,0,2,0,차대차 - 측면충돌,기타,건조,맑음,교차로 - 교차로안,승용,남,66세,경상,승용,여,40세,경상
2022102700100279,2022년 10월 27일 12시,목요일,경상북도 포항시 남구 오천읍,경상사고,0,0,1,0,차대차 - 정면충돌,중앙선침범,건조,맑음,단일로 - 지하차도(도로)내,승용,남,66세,상해없음,승용,남,24세,경상
2022102700100280,2022년 10월 27일 12시,목요일,경상북도 포항시 남구 대잠동,중상사고,0,1,0,0,차대차 - 측면충돌,신호위반,건조,맑음,교차로 - 교차로부근,승용,여,57세,상해없음,이륜,남,43세,중상
2022102700100313,2022년 10월 27일 13시,목요일,경상북도 경산시 임당동,중상사고,0,1,1,0,차대차 - 측면충돌,중앙선침범,건조,맑음,교차로 - 교차로안,승용,남,48세,상해없음,승용,남,51세,경상
2022102700100314,2022년 10월 27일 13시,목요일,경상북도 고령군 다산면,중상사고,0,1,2,0,차대차 - 측면충돌,교차로운행방법위반,건조,맑음,교차로 - 교차로안,화물,여,66세,경상,건설기계,남,51세,중상
2022102700100344,2022년 10월 27일 14시,목요일,경상북도 김천시 아포읍,경상사고,0,0,1,0,차대차 - 추돌,차로위반,건조,맑음,단일로 - 기타,화물,남,63세,상해없음,승용,여,54세,경상
2022102700100345,2022년 10월 27일 14시,목요일,경상북도 칠곡군 석적읍,부상신고사고,0,0,0,1,차대사람 - 횡단중,안전운전불이행,건조,맑음,단일로 - 기타,화물,남,45세,상해없음,보행자,남,12세,부상신고
2022102700100346,2022년 10월 27일 14시,목요일,경상북도 영천시 고경면,사망사고,1,0,0,0,차대차 - 추돌,안전운전불이행,건조,맑음,단일로 - 기타,이륜,남,66세,사망,화물,남,63세,기타불명
2022102700100347,2022년 10월 27일 14시,목요일,경상북도 청송군 주왕산면,경상사고,0,0,4,0,차대차 - 측면충돌,교차로운행방법위반,건조,맑음,교차로 - 교차로안,승용,남,51세,상해없음,승용,남,67세,경상
2022102700100390,2022년 10월 27일 15시,목요일,경상북도 포항시 남구 대송면,경상사고,0,0,8,0,차대차 - 추돌,안전운전불이행,건조,맑음,단일로 - 기타,화물,남,55세,경상,승용,남,43세,경상
2022102700100420,2022년 10월 27일 16시,목요일,경상북도 안동시 평화동,경상사고,0,0,1,0,차대차 - 기타,교차로운행방법위반,건조,맑음,교차로 - 교차로안,승용,여,32세,상해없음,승용,남,75세,경상
2022102700100421,2022년 10월 27일 16시,목요일,경상북도 포항시 남구 오천읍,경상사고,0,0,2,0,차대차 - 추돌,안전거리미확보,건조,맑음,교차로 - 교차로부근,승용,여,57세,상해없음,승용,여,45세,경상
2022102700100422,2022년 10월 27일 16시,목요일,경상북도 칠곡군 지천면,경상사고,0,0,2,0,차대차 - 기타,안전운전불이행,건조,맑음,기타 - 기타,화물,남,44세,상해없음,승용,남,55세,경상
2022102700100465,2022년 10월 27일 17시,목요일,경상북도 김천시 덕곡동,경상사고,0,0,1,0,차대차 - 측면충돌,안전거리미확보,건조,맑음,단일로 - 기타,승용,여,70세,상해없음,승용,남,41세,경상
2022102700100467,2022년 10월 27일 17시,목요일,경상북도 성주군 성주읍,사망사고,1,0,0,0,차대사람 - 횡단중,보행자보호의무위반,건조,맑음,교차로 - 교차로안,화물,남,61세,상해없음,보행자,남,75세,사망
2022102700100539,2022년 10월 27일 18시,목요일,경상북도 구미시 선산읍,사망사고,1,0,0,0,차대차 - 정면충돌,안전운전불이행,건조,맑음,단일로 - 기타,화물,남,40세,상해없음,승용,기타불명,미분류,기타불명
2022102700100540,2022년 10월 27일 18시,목요일,경상북도 구미시 지산동,경상사고,0,0,1,0,차대차 - 측면충돌,안전거리미확보,건조,맑음,교차로 - 교차로부근,화물,남,67세,상해없음,승용,여,49세,경상
2022102700100581,2022년 10월 27일 19시,목요일,경상북도 경주시 건천읍,사망사고,1,0,0,0,차량단독 - 공작물충돌,안전운전불이행,건조,맑음,단일로 - 기타,이륜,여,38세,사망,,,,
2022102700100582,2022년 10월 27일 19시,목요일,경상북도 경산시 사동,경상사고,0,0,1,0,차대사람 - 기타,안전운전불이행,건조,맑음,단일로 - 기타,승용,남,51세,상해없음,보행자,여,21세,경상
2022102700100613,2022년 10월 27일 20시,목요일,경상북도 경산시 조영동,경상사고,0,0,1,0,차대차 - 측면충돌,중앙선침범,건조,맑음,단일로 - 기타,기타불명,기타불명,미분류,기타불명,이륜,남,39세,경상
2022102700100614,2022년 10월 27일 20시,목요일,경상북도 울진군 울진읍,경상사고,0,0,2,0,차대차 - 측면충돌,직진우회전진행방해,건조,맑음,교차로 - 교차로안,승용,남,33세,경상,승용,여,47세,경상
2022102700100643,2022년 10월 27일 21시,목요일,경상북도 포항시 북구 득량동,경상사고,0,0,3,0,차대차 - 기타,안전운전불이행,건조,맑음,교차로 - 교차로안,화물,남,57세,상해없음,이륜,남,17세,경상
2022102700100658,2022년 10월 27일 22시,목요일,경상북도 포항시 남구 상도동,부상신고사고,0,0,0,1,차대차 - 후진중충돌,안전운전불이행,건조,맑음,단일로 - 기타,승용,남,56세,상해없음,개인형이동수단(PM),남,28세,부상신고
2022102800100012,2022년 10월 28일 00시,금요일,경상북도 포항시 북구 득량동,중상사고,0,1,0,0,차대차 - 추돌,안전운전불이행,건조,맑음,교차로 - 교차로부근,승용,남,36세,상해없음,승용,남,45세,중상
2022102800100013,2022년 10월 28일 00시,금요일,경상북도 경산시 진량읍,중상사고,0,1,0,0,차대차 - 측면충돌,신호위반,건조,맑음,교차로 - 교차로안,승용,남,54세,상해없음,이륜,남,26세,중상
2022102800100014,2022년 10월 28일 00시,금요일,경상북도 포항시 남구 일월동,경상사고,0,0,1,0,차대사람 - 기타,안전운전불이행,건조,맑음,단일로 - 고가도로위,승용,남,53세,상해없음,보행자,남,26세,경상
2022102800100051,2022년 10월 28일 06시,금요일,경상북도 경산시 중방동,중상사고,0,1,0,0,차대사람 - 기타,안전운전불이행,건조,맑음,단일로 - 기타,승합,남,69세,상해없음,보행자,여,77세,중상
2022102800100052,2022년 10월 28일 06시,금요일,경상북도 봉화군 봉화읍,경상사고,0,0,2,0,차대차 - 측면충돌,교차로운행방법위반,건조,맑음,교차로 - 교차로안,승용,여,64세,상해없음,화물,남,58세,경상
2022102800100079,2022년 10월 28일 07시,금요일,경상북도 포항시 북구 대신동,중상사고,0,1,0,0,차대사람 - 횡단중,신호위반,건조,맑음,교차로 - 교차로횡단보도내,승용,남,64세,상해없음,보행자,여,65세,중상
2022102800100080,2022년 10월 28일 07시,금요일,경상북도 영주시 휴천동,경상사고,0,0,1,0,차대차 - 측면충돌,안전운전불이행,건조,맑음,교차로 - 교차로안,승용,남,72세,상해없음,승용,여,49세,경상
2022102800100116,2022년 10월 28일 08시,금요일,경상북도 포항시 북구 장성동,경상사고,0,0,1,0,차대차 - 기타,안전운전불이행,건조,맑음,단일로 - 기타,승용,남,58세,상해없음,승용,여,38세,상해없음
2022102800100117,2022년 10월 28일 08시,금요일,경상북도 성주군 성주읍,경상사고,0,0,2,0,차대사람 - 기타,안전운전불이행,건조,맑음,주차장 - 주차장,승합,여,58세,상해없음,보행자,여,66세,경상
2022102800100118,2022년 10월 28일 08시,금요일,경상북도 구미시 산동읍,경상사고,0,0,2,0,차대차 - 측면충돌,안전운전불이행,건조,맑음,교차로 - 교차로안,승용,남,26세,상해없음,승용,여,29세,경상
2022102800100119,2022년 10월 28일 08시,금요일,경상북도 구미시 신평동,경상사고,0,0,1,0,차대차 - 측면충돌,안전운전불이행,건조,맑음,단일로 - 기타,승용,남,72세,상해없음,승용,여,46세,경상
2022102800100161,2022년 10월 28일 09시,금요일,경상북도 경주시 현곡면,중상사고,0,1,0,0,차대차 - 추돌,안전운전불이행,건조,맑음,단일로 - 기타,승용,남,51세,상해없음,농기계,남,78세,중상
2022102800100162,2022년 10월 28일 09시,금요일,경상북도 경산시 하양읍,중상사고,0,1,0,0,차대차 - 추돌,안전거리미확보,건조,맑음,단일로 - 기타,승용,남,74세,상해없음,승용,남,40세,중상
2022102800100163,2022년 10월 28일 09시,금요일,경상북도 경산시 중산동,경상사고,0,0,1,0,차대차 - 측면충돌,안전운전불이행,건조,맑음,단일로 - 지하차도(도로)내,화물,남,68세,상해없음,승용,여,39세,경상
2022102800100164,2022년 10월 28일 09시,금요일,경상북도 경산시 사동,경상사고,0,0,1,0,차대차 - 측면충돌,안전거리미확보,건조,맑음,교차로 - 교차로부근,승합,남,35세,상해없음,승용,남,27세,경상
2022102800100165,2022년 10월 28일 09시,금요일,경상북도 포항시 남구 대잠동,경상사고,0,0,4,0,차대차 - 측면충돌,안전거리미확보,건조,맑음,단일로 - 고가도로위,특수,남,48세,상해없음,승용,여,57세,경상
2022102800100166,2022년 10월 28일 09시,금요일,경상북도 포항시 남구 구룡포읍,경상사고,0,0,1,0,차대차 - 기타,안전운전불이행,건조,맑음,단일로 - 기타,이륜,남,80세,상해없음,자전거,여,69세,경상
2022102800100274,2022년 10월 28일 12시,금요일,경상북도 영덕군 영덕읍,경상사고,0,0,2,0,차대차 - 측면충돌,교차로운행방법위반,젖음/습기,비,교차로 - 교차로안,승용,여,61세,경상,승용,남,28세,경상
2022102800100275,2022년 10월 28일 12시,금요일,경상북도 고령군 덕곡면,중상사고,0,1,1,0,차대차 - 추돌,안전운전불이행,건조,맑음,기타 - 기타,승합,남,75세,상해없음,화물,남,72세,경상
2022102800100276,2022년 10월 28일 12시,금요일,경상북도 구미시 구평동,경상사고,0,0,2,0,차대차 - 기타,안전운전불이행,건조,맑음,단일로 - 기타,승용,남,46세,상해없음,화물,남,54세,경상
2022102800100312,2022년 10월 28일 13시,금요일,경상북도 의성군 단밀면,경상사고,0,0,1,0,차대차 - 측면충돌,안전운전불이행,건조,맑음,교차로 - 교차로안,이륜,남,84세,경상,승용,여,61세,상해없음
2022102800100313,2022년 10월 28일 13시,금요일,경상북도 영천시 서산동,경상사고,0,0,3,0,차대차 - 추돌,안전운전불이행,건조,맑음,단일로 - 기타,승용,여,47세,기타불명,승용,여,60세,경상
2022102800100314,2022년 10월 28일 13시,금요일,경상북도 경산시 조영동,중상사고,0,1,0,0,차량단독 - 공작물충돌,안전운전불이행,건조,맑음,단일로 - 기타,승용,남,73세,중상,,,,
2022102800100315,2022년 10월 28일 13시,금요일,경상북도 포항시 남구 인덕동,경상사고,0,0,2,1,차대차 - 추돌,안전운전불이행,젖음/습기,비,단일로 - 기타,승용,여,32세,상해없음,승용,남,66세,경상
2022102800100349,2022년 10월 28일 14시,금요일,경상북도 고령군 대가야읍,경상사고,0,0,1,0,차대사람 - 차도통행중,안전운전불이행,건조,맑음,단일로 - 기타,승용,여,40세,상해없음,보행자,남,78세,경상
2022102800100402,2022년 10월 28일 15시,금요일,경상북도 안동시 옥동,경상사고,0,0,1,0,차대차 - 기타,안전운전불이행,건조,맑음,단일로 - 기타,건설기계,남,68세,상해없음,승용,여,62세,경상
2022102800100403,2022년 10월 28일 15시,금요일,경상북도 칠곡군 약목면,경상사고,0,0,1,0,차대차 - 측면충돌,직진우회전진행방해,건조,맑음,교차로 - 교차로안,승용,남,41세,상해없음,화물,남,40세,경상
2022102800100404,2022년 10월 28일 15시,금요일,경상북도 경산시 진량읍,사망사고,1,0,1,0,차대차 - 정면충돌,중앙선침범,건조,맑음,단일로 - 기타,승용,여,40세,사망,화물,남,51세,경상
2022102800100451,2022년 10월 28일 16시,금요일,경상북도 경주시 성동동,경상사고,0,0,1,0,차대차 - 측면충돌,안전운전불이행,건조,맑음,교차로 - 교차로안,자전거,남,72세,경상,화물,남,33세,기타불명
2022102800100452,2022년 10월 28일 16시,금요일,경상북도 영주시 가흥동,중상사고,0,1,0,0,차대차 - 측면충돌,안전운전불이행,건조,맑음,단일로 - 기타,자전거,남,81세,중상,승용,남,43세,상해없음
2022102800100453,2022년 10월 28일 16시,금요일,경상북도 경산시 진량읍,사망사고,1,0,1,0,차대차 - 추돌,기타,건조,맑음,교차로 - 교차로안,승용,남,44세,기타불명,원동기,남,22세,경상
2022102800100495,2022년 10월 28일 17시,금요일,경상북도 영주시 풍기읍,중상사고,0,1,0,0,차대사람 - 기타,안전운전불이행,건조,맑음,단일로 - 기타,승용,여,64세,상해없음,보행자,남,86세,중상
2022102800100496,2022년 10월 28일 17시,금요일,경상북도 구미시 사곡동,경상사고,0,0,1,0,차대차 - 측면충돌,중앙선침범,건조,맑음,단일로 - 기타,승용,여,65세,상해없음,원동기,남,28세,경상
2022102800100497,2022년 10월 28일 17시,금요일,경상북도 구미시 도량동,경상사고,0,0,1,0,차대차 - 추돌,안전운전불이행,건조,맑음,단일로 - 기타,승용,남,46세,상해없음,승용,여,45세,경상
2022102800100498,2022년 10월 28일 17시,금요일,경상북도 포항시 남구 오천읍,경상사고,0,0,1,0,차대차 - 추돌,안전운전불이행,건조,맑음,교차로 - 교차로부근,승용,남,35세,상해없음,승용,여,42세,경상
2022102800100499,2022년 10월 28일 17시,금요일,경상북도 군위군 군위읍,중상사고,0,1,3,0,차대차 - 추돌,안전거리미확보,건조,맑음,단일로 - 기타,승용,남,60세,상해없음,승용,남,38세,중상
2022102800100573,2022년 10월 28일 18시,금요일,경상북도 포항시 북구 흥해읍,중상사고,0,1,0,0,차대차 - 측면충돌,교차로운행방법위반,건조,맑음,교차로 - 교차로안,승용,여,65세,상해없음,승용,여,28세,중상
2022102800100574,2022년 10월 28일 18시,금요일,경상북도 상주시 모서면,부상신고사고,0,0,0,1,차대사람 - 길가장자리구역통행중,안전운전불이행,건조,맑음,단일로 - 기타,기타불명,기타불명,미분류,기타불명,보행자,남,62세,부상신고
2022102800100575,2022년 10월 28일 18시,금요일,경상북도 경산시 백천동,경상사고,0,0,1,0,차대사람 - 기타,안전운전불이행,건조,맑음,단일로 - 기타,승용,여,64세,상해없음,보행자,여,63세,경상
2022102800100576,2022년 10월 28일 18시,금요일,경상북도 청도군 이서면,경상사고,0,0,1,0,차대차 - 측면충돌,안전운전불이행,건조,맑음,단일로 - 기타,승용,남,39세,상해없음,승용,남,57세,경상
2022102800100577,2022년 10월 28일 18시,금요일,경상북도 구미시 봉곡동,경상사고,0,0,1,0,차대사람 - 횡단중,보행자보호의무위반,건조,맑음,교차로 - 교차로횡단보도내,화물,남,58세,기타불명,보행자,여,23세,경상
2022102800100578,2022년 10월 28일 18시,금요일,경상북도 포항시 남구 괴동동,경상사고,0,0,1,0,차대차 - 측면충돌,차로위반,건조,맑음,단일로 - 기타,화물,남,63세,상해없음,승용,남,32세,경상