사고번호,사고일시,요일,시군구,사고내용,사망자수,중상자수,경상자수,부상신고자수,사고유형,법규위반,노면상태,기상상태,도로형태,가해운전자 차종,가해운전자 성별,가해운전자 연령,가해운전자 상해정도,피해운전자 차종,피해운전자 성별,피해운전자 연령,피해운전자 상해정도
2022110100100426,2022년 11월 1일 17시,화요일,경상북도 경산시 옥곡동,경상사고,0,0,1,0,차량단독 - 기타,안전운전불이행,건조,맑음,단일로 - 기타,승합,남,58세,상해없음,,,,
2022110100100427,2022년 11월 1일 17시,화요일,경상북도 고령군 다산면,경상사고,0,0,1,0,차대차 - 기타,안전운전불이행,건조,맑음,기타 - 기타,승용,남,68세,상해없음,자전거,남,56세,경상
2022110100100428,2022년 11월 1일 17시,화요일,경상북도 구미시 도량동,경상사고,0,0,1,0,차대차 - 측면충돌,교차로운행방법위반,건조,맑음,교차로 - 교차로안,승용,남,44세,상해없음,승용,여,46세,경상
2022110100100484,2022년 11월 1일 18시,화요일,경상북도 안동시 운흥동,경상사고,0,0,1,0,차대차 - 추돌,안전거리미확보,건조,맑음,단일로 - 교량,승용,남,63세,상해없음,승용,여,35세,경상
2022110100100485,2022년 11월 1일 18시,화요일,경상북도 영주시 휴천동,경상사고,0,0,1,0,차대차 - 측면충돌,교차로운행방법위반,건조,맑음,교차로 - 교차로안,이륜,남,58세,경상,승용,여,64세,상해없음
2022110100100486,2022년 11월 1일 18시,화요일,경상북도 영천시 야사동,경상사고,0,0,3,0,차대차 - 측면충돌,안전운전불이행,건조,맑음,교차로 - 교차로안,화물,남,45세,상해없음,승용,여,41세,경상
2022110100100487,2022년 11월 1일 18시,화요일,경상북도 구미시 봉곡동,중상사고,0,1,0,0,차대사람 - 보도통행중,신호위반,건조,맑음,교차로 - 교차로횡단보도내,승용,남,43세,상해없음,보행자,남,32세,중상
2022110100100488,2022년 11월 1일 18시,화요일,경상북도 포항시 남구 구룡포읍,부상신고사고,0,0,0,1,차대사람 - 횡단중,보행자보호의무위반,건조,맑음,교차로 - 교차로횡단보도내,승용,여,53세,상해없음,보행자,남,40세,부상신고
2022110100100489,2022년 11월 1일 18시,화요일,경상북도 포항시 남구 이동,경상사고,0,0,1,3,차대차 - 측면충돌,안전운전불이행,건조,맑음,단일로 - 기타,승용,남,59세,상해없음,승용,남,30세,경상
2022110100100539,2022년 11월 1일 19시,화요일,경상북도 구미시 사곡동,경상사고,0,0,1,0,차대차 - 측면충돌,불법유턴,건조,맑음,단일로 - 기타,승용,남,39세,상해없음,승용,남,47세,경상
2022110100100589,2022년 11월 1일 21시,화요일,경상북도 경산시 중방동,경상사고,0,0,2,0,차대차 - 측면충돌,안전운전불이행,건조,맑음,교차로 - 교차로안,승용,남,26세,상해없음,승용,남,38세,경상
2022110200100075,2022년 11월 2일 07시,수요일,경상북도 경산시 하양읍,경상사고,0,0,1,0,차대사람 - 기타,안전운전불이행,건조,맑음,기타 - 기타,승용,남,49세,상해없음,보행자,남,63세,경상
2022110200100076,2022년 11월 2일 07시,수요일,경상북도 포항시 남구 괴동동,중상사고,0,1,0,0,차대차 - 측면충돌,안전운전불이행,건조,맑음,교차로 - 교차로안,화물,남,62세,상해없음,이륜,남,71세,중상
2022110200100115,2022년 11월 2일 08시,수요일,경상북도 포항시 북구 용흥동,경상사고,0,0,2,0,차대차 - 측면충돌,신호위반,건조,맑음,교차로 - 교차로안,승용,남,48세,상해없음,승용,여,46세,경상
2022110200100116,2022년 11월 2일 08시,수요일,경상북도 의성군 안계면,중상사고,0,1,0,0,차대차 - 측면충돌,안전운전불이행,건조,맑음,단일로 - 기타,승용,여,49세,상해없음,이륜,남,84세,중상
2022110200100117,2022년 11월 2일 08시,수요일,경상북도 울진군 북면,중상사고,0,1,0,0,차대차 - 측면충돌,직진우회전진행방해,건조,맑음,교차로 - 교차로안,승용,여,27세,상해없음,이륜,남,52세,중상
2022110200100160,2022년 11월 2일 09시,수요일,경상북도 안동시 수상동,경상사고,0,0,3,0,차대차 - 측면충돌,신호위반,젖음/습기,안개,교차로 - 교차로안,승용,남,76세,경상,화물,남,52세,경상
2022110200100161,2022년 11월 2일 09시,수요일,경상북도 칠곡군 왜관읍,경상사고,0,0,2,0,차대차 - 측면충돌,기타,건조,맑음,교차로 - 교차로안,승용,여,49세,경상,승용,남,46세,상해없음
2022110200100194,2022년 11월 2일 10시,수요일,경상북도 성주군 성주읍,중상사고,0,1,0,0,차대차 - 측면충돌,안전운전불이행,건조,맑음,교차로 - 교차로안,화물,남,43세,상해없음,이륜,남,81세,중상
2022110200100220,2022년 11월 2일 11시,수요일,경상북도 구미시 옥계동,부상신고사고,0,0,0,1,차대사람 - 횡단중,안전운전불이행,건조,맑음,단일로 - 기타,승용,여,30세,상해없음,보행자,남,75세,부상신고
2022110200100244,2022년 11월 2일 12시,수요일,경상북도 구미시 고아읍,경상사고,0,0,1,0,차대사람 - 차도통행중,안전운전불이행,건조,맑음,교차로 - 교차로안,화물,남,66세,상해없음,보행자,여,8세,경상
2022110200100268,2022년 11월 2일 13시,수요일,경상북도 영주시 풍기읍,중상사고,0,1,0,0,차대차 - 측면충돌,교차로운행방법위반,건조,맑음,교차로 - 교차로안,승용,남,61세,상해없음,이륜,여,68세,중상
2022110200100269,2022년 11월 2일 13시,수요일,경상북도 칠곡군 왜관읍,경상사고,0,0,1,0,차대차 - 후진중충돌,안전운전불이행,건조,맑음,교차로 - 교차로부근,승용,여,79세,상해없음,승용,남,57세,경상
2022110200100270,2022년 11월 2일 13시,수요일,경상북도 구미시 원평동,중상사고,0,1,0,0,차대차 - 측면충돌,안전운전불이행,건조,맑음,교차로 - 교차로안,승용,여,40세,상해없음,이륜,남,60세,중상
2022110200100308,2022년 11월 2일 14시,수요일,경상북도 포항시 북구 득량동,중상사고,0,1,0,0,차대차 - 기타,안전거리미확보,건조,맑음,단일로 - 기타,승용,남,51세,상해없음,이륜,여,34세,중상
2022110200100309,2022년 11월 2일 14시,수요일,경상북도 구미시 산동읍,경상사고,0,0,1,0,차대차 - 측면충돌,안전운전불이행,건조,맑음,교차로 - 교차로안,승용,여,63세,상해없음,승용,여,35세,경상
2022110200100337,2022년 11월 2일 15시,수요일,경상북도 안동시 임동면,중상사고,0,1,0,0,차대차 - 측면충돌,안전운전불이행,건조,맑음,단일로 - 기타,승용,여,66세,중상,화물,남,66세,상해없음
2022110200100338,2022년 11월 2일 15시,수요일,경상북도 문경시 영순면,경상사고,0,0,2,0,차대차 - 측면충돌,안전운전불이행,건조,맑음,교차로 - 교차로부근,화물,남,64세,기타불명,승용,여,25세,경상
2022110200100339,2022년 11월 2일 15시,수요일,경상북도 청도군 금천면,중상사고,0,1,0,0,차대차 - 측면충돌,교차로운행방법위반,건조,맑음,단일로 - 기타,화물,남,59세,상해없음,이륜,남,82세,중상
2022110200100340,2022년 11월 2일 15시,수요일,경상북도 의성군 안평면,중상사고,0,1,0,0,차대차 - 추돌,안전운전불이행,건조,맑음,단일로 - 기타,승용,남,62세,중상,화물,남,67세,기타불명
2022110200100386,2022년 11월 2일 16시,수요일,경상북도 상주시 모동면,중상사고,0,1,0,0,차대차 - 추돌,안전운전불이행,건조,맑음,단일로 - 기타,승용,여,30세,상해없음,농기계,남,72세,중상
2022110200100387,2022년 11월 2일 16시,수요일,경상북도 고령군 성산면,중상사고,0,1,0,0,차대차 - 기타,교차로운행방법위반,건조,맑음,교차로 - 교차로안,화물,남,59세,상해없음,이륜,남,54세,중상
2022110200100388,2022년 11월 2일 16시,수요일,경상북도 구미시 임은동,경상사고,0,0,1,0,차대차 - 측면충돌,안전운전불이행,건조,맑음,교차로 - 교차로안,승합,남,44세,상해없음,승용,남,68세,경상
2022110200100433,2022년 11월 2일 17시,수요일,경상북도 칠곡군 왜관읍,경상사고,0,0,1,0,차대차 - 측면충돌,중앙선침범,건조,맑음,단일로 - 기타,승용,여,18세,상해없음,화물,남,46세,경상
2022110200100435,2022년 11월 2일 17시,수요일,경상북도 포항시 남구 상도동,중상사고,0,1,0,0,차대차 - 기타,안전운전불이행,건조,맑음,교차로 - 교차로횡단보도내,특수,남,56세,상해없음,자전거,남,76세,중상
2022110200100475,2022년 11월 2일 18시,수요일,경상북도 경주시 시래동,경상사고,0,0,1,0,차대차 - 기타,안전운전불이행,건조,맑음,교차로 - 교차로안,승용,남,47세,상해없음,승용,남,47세,상해없음
2022110200100476,2022년 11월 2일 18시,수요일,경상북도 경주시 동천동,중상사고,0,1,1,0,차대차 - 측면충돌,안전운전불이행,건조,맑음,교차로 - 교차로안,승용,남,44세,중상,승용,남,22세,경상
2022110200100477,2022년 11월 2일 18시,수요일,경상북도 포항시 북구 두호동,경상사고,0,0,2,0,차대차 - 측면충돌,안전운전불이행,건조,맑음,교차로 - 교차로부근,승용,남,55세,상해없음,승용,여,32세,경상
2022110200100478,2022년 11월 2일 18시,수요일,경상북도 경산시 남천면,경상사고,0,0,2,0,차대차 - 기타,안전운전불이행,건조,맑음,단일로 - 기타,이륜,남,56세,상해없음,승용,남,25세,경상
2022110200100479,2022년 11월 2일 18시,수요일,경상북도 포항시 남구 대도동,경상사고,0,0,1,0,차대차 - 측면충돌,신호위반,건조,맑음,교차로 - 교차로부근,승용,남,54세,기타불명,승용,남,54세,경상
2022110200100562,2022년 11월 2일 20시,수요일,경상북도 경주시 성동동,중상사고,0,1,0,0,차대차 - 측면충돌,신호위반,건조,맑음,교차로 - 교차로횡단보도내,승용,여,30세,기타불명,자전거,남,62세,중상
2022110200100583,2022년 11월 2일 21시,수요일,경상북도 김천시 율곡동,경상사고,0,0,1,0,차대사람 - 횡단중,보행자보호의무위반,건조,맑음,교차로 - 교차로횡단보도내,승용,남,52세,상해없음,보행자,남,29세,경상
2022110200100584,2022년 11월 2일 21시,수요일,경상북도 상주시 냉림동,경상사고,0,0,1,0,차대차 - 정면충돌,중앙선침범,건조,맑음,단일로 - 기타,승용,여,51세,상해없음,이륜,남,45세,경상
2022110200100606,2022년 11월 2일 22시,수요일,경상북도 경주시 감포읍,중상사고,0,1,1,0,차대차 - 측면충돌,중앙선침범,건조,맑음,단일로 - 기타,이륜,남,65세,경상,승합,여,52세,중상
2022110200100607,2022년 11월 2일 22시,수요일,경상북도 포항시 남구 송내동,경상사고,0,0,3,0,차대차 - 추돌,안전운전불이행,건조,맑음,단일로 - 기타,화물,남,47세,상해없음,화물,남,57세,경상
2022110300100006,2022년 11월 3일 00시,목요일,경상북도 경주시 외동읍,경상사고,0,0,1,0,차대차 - 측면충돌,신호위반,건조,맑음,교차로 - 교차로안,화물,남,60세,상해없음,승합,남,27세,경상
2022110300100033,2022년 11월 3일 05시,목요일,경상북도 안동시 풍산읍,중상사고,0,1,0,0,차대차 - 추돌,안전거리미확보,건조,맑음,단일로 - 기타,승용,남,48세,상해없음,농기계,남,82세,중상
2022110300100047,2022년 11월 3일 06시,목요일,경상북도 칠곡군 가산면,경상사고,0,0,1,0,차대차 - 추돌,안전거리미확보,건조,맑음,단일로 - 기타,승용,남,43세,상해없음,승합,남,52세,경상
2022110300100048,2022년 11월 3일 06시,목요일,경상북도 영천시 조교동,사망사고,1,0,0,0,차대사람 - 횡단중,안전운전불이행,건조,맑음,교차로 - 교차로부근,승용,남,53세,상해없음,보행자,여,91세,사망
2022110300100070,2022년 11월 3일 07시,목요일,경상북도 포항시 남구 괴동동,경상사고,0,0,2,0,차대차 - 추돌,안전운전불이행,건조,맑음,단일로 - 기타,승용,남,60세,상해없음,승용,남,56세,경상
2022110300100102,2022년 11월 3일 08시,목요일,경상북도 김천시 봉산면,중상사고,0,2,0,0,차대차 - 측면충돌,안전운전불이행,건조,맑음,단일로 - 기타,승용,여,31세,상해없음,화물,남,63세,중상
2022110300100103,2022년 11월 3일 08시,목요일,경상북도 영주시 영주동,중상사고,0,1,0,0,차대차 - 측면충돌,교차로운행방법위반,건조,맑음,교차로 - 교차로안,이륜,남,55세,중상,화물,남,53세,상해없음
2022110300100137,2022년 11월 3일 09시,목요일,경상북도 경주시 충효동,경상사고,0,0,3,0,차대차 - 측면충돌,안전운전불이행,건조,맑음,단일로 - 기타,승용,여,58세,상해없음,건설기계,남,68세,상해없음
2022110300100138,2022년 11월 3일 09시,목요일,경상북도 구미시 원평동,경상사고,0,0,1,0,차대차 - 측면충돌,안전거리미확보,건조,맑음,교차로 - 교차로부근,승합,남,60세,상해없음,승용,여,59세,경상
2022110300100162,2022년 11월 3일 10시,목요일,경상북도 칠곡군 동명면,중상사고,0,1,0,0,차대차 - 측면충돌,신호위반,건조,맑음,교차로 - 교차로안,승용,남,47세,상해없음,승용,남,29세,중상
2022110300100163,2022년 11월 3일 10시,목요일,경상북도 칠곡군 약목면,경상사고,0,0,1,0,차대차 - 측면충돌,안전운전불이행,건조,맑음,단일로 - 기타,화물,남,75세,상해없음,화물,남,48세,경상
2022110300100197,2022년 11월 3일 11시,목요일,경상북도 영천시 대창면,경상사고,0,0,3,0,차대차 - 정면충돌,중앙선침범,건조,맑음,단일로 - 기타,승용,여,66세,경상,화물,남,37세,경상
2022110300100198,2022년 11월 3일 11시,목요일,경상북도 영양군 영양읍,경상사고,0,0,1,0,차대차 - 후진중충돌,안전운전불이행,건조,맑음,단일로 - 기타,화물,남,80세,상해없음,승용,남,49세,경상
2022110300100199,2022년 11월 3일 11시,목요일,경상북도 포항시 남구 연일읍,부상신고사고,0,0,0,1,차대차 - 측면충돌,안전운전불이행,건조,맑음,교차로 - 교차로부근,기타불명,기타불명,미분류,기타불명,승용,여,56세,부상신고
2022110300100231,2022년 11월 3일 12시,목요일,경상북도 포항시 남구 대잠동,경상사고,0,0,4,0,차대차 - 측면충돌,직진우회전진행방해,건조,맑음,교차로 - 교차로안,승용,여,75세,경상,승합,남,46세,경상
2022110300100254,2022년 11월 3일 13시,목요일,경상북도 경주시 안강읍,경상사고,0,0,2,0,차대차 - 측면충돌,안전운전불이행,건조,맑음,단일로 - 기타,화물,남,64세,상해없음,승용,남,73세,경상
2022110300100255,2022년 11월 3일 13시,목요일,경상북도 경주시 성동동,경상사고,0,0,1,0,차대차 - 측면충돌,안전운전불이행,건조,맑음,단일로 - 기타,승용,여,60세,상해없음,승용,여,38세,경상
2022110300100256,2022년 11월 3일 13시,목요일,경상북도 안동시 태화동,경상사고,0,0,1,0,차대차 - 측면충돌,안전운전불이행,건조,맑음,교차로 - 교차로부근,화물,남,51세,상해없음,이륜,여,65세,경상
2022110300100292,2022년 11월 3일 14시,목요일,경상북도 구미시 산동읍,경상사고,0,0,2,0,차대차 - 기타,교차로운행방법위반,건조,맑음,교차로 - 교차로안,화물,남,26세,상해없음,승용,여,48세,경상
2022110300100327,2022년 11월 3일 15시,목요일,경상북도 영주시 하망동,경상사고,0,0,2,0,차대차 - 측면충돌,직진우회전진행방해,건조,흐림,교차로 - 교차로안,승용,남,71세,상해없음,승용,여,46세,경상
2022110300100328,2022년 11월 3일 15시,목요일,경상북도 청도군 풍각면,경상사고,0,0,1,0,차대차 - 측면충돌,안전운전불이행,건조,맑음,단일로 - 기타,화물,남,63세,상해없음,승용,남,65세,경상
2022110300100329,2022년 11월 3일 15시,목요일,경상북도 포항시 남구 송도동,중상사고,0,1,0,0,차대차 - 측면충돌,안전운전불이행,건조,맑음,단일로 - 기타,승용,남,77세,상해없음,자전거,남,85세,중상
2022110300100356,2022년 11월 3일 16시,목요일,경상북도 경주시 용강동,중상사고,0,1,0,0,차대차 - 측면충돌,안전운전불이행,건조,맑음,단일로 - 기타,승용,남,45세,상해없음,자전거,여,50세,중상
2022110300100357,2022년 11월 3일 16시,목요일,경상북도 영천시 화북면,부상신고사고,0,0,0,1,차량단독 - 도로외이탈 - 기타,기타,건조,맑음,단일로 - 기타,이륜,남,70세,부상신고,,,,
2022110300100358,2022년 11월 3일 16시,목요일,경상북도 경산시 자인면,중상사고,0,1,0,0,차대사람 - 차도통행중,안전운전불이행,건조,맑음,교차로 - 교차로부근,승합,남,53세,상해없음,보행자,여,76세,중상
2022110300100359,2022년 11월 3일 16시,목요일,경상북도 포항시 남구 연일읍,부상신고사고,0,0,0,1,차량단독 - 기타,안전운전불이행,젖음/습기,맑음,단일로 - 기타,화물,남,50세,부상신고,,,,
2022110300100396,2022년 11월 3일 17시,목요일,경상북도 구미시 지산동,경상사고,0,0,1,0,차대차 - 기타,중앙선침범,건조,맑음,교차로 - 교차로부근,특수,남,51세,기타불명,승용,남,27세,상해없음
2022110300100444,2022년 11월 3일 18시,목요일,경상북도 안동시 풍산읍,중상사고,0,1,0,0,차대차 - 측면충돌,안전운전불이행,건조,맑음,단일로 - 기타,승용,여,54세,상해없음,화물,남,51세,중상
2022110300100445,2022년 11월 3일 18시,목요일,경상북도 구미시 광평동,경상사고,0,0,2,0,차대차 - 측면충돌,안전운전불이행,건조,기타,교차로 - 교차로안,승용,남,47세,상해없음,승용,남,25세,경상
2022110300100490,2022년 11월 3일 19시,목요일,경상북도 칠곡군 동명면,경상사고,0,0,2,0,차대차 - 측면충돌,안전거리미확보,건조,맑음,단일로 - 지하차도(도로)내,승용,남,22세,상해없음,승용,남,36세,경상
2022110300100491,2022년 11월 3일 19시,목요일,경상북도 구미시 황상동,경상사고,0,0,1,0,차대사람 - 횡단중,안전운전불이행,건조,맑음,단일로 - 기타,승용,남,52세,상해없음,보행자,여,30세,경상
2022110300100492,2022년 11월 3일 19시,목요일,경상북도 포항시 남구 상도동,경상사고,0,0,1,0,차량단독 - 전도전복 - 전도,안전운전불이행,건조,맑음,단일로 - 지하차도(도로)내,승합,남,52세,상해없음,,,,
2022110300100520,2022년 11월 3일 20시,목요일,경상북도 포항시 북구 죽도동,경상사고,0,0,1,0,차대차 - 측면충돌,차로위반,건조,맑음,교차로 - 교차로안,승용,남,72세,상해없음,승용,여,55세,경상
2022110300100561,2022년 11월 3일 22시,목요일,경상북도 구미시 고아읍,중상사고,0,1,2,0,차대차 - 추돌,안전운전불이행,건조,기타,단일로 - 기타,승용,남,60세,상해없음,승용,남,32세,중상
2022110400100006,2022년 11월 4일 00시,금요일,경상북도 경산시 조영동,경상사고,0,0,1,0,차대차 - 기타,안전운전불이행,건조,맑음,교차로 - 교차로부근,이륜,남,35세,상해없음,이륜,남,43세,경상
2022110400100037,2022년 11월 4일 05시,금요일,경상북도 경주시 탑동,중상사고,0,1,1,0,차대차 - 추돌,안전운전불이행,건조,맑음,단일로 - 기타,특수,남,48세,상해없음,화물,남,68세,경상
2022110400100066,2022년 11월 4일 07시,금요일,경상북도 경주시 황성동,경상사고,0,0,1,0,차대차 - 추돌,안전운전불이행,건조,맑음,단일로 - 기타,승용,남,22세,상해없음,승용,여,44세,경상
2022110400100067,2022년 11월 4일 07시,금요일,경상북도 문경시 동로면,중상사고,0,3,1,0,차량단독 - 도로외이탈 - 추락,안전운전불이행,건조,맑음,기타 - 기타,승용,여,56세,경상,,,,
2022110400100113,2022년 11월 4일 08시,금요일,경상북도 경산시 진량읍,경상사고,0,0,1,0,차대차 - 기타,신호위반,건조,맑음,교차로 - 교차로안,승용,여,54세,상해없음,승용,남,29세,경상
2022110400100114,2022년 11월 4일 08시,금요일,경상북도 포항시 남구 이동,부상신고사고,0,0,0,1,차대차 - 측면충돌,안전운전불이행,건조,맑음,교차로 - 교차로안,승용,여,46세,부상신고,승용,남,25세,상해없음
2022110400100166,2022년 11월 4일 09시,금요일,경상북도 포항시 북구 죽도동,중상사고,0,1,0,0,차대차 - 측면충돌,안전운전불이행,건조,맑음,단일로 - 기타,승용,남,49세,상해없음,자전거,여,58세,중상
2022110400100167,2022년 11월 4일 09시,금요일,경상북도 김천시 부곡동,경상사고,0,0,1,0,차대차 - 측면충돌,안전운전불이행,건조,맑음,교차로 - 교차로안,화물,남,44세,상해없음,승용,남,62세,경상
2022110400100168,2022년 11월 4일 09시,금요일,경상북도 포항시 남구 동촌동,경상사고,0,0,2,0,차대차 - 추돌,안전거리미확보,건조,맑음,단일로 - 지하차도(도로)내,승용,남,36세,상해없음,승용,남,71세,경상
2022110400100209,2022년 11월 4일 10시,금요일,경상북도 영천시 임고면,중상사고,0,1,0,0,차대차 - 추돌,안전운전불이행,건조,맑음,교차로 - 교차로부근,승용,남,65세,상해없음,화물,남,73세,상해없음
2022110400100210,2022년 11월 4일 10시,금요일,경상북도 문경시 점촌동,중상사고,0,1,0,0,차대사람 - 차도통행중,안전운전불이행,건조,맑음,단일로 - 기타,승용,여,55세,상해없음,보행자,남,70세,중상
2022110400100211,2022년 11월 4일 10시,금요일,경상북도 경산시 진량읍,경상사고,0,0,2,0,차대차 - 측면충돌,신호위반,건조,맑음,교차로 - 교차로안,화물,남,62세,상해없음,승용,남,51세,경상
2022110400100249,2022년 11월 4일 11시,금요일,경상북도 안동시 남문동,경상사고,0,0,1,0,차대차 - 기타,안전운전불이행,건조,맑음,교차로 - 교차로안,승용,남,37세,상해없음,이륜,남,52세,경상
2022110400100284,2022년 11월 4일 12시,금요일,경상북도 포항시 남구 해도동,경상사고,0,0,1,0,차대차 - 측면충돌,신호위반,건조,맑음,교차로 - 교차로안,승용,남,86세,상해없음,이륜,여,30세,경상
2022110400100327,2022년 11월 4일 13시,금요일,경상북도 의성군 안계면,경상사고,0,0,1,0,차대차 - 측면충돌,안전운전불이행,건조,맑음,교차로 - 교차로안,화물,남,63세,상해없음,이륜,남,31세,경상
2022110400100328,2022년 11월 4일 13시,금요일,경상북도 영주시 부석면,경상사고,0,0,1,0,차대사람 - 기타,안전운전불이행,건조,기타,교차로 - 교차로안,원동기,남,82세,상해없음,보행자,여,52세,경상
2022110400100368,2022년 11월 4일 14시,금요일,경상북도 상주시 가장동,사망사고,1,0,0,0,차대차 - 기타,안전운전불이행,건조,맑음,단일로 - 지하차도(도로)내,이륜,남,24세,사망,승합,여,50세,상해없음
2022110400100369,2022년 11월 4일 14시,금요일,경상북도 의성군 의성읍,중상사고,0,1,0,0,차대사람 - 기타,안전운전불이행,건조,맑음,단일로 - 기타,승용,남,35세,상해없음,보행자,남,68세,중상
2022110400100411,2022년 11월 4일 15시,금요일,경상북도 안동시 옥야동,경상사고,0,0,1,0,차대차 - 기타,신호위반,건조,맑음,교차로 - 교차로부근,승용,남,72세,상해없음,승용,여,71세,상해없음
2022110400100412,2022년 11월 4일 15시,금요일,경상북도 칠곡군 북삼읍,중상사고,0,1,0,0,차대사람 - 횡단중,신호위반,건조,맑음,교차로 - 교차로횡단보도내,화물,남,56세,상해없음,보행자,남,12세,중상
2022110400100455,2022년 11월 4일 16시,금요일,경상북도 포항시 북구 양덕동,중상사고,0,1,0,0,차대차 - 기타,직진우회전진행방해,건조,맑음,교차로 - 교차로부근,승용,여,57세,상해없음,개인형이동수단(PM),여,15세,중상
2022110400100456,2022년 11월 4일 16시,금요일,경상북도 영주시 가흥동,경상사고,0,0,2,0,차대차 - 측면충돌,안전운전불이행,건조,맑음,교차로 - 교차로안,화물,남,68세,상해없음,승용,남,28세,경상
2022110400100457,2022년 11월 4일 16시,금요일,경상북도 포항시 남구 효자동,경상사고,0,0,1,0,차대사람 - 차도통행중,안전운전불이행,건조,맑음,단일로 - 지하차도(도로)내,승용,남,25세,상해없음,보행자,남,57세,경상
2022110400100458,2022년 11월 4일 16시,금요일,경상북도 포항시 남구 대잠동,경상사고,0,0,2,0,차대차 - 측면충돌,안전운전불이행,건조,맑음,단일로 - 지하차도(도로)내,승용,여,40세,상해없음,승용,남,64세,경상
2022110400100511,2022년 11월 4일 17시,금요일,경상북도 경주시 서악동,경상사고,0,0,1,0,차대차 - 측면충돌,안전운전불이행,건조,맑음,교차로 - 교차로부근,화물,남,51세,상해없음,승용,남,29세,경상
2022110400100512,2022년 11월 4일 17시,금요일,경상북도 안동시 정하동,경상사고,0,0,1,0,차대차 - 기타,신호위반,건조,맑음,교차로 - 교차로부근,승용,남,52세,상해없음,이륜,남,22세,경상
2022110400100513,2022년 11월 4일 17시,금요일,경상북도 구미시 송정동,중상사고,0,1,0,0,차대차 - 기타,차로위반,건조,맑음,단일로 - 기타,승용,남,30세,상해없음,이륜,남,40세,중상
2022110400100514,2022년 11월 4일 17시,금요일,경상북도 포항시 남구 오천읍,부상신고사고,0,0,0,1,차대차 - 기타,안전운전불이행,건조,맑음,단일로 - 기타,자전거,여,74세,부상신고,승용,남,42세,상해없음
2022110400100589,2022년 11월 4일 18시,금요일,경상북도 경주시 성건동,경상사고,0,0,1,0,차대사람 - 길가장자리구역통행중,안전운전불이행,건조,맑음,단일로 - 기타,승용,남,45세,상해없음,보행자,남,45세,경상
2022110400100590,2022년 11월 4일 18시,금요일,경상북도 문경시 흥덕동,경상사고,0,0,1,0,차대사람 - 기타,안전운전불이행,건조,맑음,주차장 - 주차장,승용,남,67세,상해없음,보행자,남,60세,경상
2022110400100591,2022년 11월 4일 18시,금요일,경상북도 구미시 옥계동,경상사고,0,0,1,0,차대사람 - 횡단중,안전운전불이행,건조,맑음,단일로 - 기타,승용,남,30세,상해없음,보행자,여,10세,경상
2022110400100592,2022년 11월 4일 18시,금요일,경상북도 구미시 고아읍,중상사고,0,1,0,0,차대차 - 기타,안전운전불이행,건조,맑음,교차로 - 교차로안,이륜,남,32세,중상,승용,여,41세,상해없음
2022110400100593,2022년 11월 4일 18시,금요일,경상북도 포항시 남구 오천읍,중상사고,0,1,0,0,차대사람 - 횡단중,안전운전불이행,건조,맑음,교차로 - 교차로부근,승용,남,27세,상해없음,보행자,남,8세,중상
2022110400100594,2022년 11월 4일 18시,금요일,경상북도 포항시 남구 괴동동,경상사고,0,0,2,0,차대차 - 측면충돌,신호위반,건조,맑음,교차로 - 교차로안,화물,남,54세,상해없음,승용,남,59세,경상
2022110400100644,2022년 11월 4일 19시,금요일,경상북도 구미시 임은동,경상사고,0,0,1,0,차대사람 - 횡단중,신호위반,건조,맑음,교차로 - 교차로횡단보도내,이륜,남,40세,기타불명,보행자,여,39세,경상
2022110400100645,2022년 11월 4일 19시,금요일,경상북도 구미시 인의동,경상사고,0,0,1,0,차대차 - 측면충돌,중앙선침범,건조,맑음,단일로 - 기타,이륜,남,40세,상해없음,개인형이동수단(PM),여,16세,경상
2022110400100646,2022년 11월 4일 19시,금요일,경상북도 포항시 남구 오천읍,부상신고사고,0,0,0,1,차대차 - 기타,기타,건조,맑음,단일로 - 기타,자전거,남,42세,부상신고,승용,남,49세,상해없음
2022110400100686,2022년 11월 4일 20시,금요일,경상북도 경주시 황성동,중상사고,0,1,1,0,차대차 - 측면충돌,안전운전불이행,건조,맑음,교차로 - 교차로안,승용,남,39세,중상,이륜,남,36세,경상
2022110400100687,2022년 11월 4일 20시,금요일,경상북도 경산시 압량읍,경상사고,0,0,1,0,차대차 - 추돌,안전운전불이행,건조,맑음,단일로 - 지하차도(도로)내,승용,남,59세,상해없음,승용,여,58세,경상
2022110400100688,2022년 11월 4일 20시,금요일,경상북도 예천군 용궁면,경상사고,0,0,1,0,차대사람 - 기타,기타,건조,맑음,단일로 - 기타,화물,남,64세,상해없음,보행자,남,47세,경상
2022110400100689,2022년 11월 4일 20시,금요일,경상북도 구미시 산동읍,경상사고,0,0,1,0,차대차 - 기타,안전운전불이행,건조,맑음,단일로 - 기타,승용,여,40세,상해없음,이륜,남,41세,경상
2022110400100690,2022년 11월 4일 20시,금요일,경상북도 구미시 도량동,중상사고,0,1,0,0,차대차 - 측면충돌,직진우회전진행방해,건조,맑음,교차로 - 교차로안,승용,남,55세,상해없음,이륜,남,39세,중상
2022110400100716,2022년 11월 4일 21시,금요일,경상북도 영주시 가흥동,경상사고,0,0,1,0,차대차 - 측면충돌,신호위반,건조,맑음,교차로 - 교차로안,승용,여,64세,상해없음,승용,남,57세,경상