사고번호,사고일시,요일,시군구,사고내용,사망자수,중상자수,경상자수,부상신고자수,사고유형,법규위반,노면상태,기상상태,도로형태,가해운전자 차종,가해운전자 성별,가해운전자 연령,가해운전자 상해정도,피해운전자 차종,피해운전자 성별,피해운전자 연령,피해운전자 상해정도
2022110800100323,2022년 11월 8일 14시,화요일,경상북도 문경시 모전동,경상사고,0,0,1,0,차대차 - 기타,안전운전불이행,건조,맑음,교차로 - 교차로안,승용,여,65세,기타불명,승합,남,41세,상해없음
2022110800100360,2022년 11월 8일 15시,화요일,경상북도 칠곡군 왜관읍,경상사고,0,0,1,0,차대차 - 추돌,안전운전불이행,건조,맑음,기타 - 기타,자전거,남,65세,상해없음,자전거,여,60세,경상
2022110800100361,2022년 11월 8일 15시,화요일,경상북도 영덕군 축산면,부상신고사고,0,0,0,1,차대차 - 측면충돌,기타,건조,맑음,교차로 - 교차로안,승용,남,75세,부상신고,승합,남,56세,상해없음
2022110800100404,2022년 11월 8일 16시,화요일,경상북도 구미시 인의동,중상사고,0,1,0,0,차대사람 - 기타,안전운전불이행,건조,맑음,단일로 - 기타,승용,여,67세,상해없음,보행자,남,14세,중상
2022110800100447,2022년 11월 8일 17시,화요일,경상북도 안동시 용상동,경상사고,0,0,1,0,차대사람 - 횡단중,신호위반,건조,맑음,교차로 - 교차로안,승합,여,67세,상해없음,보행자,여,78세,경상
2022110800100448,2022년 11월 8일 17시,화요일,경상북도 안동시 남후면,중상사고,0,1,0,0,차대차 - 기타,안전운전불이행,건조,맑음,단일로 - 기타,화물,남,55세,상해없음,농기계,남,74세,중상
2022110800100449,2022년 11월 8일 17시,화요일,경상북도 경산시 진량읍,중상사고,0,1,0,0,차대차 - 기타,기타,건조,맑음,단일로 - 기타,화물,남,58세,상해없음,승합,남,39세,중상
2022110800100450,2022년 11월 8일 17시,화요일,경상북도 구미시 봉곡동,부상신고사고,0,0,0,1,차대사람 - 기타,안전운전불이행,건조,맑음,교차로 - 교차로부근,승합,남,54세,상해없음,보행자,남,22세,부상신고
2022110800100451,2022년 11월 8일 17시,화요일,경상북도 구미시 고아읍,경상사고,0,0,1,0,차대차 - 추돌,안전운전불이행,건조,맑음,교차로 - 교차로안,화물,남,60세,상해없음,승용,여,62세,경상
2022110800100509,2022년 11월 8일 18시,화요일,경상북도 김천시 율곡동,경상사고,0,0,2,0,차대차 - 기타,안전운전불이행,건조,맑음,교차로 - 교차로부근,승용,남,67세,상해없음,승용,여,34세,경상
2022110800100510,2022년 11월 8일 18시,화요일,경상북도 성주군 성주읍,중상사고,0,1,0,0,차대차 - 추돌,안전운전불이행,건조,맑음,단일로 - 기타,승용,남,55세,중상,건설기계,남,63세,상해없음
2022110800100511,2022년 11월 8일 18시,화요일,경상북도 포항시 남구 호동,중상사고,0,1,0,0,차대차 - 측면충돌,안전운전불이행,건조,맑음,교차로 - 교차로안,승용,남,50세,상해없음,승용,남,64세,상해없음
2022110800100600,2022년 11월 8일 20시,화요일,경상북도 칠곡군 왜관읍,경상사고,0,0,1,0,차대차 - 측면충돌,직진우회전진행방해,건조,맑음,교차로 - 교차로안,승용,남,57세,상해없음,원동기,남,40세,경상
2022110800100624,2022년 11월 8일 21시,화요일,경상북도 경주시 서부동,경상사고,0,0,1,0,차대사람 - 횡단중,안전운전불이행,건조,맑음,교차로 - 교차로안,승용,여,79세,상해없음,보행자,여,77세,경상
2022110800100625,2022년 11월 8일 21시,화요일,경상북도 경주시 감포읍,경상사고,0,0,2,0,차대차 - 추돌,안전운전불이행,건조,맑음,단일로 - 지하차도(도로)내,승용,남,67세,경상,승용,여,26세,경상
2022110800100626,2022년 11월 8일 21시,화요일,경상북도 상주시 무양동,중상사고,0,1,0,0,차대사람 - 길가장자리구역통행중,안전운전불이행,건조,맑음,교차로 - 교차로안,승용,남,42세,상해없음,보행자,남,34세,중상
2022110800100627,2022년 11월 8일 21시,화요일,경상북도 청송군 현서면,중상사고,0,1,0,0,차량단독 - 공작물충돌,안전운전불이행,건조,맑음,단일로 - 지하차도(도로)내,화물,남,48세,중상,,,,
2022110800100628,2022년 11월 8일 21시,화요일,경상북도 포항시 남구 대도동,경상사고,0,0,1,0,차대차 - 정면충돌,직진우회전진행방해,건조,맑음,교차로 - 교차로안,승용,남,37세,상해없음,승용,여,22세,경상
2022110900100025,2022년 11월 9일 04시,수요일,경상북도 경주시 외동읍,부상신고사고,0,0,0,1,차대사람 - 기타,안전운전불이행,건조,맑음,교차로 - 교차로안,승용,남,53세,상해없음,보행자,남,21세,부상신고
2022110900100029,2022년 11월 9일 05시,수요일,경상북도 구미시 진평동,경상사고,0,0,1,0,차대차 - 추돌,안전운전불이행,건조,맑음,교차로 - 교차로안,승용,여,38세,상해없음,승용,남,33세,경상
2022110900100067,2022년 11월 9일 07시,수요일,경상북도 칠곡군 왜관읍,중상사고,0,1,1,0,차대차 - 측면충돌,안전운전불이행,건조,맑음,교차로 - 교차로안,화물,남,63세,상해없음,승용,여,30세,중상
2022110900100068,2022년 11월 9일 07시,수요일,경상북도 구미시 송정동,경상사고,0,0,1,0,차대차 - 정면충돌,신호위반,젖음/습기,안개,교차로 - 교차로안,승용,남,35세,상해없음,승용,남,46세,경상
2022110900100069,2022년 11월 9일 07시,수요일,경상북도 구미시 선산읍,경상사고,0,0,1,0,차대차 - 측면충돌,교차로운행방법위반,건조,맑음,교차로 - 교차로안,승용,여,56세,상해없음,승용,여,45세,경상
2022110900100093,2022년 11월 9일 08시,수요일,경상북도 포항시 북구 양덕동,경상사고,0,0,2,0,차대차 - 측면충돌,교차로운행방법위반,건조,맑음,교차로 - 교차로안,승용,여,54세,상해없음,승용,남,51세,경상
2022110900100094,2022년 11월 9일 08시,수요일,경상북도 상주시 서성동,중상사고,0,1,1,0,차대차 - 측면충돌,교차로운행방법위반,건조,맑음,교차로 - 교차로안,승용,남,39세,상해없음,승합,남,37세,경상
2022110900100095,2022년 11월 9일 08시,수요일,경상북도 포항시 남구 상도동,중상사고,0,1,0,0,차대차 - 기타,신호위반,건조,맑음,교차로 - 교차로부근,승용,여,67세,상해없음,자전거,남,14세,중상
2022110900100134,2022년 11월 9일 09시,수요일,경상북도 김천시 용두동,중상사고,0,1,0,0,차대차 - 측면충돌,안전운전불이행,건조,맑음,교차로 - 교차로부근,화물,남,54세,상해없음,이륜,남,67세,중상
2022110900100136,2022년 11월 9일 09시,수요일,경상북도 포항시 남구 오천읍,경상사고,0,0,2,0,차대차 - 측면충돌,직진우회전진행방해,건조,맑음,교차로 - 교차로안,승용,남,41세,경상,승용,여,40세,경상
2022110900100163,2022년 11월 9일 10시,수요일,경상북도 안동시 옥동,중상사고,0,1,0,0,차대사람 - 기타,안전운전불이행,건조,맑음,단일로 - 기타,승용,여,26세,상해없음,보행자,여,80세,중상
2022110900100217,2022년 11월 9일 12시,수요일,경상북도 문경시 흥덕동,경상사고,0,0,1,0,차대차 - 추돌,안전운전불이행,건조,맑음,교차로 - 교차로부근,이륜,남,39세,경상,승용,남,71세,상해없음
2022110900100245,2022년 11월 9일 13시,수요일,경상북도 포항시 북구 환호동,경상사고,0,0,1,0,차대사람 - 횡단중,보행자보호의무위반,건조,맑음,교차로 - 교차로횡단보도내,승용,남,63세,상해없음,보행자,남,11세,경상
2022110900100246,2022년 11월 9일 13시,수요일,경상북도 영주시 영주동,경상사고,0,0,1,0,차대차 - 측면충돌,안전운전불이행,건조,맑음,교차로 - 교차로안,승용,남,52세,상해없음,화물,남,64세,경상
2022110900100247,2022년 11월 9일 13시,수요일,경상북도 구미시 원평동,경상사고,0,0,1,0,차대차 - 측면충돌,안전운전불이행,건조,맑음,단일로 - 기타,승용,여,53세,상해없음,자전거,남,71세,경상
2022110900100280,2022년 11월 9일 14시,수요일,경상북도 경주시 동천동,중상사고,0,1,0,0,차대사람 - 기타,안전운전불이행,건조,맑음,단일로 - 기타,승용,남,32세,상해없음,보행자,남,51세,중상
2022110900100316,2022년 11월 9일 15시,수요일,경상북도 경주시 황오동,경상사고,0,0,1,0,차대차 - 측면충돌,신호위반,건조,맑음,교차로 - 교차로안,이륜,여,74세,경상,개인형이동수단(PM),남,16세,상해없음
2022110900100317,2022년 11월 9일 15시,수요일,경상북도 포항시 북구 죽도동,경상사고,0,0,1,0,차대사람 - 차도통행중,안전운전불이행,건조,맑음,단일로 - 기타,승용,여,22세,상해없음,보행자,여,72세,경상
2022110900100318,2022년 11월 9일 15시,수요일,경상북도 포항시 남구 연일읍,경상사고,0,0,1,0,차대차 - 추돌,안전운전불이행,건조,맑음,단일로 - 기타,화물,남,49세,상해없음,승용,남,29세,경상
2022110900100356,2022년 11월 9일 16시,수요일,경상북도 경주시 동천동,경상사고,0,0,1,0,차대사람 - 횡단중,보행자보호의무위반,건조,맑음,단일로 - 기타,승용,남,67세,상해없음,보행자,남,11세,경상
2022110900100357,2022년 11월 9일 16시,수요일,경상북도 영주시 하망동,경상사고,0,0,1,0,차대차 - 추돌,안전운전불이행,건조,맑음,단일로 - 기타,승용,남,73세,상해없음,승용,여,27세,경상
2022110900100358,2022년 11월 9일 16시,수요일,경상북도 포항시 남구 해도동,경상사고,0,0,1,0,차대사람 - 차도통행중,안전운전불이행,건조,맑음,단일로 - 지하차도(도로)내,승용,남,78세,상해없음,보행자,여,60세,경상
2022110900100410,2022년 11월 9일 17시,수요일,경상북도 안동시 옥야동,경상사고,0,0,5,0,차대차 - 측면충돌,직진우회전진행방해,건조,맑음,교차로 - 교차로부근,승용,남,63세,경상,승용,남,51세,경상
2022110900100411,2022년 11월 9일 17시,수요일,경상북도 김천시 남산동,중상사고,0,1,0,0,차대사람 - 길가장자리구역통행중,안전운전불이행,건조,맑음,교차로 - 교차로부근,승용,여,60세,상해없음,보행자,여,80세,중상
2022110900100490,2022년 11월 9일 18시,수요일,경상북도 포항시 북구 두호동,중상사고,0,1,0,0,차대차 - 측면충돌,안전운전불이행,건조,맑음,교차로 - 교차로안,승용,남,35세,상해없음,원동기,남,17세,중상
2022110900100491,2022년 11월 9일 18시,수요일,경상북도 의성군 안계면,중상사고,0,1,0,0,차대사람 - 길가장자리구역통행중,안전운전불이행,건조,맑음,단일로 - 기타,승용,남,25세,상해없음,보행자,남,27세,중상
2022110900100492,2022년 11월 9일 18시,수요일,경상북도 경산시 조영동,중상사고,0,1,0,0,차대차 - 측면충돌,안전운전불이행,건조,맑음,단일로 - 기타,승용,남,24세,상해없음,이륜,남,27세,중상
2022110900100493,2022년 11월 9일 18시,수요일,경상북도 구미시 임수동,경상사고,0,0,4,1,차대차 - 추돌,안전거리미확보,건조,맑음,단일로 - 기타,승용,여,18세,부상신고,승용,남,24세,경상
2022110900100541,2022년 11월 9일 19시,수요일,경상북도 포항시 남구 해도동,중상사고,0,1,0,0,차대차 - 정면충돌,중앙선침범,건조,맑음,단일로 - 지하차도(도로)내,이륜,남,69세,상해없음,이륜,남,43세,중상
2022110900100576,2022년 11월 9일 20시,수요일,경상북도 포항시 남구 대도동,경상사고,0,0,1,0,차대사람 - 기타,보행자보호의무위반,건조,맑음,단일로 - 지하차도(도로)내,승용,남,57세,상해없음,보행자,남,54세,경상
2022110900100604,2022년 11월 9일 21시,수요일,경상북도 구미시 봉곡동,경상사고,0,0,1,0,차대차 - 측면충돌,교차로운행방법위반,건조,맑음,교차로 - 교차로안,승용,여,44세,상해없음,개인형이동수단(PM),남,19세,경상
2022111000100120,2022년 11월 10일 08시,목요일,경상북도 경산시 압량읍,중상사고,0,1,4,1,차대차 - 기타,안전운전불이행,건조,흐림,교차로 - 교차로안,개인형이동수단(PM),여,19세,상해없음,승합,남,25세,상해없음
2022111000100153,2022년 11월 10일 09시,목요일,경상북도 경주시 성동동,경상사고,0,0,4,1,차대차 - 추돌,안전거리미확보,건조,맑음,교차로 - 교차로부근,승용,여,52세,상해없음,승용,남,70세,경상
2022111000100154,2022년 11월 10일 09시,목요일,경상북도 포항시 북구 남빈동,중상사고,0,1,0,0,차대차 - 기타,중앙선침범,건조,맑음,단일로 - 기타,자전거,남,83세,중상,승용,남,71세,상해없음
2022111000100155,2022년 11월 10일 09시,목요일,경상북도 의성군 의성읍,경상사고,0,0,1,0,차대차 - 측면충돌,안전운전불이행,건조,맑음,교차로 - 교차로안,화물,남,66세,상해없음,승용,여,75세,경상
2022111000100156,2022년 11월 10일 09시,목요일,경상북도 경산시 서상동,경상사고,0,0,3,0,차대차 - 측면충돌,신호위반,건조,맑음,교차로 - 교차로안,승용,여,57세,상해없음,승용,남,52세,경상
2022111000100157,2022년 11월 10일 09시,목요일,경상북도 성주군 성주읍,중상사고,0,2,1,0,차대차 - 기타,기타,건조,맑음,교차로 - 교차로안,화물,남,36세,중상,승용,남,30세,중상
2022111000100158,2022년 11월 10일 09시,목요일,경상북도 청송군 청송읍,경상사고,0,0,1,0,차대차 - 추돌,안전운전불이행,건조,맑음,단일로 - 지하차도(도로)내,화물,남,34세,상해없음,승용,남,49세,경상
2022111000100159,2022년 11월 10일 09시,목요일,경상북도 청송군 청송읍,경상사고,0,0,1,0,차대차 - 측면충돌,교차로운행방법위반,건조,맑음,교차로 - 교차로안,승용,여,38세,상해없음,승용,여,40세,경상
2022111000100160,2022년 11월 10일 09시,목요일,경상북도 의성군 안평면,경상사고,0,0,1,1,차대차 - 추돌,안전운전불이행,건조,맑음,단일로 - 기타,승용,남,22세,부상신고,승용,남,41세,경상
2022111000100184,2022년 11월 10일 10시,목요일,경상북도 포항시 북구 죽도동,경상사고,0,0,1,0,차대차 - 측면충돌,안전거리미확보,건조,맑음,교차로 - 교차로부근,승합,남,42세,상해없음,승용,남,25세,경상
2022111000100185,2022년 11월 10일 10시,목요일,경상북도 영덕군 영덕읍,중상사고,0,1,0,0,차대차 - 추돌,안전거리미확보,건조,맑음,단일로 - 기타,화물,남,64세,상해없음,건설기계,남,60세,중상
2022111000100214,2022년 11월 10일 11시,목요일,경상북도 포항시 북구 덕수동,경상사고,0,0,1,0,차대차 - 측면충돌,안전운전불이행,건조,맑음,단일로 - 기타,자전거,남,61세,상해없음,이륜,남,57세,경상
2022111000100215,2022년 11월 10일 11시,목요일,경상북도 칠곡군 가산면,중상사고,0,1,0,0,차량단독 - 기타,안전운전불이행,건조,맑음,단일로 - 지하차도(도로)내,승합,남,47세,상해없음,,,,
2022111000100216,2022년 11월 10일 11시,목요일,경상북도 경산시 계양동,경상사고,0,0,1,0,차대차 - 측면충돌,안전거리미확보,건조,맑음,단일로 - 기타,승용,남,53세,기타불명,이륜,남,19세,경상
2022111000100217,2022년 11월 10일 11시,목요일,경상북도 포항시 남구 상도동,경상사고,0,0,1,0,차대차 - 측면충돌,신호위반,건조,맑음,교차로 - 교차로안,승용,여,49세,상해없음,승용,여,59세,경상
2022111000100245,2022년 11월 10일 12시,목요일,경상북도 안동시 길안면,경상사고,0,0,2,0,차대차 - 정면충돌,신호위반,건조,맑음,교차로 - 교차로안,화물,남,83세,경상,승용,남,61세,경상
2022111000100275,2022년 11월 10일 13시,목요일,경상북도 김천시 신음동,경상사고,0,0,1,0,차대차 - 추돌,안전운전불이행,건조,맑음,교차로 - 교차로안,승용,남,67세,상해없음,화물,남,38세,경상
2022111000100276,2022년 11월 10일 13시,목요일,경상북도 상주시 남성동,중상사고,0,1,0,0,차대차 - 측면충돌,교차로운행방법위반,건조,맑음,교차로 - 교차로안,승용,남,77세,상해없음,자전거,여,72세,중상
2022111000100307,2022년 11월 10일 14시,목요일,경상북도 경주시 황성동,경상사고,0,0,1,0,차대차 - 측면충돌,안전운전불이행,건조,맑음,단일로 - 지하차도(도로)내,승용,여,54세,상해없음,화물,남,30세,경상
2022111000100308,2022년 11월 10일 14시,목요일,경상북도 상주시 낙양동,중상사고,0,1,0,0,차대차 - 측면충돌,안전거리미확보,건조,맑음,교차로 - 교차로안,화물,남,39세,상해없음,이륜,남,27세,중상
2022111000100309,2022년 11월 10일 14시,목요일,경상북도 포항시 남구 오천읍,경상사고,0,0,2,0,차대차 - 측면충돌,차로위반,건조,맑음,단일로 - 지하차도(도로)내,승용,남,79세,경상,승용,남,56세,경상
2022111000100344,2022년 11월 10일 15시,목요일,경상북도 포항시 남구 청림동,경상사고,0,0,1,0,차대차 - 측면충돌,안전운전불이행,건조,맑음,교차로 - 교차로안,자전거,남,76세,경상,승용,남,49세,상해없음
2022111000100383,2022년 11월 10일 16시,목요일,경상북도 안동시 운흥동,경상사고,0,0,2,0,차대차 - 측면충돌,신호위반,건조,맑음,교차로 - 교차로안,승용,남,55세,상해없음,승용,남,49세,경상
2022111000100422,2022년 11월 10일 17시,목요일,경상북도 안동시 풍천면,경상사고,0,0,2,0,차대차 - 정면충돌,직진우회전진행방해,건조,맑음,교차로 - 교차로안,승용,남,36세,상해없음,승용,여,61세,경상
2022111000100423,2022년 11월 10일 17시,목요일,경상북도 영주시 영주동,중상사고,0,1,0,0,차대차 - 측면충돌,안전운전불이행,건조,맑음,교차로 - 교차로안,승용,남,73세,상해없음,자전거,여,70세,중상
2022111000100424,2022년 11월 10일 17시,목요일,경상북도 영천시 망정동,경상사고,0,0,1,0,차대사람 - 차도통행중,안전운전불이행,건조,맑음,단일로 - 기타,승용,여,45세,상해없음,보행자,여,79세,경상
2022111000100425,2022년 11월 10일 17시,목요일,경상북도 청도군 이서면,경상사고,0,0,1,0,차대사람 - 길가장자리구역통행중,안전운전불이행,건조,맑음,단일로 - 기타,승용,남,72세,상해없음,보행자,남,72세,경상
2022111000100485,2022년 11월 10일 18시,목요일,경상북도 포항시 북구 흥해읍,중상사고,0,1,0,0,차대사람 - 기타,안전운전불이행,건조,맑음,교차로 - 교차로부근,승용,남,36세,상해없음,보행자,남,59세,중상
2022111000100486,2022년 11월 10일 18시,목요일,경상북도 예천군 호명면,경상사고,0,0,1,0,차대차 - 측면충돌,신호위반,건조,맑음,교차로 - 교차로횡단보도내,승용,여,73세,상해없음,승용,여,51세,경상
2022111000100487,2022년 11월 10일 18시,목요일,경상북도 예천군 풍양면,경상사고,0,0,1,0,차대차 - 추돌,안전운전불이행,건조,맑음,교차로 - 교차로안,화물,남,71세,상해없음,승용,여,53세,경상
2022111000100488,2022년 11월 10일 18시,목요일,경상북도 구미시 지산동,경상사고,0,0,1,0,차대차 - 측면충돌,신호위반,건조,맑음,단일로 - 기타,승용,여,42세,상해없음,승용,여,39세,경상
2022111000100542,2022년 11월 10일 19시,목요일,경상북도 청송군 부남면,경상사고,0,0,1,0,차대차 - 추돌,안전운전불이행,건조,맑음,단일로 - 지하차도(도로)내,승용,여,43세,경상,화물,남,48세,상해없음
2022111000100593,2022년 11월 10일 21시,목요일,경상북도 구미시 봉곡동,부상신고사고,0,0,0,1,차대차 - 측면충돌,안전운전불이행,건조,맑음,교차로 - 교차로안,승용,여,56세,상해없음,기타불명,여,77세,부상신고
2022111000100594,2022년 11월 10일 21시,목요일,경상북도 포항시 남구 오천읍,경상사고,0,0,1,0,차대차 - 정면충돌,안전운전불이행,건조,맑음,교차로 - 교차로부근,승용,여,58세,상해없음,자전거,남,12세,경상
2022111000100615,2022년 11월 10일 22시,목요일,경상북도 경주시 성건동,중상사고,0,1,0,0,차대차 - 기타,안전운전불이행,건조,맑음,교차로 - 교차로횡단보도내,자전거,남,27세,상해없음,승용,남,59세,상해없음
2022111000100631,2022년 11월 10일 23시,목요일,경상북도 경산시 옥곡동,경상사고,0,0,1,0,차대차 - 추돌,안전운전불이행,건조,맑음,단일로 - 기타,승용,남,56세,상해없음,승용,남,33세,상해없음
2022111000100632,2022년 11월 10일 23시,목요일,경상북도 구미시 송정동,경상사고,0,0,1,0,차대차 - 기타,안전운전불이행,건조,맑음,단일로 - 기타,승용,남,47세,경상,승용,남,32세,상해없음
2022111100100006,2022년 11월 11일 00시,금요일,경상북도 구미시 진평동,경상사고,0,0,1,0,차대차 - 기타,안전운전불이행,건조,맑음,교차로 - 교차로안,이륜,남,31세,경상,승용,남,60세,상해없음
2022111100100024,2022년 11월 11일 01시,금요일,경상북도 구미시 도량동,경상사고,0,0,2,0,차대차 - 추돌,안전운전불이행,건조,기타,교차로 - 교차로부근,승용,남,57세,상해없음,승용,남,39세,경상
2022111100100068,2022년 11월 11일 06시,금요일,경상북도 칠곡군 지천면,경상사고,0,0,1,0,차대차 - 추돌,기타,건조,맑음,교차로 - 교차로부근,화물,남,45세,상해없음,승용,남,38세,경상
2022111100100069,2022년 11월 11일 06시,금요일,경상북도 포항시 남구 연일읍,중상사고,0,1,0,0,차대차 - 측면충돌,중앙선침범,건조,맑음,교차로 - 교차로부근,자전거,여,61세,중상,승용,여,67세,기타불명
2022111100100115,2022년 11월 11일 08시,금요일,경상북도 경산시 진량읍,경상사고,0,0,1,0,차대차 - 측면충돌,안전거리미확보,건조,맑음,단일로 - 기타,승용,남,37세,상해없음,개인형이동수단(PM),남,38세,경상
2022111100100145,2022년 11월 11일 09시,금요일,경상북도 구미시 인의동,경상사고,0,0,1,0,차대차 - 기타,신호위반,건조,맑음,교차로 - 교차로안,승용,남,28세,상해없음,승용,남,29세,경상
2022111100100179,2022년 11월 11일 10시,금요일,경상북도 경주시 건천읍,경상사고,0,0,3,0,차대차 - 측면충돌,안전운전불이행,건조,맑음,교차로 - 교차로부근,화물,남,48세,상해없음,승용,여,57세,경상
2022111100100180,2022년 11월 11일 10시,금요일,경상북도 영덕군 영덕읍,경상사고,0,0,1,0,차대차 - 측면충돌,기타,건조,맑음,교차로 - 교차로안,승용,여,57세,상해없음,화물,여,58세,경상
2022111100100181,2022년 11월 11일 10시,금요일,경상북도 상주시 사벌국면,경상사고,0,0,2,0,차대차 - 추돌,안전운전불이행,건조,맑음,단일로 - 기타,승용,남,30세,상해없음,승용,여,40세,경상
2022111100100214,2022년 11월 11일 11시,금요일,경상북도 안동시 풍천면,중상사고,0,1,1,0,차대차 - 측면충돌,직진우회전진행방해,건조,맑음,교차로 - 교차로안,승용,여,35세,경상,승용,여,48세,중상
2022111100100215,2022년 11월 11일 11시,금요일,경상북도 칠곡군 북삼읍,경상사고,0,0,3,0,차대차 - 측면충돌,기타,건조,맑음,교차로 - 교차로안,승용,남,55세,경상,승용,남,38세,경상
2022111100100247,2022년 11월 11일 12시,금요일,경상북도 경주시 성건동,중상사고,0,1,2,0,차대차 - 추돌,안전운전불이행,건조,맑음,단일로 - 기타,화물,남,63세,중상,화물,남,66세,경상
2022111100100248,2022년 11월 11일 12시,금요일,경상북도 예천군 호명면,중상사고,0,1,0,0,차대차 - 기타,신호위반,건조,맑음,교차로 - 교차로안,화물,남,34세,상해없음,승용,여,40세,중상
2022111100100249,2022년 11월 11일 12시,금요일,경상북도 구미시 형곡동,경상사고,0,0,1,0,차대차 - 측면충돌,안전거리미확보,건조,맑음,단일로 - 기타,승용,여,55세,상해없음,이륜,남,45세,경상
2022111100100315,2022년 11월 11일 14시,금요일,경상북도 경주시 외동읍,경상사고,0,0,1,0,차대차 - 추돌,안전운전불이행,건조,맑음,단일로 - 기타,건설기계,남,53세,상해없음,원동기,여,31세,경상
2022111100100354,2022년 11월 11일 15시,금요일,경상북도 성주군 성주읍,경상사고,0,0,2,0,차대차 - 기타,안전운전불이행,건조,맑음,교차로 - 교차로안,승용,남,63세,경상,화물,남,54세,경상
2022111100100401,2022년 11월 11일 16시,금요일,경상북도 칠곡군 북삼읍,경상사고,0,0,5,0,차대차 - 추돌,안전운전불이행,건조,맑음,교차로 - 교차로부근,화물,남,56세,상해없음,승용,남,34세,경상
2022111100100554,2022년 11월 11일 19시,금요일,경상북도 안동시 송천동,경상사고,0,0,1,0,차대차 - 기타,신호위반,건조,맑음,단일로 - 기타,승용,여,63세,상해없음,승합,남,43세,상해없음
2022111100100555,2022년 11월 11일 19시,금요일,경상북도 경산시 남천면,중상사고,0,2,3,0,차대차 - 추돌,안전운전불이행,건조,맑음,단일로 - 기타,화물,남,60세,상해없음,화물,남,45세,중상
2022111100100592,2022년 11월 11일 20시,금요일,경상북도 안동시 일직면,경상사고,0,0,1,0,차대차 - 기타,차로위반,건조,맑음,단일로 - 기타,승용,여,20세,상해없음,승용,남,30세,경상
2022111100100619,2022년 11월 11일 21시,금요일,경상북도 경주시 황오동,중상사고,0,1,0,0,차대사람 - 보도통행중,기타,건조,맑음,기타 - 기타,승용,남,54세,상해없음,보행자,여,38세,중상
2022111100100650,2022년 11월 11일 22시,금요일,경상북도 경주시 사정동,중상사고,0,1,1,0,차대차 - 측면충돌,신호위반,건조,맑음,교차로 - 교차로안,승용,남,71세,상해없음,승용,남,41세,경상
2022111100100671,2022년 11월 11일 23시,금요일,경상북도 칠곡군 약목면,경상사고,0,0,1,1,차대차 - 추돌,안전운전불이행,건조,맑음,단일로 - 기타,승용,남,58세,부상신고,승합,남,66세,경상
2022111200100010,2022년 11월 12일 00시,토요일,경상북도 구미시 고아읍,경상사고,0,0,1,0,차대차 - 측면충돌,교차로운행방법위반,건조,맑음,교차로 - 교차로안,승용,남,58세,상해없음,승용,여,67세,경상
2022111200100045,2022년 11월 12일 04시,토요일,경상북도 포항시 남구 대잠동,경상사고,0,0,1,0,차량단독 - 기타,안전운전불이행,건조,맑음,단일로 - 기타,개인형이동수단(PM),남,33세,경상,,,,
2022111200100056,2022년 11월 12일 05시,토요일,경상북도 포항시 남구 해도동,경상사고,0,0,1,0,차대차 - 측면충돌,중앙선침범,건조,맑음,단일로 - 기타,화물,남,72세,상해없음,자전거,남,63세,경상
2022111200100078,2022년 11월 12일 07시,토요일,경상북도 문경시 점촌동,경상사고,0,0,1,0,차대차 - 측면충돌,안전운전불이행,건조,맑음,단일로 - 기타,승합,여,53세,상해없음,승용,여,29세,경상
2022111200100086,2022년 11월 12일 08시,토요일,경상북도 문경시 모전동,경상사고,0,0,1,0,차대차 - 측면충돌,안전운전불이행,건조,맑음,기타 - 기타,승용,남,77세,상해없음,화물,남,45세,경상
2022111200100087,2022년 11월 12일 08시,토요일,경상북도 포항시 남구 해도동,경상사고,0,0,1,0,차대차 - 측면충돌,직진우회전진행방해,건조,맑음,교차로 - 교차로안,승용,남,30세,상해없음,승용,여,45세,경상
2022111200100111,2022년 11월 12일 09시,토요일,경상북도 안동시 도산면,경상사고,0,0,3,0,차대차 - 후진중충돌,안전운전불이행,건조,맑음,교차로 - 교차로안,승용,남,53세,상해없음,승용,여,41세,경상
2022111200100145,2022년 11월 12일 10시,토요일,경상북도 군위군 군위읍,중상사고,0,1,0,0,차대차 - 측면충돌,안전운전불이행,건조,맑음,단일로 - 기타,승용,여,53세,상해없음,이륜,여,70세,중상
2022111200100146,2022년 11월 12일 10시,토요일,경상북도 포항시 남구 오천읍,중상사고,0,1,0,0,차대차 - 측면충돌,안전운전불이행,건조,맑음,교차로 - 교차로안,자전거,남,68세,중상,화물,남,24세,상해없음
2022111200100184,2022년 11월 12일 11시,토요일,경상북도 경주시 신평동,경상사고,0,0,1,0,차대차 - 측면충돌,안전운전불이행,건조,맑음,교차로 - 교차로안,승용,여,38세,상해없음,자전거,남,48세,경상
2022111200100226,2022년 11월 12일 12시,토요일,경상북도 경주시 노서동,중상사고,0,1,0,0,차대차 - 측면충돌,안전운전불이행,건조,맑음,교차로 - 교차로안,자전거,여,70세,중상,승용,남,58세,상해없음
2022111200100227,2022년 11월 12일 12시,토요일,경상북도 문경시 점촌동,경상사고,0,0,1,0,차대차 - 기타,기타,건조,맑음,단일로 - 기타,건설기계,남,59세,상해없음,승용,여,34세,경상