사고번호,사고일시,요일,시군구,사고내용,사망자수,중상자수,경상자수,부상신고자수,사고유형,법규위반,노면상태,기상상태,도로형태,가해운전자 차종,가해운전자 성별,가해운전자 연령,가해운전자 상해정도,피해운전자 차종,피해운전자 성별,피해운전자 연령,피해운전자 상해정도
2022111200100228,2022년 11월 12일 12시,토요일,경상북도 청도군 청도읍,중상사고,0,1,4,6,차대차 - 추돌,안전거리미확보,건조,맑음,단일로 - 기타,승용,남,40세,부상신고,승합,남,62세,부상신고
2022111200100258,2022년 11월 12일 13시,토요일,경상북도 경주시 진현동,경상사고,0,0,1,0,차대사람 - 기타,안전운전불이행,건조,맑음,교차로 - 교차로횡단보도내,승용,남,36세,상해없음,보행자,여,21세,경상
2022111200100259,2022년 11월 12일 13시,토요일,경상북도 안동시 운흥동,중상사고,0,1,0,1,차대차 - 기타,안전운전불이행,건조,맑음,교차로 - 교차로안,승용,여,44세,부상신고,승용,여,61세,중상
2022111200100261,2022년 11월 12일 13시,토요일,경상북도 구미시 사곡동,경상사고,0,0,1,0,차대차 - 측면충돌,직진우회전진행방해,건조,맑음,교차로 - 교차로안,승용,여,46세,상해없음,이륜,남,21세,경상
2022111200100262,2022년 11월 12일 13시,토요일,경상북도 영천시 신녕면,경상사고,0,0,2,1,차대차 - 측면충돌,안전운전불이행,건조,맑음,단일로 - 기타,승용,남,21세,부상신고,승용,남,46세,경상
2022111200100302,2022년 11월 12일 14시,토요일,경상북도 포항시 북구 장성동,경상사고,0,0,2,0,차대차 - 측면충돌,안전운전불이행,건조,맑음,교차로 - 교차로안,승용,남,66세,상해없음,승용,여,60세,경상
2022111200100332,2022년 11월 12일 15시,토요일,경상북도 상주시 외서면,중상사고,0,1,0,0,차대차 - 기타,안전운전불이행,건조,맑음,단일로 - 기타,화물,남,56세,상해없음,승용,남,50세,중상
2022111200100333,2022년 11월 12일 15시,토요일,경상북도 영천시 완산동,경상사고,0,0,1,0,차대사람 - 차도통행중,안전운전불이행,건조,맑음,단일로 - 기타,화물,남,82세,상해없음,보행자,여,84세,경상
2022111200100334,2022년 11월 12일 15시,토요일,경상북도 예천군 예천읍,경상사고,0,0,1,0,차대사람 - 차도통행중,보행자보호의무위반,건조,맑음,단일로 - 기타,승용,남,62세,상해없음,보행자,여,50세,경상
2022111200100335,2022년 11월 12일 15시,토요일,경상북도 포항시 남구 구룡포읍,경상사고,0,0,1,0,차대차 - 측면충돌,안전운전불이행,건조,맑음,단일로 - 지하차도(도로)내,승용,남,60세,상해없음,승용,여,64세,경상
2022111200100380,2022년 11월 12일 16시,토요일,경상북도 경산시 중방동,경상사고,0,0,2,0,차대차 - 측면충돌,교차로운행방법위반,건조,맑음,교차로 - 교차로부근,승용,여,59세,경상,승용,여,29세,경상
2022111200100421,2022년 11월 12일 17시,토요일,경상북도 안동시 태화동,중상사고,0,1,0,0,차대차 - 기타,신호위반,건조,맑음,교차로 - 교차로안,이륜,남,75세,중상,승용,남,41세,상해없음
2022111200100478,2022년 11월 12일 18시,토요일,경상북도 포항시 남구 오천읍,경상사고,0,0,3,1,차대차 - 추돌,안전운전불이행,건조,맑음,교차로 - 교차로부근,승용,남,43세,상해없음,승용,남,39세,경상
2022111200100539,2022년 11월 12일 19시,토요일,경상북도 포항시 북구 득량동,경상사고,0,0,1,0,차대사람 - 횡단중,보행자보호의무위반,건조,맑음,교차로 - 교차로안,승용,남,62세,상해없음,보행자,남,6세,경상
2022111200100540,2022년 11월 12일 19시,토요일,경상북도 영주시 영주동,경상사고,0,0,1,0,차대차 - 기타,교차로운행방법위반,건조,맑음,교차로 - 교차로안,승용,남,26세,상해없음,이륜,남,19세,경상
2022111200100541,2022년 11월 12일 19시,토요일,경상북도 영주시 가흥동,중상사고,0,1,0,0,차대사람 - 횡단중,보행자보호의무위반,건조,맑음,교차로 - 교차로안,승용,여,67세,상해없음,보행자,남,47세,중상
2022111200100591,2022년 11월 12일 20시,토요일,경상북도 구미시 공단동,중상사고,0,2,0,0,차대차 - 추돌,안전운전불이행,건조,맑음,교차로 - 교차로부근,승용,남,46세,상해없음,승용,남,45세,중상
2022111200100620,2022년 11월 12일 21시,토요일,경상북도 상주시 인봉동,경상사고,0,0,2,0,차대차 - 측면충돌,교차로운행방법위반,젖음/습기,흐림,교차로 - 교차로안,승용,남,39세,상해없음,승용,남,40세,경상
2022111200100621,2022년 11월 12일 21시,토요일,경상북도 구미시 신평동,부상신고사고,0,0,0,1,차량단독 - 기타,기타,건조,맑음,단일로 - 기타,자전거,남,43세,부상신고,,,,
2022111200100622,2022년 11월 12일 21시,토요일,경상북도 포항시 남구 대도동,경상사고,0,0,1,0,차대차 - 정면충돌,안전운전불이행,건조,맑음,교차로 - 교차로부근,자전거,남,66세,경상,승용,남,59세,상해없음
2022111200100666,2022년 11월 12일 22시,토요일,경상북도 포항시 남구 효자동,경상사고,0,0,1,0,차대차 - 측면충돌,안전운전불이행,건조,맑음,단일로 - 기타,승용,여,45세,경상,승용,남,37세,상해없음
2022111300100024,2022년 11월 13일 01시,일요일,경상북도 구미시 인의동,경상사고,0,0,4,0,차대차 - 측면충돌,중앙선침범,건조,맑음,단일로 - 기타,화물,남,45세,상해없음,승용,남,29세,경상
2022111300100041,2022년 11월 13일 02시,일요일,경상북도 포항시 북구 죽도동,경상사고,0,0,3,0,차대차 - 측면충돌,안전운전불이행,젖음/습기,비,교차로 - 교차로안,승용,남,24세,상해없음,승용,남,71세,상해없음
2022111300100042,2022년 11월 13일 02시,일요일,경상북도 포항시 북구 죽도동,부상신고사고,0,0,0,1,차대차 - 기타,안전운전불이행,젖음/습기,비,단일로 - 기타,기타불명,기타불명,미분류,기타불명,승용,남,44세,부상신고
2022111300100043,2022년 11월 13일 02시,일요일,경상북도 경산시 옥산동,경상사고,0,0,1,0,차대사람 - 기타,안전운전불이행,건조,맑음,교차로 - 교차로안,승용,남,30세,상해없음,보행자,남,27세,경상
2022111300100044,2022년 11월 13일 02시,일요일,경상북도 구미시 옥계동,경상사고,0,0,1,0,차대사람 - 기타,안전운전불이행,건조,맑음,단일로 - 기타,승용,남,57세,상해없음,보행자,남,52세,경상
2022111300100055,2022년 11월 13일 03시,일요일,경상북도 구미시 광평동,경상사고,0,0,1,0,차량단독 - 공작물충돌,안전운전불이행,건조,맑음,단일로 - 기타,승용,남,72세,상해없음,,,,
2022111300100056,2022년 11월 13일 03시,일요일,경상북도 포항시 남구 대잠동,중상사고,0,2,1,0,차대차 - 추돌,안전운전불이행,젖음/습기,비,교차로 - 교차로부근,승용,여,28세,경상,승용,남,57세,중상
2022111300100088,2022년 11월 13일 08시,일요일,경상북도 포항시 북구 양덕동,경상사고,0,0,1,0,차대차 - 정면충돌,신호위반,건조,맑음,교차로 - 교차로안,승용,남,73세,상해없음,승용,남,33세,경상
2022111300100102,2022년 11월 13일 09시,일요일,경상북도 상주시 모서면,경상사고,0,0,2,0,차대차 - 측면충돌,신호위반,건조,맑음,교차로 - 교차로안,화물,남,46세,상해없음,화물,남,83세,경상
2022111300100159,2022년 11월 13일 12시,일요일,경상북도 포항시 남구 오천읍,경상사고,0,0,4,0,차대차 - 정면충돌,직진우회전진행방해,건조,맑음,교차로 - 교차로안,화물,남,21세,경상,승용,남,30세,경상
2022111300100191,2022년 11월 13일 13시,일요일,경상북도 구미시 고아읍,경상사고,0,0,3,2,차대차 - 추돌,안전운전불이행,건조,맑음,교차로 - 교차로부근,화물,남,73세,상해없음,승용,남,34세,경상
2022111300100221,2022년 11월 13일 14시,일요일,경상북도 칠곡군 왜관읍,경상사고,0,0,1,0,차대차 - 추돌,안전거리미확보,건조,맑음,교차로 - 교차로부근,화물,남,61세,상해없음,승용,남,27세,경상
2022111300100222,2022년 11월 13일 14시,일요일,경상북도 칠곡군 동명면,경상사고,0,0,1,0,차대차 - 측면충돌,교차로운행방법위반,건조,맑음,교차로 - 교차로안,승용,남,62세,상해없음,이륜,남,32세,경상
2022111300100251,2022년 11월 13일 15시,일요일,경상북도 안동시 북후면,경상사고,0,0,1,1,차대차 - 기타,안전운전불이행,건조,맑음,단일로 - 기타,승용,여,66세,상해없음,화물,남,67세,경상
2022111300100277,2022년 11월 13일 16시,일요일,경상북도 김천시 어모면,중상사고,0,1,2,0,차대차 - 측면충돌,교차로운행방법위반,건조,맑음,교차로 - 교차로안,승용,남,23세,경상,승용,남,29세,경상
2022111300100278,2022년 11월 13일 16시,일요일,경상북도 문경시 모전동,경상사고,0,0,1,0,차대차 - 기타,기타,건조,맑음,단일로 - 기타,승용,남,24세,상해없음,자전거,남,76세,경상
2022111300100279,2022년 11월 13일 16시,일요일,경상북도 칠곡군 지천면,중상사고,0,1,1,0,차대차 - 추돌,안전운전불이행,건조,맑음,단일로 - 기타,승용,남,37세,경상,승용,남,41세,중상
2022111300100313,2022년 11월 13일 17시,일요일,경상북도 포항시 남구 장흥동,경상사고,0,0,2,0,차대차 - 기타,안전운전불이행,건조,흐림,교차로 - 교차로부근,건설기계,남,35세,상해없음,승용,남,59세,경상
2022111300100341,2022년 11월 13일 18시,일요일,경상북도 안동시 남후면,경상사고,0,0,2,0,차대차 - 기타,안전거리미확보,건조,맑음,단일로 - 기타,화물,남,52세,기타불명,승합,남,55세,경상
2022111300100342,2022년 11월 13일 18시,일요일,경상북도 구미시 황상동,부상신고사고,0,0,0,1,차대사람 - 기타,안전운전불이행,건조,맑음,단일로 - 기타,승합,남,55세,상해없음,보행자,여,67세,부상신고
2022111300100343,2022년 11월 13일 18시,일요일,경상북도 상주시 공검면,사망사고,1,3,3,0,차대차 - 추돌,안전거리미확보,건조,맑음,단일로 - 기타,승용,여,61세,상해없음,승용,남,48세,중상
2022111300100371,2022년 11월 13일 19시,일요일,경상북도 영천시 망정동,경상사고,0,0,1,0,차대차 - 측면충돌,안전운전불이행,건조,흐림,교차로 - 교차로안,승합,여,62세,상해없음,승용,남,41세,경상
2022111300100372,2022년 11월 13일 19시,일요일,경상북도 구미시 거의동,경상사고,0,0,1,0,차대차 - 기타,안전운전불이행,건조,맑음,단일로 - 기타,승용,남,38세,상해없음,승용,여,42세,경상
2022111300100426,2022년 11월 13일 21시,일요일,경상북도 경주시 충효동,경상사고,0,0,1,0,차대차 - 측면충돌,신호위반,건조,맑음,교차로 - 교차로안,승용,남,46세,상해없음,승용,남,53세,경상
2022111300100427,2022년 11월 13일 21시,일요일,경상북도 경산시 진량읍,중상사고,0,1,0,0,차대사람 - 횡단중,안전운전불이행,건조,맑음,교차로 - 교차로횡단보도내,승용,남,53세,상해없음,보행자,남,74세,중상
2022111400100069,2022년 11월 14일 07시,월요일,경상북도 영주시 풍기읍,경상사고,0,0,1,1,차대차 - 측면충돌,교차로운행방법위반,건조,맑음,교차로 - 교차로안,화물,남,49세,부상신고,승용,여,48세,경상
2022111400100104,2022년 11월 14일 08시,월요일,경상북도 경산시 하양읍,중상사고,0,1,0,0,차대사람 - 횡단중,보행자보호의무위반,건조,맑음,단일로 - 기타,승용,남,66세,상해없음,보행자,여,35세,중상
2022111400100105,2022년 11월 14일 08시,월요일,경상북도 고령군 개진면,경상사고,0,0,1,0,차대차 - 기타,중앙선침범,건조,맑음,단일로 - 기타,승용,여,62세,상해없음,건설기계,남,54세,경상
2022111400100106,2022년 11월 14일 08시,월요일,경상북도 포항시 남구 대잠동,경상사고,0,0,2,0,차대차 - 측면충돌,안전거리미확보,건조,맑음,단일로 - 기타,승용,여,59세,경상,승용,여,59세,경상
2022111400100137,2022년 11월 14일 09시,월요일,경상북도 경주시 외동읍,경상사고,0,0,2,0,차대차 - 측면충돌,중앙선침범,건조,맑음,단일로 - 기타,승용,남,40세,경상,화물,남,61세,경상
2022111400100167,2022년 11월 14일 10시,월요일,경상북도 포항시 북구 죽도동,부상신고사고,0,0,0,1,차대차 - 측면충돌,안전운전불이행,건조,맑음,교차로 - 교차로안,승용,여,47세,상해없음,승용,남,69세,부상신고
2022111400100193,2022년 11월 14일 11시,월요일,경상북도 경주시 안강읍,중상사고,0,1,0,0,차대차 - 측면충돌,안전운전불이행,건조,맑음,교차로 - 교차로안,승용,여,53세,상해없음,승용,남,58세,상해없음
2022111400100194,2022년 11월 14일 11시,월요일,경상북도 포항시 남구 연일읍,경상사고,0,0,1,0,차대차 - 기타,안전운전불이행,건조,맑음,교차로 - 교차로부근,화물,남,66세,상해없음,자전거,여,68세,경상
2022111400100220,2022년 11월 14일 12시,월요일,경상북도 포항시 북구 흥해읍,중상사고,0,1,3,0,차대차 - 기타,신호위반,건조,맑음,교차로 - 교차로안,승용,남,63세,상해없음,승용,남,28세,경상
2022111400100221,2022년 11월 14일 12시,월요일,경상북도 포항시 북구 죽도동,경상사고,0,0,1,0,차대차 - 기타,차로위반,건조,맑음,단일로 - 기타,승용,남,67세,상해없음,승용,남,71세,상해없음
2022111400100222,2022년 11월 14일 12시,월요일,경상북도 포항시 남구 상도동,중상사고,0,1,0,0,차대차 - 측면충돌,안전거리미확보,건조,맑음,교차로 - 교차로부근,승용,남,65세,상해없음,승합,남,59세,상해없음
2022111400100254,2022년 11월 14일 13시,월요일,경상북도 예천군 보문면,경상사고,0,0,1,0,차대차 - 측면충돌,안전거리미확보,건조,맑음,단일로 - 기타,이륜,남,54세,경상,화물,남,50세,상해없음
2022111400100255,2022년 11월 14일 13시,월요일,경상북도 포항시 남구 대잠동,경상사고,0,0,2,0,차대차 - 측면충돌,신호위반,건조,맑음,교차로 - 교차로부근,승용,남,71세,상해없음,승용,여,54세,경상
2022111400100281,2022년 11월 14일 14시,월요일,경상북도 경주시 강동면,중상사고,0,1,0,0,차대차 - 정면충돌,중앙선침범,건조,맑음,교차로 - 교차로안,화물,남,59세,상해없음,이륜,남,22세,중상
2022111400100282,2022년 11월 14일 14시,월요일,경상북도 칠곡군 왜관읍,경상사고,0,0,2,0,차대차 - 측면충돌,신호위반,건조,맑음,교차로 - 교차로안,건설기계,남,54세,상해없음,화물,남,29세,경상
2022111400100283,2022년 11월 14일 14시,월요일,경상북도 구미시 고아읍,경상사고,0,0,3,0,차대차 - 추돌,안전운전불이행,건조,맑음,단일로 - 기타,승용,여,41세,상해없음,승용,남,67세,경상
2022111400100315,2022년 11월 14일 15시,월요일,경상북도 의성군 안계면,경상사고,0,0,1,0,차대차 - 측면충돌,기타,건조,맑음,단일로 - 기타,이륜,남,78세,경상,승용,남,67세,상해없음
2022111400100359,2022년 11월 14일 16시,월요일,경상북도 포항시 남구 오천읍,부상신고사고,0,0,0,1,차대사람 - 차도통행중,안전운전불이행,건조,맑음,교차로 - 교차로부근,승용,남,26세,상해없음,보행자,남,15세,부상신고
2022111400100403,2022년 11월 14일 17시,월요일,경상북도 경산시 옥산동,경상사고,0,0,1,0,차대사람 - 횡단중,보행자보호의무위반,건조,맑음,교차로 - 교차로안,승합,여,69세,상해없음,보행자,남,59세,경상
2022111400100404,2022년 11월 14일 17시,월요일,경상북도 포항시 남구 상도동,부상신고사고,0,0,0,1,차대차 - 기타,안전운전불이행,건조,맑음,단일로 - 기타,개인형이동수단(PM),여,15세,상해없음,이륜,남,26세,부상신고
2022111400100456,2022년 11월 14일 18시,월요일,경상북도 상주시 남성동,경상사고,0,0,2,0,차대차 - 측면충돌,안전운전불이행,건조,맑음,교차로 - 교차로부근,승용,남,34세,경상,이륜,남,28세,경상
2022111400100457,2022년 11월 14일 18시,월요일,경상북도 상주시 낙양동,중상사고,0,1,0,0,차대차 - 측면충돌,신호위반,건조,맑음,교차로 - 교차로안,자전거,남,14세,중상,승용,남,55세,상해없음
2022111400100458,2022년 11월 14일 18시,월요일,경상북도 구미시 광평동,경상사고,0,0,1,0,차대차 - 측면충돌,안전운전불이행,건조,맑음,교차로 - 교차로부근,승용,남,63세,상해없음,이륜,남,26세,경상
2022111400100506,2022년 11월 14일 19시,월요일,경상북도 김천시 평화동,중상사고,0,1,0,0,차대차 - 측면충돌,안전운전불이행,건조,맑음,교차로 - 교차로안,승용,남,53세,상해없음,이륜,남,55세,중상
2022111400100535,2022년 11월 14일 20시,월요일,경상북도 포항시 북구 흥해읍,경상사고,0,0,1,0,차대사람 - 횡단중,보행자보호의무위반,건조,맑음,기타 - 기타,승용,여,59세,상해없음,보행자,남,78세,경상
2022111400100536,2022년 11월 14일 20시,월요일,경상북도 성주군 성주읍,경상사고,0,0,1,0,차대차 - 정면충돌,중앙선침범,건조,맑음,단일로 - 기타,화물,남,60세,상해없음,화물,남,60세,경상
2022111400100537,2022년 11월 14일 20시,월요일,경상북도 구미시 황상동,경상사고,0,0,2,0,차대차 - 측면충돌,안전운전불이행,건조,맑음,교차로 - 교차로안,승용,남,25세,상해없음,승용,남,42세,경상
2022111400100538,2022년 11월 14일 20시,월요일,경상북도 포항시 남구 장흥동,사망사고,1,0,0,0,차대차 - 측면충돌,신호위반,건조,맑음,교차로 - 교차로안,특수,남,57세,상해없음,승용,남,66세,사망
2022111400100563,2022년 11월 14일 21시,월요일,경상북도 영덕군 영덕읍,중상사고,0,1,0,0,차대차 - 측면충돌,불법유턴,건조,맑음,교차로 - 교차로안,자전거,남,10세,중상,승용,남,60세,상해없음
2022111400100585,2022년 11월 14일 22시,월요일,경상북도 상주시 화남면,경상사고,0,0,1,0,차대차 - 정면충돌,중앙선침범,건조,맑음,단일로 - 기타,승용,남,56세,상해없음,승용,남,43세,경상
2022111400100608,2022년 11월 14일 23시,월요일,경상북도 구미시 진평동,경상사고,0,0,1,0,차대차 - 추돌,안전운전불이행,건조,맑음,교차로 - 교차로안,이륜,남,41세,상해없음,원동기,남,34세,경상
2022111500100006,2022년 11월 15일 00시,화요일,경상북도 경산시 옥곡동,경상사고,0,0,1,0,차대차 - 추돌,안전운전불이행,건조,맑음,교차로 - 교차로부근,승용,남,54세,상해없음,승용,남,46세,경상
2022111500100027,2022년 11월 15일 02시,화요일,경상북도 구미시 구포동,경상사고,0,0,1,0,차량단독 - 공작물충돌,안전운전불이행,건조,맑음,단일로 - 기타,승용,남,27세,상해없음,,,,
2022111500100032,2022년 11월 15일 04시,화요일,경상북도 구미시 봉곡동,경상사고,0,0,1,0,차대차 - 추돌,안전운전불이행,건조,맑음,교차로 - 교차로부근,승합,남,22세,상해없음,승용,남,37세,경상
2022111500100090,2022년 11월 15일 07시,화요일,경상북도 울진군 후포면,중상사고,0,1,0,0,차대사람 - 횡단중,안전운전불이행,건조,맑음,단일로 - 기타,승용,남,60세,상해없음,보행자,여,88세,중상
2022111500100130,2022년 11월 15일 08시,화요일,경상북도 안동시 옥야동,경상사고,0,0,2,0,차대차 - 기타,교차로운행방법위반,건조,맑음,단일로 - 교량,승용,남,62세,상해없음,승용,여,43세,경상
2022111500100131,2022년 11월 15일 08시,화요일,경상북도 구미시 임은동,경상사고,0,0,1,0,차대사람 - 횡단중,보행자보호의무위반,건조,맑음,교차로 - 교차로횡단보도내,승용,여,49세,상해없음,보행자,여,7세,경상
2022111500100156,2022년 11월 15일 09시,화요일,경상북도 경주시 안강읍,중상사고,0,1,1,0,차대차 - 추돌,안전운전불이행,건조,맑음,단일로 - 기타,승용,여,63세,경상,승용,남,25세,중상
2022111500100157,2022년 11월 15일 09시,화요일,경상북도 김천시 아포읍,경상사고,0,0,1,0,차대차 - 측면충돌,교차로운행방법위반,건조,맑음,교차로 - 교차로안,승용,여,65세,상해없음,승용,여,55세,경상
2022111500100158,2022년 11월 15일 09시,화요일,경상북도 상주시 성동동,중상사고,0,1,0,0,차대차 - 측면충돌,교차로운행방법위반,건조,맑음,교차로 - 교차로안,승용,남,53세,상해없음,이륜,남,42세,중상
2022111500100159,2022년 11월 15일 09시,화요일,경상북도 의성군 다인면,중상사고,0,1,1,0,차대차 - 정면충돌,중앙선침범,건조,맑음,단일로 - 기타,승용,남,52세,중상,건설기계,남,48세,경상
2022111500100160,2022년 11월 15일 09시,화요일,경상북도 구미시 원평동,경상사고,0,0,1,0,차대차 - 기타,중앙선침범,건조,맑음,교차로 - 교차로횡단보도내,자전거,남,67세,경상,승합,여,59세,상해없음
2022111500100216,2022년 11월 15일 11시,화요일,경상북도 안동시 풍산읍,경상사고,0,0,1,0,차대차 - 추돌,안전거리미확보,건조,맑음,단일로 - 기타,승용,여,40세,상해없음,승용,여,50세,경상
2022111500100258,2022년 11월 15일 12시,화요일,경상북도 경주시 노서동,경상사고,0,0,2,0,차대차 - 기타,안전거리미확보,건조,맑음,단일로 - 기타,승용,여,46세,상해없음,승용,남,56세,상해없음
2022111500100259,2022년 11월 15일 12시,화요일,경상북도 문경시 점촌동,중상사고,0,1,1,0,차대차 - 측면충돌,안전운전불이행,건조,맑음,교차로 - 교차로안,승용,여,42세,상해없음,승용,남,42세,중상
2022111500100260,2022년 11월 15일 12시,화요일,경상북도 포항시 남구 오천읍,중상사고,0,1,1,0,차대사람 - 기타,안전운전불이행,건조,맑음,단일로 - 기타,승용,남,72세,상해없음,보행자,여,61세,중상
2022111500100261,2022년 11월 15일 12시,화요일,경상북도 포항시 남구 연일읍,경상사고,0,0,2,0,차대차 - 추돌,안전운전불이행,건조,맑음,단일로 - 기타,원동기,남,16세,경상,승용,남,76세,경상
2022111500100262,2022년 11월 15일 12시,화요일,경상북도 포항시 남구 오천읍,경상사고,0,0,1,0,차대차 - 측면충돌,안전운전불이행,건조,맑음,단일로 - 기타,승용,여,47세,상해없음,승용,여,43세,상해없음
2022111500100291,2022년 11월 15일 13시,화요일,경상북도 칠곡군 왜관읍,경상사고,0,0,1,0,차대차 - 측면충돌,안전거리미확보,건조,맑음,교차로 - 교차로부근,승용,남,92세,상해없음,승용,여,43세,경상
2022111500100292,2022년 11월 15일 13시,화요일,경상북도 봉화군 봉화읍,경상사고,0,0,1,0,차대차 - 추돌,안전운전불이행,건조,맑음,단일로 - 기타,자전거,여,74세,경상,화물,남,26세,상해없음
2022111500100331,2022년 11월 15일 14시,화요일,경상북도 포항시 북구 죽도동,중상사고,0,1,0,0,차대차 - 기타,안전운전불이행,건조,맑음,교차로 - 교차로안,자전거,여,60세,중상,화물,남,55세,상해없음
2022111500100332,2022년 11월 15일 14시,화요일,경상북도 김천시 부곡동,경상사고,0,0,1,0,차대차 - 측면충돌,안전거리미확보,건조,맑음,단일로 - 기타,승용,여,51세,상해없음,이륜,남,25세,경상
2022111500100333,2022년 11월 15일 14시,화요일,경상북도 구미시 선산읍,경상사고,0,0,1,1,차대차 - 측면충돌,안전운전불이행,건조,맑음,단일로 - 기타,승용,남,46세,상해없음,화물,남,31세,경상
2022111500100360,2022년 11월 15일 15시,화요일,경상북도 구미시 해평면,중상사고,0,1,0,0,차대차 - 정면충돌,안전운전불이행,건조,맑음,교차로 - 교차로안,승용,남,34세,상해없음,화물,남,71세,중상
2022111500100395,2022년 11월 15일 16시,화요일,경상북도 김천시 신음동,경상사고,0,0,3,0,차대차 - 추돌,안전운전불이행,건조,맑음,교차로 - 교차로부근,승용,남,30세,상해없음,승용,여,31세,경상
2022111500100396,2022년 11월 15일 16시,화요일,경상북도 성주군 가천면,중상사고,0,1,1,0,차대차 - 기타,안전운전불이행,건조,맑음,단일로 - 기타,화물,남,67세,경상,이륜,남,82세,중상
2022111500100397,2022년 11월 15일 16시,화요일,경상북도 구미시 고아읍,중상사고,0,1,0,0,차대차 - 기타,안전운전불이행,건조,맑음,단일로 - 기타,승용,남,49세,상해없음,승용,여,43세,중상
2022111500100445,2022년 11월 15일 17시,화요일,경상북도 의성군 다인면,사망사고,1,0,0,0,차량단독 - 공작물충돌,안전운전불이행,젖음/습기,비,교차로 - 교차로안,화물,남,68세,사망,,,,
2022111500100446,2022년 11월 15일 17시,화요일,경상북도 문경시 흥덕동,중상사고,0,1,1,0,차대차 - 측면충돌,기타,기타,비,교차로 - 교차로안,화물,여,62세,중상,승용,여,61세,경상
2022111500100512,2022년 11월 15일 18시,화요일,경상북도 경주시 동방동,경상사고,0,0,1,0,차량단독 - 기타,안전운전불이행,건조,맑음,단일로 - 기타,원동기,남,86세,경상,,,,
2022111500100513,2022년 11월 15일 18시,화요일,경상북도 울진군 후포면,경상사고,0,0,1,0,차대차 - 측면충돌,기타,건조,맑음,단일로 - 기타,승용,남,58세,상해없음,승용,남,33세,경상
2022111500100514,2022년 11월 15일 18시,화요일,경상북도 상주시 낙동면,경상사고,0,0,1,0,차대차 - 측면충돌,안전운전불이행,건조,맑음,단일로 - 기타,화물,남,55세,상해없음,승용,남,35세,경상
2022111500100575,2022년 11월 15일 20시,화요일,경상북도 의성군 의성읍,경상사고,0,0,1,0,차대차 - 정면충돌,직진우회전진행방해,건조,흐림,교차로 - 교차로안,승용,남,28세,상해없음,승용,남,56세,경상
2022111500100576,2022년 11월 15일 20시,화요일,경상북도 포항시 남구 상도동,경상사고,0,0,2,0,차대차 - 측면충돌,직진우회전진행방해,건조,맑음,단일로 - 기타,승용,남,73세,경상,이륜,남,22세,경상
2022111500100602,2022년 11월 15일 21시,화요일,경상북도 구미시 옥계동,경상사고,0,0,1,0,차대차 - 측면충돌,안전거리미확보,건조,맑음,단일로 - 기타,승용,남,33세,상해없음,이륜,남,41세,경상
2022111500100603,2022년 11월 15일 21시,화요일,경상북도 포항시 남구 송내동,경상사고,0,0,1,0,차대차 - 측면충돌,안전거리미확보,건조,맑음,단일로 - 교량,승용,남,66세,상해없음,원동기,여,27세,경상
2022111500100623,2022년 11월 15일 22시,화요일,경상북도 경주시 안강읍,경상사고,0,0,1,0,차량단독 - 도로외이탈 - 기타,안전운전불이행,건조,맑음,단일로 - 기타,이륜,남,60세,경상,,,,
2022111600100009,2022년 11월 16일 00시,수요일,경상북도 포항시 북구 덕수동,경상사고,0,0,1,0,차대차 - 측면충돌,안전운전불이행,건조,맑음,단일로 - 기타,승용,남,34세,상해없음,자전거,여,60세,경상
2022111600100010,2022년 11월 16일 00시,수요일,경상북도 구미시 구포동,경상사고,0,0,1,0,차대사람 - 기타,안전운전불이행,건조,맑음,단일로 - 기타,승용,남,64세,상해없음,보행자,여,51세,경상
2022111600100026,2022년 11월 16일 02시,수요일,경상북도 포항시 남구 해도동,경상사고,0,0,2,0,차대차 - 측면충돌,신호위반,건조,맑음,교차로 - 교차로안,이륜,여,19세,경상,승용,남,65세,경상
2022111600100056,2022년 11월 16일 06시,수요일,경상북도 구미시 구포동,경상사고,0,0,1,0,차대차 - 측면충돌,신호위반,건조,맑음,교차로 - 교차로안,승합,남,64세,상해없음,승용,남,44세,경상
2022111600100085,2022년 11월 16일 07시,수요일,경상북도 칠곡군 석적읍,중상사고,0,1,0,0,차대차 - 측면충돌,안전운전불이행,건조,맑음,단일로 - 기타,승용,여,45세,상해없음,원동기,여,69세,중상
2022111600100086,2022년 11월 16일 07시,수요일,경상북도 경산시 백천동,경상사고,0,0,1,0,차대사람 - 횡단중,안전운전불이행,건조,맑음,교차로 - 교차로안,승용,남,44세,상해없음,보행자,남,62세,경상
2022111600100122,2022년 11월 16일 08시,수요일,경상북도 경주시 성건동,경상사고,0,0,3,0,차대차 - 추돌,안전거리미확보,건조,맑음,단일로 - 기타,승용,여,24세,상해없음,승용,여,49세,경상
2022111600100123,2022년 11월 16일 08시,수요일,경상북도 구미시 공단동,경상사고,0,0,1,0,차대차 - 측면충돌,안전운전불이행,건조,맑음,교차로 - 교차로부근,승용,남,34세,상해없음,승용,남,30세,경상
2022111600100195,2022년 11월 16일 10시,수요일,경상북도 경주시 건천읍,사망사고,1,0,0,0,차대차 - 측면충돌,안전운전불이행,건조,맑음,단일로 - 기타,농기계,남,74세,사망,승용,여,72세,상해없음