사고번호,사고일시,요일,시군구,사고내용,사망자수,중상자수,경상자수,부상신고자수,사고유형,법규위반,노면상태,기상상태,도로형태,가해운전자 차종,가해운전자 성별,가해운전자 연령,가해운전자 상해정도,피해운전자 차종,피해운전자 성별,피해운전자 연령,피해운전자 상해정도
2022112000100010,2022년 11월 20일 00시,일요일,경상북도 구미시 도량동,경상사고,0,0,1,0,차량단독 - 전도전복 - 전도,안전운전불이행,건조,맑음,단일로 - 기타,개인형이동수단(PM),남,22세,경상,,,,
2022112000100011,2022년 11월 20일 00시,일요일,경상북도 포항시 남구 연일읍,경상사고,0,0,1,0,차대차 - 추돌,안전운전불이행,건조,맑음,단일로 - 지하차도(도로)내,승용,남,27세,상해없음,승용,여,51세,경상
2022112000100019,2022년 11월 20일 01시,일요일,경상북도 경주시 황오동,중상사고,0,1,1,0,차대차 - 측면충돌,신호위반,건조,맑음,교차로 - 교차로안,승용,남,19세,상해없음,승용,남,65세,중상
2022112000100029,2022년 11월 20일 02시,일요일,경상북도 경산시 진량읍,사망사고,1,0,0,0,차대차 - 추돌,안전운전불이행,건조,맑음,단일로 - 기타,승용,남,36세,사망,특수,남,68세,기타불명
2022112000100075,2022년 11월 20일 09시,일요일,경상북도 경산시 옥산동,경상사고,0,0,2,0,차대차 - 측면충돌,안전운전불이행,건조,맑음,교차로 - 교차로부근,승용,남,52세,경상,이륜,남,23세,경상
2022112000100076,2022년 11월 20일 09시,일요일,경상북도 포항시 남구 해도동,경상사고,0,0,1,0,차대차 - 측면충돌,신호위반,건조,맑음,교차로 - 교차로안,승용,남,72세,상해없음,승용,남,51세,경상
2022112000100097,2022년 11월 20일 10시,일요일,경상북도 영천시 북안면,중상사고,0,4,0,0,차대차 - 측면충돌,중앙선침범,건조,맑음,단일로 - 기타,승용,여,60세,상해없음,승용,여,45세,중상
2022112000100098,2022년 11월 20일 10시,일요일,경상북도 구미시 고아읍,경상사고,0,0,3,0,차대차 - 측면충돌,직진우회전진행방해,건조,맑음,교차로 - 교차로안,승용,남,21세,상해없음,승합,남,64세,상해없음
2022112000100099,2022년 11월 20일 10시,일요일,경상북도 구미시 산동읍,경상사고,0,0,1,0,차대차 - 측면충돌,안전운전불이행,건조,맑음,교차로 - 교차로부근,승용,남,52세,상해없음,승용,남,32세,경상
2022112000100152,2022년 11월 20일 12시,일요일,경상북도 청송군 청송읍,경상사고,0,0,1,0,차대차 - 측면충돌,중앙선침범,건조,맑음,단일로 - 지하차도(도로)내,농기계,남,57세,상해없음,승용,남,65세,경상
2022112000100183,2022년 11월 20일 13시,일요일,경상북도 경산시 하양읍,중상사고,0,1,0,0,차대사람 - 횡단중,안전운전불이행,건조,맑음,교차로 - 교차로안,승용,여,42세,상해없음,보행자,여,62세,중상
2022112000100212,2022년 11월 20일 14시,일요일,경상북도 포항시 북구 죽도동,경상사고,0,0,1,0,차대사람 - 기타,안전운전불이행,건조,맑음,단일로 - 기타,승용,남,66세,상해없음,보행자,남,42세,경상
2022112000100243,2022년 11월 20일 15시,일요일,경상북도 경주시 성건동,경상사고,0,0,1,0,차대사람 - 길가장자리구역통행중,안전운전불이행,건조,맑음,교차로 - 교차로부근,승용,남,52세,상해없음,보행자,여,45세,경상
2022112000100244,2022년 11월 20일 15시,일요일,경상북도 김천시 신음동,중상사고,0,1,0,0,차대차 - 측면충돌,안전운전불이행,건조,맑음,단일로 - 기타,승용,여,45세,상해없음,자전거,남,82세,중상
2022112000100266,2022년 11월 20일 16시,일요일,경상북도 경주시 충효동,중상사고,0,1,0,0,차대차 - 측면충돌,안전운전불이행,건조,맑음,단일로 - 지하차도(도로)내,승용,남,61세,상해없음,이륜,남,39세,중상
2022112000100267,2022년 11월 20일 16시,일요일,경상북도 포항시 북구 용흥동,중상사고,0,2,0,0,차대차 - 정면충돌,중앙선침범,건조,맑음,단일로 - 기타,승용,여,74세,상해없음,승용,남,31세,중상
2022112000100268,2022년 11월 20일 16시,일요일,경상북도 포항시 남구 효자동,부상신고사고,0,0,0,1,차대차 - 측면충돌,안전운전불이행,건조,맑음,교차로 - 교차로안,승용,남,54세,부상신고,승용,남,31세,상해없음
2022112000100301,2022년 11월 20일 17시,일요일,경상북도 칠곡군 북삼읍,중상사고,0,1,1,0,차대차 - 측면충돌,교차로운행방법위반,건조,맑음,교차로 - 교차로안,개인형이동수단(PM),여,14세,경상,승용,남,47세,상해없음
2022112000100302,2022년 11월 20일 17시,일요일,경상북도 문경시 점촌동,경상사고,0,0,1,0,차대차 - 측면충돌,기타,건조,맑음,교차로 - 교차로안,승용,남,65세,상해없음,자전거,남,15세,경상
2022112000100303,2022년 11월 20일 17시,일요일,경상북도 군위군 삼국유사면,경상사고,0,0,5,0,차대차 - 측면충돌,신호위반,건조,맑음,교차로 - 교차로안,승용,남,75세,상해없음,승용,남,51세,경상
2022112000100322,2022년 11월 20일 18시,일요일,경상북도 경주시 문무대왕면,경상사고,0,0,1,0,차대차 - 기타,안전거리미확보,건조,맑음,단일로 - 기타,화물,남,75세,상해없음,승용,남,52세,경상
2022112000100339,2022년 11월 20일 18시,일요일,경상북도 경주시 외동읍,경상사고,0,0,1,0,차대차 - 추돌,안전운전불이행,건조,맑음,교차로 - 교차로부근,승용,여,60세,상해없음,농기계,남,42세,경상
2022112000100340,2022년 11월 20일 18시,일요일,경상북도 포항시 북구 장성동,경상사고,0,0,1,0,차대사람 - 기타,안전운전불이행,건조,맑음,단일로 - 기타,승용,남,73세,상해없음,보행자,남,47세,경상
2022112000100341,2022년 11월 20일 18시,일요일,경상북도 포항시 북구 장성동,중상사고,0,1,0,0,차대차 - 측면충돌,중앙선침범,건조,맑음,단일로 - 기타,승용,남,66세,상해없음,이륜,남,25세,중상
2022112000100342,2022년 11월 20일 18시,일요일,경상북도 김천시 봉산면,경상사고,0,0,3,0,차대차 - 측면충돌,신호위반,건조,맑음,교차로 - 교차로안,승용,여,63세,상해없음,승용,남,63세,경상
2022112000100343,2022년 11월 20일 18시,일요일,경상북도 경산시 평산동,경상사고,0,0,1,0,차대차 - 추돌,안전운전불이행,건조,맑음,교차로 - 교차로부근,승용,남,38세,상해없음,승용,남,63세,경상
2022112000100344,2022년 11월 20일 18시,일요일,경상북도 군위군 우보면,경상사고,0,0,1,0,차량단독 - 기타,안전운전불이행,건조,맑음,단일로 - 기타,승합,남,76세,상해없음,,,,
2022112000100374,2022년 11월 20일 19시,일요일,경상북도 경주시 안강읍,경상사고,0,0,2,0,차대차 - 추돌,안전운전불이행,건조,맑음,단일로 - 기타,승용,남,47세,상해없음,승용,남,65세,경상
2022112000100404,2022년 11월 20일 20시,일요일,경상북도 성주군 성주읍,경상사고,0,0,1,0,차대차 - 추돌,안전운전불이행,건조,맑음,교차로 - 교차로부근,승용,남,60세,상해없음,승용,남,73세,경상
2022112000100424,2022년 11월 20일 21시,일요일,경상북도 포항시 북구 상원동,경상사고,0,0,1,0,차대사람 - 횡단중,안전운전불이행,건조,맑음,교차로 - 교차로횡단보도내,승용,남,48세,상해없음,보행자,남,53세,경상
2022112000100425,2022년 11월 20일 21시,일요일,경상북도 안동시 운흥동,경상사고,0,0,1,1,차대차 - 기타,직진우회전진행방해,건조,맑음,교차로 - 교차로안,승용,여,29세,부상신고,승용,남,53세,경상
2022112100100005,2022년 11월 21일 00시,월요일,경상북도 경산시 옥곡동,경상사고,0,0,1,0,차대사람 - 횡단중,보행자보호의무위반,건조,맑음,교차로 - 교차로안,승용,남,21세,상해없음,보행자,남,56세,경상
2022112100100011,2022년 11월 21일 01시,월요일,경상북도 구미시 봉곡동,사망사고,1,0,0,0,차량단독 - 공작물충돌,안전운전불이행,건조,맑음,단일로 - 기타,이륜,남,34세,사망,,,,
2022112100100016,2022년 11월 21일 03시,월요일,경상북도 구미시 황상동,중상사고,0,1,0,0,차대차 - 측면충돌,안전운전불이행,건조,맑음,단일로 - 기타,승용,남,59세,상해없음,이륜,남,26세,중상
2022112100100019,2022년 11월 21일 04시,월요일,경상북도 경산시 중방동,중상사고,0,1,0,0,차대사람 - 기타,안전운전불이행,건조,맑음,기타 - 기타,승용,여,46세,상해없음,보행자,남,41세,중상
2022112100100057,2022년 11월 21일 07시,월요일,경상북도 경주시 광명동,중상사고,0,1,1,0,차대차 - 추돌,안전운전불이행,젖음/습기,안개,교차로 - 교차로부근,원동기,남,15세,중상,승용,남,28세,경상
2022112100100058,2022년 11월 21일 07시,월요일,경상북도 칠곡군 왜관읍,경상사고,0,0,1,0,차대차 - 추돌,안전운전불이행,건조,맑음,교차로 - 교차로부근,승용,남,69세,상해없음,기타불명,남,39세,경상
2022112100100059,2022년 11월 21일 07시,월요일,경상북도 성주군 월항면,경상사고,0,0,2,0,차대차 - 측면충돌,교차로운행방법위반,건조,맑음,교차로 - 교차로안,승용,남,57세,경상,화물,남,34세,경상
2022112100100060,2022년 11월 21일 07시,월요일,경상북도 고령군 다산면,경상사고,0,0,1,0,차대차 - 기타,안전운전불이행,건조,맑음,단일로 - 기타,화물,남,56세,상해없음,건설기계,여,63세,경상
2022112100100061,2022년 11월 21일 07시,월요일,경상북도 구미시 진평동,중상사고,0,1,0,0,차대사람 - 기타,안전운전불이행,건조,맑음,기타 - 기타,자전거,남,18세,상해없음,보행자,여,60세,중상
2022112100100062,2022년 11월 21일 07시,월요일,경상북도 포항시 남구 해도동,경상사고,0,0,1,0,차대차 - 기타,교차로운행방법위반,건조,맑음,교차로 - 교차로부근,승용,여,50세,상해없음,승용,남,65세,경상
2022112100100063,2022년 11월 21일 07시,월요일,경상북도 포항시 남구 해도동,경상사고,0,0,3,0,차대차 - 측면충돌,안전운전불이행,건조,맑음,교차로 - 교차로안,특수,남,66세,경상,화물,남,52세,경상
2022112100100170,2022년 11월 21일 10시,월요일,경상북도 상주시 남성동,경상사고,0,0,1,0,차대사람 - 길가장자리구역통행중,보행자보호의무위반,건조,맑음,단일로 - 기타,승용,남,66세,상해없음,보행자,여,61세,경상
2022112100100171,2022년 11월 21일 10시,월요일,경상북도 칠곡군 왜관읍,경상사고,0,0,2,0,차대차 - 측면충돌,직진우회전진행방해,건조,맑음,교차로 - 교차로안,승용,남,63세,경상,화물,남,52세,경상
2022112100100172,2022년 11월 21일 10시,월요일,경상북도 영천시 문외동,경상사고,0,0,1,0,차대차 - 측면충돌,안전운전불이행,건조,맑음,단일로 - 기타,승용,남,75세,상해없음,승용,남,37세,경상
2022112100100173,2022년 11월 21일 10시,월요일,경상북도 포항시 남구 대도동,부상신고사고,0,0,0,1,차대차 - 측면충돌,중앙선침범,건조,맑음,교차로 - 교차로안,자전거,남,61세,부상신고,화물,남,70세,상해없음
2022112100100206,2022년 11월 21일 11시,월요일,경상북도 포항시 북구 덕수동,경상사고,0,0,2,0,차대차 - 측면충돌,안전운전불이행,건조,맑음,교차로 - 교차로안,승합,남,48세,상해없음,승용,남,68세,경상
2022112100100207,2022년 11월 21일 11시,월요일,경상북도 울진군 죽변면,경상사고,0,0,2,0,차대차 - 추돌,안전운전불이행,건조,맑음,단일로 - 기타,화물,남,58세,경상,승용,여,41세,경상
2022112100100244,2022년 11월 21일 12시,월요일,경상북도 김천시 남산동,부상신고사고,0,0,0,1,차대차 - 측면충돌,교차로운행방법위반,건조,맑음,교차로 - 교차로안,자전거,남,92세,부상신고,승용,여,53세,상해없음
2022112100100245,2022년 11월 21일 12시,월요일,경상북도 상주시 남성동,경상사고,0,0,1,0,차대차 - 측면충돌,교차로운행방법위반,건조,맑음,교차로 - 교차로횡단보도내,승용,여,51세,상해없음,자전거,여,73세,경상
2022112100100246,2022년 11월 21일 12시,월요일,경상북도 칠곡군 약목면,부상신고사고,0,0,0,1,차량단독 - 전도전복 - 전도,안전운전불이행,건조,맑음,단일로 - 지하차도(도로)내,이륜,남,31세,부상신고,,,,
2022112100100282,2022년 11월 21일 14시,월요일,경상북도 상주시 함창읍,경상사고,0,0,1,0,차대사람 - 기타,안전운전불이행,건조,맑음,기타 - 기타,화물,남,64세,상해없음,보행자,남,72세,경상
2022112100100283,2022년 11월 21일 14시,월요일,경상북도 고령군 우곡면,중상사고,0,1,0,0,차량단독 - 기타,안전운전불이행,건조,맑음,단일로 - 기타,이륜,남,68세,중상,,,,
2022112100100284,2022년 11월 21일 14시,월요일,경상북도 포항시 남구 대송면,경상사고,0,0,1,0,차대차 - 정면충돌,안전거리미확보,건조,맑음,단일로 - 지하차도(도로)내,특수,남,68세,상해없음,건설기계,남,47세,경상
2022112100100315,2022년 11월 21일 15시,월요일,경상북도 칠곡군 동명면,경상사고,0,0,1,0,차대차 - 추돌,안전운전불이행,건조,맑음,단일로 - 기타,화물,남,67세,상해없음,승용,여,60세,경상
2022112100100351,2022년 11월 21일 16시,월요일,경상북도 경주시 동천동,중상사고,0,1,0,0,차대차 - 측면충돌,안전운전불이행,건조,맑음,교차로 - 교차로안,승용,여,57세,상해없음,이륜,남,40세,중상
2022112100100352,2022년 11월 21일 16시,월요일,경상북도 문경시 점촌동,경상사고,0,0,5,0,차대차 - 측면충돌,기타,건조,맑음,교차로 - 교차로안,승용,여,41세,경상,승용,여,62세,경상
2022112100100397,2022년 11월 21일 17시,월요일,경상북도 경주시 성건동,부상신고사고,0,0,0,1,차대차 - 측면충돌,직진우회전진행방해,건조,맑음,교차로 - 교차로안,승용,남,30세,상해없음,이륜,남,62세,부상신고
2022112100100398,2022년 11월 21일 17시,월요일,경상북도 포항시 북구 죽도동,경상사고,0,0,1,0,차대차 - 추돌,안전운전불이행,건조,맑음,교차로 - 교차로부근,승용,남,77세,상해없음,화물,남,44세,경상
2022112100100399,2022년 11월 21일 17시,월요일,경상북도 포항시 북구 죽도동,경상사고,0,0,1,0,차대차 - 측면충돌,안전운전불이행,건조,맑음,단일로 - 기타,승용,남,29세,상해없음,승용,남,69세,경상
2022112100100467,2022년 11월 21일 18시,월요일,경상북도 상주시 낙양동,경상사고,0,0,1,0,차대차 - 추돌,안전운전불이행,건조,맑음,교차로 - 교차로부근,화물,남,54세,상해없음,이륜,남,28세,경상
2022112100100468,2022년 11월 21일 18시,월요일,경상북도 칠곡군 북삼읍,경상사고,0,0,2,0,차대차 - 기타,중앙선침범,건조,맑음,단일로 - 기타,승용,여,61세,상해없음,승용,남,66세,경상
2022112100100469,2022년 11월 21일 18시,월요일,경상북도 경산시 옥산동,중상사고,0,1,0,0,차대사람 - 횡단중,보행자보호의무위반,건조,맑음,교차로 - 교차로횡단보도내,승용,남,62세,상해없음,보행자,남,49세,중상
2022112100100470,2022년 11월 21일 18시,월요일,경상북도 영덕군 강구면,중상사고,0,1,0,0,차대사람 - 횡단중,안전운전불이행,건조,맑음,교차로 - 교차로안,승용,남,67세,상해없음,보행자,남,79세,중상
2022112100100471,2022년 11월 21일 18시,월요일,경상북도 포항시 남구 대도동,경상사고,0,0,1,0,차대차 - 추돌,안전거리미확보,건조,맑음,교차로 - 교차로부근,이륜,남,41세,경상,화물,남,62세,상해없음
2022112100100507,2022년 11월 21일 19시,월요일,경상북도 포항시 북구 장성동,중상사고,0,1,0,0,차대차 - 추돌,안전운전불이행,건조,맑음,단일로 - 기타,화물,남,61세,상해없음,승용,여,51세,중상
2022112100100508,2022년 11월 21일 19시,월요일,경상북도 김천시 어모면,중상사고,0,1,1,0,차대차 - 측면충돌,교차로운행방법위반,건조,맑음,교차로 - 교차로안,화물,남,46세,경상,화물,남,45세,중상
2022112100100509,2022년 11월 21일 19시,월요일,경상북도 구미시 선산읍,경상사고,0,0,1,1,차대차 - 기타,교차로운행방법위반,건조,맑음,교차로 - 교차로안,승용,남,43세,부상신고,승용,여,53세,경상
2022112100100551,2022년 11월 21일 21시,월요일,경상북도 칠곡군 왜관읍,부상신고사고,0,0,0,1,차대차 - 추돌,안전운전불이행,건조,맑음,교차로 - 교차로부근,승용,남,25세,상해없음,승용,여,55세,부상신고
2022112100100552,2022년 11월 21일 21시,월요일,경상북도 청송군 파천면,부상신고사고,0,0,0,1,차대차 - 측면충돌,직진우회전진행방해,건조,맑음,교차로 - 교차로안,승용,여,31세,부상신고,승합,남,35세,상해없음
2022112100100553,2022년 11월 21일 21시,월요일,경상북도 구미시 도개면,경상사고,0,0,5,0,차대차 - 측면충돌,안전운전불이행,건조,맑음,단일로 - 기타,특수,남,40세,상해없음,승합,남,62세,경상
2022112100100578,2022년 11월 21일 23시,월요일,경상북도 구미시 사곡동,경상사고,0,0,1,0,차대차 - 추돌,안전운전불이행,건조,맑음,단일로 - 기타,이륜,남,21세,상해없음,승용,남,33세,경상
2022112200100012,2022년 11월 22일 01시,화요일,경상북도 포항시 북구 우현동,경상사고,0,0,1,0,차대차 - 측면충돌,안전운전불이행,건조,맑음,단일로 - 기타,승용,남,28세,상해없음,화물,남,58세,경상
2022112200100045,2022년 11월 22일 06시,화요일,경상북도 구미시 산동읍,경상사고,0,0,3,0,차대차 - 기타,안전운전불이행,건조,맑음,단일로 - 기타,승용,남,49세,상해없음,승용,남,36세,경상
2022112200100064,2022년 11월 22일 07시,화요일,경상북도 영천시 조교동,중상사고,0,1,0,0,차대차 - 측면충돌,안전운전불이행,건조,맑음,교차로 - 교차로안,화물,남,81세,상해없음,자전거,여,76세,중상
2022112200100065,2022년 11월 22일 07시,화요일,경상북도 경산시 진량읍,경상사고,0,0,1,0,차대차 - 기타,신호위반,건조,맑음,교차로 - 교차로횡단보도내,승용,남,33세,상해없음,개인형이동수단(PM),남,23세,경상
2022112200100066,2022년 11월 22일 07시,화요일,경상북도 경산시 진량읍,중상사고,0,1,1,0,차대차 - 측면충돌,중앙선침범,건조,맑음,교차로 - 교차로부근,승용,남,27세,상해없음,승용,남,46세,경상
2022112200100067,2022년 11월 22일 07시,화요일,경상북도 경산시 하양읍,경상사고,0,0,2,0,차대차 - 측면충돌,안전거리미확보,건조,맑음,단일로 - 지하차도(도로)내,화물,남,58세,상해없음,승용,여,47세,경상
2022112200100106,2022년 11월 22일 08시,화요일,경상북도 김천시 모암동,경상사고,0,0,1,0,차대사람 - 차도통행중,안전운전불이행,건조,맑음,교차로 - 교차로안,화물,남,65세,상해없음,보행자,남,7세,경상
2022112200100107,2022년 11월 22일 08시,화요일,경상북도 구미시 시미동,중상사고,0,2,0,0,차대차 - 기타,안전운전불이행,건조,맑음,교차로 - 교차로부근,화물,남,39세,상해없음,승용,남,77세,중상
2022112200100108,2022년 11월 22일 08시,화요일,경상북도 포항시 남구 상도동,중상사고,0,1,0,0,차대차 - 측면충돌,안전운전불이행,건조,맑음,교차로 - 교차로안,자전거,남,80세,중상,화물,남,66세,상해없음
2022112200100157,2022년 11월 22일 10시,화요일,경상북도 봉화군 봉화읍,중상사고,0,1,0,0,차량단독 - 기타,안전운전불이행,건조,맑음,주차장 - 주차장,승용,남,69세,중상,,,,
2022112200100158,2022년 11월 22일 10시,화요일,경상북도 포항시 남구 대도동,경상사고,0,0,1,0,차대사람 - 차도통행중,안전운전불이행,건조,맑음,단일로 - 지하차도(도로)내,승용,남,49세,상해없음,보행자,남,61세,경상
2022112200100192,2022년 11월 22일 11시,화요일,경상북도 의성군 의성읍,중상사고,0,1,0,0,차대사람 - 기타,안전운전불이행,건조,흐림,단일로 - 기타,승용,여,43세,상해없음,보행자,남,46세,중상
2022112200100193,2022년 11월 22일 11시,화요일,경상북도 의성군 금성면,중상사고,0,1,0,0,차대차 - 정면충돌,직진우회전진행방해,건조,맑음,교차로 - 교차로안,이륜,여,78세,중상,화물,남,63세,상해없음
2022112200100194,2022년 11월 22일 11시,화요일,경상북도 포항시 남구 장기면,경상사고,0,0,1,0,차대차 - 측면충돌,안전운전불이행,젖음/습기,비,교차로 - 교차로안,이륜,남,79세,경상,승용,여,73세,상해없음
2022112200100235,2022년 11월 22일 13시,화요일,경상북도 상주시 내서면,사망사고,1,0,0,0,차대차 - 측면충돌,직진우회전진행방해,건조,맑음,교차로 - 교차로안,이륜,남,70세,사망,화물,남,59세,상해없음
2022112200100236,2022년 11월 22일 13시,화요일,경상북도 성주군 대가면,경상사고,0,0,1,0,차대차 - 기타,안전운전불이행,건조,맑음,단일로 - 기타,특수,남,49세,상해없음,승용,여,53세,경상
2022112200100237,2022년 11월 22일 13시,화요일,경상북도 고령군 대가야읍,경상사고,0,0,1,0,차대사람 - 횡단중,안전운전불이행,건조,맑음,단일로 - 기타,화물,남,65세,상해없음,보행자,여,64세,경상
2022112200100266,2022년 11월 22일 14시,화요일,경상북도 포항시 북구 양덕동,경상사고,0,0,3,0,차대차 - 기타,교차로운행방법위반,젖음/습기,맑음,교차로 - 교차로부근,승용,여,40세,경상,승용,남,55세,경상
2022112200100267,2022년 11월 22일 14시,화요일,경상북도 의성군 금성면,중상사고,0,1,0,0,차대차 - 정면충돌,중앙선침범,건조,흐림,단일로 - 기타,승용,남,79세,상해없음,화물,남,71세,중상
2022112200100268,2022년 11월 22일 14시,화요일,경상북도 영천시 완산동,경상사고,0,0,1,0,차대차 - 측면충돌,안전운전불이행,건조,맑음,단일로 - 기타,승용,남,67세,상해없음,이륜,남,79세,경상
2022112200100269,2022년 11월 22일 14시,화요일,경상북도 영천시 완산동,경상사고,0,0,2,0,차대차 - 후진중충돌,안전운전불이행,건조,맑음,단일로 - 기타,승용,남,38세,상해없음,화물,남,65세,경상
2022112200100322,2022년 11월 22일 16시,화요일,경상북도 포항시 남구 해도동,중상사고,0,1,2,0,차대차 - 측면충돌,기타,젖음/습기,비,교차로 - 교차로안,화물,남,64세,경상,화물,남,58세,상해없음
2022112200100323,2022년 11월 22일 16시,화요일,경상북도 군위군 효령면,중상사고,0,3,1,0,차대차 - 기타,안전운전불이행,건조,맑음,단일로 - 기타,화물,남,61세,상해없음,승용,여,28세,중상
2022112200100383,2022년 11월 22일 17시,화요일,경상북도 경주시 강동면,경상사고,0,0,1,0,차대차 - 측면충돌,중앙선침범,젖음/습기,비,단일로 - 기타,승용,남,45세,상해없음,승용,여,44세,경상
2022112200100384,2022년 11월 22일 17시,화요일,경상북도 영덕군 강구면,경상사고,0,0,2,0,차대차 - 측면충돌,교차로운행방법위반,젖음/습기,비,교차로 - 교차로안,승용,여,54세,상해없음,승용,여,54세,경상
2022112200100385,2022년 11월 22일 17시,화요일,경상북도 봉화군 춘양면,중상사고,0,1,0,0,차대차 - 기타,직진우회전진행방해,젖음/습기,비,교차로 - 교차로안,승용,남,34세,상해없음,승용,남,61세,상해없음
2022112200100386,2022년 11월 22일 17시,화요일,경상북도 포항시 남구 대도동,경상사고,0,0,1,0,차대차 - 기타,안전운전불이행,건조,맑음,단일로 - 지하차도(도로)내,승용,남,44세,상해없음,이륜,남,38세,경상
2022112200100447,2022년 11월 22일 18시,화요일,경상북도 칠곡군 왜관읍,경상사고,0,0,1,0,차대차 - 추돌,안전거리미확보,건조,맑음,교차로 - 교차로안,화물,남,62세,상해없음,승용,남,62세,경상
2022112200100448,2022년 11월 22일 18시,화요일,경상북도 경산시 와촌면,중상사고,0,1,0,0,차대사람 - 길가장자리구역통행중,안전운전불이행,건조,맑음,교차로 - 교차로안,화물,남,69세,상해없음,보행자,남,83세,중상
2022112200100507,2022년 11월 22일 19시,화요일,경상북도 경주시 내남면,경상사고,0,0,1,0,차대차 - 추돌,안전운전불이행,젖음/습기,비,단일로 - 기타,승용,남,45세,상해없음,승용,남,66세,경상
2022112200100508,2022년 11월 22일 19시,화요일,경상북도 포항시 북구 대흥동,경상사고,0,0,1,0,차대차 - 추돌,안전거리미확보,젖음/습기,비,단일로 - 기타,승용,남,27세,상해없음,승용,여,49세,경상
2022112200100510,2022년 11월 22일 19시,화요일,경상북도 포항시 남구 연일읍,경상사고,0,0,1,0,차대차 - 측면충돌,차로위반,젖음/습기,비,단일로 - 기타,승용,남,25세,상해없음,승용,남,27세,경상
2022112200100543,2022년 11월 22일 20시,화요일,경상북도 경주시 용강동,경상사고,0,0,1,0,차대차 - 추돌,안전운전불이행,젖음/습기,비,교차로 - 교차로부근,승용,여,35세,상해없음,승용,남,39세,경상
2022112200100544,2022년 11월 22일 20시,화요일,경상북도 김천시 용두동,경상사고,0,0,1,0,차대차 - 측면충돌,안전운전불이행,건조,맑음,교차로 - 교차로부근,승용,남,47세,상해없음,승용,남,60세,경상
2022112200100545,2022년 11월 22일 20시,화요일,경상북도 상주시 서문동,중상사고,0,1,1,0,차대차 - 추돌,안전운전불이행,건조,맑음,교차로 - 교차로부근,승용,남,29세,상해없음,승용,여,40세,경상
2022112200100546,2022년 11월 22일 20시,화요일,경상북도 칠곡군 왜관읍,경상사고,0,0,2,0,차대차 - 측면충돌,직진우회전진행방해,건조,맑음,교차로 - 교차로안,승합,남,62세,상해없음,승용,남,26세,상해없음
2022112200100547,2022년 11월 22일 20시,화요일,경상북도 구미시 봉곡동,경상사고,0,0,1,0,차대사람 - 길가장자리구역통행중,안전운전불이행,건조,맑음,단일로 - 기타,승용,남,61세,상해없음,보행자,남,43세,경상
2022112200100548,2022년 11월 22일 20시,화요일,경상북도 구미시 인의동,경상사고,0,0,1,0,차대차 - 추돌,안전운전불이행,건조,맑음,교차로 - 교차로부근,화물,남,51세,상해없음,승용,남,30세,경상
2022112200100549,2022년 11월 22일 20시,화요일,경상북도 포항시 남구 대잠동,경상사고,0,0,1,0,차대사람 - 횡단중,신호위반,젖음/습기,비,교차로 - 교차로횡단보도내,원동기,남,46세,기타불명,보행자,남,61세,경상
2022112200100576,2022년 11월 22일 21시,화요일,경상북도 안동시 남부동,중상사고,0,1,0,0,차대사람 - 차도통행중,보행자보호의무위반,젖음/습기,비,단일로 - 기타,이륜,남,64세,상해없음,보행자,여,24세,중상
2022112200100577,2022년 11월 22일 21시,화요일,경상북도 포항시 남구 대잠동,경상사고,0,0,1,0,차대차 - 측면충돌,안전운전불이행,젖음/습기,비,단일로 - 기타,승용,남,22세,상해없음,이륜,남,29세,경상
2022112200100606,2022년 11월 22일 22시,화요일,경상북도 안동시 정하동,중상사고,0,1,1,0,차대차 - 측면충돌,교차로운행방법위반,젖음/습기,비,교차로 - 교차로안,승용,남,47세,중상,승용,남,23세,경상
2022112200100631,2022년 11월 22일 23시,화요일,경상북도 안동시 풍산읍,중상사고,0,2,0,0,차량단독 - 전도전복 - 전복,안전운전불이행,젖음/습기,비,기타 - 기타,승용,남,27세,중상,,,,
2022112200100632,2022년 11월 22일 23시,화요일,경상북도 영주시 하망동,경상사고,0,0,1,0,차대차 - 측면충돌,교차로운행방법위반,젖음/습기,비,교차로 - 교차로안,승용,남,53세,상해없음,승용,여,52세,경상
2022112200100633,2022년 11월 22일 23시,화요일,경상북도 구미시 원평동,경상사고,0,0,1,0,차대차 - 추돌,안전운전불이행,젖음/습기,흐림,단일로 - 기타,승용,남,33세,상해없음,승용,남,56세,경상
2022112300100013,2022년 11월 23일 03시,수요일,경상북도 포항시 남구 대잠동,경상사고,0,0,2,0,차대차 - 측면충돌,교차로운행방법위반,젖음/습기,비,교차로 - 교차로안,승용,남,67세,상해없음,승용,여,38세,경상
2022112300100034,2022년 11월 23일 06시,수요일,경상북도 상주시 개운동,경상사고,0,0,1,0,차대차 - 측면충돌,안전운전불이행,젖음/습기,비,단일로 - 지하차도(도로)내,승합,남,72세,상해없음,화물,남,72세,경상
2022112300100061,2022년 11월 23일 07시,수요일,경상북도 고령군 대가야읍,경상사고,0,0,1,0,차대차 - 추돌,안전운전불이행,건조,맑음,단일로 - 기타,승용,남,63세,경상,건설기계,남,49세,상해없음
2022112300100062,2022년 11월 23일 07시,수요일,경상북도 구미시 공단동,경상사고,0,0,2,0,차대차 - 측면충돌,직진우회전진행방해,건조,맑음,교차로 - 교차로안,승용,남,40세,상해없음,승용,남,31세,경상