사고번호,사고일시,요일,시군구,사고내용,사망자수,중상자수,경상자수,부상신고자수,사고유형,법규위반,노면상태,기상상태,도로형태,가해운전자 차종,가해운전자 성별,가해운전자 연령,가해운전자 상해정도,피해운전자 차종,피해운전자 성별,피해운전자 연령,피해운전자 상해정도
2022113000100545,2022년 11월 30일 23시,수요일,경상북도 성주군 성주읍,경상사고,0,0,3,0,차대차 - 측면충돌,기타,건조,맑음,교차로 - 교차로안,승용,여,26세,경상,승용,여,32세,경상
2022113000100546,2022년 11월 30일 23시,수요일,경상북도 구미시 황상동,경상사고,0,0,1,0,차대차 - 측면충돌,안전운전불이행,건조,맑음,교차로 - 교차로안,승용,남,28세,상해없음,승용,남,29세,경상
2022120100100008,2022년 12월 1일 00시,목요일,경상북도 구미시 진평동,경상사고,0,0,1,0,차대차 - 측면충돌,안전거리미확보,건조,맑음,단일로 - 기타,승용,남,45세,상해없음,이륜,남,42세,경상
2022120100100103,2022년 12월 1일 08시,목요일,경상북도 칠곡군 약목면,경상사고,0,0,1,0,차대차 - 후진중충돌,안전운전불이행,건조,맑음,단일로 - 지하차도(도로)내,승용,여,51세,상해없음,승용,여,45세,경상
2022120100100138,2022년 12월 1일 09시,목요일,경상북도 영주시 휴천동,경상사고,0,0,1,0,차대차 - 기타,안전운전불이행,건조,맑음,교차로 - 교차로안,승용,여,40세,상해없음,자전거,남,76세,경상
2022120100100167,2022년 12월 1일 10시,목요일,경상북도 경주시 외동읍,경상사고,0,0,1,0,차대차 - 측면충돌,안전운전불이행,건조,맑음,단일로 - 기타,기타불명,기타불명,미분류,기타불명,승용,남,53세,경상
2022120100100168,2022년 12월 1일 10시,목요일,경상북도 포항시 남구 동해면,경상사고,0,0,2,0,차대차 - 측면충돌,직진우회전진행방해,건조,맑음,교차로 - 교차로안,화물,남,78세,경상,승용,남,55세,경상
2022120100100194,2022년 12월 1일 11시,목요일,경상북도 칠곡군 석적읍,경상사고,0,0,1,0,차대사람 - 차도통행중,기타,건조,맑음,단일로 - 기타,기타불명,기타불명,미분류,기타불명,보행자,여,35세,경상
2022120100100228,2022년 12월 1일 12시,목요일,경상북도 포항시 북구 죽도동,경상사고,0,0,1,0,차대사람 - 기타,안전운전불이행,건조,맑음,단일로 - 기타,기타불명,기타불명,미분류,기타불명,보행자,남,54세,경상
2022120100100229,2022년 12월 1일 12시,목요일,경상북도 울진군 울진읍,경상사고,0,0,3,0,차대차 - 추돌,안전거리미확보,건조,맑음,단일로 - 기타,화물,남,50세,경상,승용,여,57세,경상
2022120100100256,2022년 12월 1일 13시,목요일,경상북도 구미시 형곡동,중상사고,0,1,0,0,차대차 - 기타,안전운전불이행,건조,맑음,단일로 - 기타,승용,여,25세,상해없음,원동기,남,31세,중상
2022120100100284,2022년 12월 1일 14시,목요일,경상북도 문경시 점촌동,경상사고,0,0,1,0,차대차 - 측면충돌,안전거리미확보,건조,맑음,단일로 - 기타,승합,여,52세,상해없음,이륜,남,31세,경상
2022120100100315,2022년 12월 1일 15시,목요일,경상북도 경주시 황오동,경상사고,0,0,3,0,차대차 - 측면충돌,안전운전불이행,건조,맑음,교차로 - 교차로부근,승용,여,61세,상해없음,승합,남,25세,경상
2022120100100354,2022년 12월 1일 16시,목요일,경상북도 구미시 황상동,경상사고,0,0,1,0,차대차 - 측면충돌,교차로운행방법위반,건조,맑음,교차로 - 교차로안,화물,남,43세,상해없음,승용,여,66세,경상
2022120100100355,2022년 12월 1일 16시,목요일,경상북도 구미시 공단동,경상사고,0,0,1,0,차대차 - 기타,안전운전불이행,건조,맑음,단일로 - 기타,승용,남,36세,기타불명,승용,여,44세,경상
2022120100100356,2022년 12월 1일 16시,목요일,경상북도 포항시 남구 대도동,경상사고,0,0,1,0,차대차 - 측면충돌,신호위반,건조,맑음,교차로 - 교차로안,화물,남,69세,상해없음,승용,여,69세,경상
2022120100100393,2022년 12월 1일 17시,목요일,경상북도 구미시 공단동,경상사고,0,0,5,0,차대차 - 측면충돌,교차로운행방법위반,건조,맑음,교차로 - 교차로안,승용,여,29세,경상,승용,여,55세,경상
2022120100100442,2022년 12월 1일 18시,목요일,경상북도 경주시 용강동,경상사고,0,0,1,0,차대차 - 측면충돌,안전운전불이행,건조,맑음,단일로 - 지하차도(도로)내,승용,남,56세,기타불명,승용,남,34세,경상
2022120100100443,2022년 12월 1일 18시,목요일,경상북도 포항시 남구 효자동,부상신고사고,0,0,0,1,차대사람 - 기타,기타,건조,맑음,주차장 - 주차장,승용,여,43세,상해없음,보행자,여,29세,부상신고
2022120100100476,2022년 12월 1일 19시,목요일,경상북도 김천시 증산면,경상사고,0,0,1,0,차량단독 - 전도전복 - 전도,안전운전불이행,건조,맑음,단일로 - 기타,원동기,남,53세,경상,,,,
2022120100100477,2022년 12월 1일 19시,목요일,경상북도 구미시 산동읍,경상사고,0,0,1,0,차대차 - 측면충돌,신호위반,건조,맑음,교차로 - 교차로안,승용,남,29세,상해없음,이륜,남,43세,경상
2022120100100478,2022년 12월 1일 19시,목요일,경상북도 포항시 남구 오천읍,경상사고,0,0,1,0,차대차 - 측면충돌,안전운전불이행,건조,맑음,단일로 - 기타,자전거,남,23세,경상,이륜,여,35세,상해없음
2022120100100498,2022년 12월 1일 20시,목요일,경상북도 포항시 북구 장성동,경상사고,0,0,3,0,차대차 - 기타,안전운전불이행,건조,맑음,단일로 - 기타,화물,남,46세,상해없음,승용,남,52세,경상
2022120100100499,2022년 12월 1일 20시,목요일,경상북도 구미시 옥계동,경상사고,0,0,1,0,차대차 - 측면충돌,신호위반,건조,맑음,교차로 - 교차로안,승용,남,43세,상해없음,승용,남,24세,경상
2022120100100500,2022년 12월 1일 20시,목요일,경상북도 포항시 남구 오천읍,경상사고,0,0,1,0,차대차 - 측면충돌,교차로운행방법위반,건조,맑음,교차로 - 교차로안,승용,남,22세,상해없음,이륜,남,41세,경상
2022120100100542,2022년 12월 1일 22시,목요일,경상북도 의성군 옥산면,중상사고,0,1,0,0,차량단독 - 공작물충돌,안전운전불이행,건조,맑음,단일로 - 기타,승용,여,62세,중상,,,,
2022120100100565,2022년 12월 1일 23시,목요일,경상북도 구미시 진평동,경상사고,0,0,1,0,차대차 - 추돌,안전운전불이행,건조,맑음,교차로 - 교차로안,승용,여,31세,상해없음,승용,여,23세,경상
2022120200100011,2022년 12월 2일 00시,금요일,경상북도 김천시 덕곡동,중상사고,0,1,0,0,차량단독 - 공작물충돌,안전운전불이행,건조,맑음,단일로 - 기타,이륜,남,20세,중상,,,,
2022120200100079,2022년 12월 2일 07시,금요일,경상북도 경주시 현곡면,경상사고,0,0,1,0,차대차 - 측면충돌,안전운전불이행,건조,맑음,교차로 - 교차로부근,화물,남,59세,상해없음,승용,남,23세,경상
2022120200100080,2022년 12월 2일 07시,금요일,경상북도 안동시 태화동,중상사고,0,1,0,0,차대차 - 기타,안전운전불이행,건조,맑음,교차로 - 교차로안,승용,여,28세,상해없음,이륜,남,42세,중상
2022120200100081,2022년 12월 2일 07시,금요일,경상북도 김천시 황금동,경상사고,0,0,1,0,차대차 - 측면충돌,안전운전불이행,건조,맑음,단일로 - 기타,화물,남,64세,상해없음,승용,남,63세,경상
2022120200100082,2022년 12월 2일 07시,금요일,경상북도 포항시 남구 대도동,중상사고,0,1,0,0,차대차 - 측면충돌,중앙선침범,건조,맑음,교차로 - 교차로부근,특수,남,23세,상해없음,건설기계,남,50세,중상
2022120200100083,2022년 12월 2일 07시,금요일,경상북도 포항시 남구 해도동,경상사고,0,0,1,0,차대차 - 기타,안전운전불이행,건조,맑음,교차로 - 교차로부근,승용,남,53세,상해없음,승합,남,45세,경상
2022120200100121,2022년 12월 2일 08시,금요일,경상북도 안동시 옥동,경상사고,0,0,1,0,차대차 - 추돌,안전거리미확보,건조,맑음,단일로 - 기타,승용,여,29세,상해없음,승용,남,59세,경상
2022120200100122,2022년 12월 2일 08시,금요일,경상북도 영덕군 영덕읍,중상사고,0,1,1,0,차대차 - 측면충돌,교차로운행방법위반,건조,맑음,교차로 - 교차로안,승용,남,56세,경상,승용,여,24세,중상
2022120200100123,2022년 12월 2일 08시,금요일,경상북도 구미시 산동읍,경상사고,0,0,2,0,차대차 - 기타,직진우회전진행방해,건조,맑음,교차로 - 교차로부근,승용,남,37세,상해없음,화물,남,62세,경상
2022120200100186,2022년 12월 2일 10시,금요일,경상북도 포항시 북구 죽도동,경상사고,0,0,2,0,차대차 - 기타,안전운전불이행,건조,맑음,교차로 - 교차로부근,화물,남,29세,상해없음,승용,남,62세,경상
2022120200100210,2022년 12월 2일 11시,금요일,경상북도 구미시 선산읍,중상사고,0,1,0,0,차대사람 - 차도통행중,중앙선침범,건조,맑음,단일로 - 기타,승용,여,49세,상해없음,보행자,여,80세,중상
2022120200100249,2022년 12월 2일 12시,금요일,경상북도 상주시 내서면,경상사고,0,0,1,0,차대차 - 측면충돌,안전운전불이행,건조,맑음,단일로 - 기타,화물,남,73세,상해없음,승용,남,53세,경상
2022120200100250,2022년 12월 2일 12시,금요일,경상북도 성주군 성주읍,경상사고,0,0,1,0,차대차 - 추돌,안전운전불이행,건조,맑음,교차로 - 교차로부근,화물,남,54세,상해없음,화물,남,50세,경상
2022120200100279,2022년 12월 2일 13시,금요일,경상북도 상주시 만산동,경상사고,0,0,3,0,차대차 - 추돌,안전거리미확보,건조,맑음,교차로 - 교차로부근,화물,남,71세,상해없음,화물,남,69세,경상
2022120200100280,2022년 12월 2일 13시,금요일,경상북도 상주시 낙동면,경상사고,0,0,7,0,차대차 - 추돌,안전운전불이행,건조,맑음,단일로 - 터널,승용,남,25세,상해없음,승용,남,44세,경상
2022120200100347,2022년 12월 2일 15시,금요일,경상북도 안동시 이천동,경상사고,0,0,1,0,차대차 - 기타,차로위반,건조,맑음,단일로 - 기타,화물,남,82세,상해없음,승용,남,34세,경상
2022120200100348,2022년 12월 2일 15시,금요일,경상북도 상주시 화동면,부상신고사고,0,0,0,1,차량단독 - 도로외이탈 - 기타,기타,건조,맑음,단일로 - 기타,이륜,남,64세,부상신고,,,,
2022120200100386,2022년 12월 2일 16시,금요일,경상북도 경주시 황오동,중상사고,0,1,0,0,차대사람 - 횡단중,기타,건조,맑음,교차로 - 교차로부근,승용,남,38세,상해없음,보행자,여,11세,중상
2022120200100387,2022년 12월 2일 16시,금요일,경상북도 포항시 남구 상도동,경상사고,0,0,1,0,차대차 - 후진중충돌,안전운전불이행,건조,맑음,교차로 - 교차로안,화물,남,69세,상해없음,승용,여,28세,경상
2022120200100439,2022년 12월 2일 17시,금요일,경상북도 안동시 용상동,중상사고,0,1,0,0,차대차 - 기타,직진우회전진행방해,건조,맑음,교차로 - 교차로안,화물,남,29세,상해없음,승용,남,76세,중상
2022120200100440,2022년 12월 2일 17시,금요일,경상북도 구미시 사곡동,중상사고,0,1,0,0,차대차 - 기타,신호위반,건조,맑음,교차로 - 교차로안,이륜,남,16세,기타불명,승용,여,55세,중상
2022120200100504,2022년 12월 2일 18시,금요일,경상북도 포항시 남구 상도동,중상사고,0,1,0,0,차대차 - 측면충돌,교차로운행방법위반,건조,맑음,교차로 - 교차로안,승용,남,39세,상해없음,이륜,남,34세,중상
2022120300100027,2022년 12월 3일 02시,토요일,경상북도 포항시 북구 죽도동,경상사고,0,0,1,0,차대차 - 추돌,안전운전불이행,건조,맑음,교차로 - 교차로횡단보도내,승용,남,29세,상해없음,승용,여,42세,경상
2022120300100117,2022년 12월 3일 08시,토요일,경상북도 영천시 조교동,경상사고,0,0,2,0,차대차 - 측면충돌,안전운전불이행,건조,맑음,교차로 - 교차로부근,승용,남,67세,경상,화물,여,56세,경상
2022120300100118,2022년 12월 3일 08시,토요일,경상북도 포항시 남구 대잠동,중상사고,0,1,0,0,차대차 - 측면충돌,안전운전불이행,건조,맑음,교차로 - 교차로안,승용,남,69세,상해없음,자전거,남,57세,중상
2022120300100158,2022년 12월 3일 10시,토요일,경상북도 경주시 동천동,중상사고,0,1,0,0,차대차 - 측면충돌,안전운전불이행,건조,맑음,교차로 - 교차로안,이륜,여,55세,중상,승용,남,55세,상해없음
2022120300100159,2022년 12월 3일 10시,토요일,경상북도 경주시 성동동,경상사고,0,0,1,0,차대차 - 추돌,안전운전불이행,건조,맑음,교차로 - 교차로부근,승용,남,70세,기타불명,승용,여,35세,경상
2022120300100160,2022년 12월 3일 10시,토요일,경상북도 고령군 성산면,중상사고,0,1,1,0,차대차 - 정면충돌,안전운전불이행,건조,맑음,단일로 - 기타,화물,남,33세,중상,승용,남,27세,경상
2022120300100161,2022년 12월 3일 10시,토요일,경상북도 고령군 성산면,중상사고,0,2,2,0,차대차 - 추돌,안전운전불이행,건조,맑음,단일로 - 기타,승용,남,56세,상해없음,승용,여,55세,중상
2022120300100180,2022년 12월 3일 11시,토요일,경상북도 경산시 하양읍,경상사고,0,0,1,0,차대차 - 기타,신호위반,건조,맑음,교차로 - 교차로안,승용,남,83세,상해없음,승용,남,48세,경상
2022120300100181,2022년 12월 3일 11시,토요일,경상북도 구미시 선산읍,중상사고,0,1,1,0,차대차 - 정면충돌,중앙선침범,건조,맑음,교차로 - 교차로안,승용,여,60세,중상,승용,남,69세,경상
2022120300100182,2022년 12월 3일 11시,토요일,경상북도 포항시 남구 오천읍,경상사고,0,0,1,0,차대사람 - 보도통행중,기타,건조,맑음,교차로 - 교차로부근,원동기,남,57세,상해없음,보행자,남,25세,경상
2022120300100210,2022년 12월 3일 12시,토요일,경상북도 포항시 남구 대잠동,중상사고,0,1,0,0,차대차 - 기타,직진우회전진행방해,건조,맑음,교차로 - 교차로안,승용,남,72세,상해없음,개인형이동수단(PM),남,72세,중상
2022120300100240,2022년 12월 3일 13시,토요일,경상북도 영주시 가흥동,경상사고,0,0,1,0,차대사람 - 차도통행중,안전운전불이행,건조,맑음,단일로 - 기타,승용,남,69세,상해없음,보행자,여,21세,경상
2022120300100275,2022년 12월 3일 14시,토요일,경상북도 문경시 불정동,경상사고,0,0,4,0,차대차 - 기타,기타,건조,맑음,단일로 - 기타,화물,남,49세,상해없음,승용,남,50세,경상
2022120300100308,2022년 12월 3일 15시,토요일,경상북도 상주시 무양동,부상신고사고,0,0,0,1,차대차 - 측면충돌,안전운전불이행,건조,맑음,단일로 - 기타,승용,남,26세,상해없음,승용,여,31세,부상신고
2022120300100309,2022년 12월 3일 15시,토요일,경상북도 상주시 만산동,경상사고,0,0,1,0,차대차 - 측면충돌,안전운전불이행,건조,맑음,단일로 - 기타,자전거,여,65세,경상,승용,남,73세,상해없음
2022120300100342,2022년 12월 3일 16시,토요일,경상북도 경주시 외동읍,경상사고,0,0,3,0,차대차 - 추돌,안전운전불이행,건조,맑음,교차로 - 교차로부근,승용,여,55세,경상,승용,여,50세,경상
2022120300100343,2022년 12월 3일 16시,토요일,경상북도 영천시 화산면,중상사고,0,1,2,0,차량단독 - 도로외이탈 - 추락,안전운전불이행,건조,맑음,단일로 - 기타,승용,남,66세,경상,,,,
2022120300100344,2022년 12월 3일 16시,토요일,경상북도 문경시 흥덕동,경상사고,0,0,2,0,차대차 - 후진중충돌,안전운전불이행,건조,맑음,단일로 - 기타,화물,여,61세,상해없음,승용,남,60세,경상
2022120300100345,2022년 12월 3일 16시,토요일,경상북도 경산시 압량읍,경상사고,0,0,3,0,차대차 - 정면충돌,중앙선침범,건조,맑음,단일로 - 기타,승용,남,61세,상해없음,승용,남,32세,경상
2022120300100346,2022년 12월 3일 16시,토요일,경상북도 구미시 원평동,중상사고,0,1,0,0,차대사람 - 횡단중,보행자보호의무위반,건조,맑음,교차로 - 교차로횡단보도내,승용,여,66세,상해없음,보행자,남,72세,중상
2022120300100389,2022년 12월 3일 17시,토요일,경상북도 구미시 오태동,경상사고,0,0,3,0,차대차 - 추돌,안전운전불이행,건조,맑음,교차로 - 교차로안,승용,남,41세,상해없음,승용,남,36세,경상
2022120300100425,2022년 12월 3일 18시,토요일,경상북도 포항시 북구 죽도동,경상사고,0,0,1,0,차대차 - 기타,신호위반,건조,맑음,교차로 - 교차로안,승합,남,68세,상해없음,이륜,남,16세,상해없음
2022120300100426,2022년 12월 3일 18시,토요일,경상북도 안동시 풍산읍,경상사고,0,0,1,0,차대차 - 측면충돌,안전운전불이행,건조,맑음,교차로 - 교차로안,승용,여,52세,상해없음,화물,여,57세,경상
2022120300100427,2022년 12월 3일 18시,토요일,경상북도 구미시 사곡동,경상사고,0,0,1,0,차대차 - 추돌,안전운전불이행,건조,맑음,교차로 - 교차로부근,승용,여,52세,상해없음,승용,남,40세,경상
2022120300100459,2022년 12월 3일 19시,토요일,경상북도 영천시 임고면,경상사고,0,0,1,0,차대차 - 추돌,안전운전불이행,건조,맑음,교차로 - 교차로부근,화물,남,61세,기타불명,승용,여,34세,경상
2022120300100485,2022년 12월 3일 20시,토요일,경상북도 칠곡군 왜관읍,경상사고,0,0,1,0,차대사람 - 보도통행중,보행자보호의무위반,건조,맑음,교차로 - 교차로횡단보도내,승용,여,50세,상해없음,보행자,남,66세,경상
2022120300100519,2022년 12월 3일 21시,토요일,경상북도 안동시 정하동,경상사고,0,0,3,0,차대차 - 측면충돌,안전운전불이행,건조,맑음,단일로 - 기타,승용,남,62세,경상,승용,여,51세,경상
2022120300100520,2022년 12월 3일 21시,토요일,경상북도 영주시 하망동,경상사고,0,0,1,0,차대차 - 후진중충돌,안전운전불이행,건조,맑음,교차로 - 교차로부근,승용,남,59세,상해없음,원동기,남,59세,경상
2022120300100521,2022년 12월 3일 21시,토요일,경상북도 포항시 남구 연일읍,경상사고,0,0,2,0,차대차 - 추돌,안전운전불이행,건조,맑음,교차로 - 교차로부근,승용,남,59세,경상,승용,남,37세,경상
2022120300100522,2022년 12월 3일 21시,토요일,경상북도 칠곡군 석적읍,경상사고,0,0,1,0,차대차 - 기타,차로위반,건조,맑음,단일로 - 기타,승용,여,60세,상해없음,승용,여,60세,경상
2022120300100541,2022년 12월 3일 22시,토요일,경상북도 구미시 남통동,중상사고,0,1,0,0,차대차 - 기타,안전운전불이행,건조,맑음,단일로 - 기타,이륜,남,39세,중상,승용,남,52세,상해없음
2022120300100558,2022년 12월 3일 23시,토요일,경상북도 경주시 황남동,경상사고,0,0,1,0,차대차 - 측면충돌,안전운전불이행,건조,맑음,교차로 - 교차로부근,승용,남,51세,상해없음,자전거,여,51세,경상
2022120300100559,2022년 12월 3일 23시,토요일,경상북도 구미시 공단동,경상사고,0,0,1,0,차대차 - 측면충돌,교차로운행방법위반,건조,맑음,교차로 - 교차로안,승용,여,22세,기타불명,승용,남,28세,경상
2022120300100560,2022년 12월 3일 23시,토요일,경상북도 상주시 낙동면,사망사고,1,1,2,0,차대차 - 정면충돌,안전운전불이행,건조,맑음,단일로 - 기타,승합,남,47세,경상,승합,남,61세,경상
2022120400100009,2022년 12월 4일 00시,일요일,경상북도 상주시 함창읍,경상사고,0,0,1,0,차대차 - 측면충돌,안전운전불이행,건조,맑음,교차로 - 교차로안,화물,남,30세,상해없음,승용,남,71세,경상
2022120400100075,2022년 12월 4일 09시,일요일,경상북도 칠곡군 가산면,경상사고,0,0,3,0,차대차 - 추돌,안전운전불이행,건조,맑음,교차로 - 교차로부근,화물,남,52세,상해없음,승용,남,53세,경상
2022120400100076,2022년 12월 4일 09시,일요일,경상북도 경산시 중방동,경상사고,0,0,2,0,차대차 - 측면충돌,신호위반,건조,맑음,교차로 - 교차로안,승용,남,23세,상해없음,승합,남,54세,경상
2022120400100096,2022년 12월 4일 10시,일요일,경상북도 경주시 천북면,중상사고,0,1,0,0,차대차 - 측면충돌,안전운전불이행,건조,맑음,교차로 - 교차로안,승용,남,69세,상해없음,원동기,남,71세,중상
2022120400100142,2022년 12월 4일 12시,일요일,경상북도 영주시 하망동,중상사고,0,1,0,0,차대차 - 측면충돌,직진우회전진행방해,건조,맑음,교차로 - 교차로안,승합,남,64세,상해없음,이륜,남,39세,중상
2022120400100168,2022년 12월 4일 13시,일요일,경상북도 경주시 동천동,부상신고사고,0,0,0,1,차대차 - 추돌,안전거리미확보,건조,맑음,단일로 - 기타,화물,남,67세,상해없음,승용,남,73세,부상신고
2022120400100190,2022년 12월 4일 14시,일요일,경상북도 포항시 북구 장성동,경상사고,0,0,3,0,차대차 - 측면충돌,신호위반,건조,맑음,교차로 - 교차로안,승용,여,58세,상해없음,승용,남,42세,경상
2022120400100220,2022년 12월 4일 15시,일요일,경상북도 경주시 탑동,경상사고,0,0,3,0,차대차 - 추돌,안전운전불이행,건조,맑음,단일로 - 기타,승용,남,27세,상해없음,승용,남,54세,경상
2022120400100247,2022년 12월 4일 16시,일요일,경상북도 구미시 고아읍,경상사고,0,0,2,0,차대차 - 측면충돌,직진우회전진행방해,건조,맑음,교차로 - 교차로안,승용,남,62세,상해없음,승용,여,53세,경상
2022120400100280,2022년 12월 4일 17시,일요일,경상북도 영주시 안정면,중상사고,0,1,2,0,차대차 - 측면충돌,안전운전불이행,건조,맑음,단일로 - 기타,화물,남,73세,중상,승용,남,67세,경상
2022120400100281,2022년 12월 4일 17시,일요일,경상북도 구미시 옥성면,경상사고,0,0,4,0,차대차 - 추돌,안전운전불이행,건조,맑음,단일로 - 기타,승용,남,30세,상해없음,승용,남,65세,경상
2022120400100339,2022년 12월 4일 19시,일요일,경상북도 경산시 사동,경상사고,0,0,1,0,차대사람 - 횡단중,보행자보호의무위반,건조,맑음,교차로 - 교차로안,승용,여,36세,상해없음,보행자,여,40세,경상
2022120400100385,2022년 12월 4일 21시,일요일,경상북도 구미시 고아읍,사망사고,1,0,0,0,차량단독 - 공작물충돌,안전운전불이행,건조,맑음,교차로 - 교차로안,승용,남,37세,사망,,,,
2022120400100386,2022년 12월 4일 21시,일요일,경상북도 포항시 남구 대도동,중상사고,0,1,0,0,차대사람 - 기타,중앙선침범,건조,맑음,단일로 - 지하차도(도로)내,승용,여,56세,상해없음,보행자,여,74세,중상
2022120500100006,2022년 12월 5일 01시,월요일,경상북도 예천군 예천읍,사망사고,1,0,0,0,차량단독 - 공작물충돌,안전운전불이행,건조,맑음,단일로 - 기타,화물,남,50세,사망,,,,
2022120500100075,2022년 12월 5일 08시,월요일,경상북도 경산시 옥곡동,경상사고,0,0,1,0,차대사람 - 기타,기타,건조,맑음,단일로 - 기타,승용,여,38세,상해없음,보행자,남,9세,경상
2022120500100076,2022년 12월 5일 08시,월요일,경상북도 고령군 성산면,경상사고,0,0,1,0,차량단독 - 기타,안전운전불이행,건조,맑음,단일로 - 기타,승용,여,47세,경상,,,,
2022120500100130,2022년 12월 5일 10시,월요일,경상북도 안동시 풍산읍,중상사고,0,1,0,0,차대차 - 측면충돌,교차로운행방법위반,건조,맑음,교차로 - 교차로안,승용,여,61세,상해없음,이륜,남,51세,중상
2022120500100156,2022년 12월 5일 11시,월요일,경상북도 포항시 북구 흥해읍,경상사고,0,0,1,0,차대차 - 추돌,안전운전불이행,건조,맑음,단일로 - 기타,승용,남,67세,상해없음,승용,남,22세,상해없음
2022120500100157,2022년 12월 5일 11시,월요일,경상북도 안동시 용상동,경상사고,0,0,1,0,차대사람 - 횡단중,보행자보호의무위반,건조,맑음,교차로 - 교차로부근,승용,여,53세,상해없음,보행자,남,73세,경상
2022120500100201,2022년 12월 5일 13시,월요일,경상북도 칠곡군 북삼읍,경상사고,0,0,1,0,차대차 - 측면충돌,안전운전불이행,건조,맑음,단일로 - 기타,승합,여,45세,상해없음,승용,여,45세,경상
2022120500100236,2022년 12월 5일 14시,월요일,경상북도 포항시 남구 대도동,중상사고,0,1,0,0,차대차 - 측면충돌,직진우회전진행방해,건조,맑음,교차로 - 교차로안,승용,여,47세,상해없음,자전거,여,63세,중상
2022120500100275,2022년 12월 5일 15시,월요일,경상북도 경주시 성건동,경상사고,0,0,1,0,차대차 - 추돌,안전운전불이행,건조,맑음,교차로 - 교차로부근,화물,남,60세,상해없음,승용,여,54세,경상
2022120500100276,2022년 12월 5일 15시,월요일,경상북도 군위군 소보면,중상사고,0,1,0,0,차대차 - 추돌,안전운전불이행,건조,맑음,기타 - 기타,승용,남,39세,상해없음,화물,남,54세,중상
2022120500100342,2022년 12월 5일 17시,월요일,경상북도 경주시 서부동,부상신고사고,0,0,0,1,차량단독 - 기타,안전운전불이행,건조,맑음,단일로 - 기타,승합,남,59세,상해없음,,,,
2022120500100385,2022년 12월 5일 18시,월요일,경상북도 영천시 성내동,경상사고,0,0,1,0,차대차 - 측면충돌,안전운전불이행,건조,맑음,단일로 - 기타,승용,남,78세,상해없음,승용,여,65세,경상
2022120500100386,2022년 12월 5일 18시,월요일,경상북도 예천군 호명면,경상사고,0,0,1,0,차대차 - 측면충돌,신호위반,건조,맑음,교차로 - 교차로안,승용,여,58세,상해없음,승용,남,70세,상해없음
2022120500100387,2022년 12월 5일 18시,월요일,경상북도 포항시 남구 해도동,중상사고,0,1,1,0,차대차 - 정면충돌,안전운전불이행,건조,맑음,단일로 - 고가도로위,이륜,남,30세,중상,이륜,남,50세,경상
2022120500100388,2022년 12월 5일 18시,월요일,경상북도 포항시 남구 동촌동,부상신고사고,0,0,0,1,차대차 - 측면충돌,직진우회전진행방해,건조,맑음,교차로 - 교차로안,승용,남,54세,상해없음,승용,여,26세,부상신고
2022120500100435,2022년 12월 5일 19시,월요일,경상북도 안동시 용상동,경상사고,0,0,4,0,차대차 - 추돌,안전운전불이행,건조,맑음,교차로 - 교차로부근,승용,여,64세,상해없음,승용,여,65세,경상
2022120500100436,2022년 12월 5일 19시,월요일,경상북도 경산시 정평동,경상사고,0,0,2,0,차대차 - 추돌,안전거리미확보,건조,맑음,단일로 - 기타,승용,남,64세,상해없음,승용,남,56세,경상
2022120500100461,2022년 12월 5일 20시,월요일,경상북도 경산시 조영동,경상사고,0,0,2,1,차대차 - 추돌,안전거리미확보,건조,맑음,단일로 - 지하차도(도로)내,승용,여,50세,상해없음,승용,남,50세,부상신고
2022120500100462,2022년 12월 5일 20시,월요일,경상북도 구미시 옥계동,중상사고,0,1,0,0,차대차 - 기타,안전운전불이행,건조,맑음,교차로 - 교차로안,이륜,남,43세,중상,승용,남,64세,상해없음
2022120500100490,2022년 12월 5일 21시,월요일,경상북도 영주시 하망동,사망사고,1,0,0,0,차량단독 - 공작물충돌,안전운전불이행,건조,맑음,교차로 - 교차로안,승용,남,70세,사망,,,,
2022120600100003,2022년 12월 6일 00시,화요일,경상북도 칠곡군 석적읍,경상사고,0,0,1,0,차대차 - 추돌,안전운전불이행,건조,맑음,단일로 - 기타,승용,남,40세,상해없음,승용,남,22세,경상
2022120600100010,2022년 12월 6일 02시,화요일,경상북도 성주군 성주읍,경상사고,0,0,1,0,차량단독 - 공작물충돌,안전운전불이행,건조,맑음,교차로 - 교차로부근,승용,남,29세,경상,,,,
2022120600100026,2022년 12월 6일 05시,화요일,경상북도 구미시 비산동,경상사고,0,0,1,0,차대차 - 측면충돌,안전운전불이행,건조,맑음,교차로 - 교차로부근,승용,여,49세,상해없음,이륜,여,21세,경상
2022120600100044,2022년 12월 6일 06시,화요일,경상북도 포항시 북구 죽도동,경상사고,0,0,1,0,차대차 - 측면충돌,안전운전불이행,건조,맑음,단일로 - 기타,승용,남,26세,상해없음,승용,남,52세,경상
2022120600100071,2022년 12월 6일 07시,화요일,경상북도 경주시 용강동,중상사고,0,1,0,0,차대차 - 기타,안전운전불이행,건조,맑음,교차로 - 교차로부근,승합,남,61세,상해없음,이륜,남,23세,중상
2022120600100072,2022년 12월 6일 07시,화요일,경상북도 문경시 모전동,경상사고,0,0,1,0,차대차 - 측면충돌,안전운전불이행,건조,흐림,교차로 - 교차로부근,승용,여,49세,상해없음,승용,남,43세,경상