사고번호,사고일시,요일,시군구,사고내용,사망자수,중상자수,경상자수,부상신고자수,사고유형,법규위반,노면상태,기상상태,도로형태,가해운전자 차종,가해운전자 성별,가해운전자 연령,가해운전자 상해정도,피해운전자 차종,피해운전자 성별,피해운전자 연령,피해운전자 상해정도
2022120600100120,2022년 12월 6일 08시,화요일,경상북도 안동시 풍산읍,중상사고,0,1,0,0,차량단독 - 공작물충돌,안전운전불이행,건조,맑음,기타 - 기타,승용,여,65세,중상,,,,
2022120600100121,2022년 12월 6일 08시,화요일,경상북도 영주시 풍기읍,경상사고,0,0,1,0,차대차 - 측면충돌,교차로운행방법위반,건조,맑음,교차로 - 교차로안,승용,여,49세,상해없음,승용,여,51세,경상
2022120600100181,2022년 12월 6일 09시,화요일,경상북도 포항시 북구 덕산동,경상사고,0,0,1,0,차대차 - 추돌,안전운전불이행,건조,맑음,단일로 - 기타,승용,남,69세,상해없음,승용,남,41세,상해없음
2022120600100182,2022년 12월 6일 09시,화요일,경상북도 문경시 농암면,중상사고,0,1,1,0,차량단독 - 도로외이탈 - 추락,안전운전불이행,적설,눈,단일로 - 기타,승용,남,72세,경상,,,,
2022120600100183,2022년 12월 6일 09시,화요일,경상북도 문경시 모전동,경상사고,0,0,1,0,차대차 - 측면충돌,안전운전불이행,서리/결빙,눈,단일로 - 기타,승용,여,56세,상해없음,화물,남,45세,경상
2022120600100216,2022년 12월 6일 10시,화요일,경상북도 경주시 황남동,경상사고,0,0,1,0,차대사람 - 횡단중,보행자보호의무위반,건조,맑음,교차로 - 교차로횡단보도내,승용,남,38세,상해없음,보행자,여,23세,경상
2022120600100217,2022년 12월 6일 10시,화요일,경상북도 예천군 지보면,경상사고,0,0,2,0,차대차 - 추돌,안전운전불이행,서리/결빙,흐림,단일로 - 기타,화물,남,37세,상해없음,승용,남,68세,경상
2022120600100218,2022년 12월 6일 10시,화요일,경상북도 봉화군 봉화읍,중상사고,0,2,1,0,차대차 - 정면충돌,중앙선침범,건조,맑음,단일로 - 기타,화물,남,69세,경상,화물,남,35세,중상
2022120600100219,2022년 12월 6일 10시,화요일,경상북도 구미시 오태동,경상사고,0,0,1,0,차대차 - 측면충돌,신호위반,건조,맑음,교차로 - 교차로안,승용,남,55세,상해없음,승용,여,39세,경상
2022120600100252,2022년 12월 6일 11시,화요일,경상북도 영천시 완산동,부상신고사고,0,0,0,1,차대사람 - 기타,안전운전불이행,건조,맑음,단일로 - 기타,승용,남,63세,상해없음,보행자,남,41세,부상신고
2022120600100281,2022년 12월 6일 12시,화요일,경상북도 포항시 북구 용흥동,경상사고,0,0,1,0,차대차 - 측면충돌,교차로운행방법위반,건조,맑음,교차로 - 교차로안,건설기계,남,69세,상해없음,승용,남,61세,경상
2022120600100303,2022년 12월 6일 13시,화요일,경상북도 문경시 영순면,경상사고,0,0,1,0,차대차 - 측면충돌,안전운전불이행,건조,흐림,교차로 - 교차로안,승용,남,71세,상해없음,승용,여,57세,경상
2022120600100304,2022년 12월 6일 13시,화요일,경상북도 경산시 진량읍,경상사고,0,0,1,0,차대차 - 측면충돌,중앙선침범,건조,맑음,단일로 - 기타,화물,여,78세,상해없음,승용,여,22세,경상
2022120600100321,2022년 12월 6일 14시,화요일,경상북도 안동시 송현동,경상사고,0,0,1,0,차대사람 - 기타,안전운전불이행,건조,맑음,단일로 - 기타,승용,여,53세,상해없음,보행자,여,11세,경상
2022120600100322,2022년 12월 6일 14시,화요일,경상북도 김천시 성내동,경상사고,0,0,1,0,차대차 - 정면충돌,안전운전불이행,건조,맑음,단일로 - 기타,승용,남,60세,상해없음,승용,남,65세,상해없음
2022120600100323,2022년 12월 6일 14시,화요일,경상북도 영천시 금호읍,사망사고,1,0,0,0,차대사람 - 횡단중,안전운전불이행,건조,맑음,교차로 - 교차로안,화물,남,35세,상해없음,보행자,여,86세,사망
2022120600100324,2022년 12월 6일 14시,화요일,경상북도 고령군 다산면,경상사고,0,0,2,0,차대차 - 정면충돌,중앙선침범,건조,맑음,단일로 - 기타,승용,남,61세,경상,승용,여,54세,경상
2022120600100365,2022년 12월 6일 15시,화요일,경상북도 경주시 배반동,중상사고,0,1,0,0,차량단독 - 공작물충돌,안전운전불이행,건조,맑음,단일로 - 기타,승용,여,49세,중상,,,,
2022120600100366,2022년 12월 6일 15시,화요일,경상북도 포항시 북구 덕수동,경상사고,0,0,1,0,차대차 - 기타,안전운전불이행,건조,맑음,단일로 - 기타,승용,여,65세,상해없음,승용,남,52세,경상
2022120600100367,2022년 12월 6일 15시,화요일,경상북도 포항시 남구 대도동,경상사고,0,0,1,0,차대차 - 측면충돌,교차로운행방법위반,건조,맑음,교차로 - 교차로안,화물,여,55세,상해없음,승용,여,34세,경상
2022120600100397,2022년 12월 6일 16시,화요일,경상북도 경주시 성건동,경상사고,0,0,1,0,차대사람 - 차도통행중,안전운전불이행,건조,맑음,기타 - 기타,승용,남,66세,상해없음,보행자,남,23세,경상
2022120600100398,2022년 12월 6일 16시,화요일,경상북도 경산시 옥곡동,경상사고,0,0,1,0,차대사람 - 횡단중,보행자보호의무위반,건조,맑음,단일로 - 기타,승용,여,72세,상해없음,보행자,남,8세,경상
2022120600100458,2022년 12월 6일 17시,화요일,경상북도 포항시 북구 죽도동,중상사고,0,2,2,0,차대차 - 기타,안전운전불이행,건조,맑음,교차로 - 교차로안,승용,남,38세,상해없음,승용,남,34세,중상
2022120600100459,2022년 12월 6일 17시,화요일,경상북도 포항시 북구 우현동,경상사고,0,0,1,0,차대사람 - 기타,안전운전불이행,건조,맑음,단일로 - 기타,승용,남,72세,상해없음,보행자,여,27세,경상
2022120600100460,2022년 12월 6일 17시,화요일,경상북도 예천군 감천면,중상사고,0,1,0,0,차대차 - 추돌,안전운전불이행,건조,맑음,단일로 - 고가도로위,화물,남,59세,상해없음,화물,남,82세,중상
2022120600100461,2022년 12월 6일 17시,화요일,경상북도 봉화군 물야면,사망사고,1,0,0,0,차량단독 - 전도전복 - 전도,안전운전불이행,서리/결빙,기타,단일로 - 기타,화물,남,64세,사망,,,,
2022120600100462,2022년 12월 6일 17시,화요일,경상북도 성주군 성주읍,중상사고,0,1,1,0,차대차 - 측면충돌,안전운전불이행,건조,맑음,교차로 - 교차로안,승용,여,45세,경상,원동기,남,38세,중상
2022120600100508,2022년 12월 6일 18시,화요일,경상북도 경산시 대정동,경상사고,0,0,2,0,차대차 - 추돌,안전운전불이행,건조,맑음,단일로 - 기타,이륜,남,31세,경상,승용,남,78세,경상
2022120600100509,2022년 12월 6일 18시,화요일,경상북도 포항시 남구 연일읍,중상사고,0,1,0,0,차대사람 - 차도통행중,안전운전불이행,건조,맑음,교차로 - 교차로안,승용,남,51세,상해없음,보행자,남,72세,중상
2022120600100628,2022년 12월 6일 22시,화요일,경상북도 상주시 무양동,부상신고사고,0,0,0,1,차대사람 - 기타,안전운전불이행,건조,맑음,교차로 - 교차로안,승용,남,30세,상해없음,보행자,남,39세,부상신고
2022120600100629,2022년 12월 6일 22시,화요일,경상북도 안동시 길안면,경상사고,0,0,1,0,차대차 - 추돌,안전운전불이행,건조,맑음,단일로 - 기타,승용,여,49세,상해없음,승용,남,52세,경상
2022120600100645,2022년 12월 6일 23시,화요일,경상북도 청도군 매전면,사망사고,1,0,0,0,차량단독 - 기타,안전운전불이행,건조,맑음,단일로 - 기타,승용,여,33세,사망,,,,
2022120700100019,2022년 12월 7일 03시,수요일,경상북도 안동시 용상동,경상사고,0,0,1,0,차대차 - 측면충돌,안전운전불이행,건조,맑음,교차로 - 교차로안,승용,여,44세,상해없음,승용,남,28세,경상
2022120700100034,2022년 12월 7일 05시,수요일,경상북도 경주시 시래동,경상사고,0,0,1,0,차대차 - 측면충돌,신호위반,건조,맑음,교차로 - 교차로안,화물,남,64세,상해없음,승용,남,36세,경상
2022120700100046,2022년 12월 7일 06시,수요일,경상북도 구미시 구포동,경상사고,0,0,1,0,차대차 - 기타,안전거리미확보,건조,맑음,단일로 - 기타,승용,남,64세,상해없음,승용,남,28세,경상
2022120700100073,2022년 12월 7일 07시,수요일,경상북도 경주시 광명동,경상사고,0,0,2,0,차대차 - 추돌,안전운전불이행,건조,맑음,교차로 - 교차로부근,승용,남,66세,상해없음,화물,여,64세,경상
2022120700100074,2022년 12월 7일 07시,수요일,경상북도 경산시 계양동,중상사고,0,1,0,0,차대차 - 측면충돌,신호위반,건조,맑음,교차로 - 교차로안,승용,남,68세,상해없음,승용,남,49세,중상
2022120700100106,2022년 12월 7일 08시,수요일,경상북도 포항시 남구 오천읍,경상사고,0,0,3,0,차대차 - 기타,교차로운행방법위반,건조,맑음,교차로 - 교차로안,승용,남,71세,상해없음,승용,여,37세,경상
2022120700100167,2022년 12월 7일 10시,수요일,경상북도 구미시 봉곡동,경상사고,0,0,1,0,차대차 - 측면충돌,중앙선침범,건조,맑음,교차로 - 교차로안,자전거,여,74세,경상,승용,남,26세,상해없음
2022120700100168,2022년 12월 7일 10시,수요일,경상북도 구미시 고아읍,중상사고,0,1,0,0,차대차 - 기타,안전운전불이행,건조,맑음,교차로 - 교차로안,이륜,남,42세,중상,승용,남,62세,상해없음
2022120700100192,2022년 12월 7일 11시,수요일,경상북도 안동시 서부동,부상신고사고,0,0,0,1,차대차 - 기타,안전운전불이행,건조,맑음,단일로 - 기타,원동기,남,45세,부상신고,승용,여,42세,상해없음
2022120700100193,2022년 12월 7일 11시,수요일,경상북도 군위군 의흥면,경상사고,0,0,1,0,차대차 - 측면충돌,안전운전불이행,건조,맑음,단일로 - 기타,화물,남,59세,상해없음,승용,남,73세,경상
2022120700100249,2022년 12월 7일 13시,수요일,경상북도 경주시 외동읍,경상사고,0,0,2,0,차대차 - 측면충돌,안전운전불이행,건조,맑음,단일로 - 기타,화물,남,48세,상해없음,승용,여,45세,경상
2022120700100250,2022년 12월 7일 13시,수요일,경상북도 안동시 목성동,중상사고,0,1,0,0,차대사람 - 기타,안전운전불이행,건조,맑음,단일로 - 기타,화물,남,64세,상해없음,보행자,여,66세,중상
2022120700100251,2022년 12월 7일 13시,수요일,경상북도 칠곡군 약목면,경상사고,0,0,1,1,차대차 - 측면충돌,신호위반,건조,맑음,교차로 - 교차로안,승용,여,50세,부상신고,승용,여,38세,경상
2022120700100310,2022년 12월 7일 15시,수요일,경상북도 포항시 북구 용흥동,경상사고,0,0,1,0,차대차 - 기타,안전거리미확보,건조,맑음,단일로 - 기타,승용,남,73세,상해없음,승합,남,54세,경상
2022120700100343,2022년 12월 7일 16시,수요일,경상북도 안동시 옥동,경상사고,0,0,2,0,차대차 - 측면충돌,안전운전불이행,건조,맑음,교차로 - 교차로부근,승용,남,63세,경상,승용,남,59세,경상
2022120700100344,2022년 12월 7일 16시,수요일,경상북도 고령군 다산면,경상사고,0,0,1,0,차대차 - 측면충돌,교차로운행방법위반,건조,맑음,교차로 - 교차로안,승용,남,46세,상해없음,화물,남,71세,경상
2022120700100468,2022년 12월 7일 18시,수요일,경상북도 상주시 만산동,경상사고,0,0,3,0,차대차 - 추돌,안전운전불이행,건조,맑음,교차로 - 교차로부근,승용,남,29세,상해없음,승용,남,61세,경상
2022120700100469,2022년 12월 7일 18시,수요일,경상북도 칠곡군 왜관읍,경상사고,0,0,1,0,차대사람 - 횡단중,안전운전불이행,건조,맑음,교차로 - 교차로부근,승용,여,53세,상해없음,보행자,남,86세,경상
2022120700100470,2022년 12월 7일 18시,수요일,경상북도 칠곡군 북삼읍,경상사고,0,0,2,0,차대차 - 측면충돌,안전운전불이행,건조,맑음,주차장 - 주차장,원동기,남,41세,경상,승용,여,70세,경상
2022120700100471,2022년 12월 7일 18시,수요일,경상북도 구미시 상모동,중상사고,0,1,0,0,차대차 - 기타,중앙선침범,건조,맑음,교차로 - 교차로부근,승용,여,29세,상해없음,이륜,남,38세,중상
2022120700100522,2022년 12월 7일 19시,수요일,경상북도 경주시 외동읍,중상사고,0,2,0,0,차대차 - 측면충돌,안전운전불이행,건조,맑음,단일로 - 기타,승용,남,48세,상해없음,승용,남,44세,중상
2022120700100523,2022년 12월 7일 19시,수요일,경상북도 구미시 옥계동,경상사고,0,0,1,0,차대차 - 기타,신호위반,건조,맑음,교차로 - 교차로안,승용,여,38세,상해없음,이륜,남,31세,경상
2022120700100524,2022년 12월 7일 19시,수요일,경상북도 구미시 진평동,경상사고,0,0,1,0,차대차 - 기타,안전운전불이행,건조,흐림,교차로 - 교차로안,승용,남,27세,경상,승용,남,40세,상해없음
2022120700100525,2022년 12월 7일 19시,수요일,경상북도 구미시 인의동,중상사고,0,1,0,0,차대차 - 측면충돌,안전운전불이행,건조,맑음,단일로 - 기타,승용,남,55세,상해없음,이륜,남,51세,중상
2022120700100526,2022년 12월 7일 19시,수요일,경상북도 포항시 남구 이동,경상사고,0,0,1,0,차대차 - 기타,직진우회전진행방해,건조,맑음,교차로 - 교차로안,승용,여,62세,상해없음,승용,남,57세,경상
2022120700100527,2022년 12월 7일 19시,수요일,경상북도 포항시 남구 대잠동,경상사고,0,0,2,0,차대차 - 측면충돌,신호위반,건조,맑음,교차로 - 교차로안,이륜,남,46세,상해없음,승용,남,42세,경상
2022120700100624,2022년 12월 7일 23시,수요일,경상북도 경산시 진량읍,경상사고,0,0,2,0,차대차 - 추돌,안전거리미확보,건조,맑음,단일로 - 지하차도(도로)내,승용,남,38세,상해없음,승용,남,29세,경상
2022120800100009,2022년 12월 8일 00시,목요일,경상북도 포항시 북구 대신동,경상사고,0,0,1,0,차량단독 - 공작물충돌,안전운전불이행,건조,맑음,교차로 - 교차로부근,원동기,남,41세,경상,,,,
2022120800100035,2022년 12월 8일 03시,목요일,경상북도 군위군 소보면,경상사고,0,0,1,0,차대차 - 추돌,안전운전불이행,건조,맑음,단일로 - 터널,승용,남,47세,상해없음,화물,남,49세,경상
2022120800100073,2022년 12월 8일 06시,목요일,경상북도 칠곡군 약목면,중상사고,0,1,0,0,차대사람 - 횡단중,보행자보호의무위반,건조,맑음,단일로 - 기타,승합,남,51세,상해없음,보행자,여,70세,중상
2022120800100090,2022년 12월 8일 07시,목요일,경상북도 구미시 광평동,경상사고,0,0,1,0,차대차 - 기타,신호위반,건조,맑음,교차로 - 교차로안,화물,남,52세,상해없음,승용,여,55세,경상
2022120800100126,2022년 12월 8일 08시,목요일,경상북도 포항시 북구 기계면,중상사고,0,2,0,0,차대차 - 측면충돌,신호위반,건조,맑음,교차로 - 교차로안,승용,남,72세,상해없음,승용,여,51세,중상
2022120800100127,2022년 12월 8일 08시,목요일,경상북도 안동시 화성동,중상사고,0,1,0,0,차대사람 - 기타,안전운전불이행,건조,맑음,기타 - 기타,승용,여,66세,상해없음,보행자,남,10세,중상
2022120800100128,2022년 12월 8일 08시,목요일,경상북도 영덕군 영덕읍,경상사고,0,0,1,0,차대차 - 정면충돌,교차로운행방법위반,건조,맑음,교차로 - 교차로안,승용,여,43세,상해없음,승용,남,46세,경상
2022120800100129,2022년 12월 8일 08시,목요일,경상북도 구미시 고아읍,중상사고,0,1,2,0,차대차 - 기타,기타,건조,맑음,교차로 - 교차로안,승용,여,44세,중상,승용,여,45세,경상
2022120800100169,2022년 12월 8일 09시,목요일,경상북도 성주군 성주읍,경상사고,0,0,2,0,차대차 - 측면충돌,신호위반,건조,맑음,교차로 - 교차로안,승용,남,72세,경상,승용,남,64세,경상
2022120800100170,2022년 12월 8일 09시,목요일,경상북도 포항시 남구 장흥동,중상사고,0,1,0,1,차대차 - 측면충돌,신호위반,건조,맑음,교차로 - 교차로안,승용,남,62세,부상신고,승용,여,59세,중상
2022120800100211,2022년 12월 8일 10시,목요일,경상북도 영주시 가흥동,중상사고,0,1,0,0,차대차 - 측면충돌,직진우회전진행방해,건조,맑음,교차로 - 교차로안,승용,여,36세,상해없음,승용,남,37세,중상
2022120800100247,2022년 12월 8일 11시,목요일,경상북도 칠곡군 왜관읍,중상사고,0,1,0,0,차대차 - 측면충돌,교차로운행방법위반,건조,맑음,교차로 - 교차로안,승용,여,26세,상해없음,건설기계,남,47세,중상
2022120800100272,2022년 12월 8일 12시,목요일,경상북도 김천시 교동,중상사고,0,1,0,0,차대차 - 측면충돌,안전운전불이행,건조,맑음,단일로 - 기타,승용,남,67세,상해없음,이륜,남,31세,중상
2022120800100273,2022년 12월 8일 12시,목요일,경상북도 영양군 영양읍,중상사고,0,1,0,0,차대차 - 측면충돌,기타,건조,맑음,교차로 - 교차로안,승용,남,31세,상해없음,이륜,남,72세,중상
2022120800100313,2022년 12월 8일 13시,목요일,경상북도 안동시 풍천면,중상사고,0,1,0,0,차량단독 - 전도전복 - 전도,안전운전불이행,건조,맑음,단일로 - 기타,화물,남,71세,중상,,,,
2022120800100346,2022년 12월 8일 14시,목요일,경상북도 상주시 무양동,경상사고,0,0,1,0,차대차 - 측면충돌,교차로운행방법위반,건조,맑음,교차로 - 교차로안,승용,남,47세,상해없음,화물,남,54세,경상
2022120800100347,2022년 12월 8일 14시,목요일,경상북도 칠곡군 기산면,중상사고,0,1,0,0,차량단독 - 공작물충돌,안전운전불이행,건조,맑음,단일로 - 기타,승용,남,20세,상해없음,,,,
2022120800100383,2022년 12월 8일 15시,목요일,경상북도 칠곡군 동명면,경상사고,0,0,1,0,차대차 - 기타,신호위반,건조,맑음,교차로 - 교차로안,승용,남,34세,상해없음,이륜,남,44세,경상
2022120800100416,2022년 12월 8일 16시,목요일,경상북도 경주시 황오동,경상사고,0,0,1,0,차대사람 - 횡단중,안전운전불이행,건조,맑음,단일로 - 기타,승용,여,51세,상해없음,보행자,여,65세,경상
2022120800100417,2022년 12월 8일 16시,목요일,경상북도 포항시 남구 상도동,경상사고,0,0,1,0,차대사람 - 기타,안전운전불이행,건조,맑음,교차로 - 교차로부근,승용,남,28세,상해없음,보행자,여,26세,경상
2022120800100449,2022년 12월 8일 17시,목요일,경상북도 의성군 옥산면,경상사고,0,0,1,0,차대차 - 측면충돌,중앙선침범,건조,맑음,단일로 - 기타,화물,남,71세,상해없음,승용,여,56세,경상
2022120800100450,2022년 12월 8일 17시,목요일,경상북도 영주시 조암동,중상사고,0,1,0,0,차대차 - 측면충돌,안전운전불이행,건조,맑음,단일로 - 기타,화물,남,51세,상해없음,자전거,남,67세,중상
2022120800100451,2022년 12월 8일 17시,목요일,경상북도 영천시 망정동,경상사고,0,0,1,0,차대차 - 측면충돌,안전운전불이행,건조,맑음,교차로 - 교차로안,승용,여,55세,상해없음,이륜,남,53세,경상
2022120800100452,2022년 12월 8일 17시,목요일,경상북도 경산시 하양읍,중상사고,0,1,0,0,차대사람 - 횡단중,신호위반,건조,맑음,단일로 - 지하차도(도로)내,화물,남,60세,상해없음,보행자,남,19세,중상
2022120800100453,2022년 12월 8일 17시,목요일,경상북도 성주군 선남면,사망사고,1,0,0,0,차량단독 - 공작물충돌,안전운전불이행,건조,맑음,단일로 - 기타,승용,남,77세,사망,,,,
2022120800100454,2022년 12월 8일 17시,목요일,경상북도 포항시 남구 오천읍,경상사고,0,0,2,0,차대차 - 기타,차로위반,건조,맑음,교차로 - 교차로안,승용,여,60세,상해없음,화물,남,42세,경상
2022120800100513,2022년 12월 8일 18시,목요일,경상북도 상주시 공성면,경상사고,0,0,1,0,차대차 - 기타,안전운전불이행,건조,맑음,단일로 - 기타,화물,남,74세,상해없음,승용,남,49세,기타불명
2022120800100514,2022년 12월 8일 18시,목요일,경상북도 영천시 야사동,경상사고,0,0,2,0,차대차 - 측면충돌,교차로운행방법위반,건조,맑음,교차로 - 교차로안,승용,남,52세,경상,승용,남,58세,경상
2022120800100515,2022년 12월 8일 18시,목요일,경상북도 경산시 압량읍,경상사고,0,0,1,0,차대사람 - 기타,안전운전불이행,건조,맑음,단일로 - 기타,이륜,남,41세,상해없음,보행자,남,22세,경상
2022120800100625,2022년 12월 8일 21시,목요일,경상북도 경주시 내남면,경상사고,0,0,1,0,차대차 - 추돌,안전운전불이행,건조,맑음,교차로 - 교차로부근,화물,남,59세,상해없음,승용,남,37세,경상
2022120800100626,2022년 12월 8일 21시,목요일,경상북도 포항시 북구 득량동,중상사고,0,1,0,0,차대차 - 측면충돌,신호위반,건조,맑음,교차로 - 교차로안,승용,남,67세,상해없음,이륜,남,30세,중상
2022120800100627,2022년 12월 8일 21시,목요일,경상북도 구미시 송정동,경상사고,0,0,2,0,차대차 - 측면충돌,안전운전불이행,건조,맑음,교차로 - 교차로안,승용,여,39세,상해없음,승용,남,60세,경상
2022120800100628,2022년 12월 8일 21시,목요일,경상북도 구미시 원평동,경상사고,0,0,1,0,차대사람 - 기타,안전운전불이행,건조,맑음,단일로 - 기타,승용,여,46세,상해없음,보행자,남,64세,경상
2022120800100629,2022년 12월 8일 21시,목요일,경상북도 상주시 이안면,중상사고,0,2,0,0,차대차 - 측면충돌,안전운전불이행,건조,맑음,단일로 - 기타,화물,남,61세,상해없음,승용,남,54세,중상
2022120800100645,2022년 12월 8일 22시,목요일,경상북도 구미시 공단동,경상사고,0,0,1,0,차대차 - 기타,안전운전불이행,건조,맑음,단일로 - 기타,승용,남,43세,상해없음,승용,남,37세,경상
2022120900100033,2022년 12월 9일 04시,금요일,경상북도 구미시 도량동,경상사고,0,0,2,0,차대차 - 정면충돌,신호위반,건조,맑음,교차로 - 교차로안,승용,여,65세,상해없음,승용,남,39세,경상
2022120900100071,2022년 12월 9일 07시,금요일,경상북도 구미시 고아읍,경상사고,0,0,1,0,차대차 - 기타,안전운전불이행,건조,기타,교차로 - 교차로안,승합,남,67세,상해없음,승용,여,50세,경상
2022120900100088,2022년 12월 9일 08시,금요일,경상북도 경주시 도지동,경상사고,0,0,2,0,차대차 - 정면충돌,안전운전불이행,건조,맑음,단일로 - 기타,승합,남,66세,상해없음,승용,남,59세,경상
2022120900100089,2022년 12월 9일 08시,금요일,경상북도 김천시 증산면,경상사고,0,0,2,0,차대차 - 측면충돌,교차로운행방법위반,건조,맑음,교차로 - 교차로안,승용,남,66세,상해없음,승용,여,66세,경상
2022120900100090,2022년 12월 9일 08시,금요일,경상북도 고령군 성산면,중상사고,0,4,4,0,차량단독 - 기타,안전운전불이행,건조,맑음,단일로 - 기타,승합,남,63세,상해없음,,,,
2022120900100122,2022년 12월 9일 09시,금요일,경상북도 경주시 외동읍,중상사고,0,1,0,0,차대차 - 추돌,안전운전불이행,건조,맑음,단일로 - 기타,화물,남,59세,상해없음,승용,남,29세,중상
2022120900100123,2022년 12월 9일 09시,금요일,경상북도 상주시 서문동,경상사고,0,0,1,0,차대차 - 측면충돌,교차로운행방법위반,건조,맑음,교차로 - 교차로안,이륜,여,68세,경상,승용,여,51세,상해없음
2022120900100124,2022년 12월 9일 09시,금요일,경상북도 칠곡군 약목면,부상신고사고,0,0,0,1,차량단독 - 공작물충돌,안전운전불이행,건조,맑음,단일로 - 지하차도(도로)내,이륜,남,65세,부상신고,,,,
2022120900100147,2022년 12월 9일 10시,금요일,경상북도 울진군 온정면,사망사고,1,1,0,0,차대차 - 정면충돌,중앙선침범,건조,맑음,단일로 - 기타,승용,여,61세,사망,승용,남,30세,중상
2022120900100174,2022년 12월 9일 11시,금요일,경상북도 경주시 황남동,경상사고,0,0,1,1,차대차 - 정면충돌,중앙선침범,건조,맑음,교차로 - 교차로부근,승용,여,61세,부상신고,승합,남,49세,경상
2022120900100175,2022년 12월 9일 11시,금요일,경상북도 경주시 황남동,경상사고,0,0,2,0,차대차 - 측면충돌,안전운전불이행,건조,맑음,교차로 - 교차로안,승용,여,55세,경상,승용,남,65세,경상
2022120900100176,2022년 12월 9일 11시,금요일,경상북도 영주시 휴천동,중상사고,0,1,0,0,차대사람 - 기타,교차로운행방법위반,건조,맑음,교차로 - 교차로부근,승용,남,62세,상해없음,보행자,남,48세,중상
2022120900100177,2022년 12월 9일 11시,금요일,경상북도 칠곡군 북삼읍,경상사고,0,0,1,0,차대차 - 측면충돌,안전운전불이행,건조,맑음,교차로 - 교차로부근,이륜,남,46세,경상,승용,남,64세,상해없음
2022120900100178,2022년 12월 9일 11시,금요일,경상북도 문경시 모전동,경상사고,0,0,2,0,차대차 - 측면충돌,안전거리미확보,건조,맑음,단일로 - 기타,승용,여,59세,경상,승용,남,58세,경상
2022120900100179,2022년 12월 9일 11시,금요일,경상북도 경산시 하양읍,경상사고,0,0,1,0,차대사람 - 횡단중,안전운전불이행,건조,맑음,교차로 - 교차로안,승용,여,23세,상해없음,보행자,여,69세,경상
2022120900100180,2022년 12월 9일 11시,금요일,경상북도 청도군 화양읍,중상사고,0,1,0,0,차대차 - 기타,중앙선침범,건조,맑음,단일로 - 기타,승용,남,75세,상해없음,이륜,남,58세,중상
2022120900100206,2022년 12월 9일 12시,금요일,경상북도 영주시 가흥동,사망사고,1,0,0,0,차대사람 - 기타,안전운전불이행,건조,맑음,기타 - 기타,화물,남,40세,상해없음,보행자,남,78세,사망
2022120900100207,2022년 12월 9일 12시,금요일,경상북도 구미시 구평동,중상사고,0,1,0,0,차대차 - 추돌,안전운전불이행,건조,맑음,교차로 - 교차로부근,승용,남,55세,중상,화물,남,54세,상해없음
2022120900100236,2022년 12월 9일 13시,금요일,경상북도 경주시 석장동,경상사고,0,0,1,0,차대차 - 측면충돌,안전운전불이행,건조,맑음,교차로 - 교차로안,승용,남,71세,상해없음,승용,남,25세,경상
2022120900100237,2022년 12월 9일 13시,금요일,경상북도 포항시 북구 죽도동,경상사고,0,0,2,0,차대차 - 측면충돌,안전거리미확보,건조,맑음,단일로 - 기타,화물,남,68세,상해없음,승용,남,45세,경상
2022120900100238,2022년 12월 9일 13시,금요일,경상북도 안동시 옥동,경상사고,0,0,3,0,차대차 - 측면충돌,안전운전불이행,건조,맑음,교차로 - 교차로안,승용,남,63세,상해없음,승용,여,40세,경상
2022120900100288,2022년 12월 9일 15시,금요일,경상북도 영주시 가흥동,중상사고,0,1,0,0,차대차 - 측면충돌,직진우회전진행방해,건조,맑음,교차로 - 교차로안,승용,여,61세,상해없음,개인형이동수단(PM),여,32세,중상
2022120900100325,2022년 12월 9일 16시,금요일,경상북도 경산시 중방동,중상사고,0,1,0,0,차대사람 - 횡단중,보행자보호의무위반,건조,맑음,교차로 - 교차로안,승합,남,60세,상해없음,보행자,남,64세,중상
2022120900100326,2022년 12월 9일 16시,금요일,경상북도 경산시 하양읍,경상사고,0,0,3,0,차대차 - 측면충돌,신호위반,건조,맑음,교차로 - 교차로안,승용,남,23세,상해없음,승용,남,25세,경상
2022120900100378,2022년 12월 9일 17시,금요일,경상북도 안동시 북문동,부상신고사고,0,0,0,2,차대차 - 후진중충돌,안전운전불이행,건조,맑음,교차로 - 교차로안,승용,남,51세,상해없음,승용,남,48세,부상신고
2022120900100379,2022년 12월 9일 17시,금요일,경상북도 문경시 문경읍,부상신고사고,0,0,0,1,차대차 - 기타,안전운전불이행,건조,맑음,기타 - 기타,화물,남,76세,상해없음,사륜오토바이(ATV),남,78세,부상신고
2022120900100380,2022년 12월 9일 17시,금요일,경상북도 경산시 진량읍,경상사고,0,0,2,0,차대차 - 측면충돌,안전운전불이행,건조,맑음,교차로 - 교차로안,승용,여,45세,경상,개인형이동수단(PM),남,23세,경상
2022120900100438,2022년 12월 9일 18시,금요일,경상북도 경주시 시래동,중상사고,0,1,0,0,차대차 - 측면충돌,안전운전불이행,건조,맑음,교차로 - 교차로안,승용,남,35세,상해없음,이륜,남,48세,중상
2022120900100439,2022년 12월 9일 18시,금요일,경상북도 안동시 법흥동,경상사고,0,0,2,0,차대차 - 측면충돌,안전운전불이행,건조,맑음,단일로 - 교량,승용,여,50세,상해없음,승용,남,37세,경상