사고번호,사고일시,요일,시군구,사고내용,사망자수,중상자수,경상자수,부상신고자수,사고유형,법규위반,노면상태,기상상태,도로형태,가해운전자 차종,가해운전자 성별,가해운전자 연령,가해운전자 상해정도,피해운전자 차종,피해운전자 성별,피해운전자 연령,피해운전자 상해정도
2022120900100440,2022년 12월 9일 18시,금요일,경상북도 청송군 진보면,중상사고,0,1,0,0,차대사람 - 차도통행중,안전운전불이행,건조,맑음,교차로 - 교차로안,승용,여,68세,상해없음,보행자,여,78세,중상
2022120900100441,2022년 12월 9일 18시,금요일,경상북도 포항시 남구 대잠동,경상사고,0,0,5,0,차대차 - 측면충돌,안전거리미확보,건조,맑음,단일로 - 기타,승용,여,66세,상해없음,승용,남,54세,경상
2022120900100442,2022년 12월 9일 18시,금요일,경상북도 포항시 남구 해도동,중상사고,0,1,0,0,차대차 - 측면충돌,안전운전불이행,건조,맑음,단일로 - 기타,승용,남,54세,상해없음,자전거,남,70세,중상
2022120900100503,2022년 12월 9일 19시,금요일,경상북도 경주시 용강동,경상사고,0,0,2,0,차대차 - 측면충돌,안전운전불이행,건조,맑음,단일로 - 기타,승용,남,42세,경상,승용,남,55세,경상
2022120900100533,2022년 12월 9일 20시,금요일,경상북도 영주시 휴천동,경상사고,0,0,1,0,차대사람 - 보도통행중,보행자보호의무위반,건조,맑음,교차로 - 교차로횡단보도내,승용,남,68세,상해없음,보행자,남,76세,경상
2022120900100590,2022년 12월 9일 22시,금요일,경상북도 포항시 북구 항구동,경상사고,0,0,1,0,차대차 - 추돌,안전거리미확보,건조,맑음,교차로 - 교차로안,승용,남,23세,상해없음,승용,여,60세,경상
2022120900100614,2022년 12월 9일 23시,금요일,경상북도 경주시 성건동,경상사고,0,0,1,0,차대차 - 측면충돌,안전운전불이행,건조,맑음,교차로 - 교차로안,원동기,남,45세,경상,승용,남,31세,상해없음
2022121000100017,2022년 12월 10일 00시,토요일,경상북도 구미시 임수동,중상사고,0,1,1,0,차대차 - 추돌,안전운전불이행,건조,맑음,교차로 - 교차로부근,승용,남,44세,상해없음,승용,남,68세,중상
2022121000100039,2022년 12월 10일 01시,토요일,경상북도 경주시 성동동,경상사고,0,0,2,0,차대차 - 측면충돌,중앙선침범,건조,맑음,단일로 - 기타,승용,남,24세,상해없음,승용,남,23세,경상
2022121000100049,2022년 12월 10일 02시,토요일,경상북도 의성군 봉양면,부상신고사고,0,0,0,1,차량단독 - 공작물충돌,안전운전불이행,건조,맑음,단일로 - 기타,승용,여,46세,부상신고,,,,
2022121000100098,2022년 12월 10일 07시,토요일,경상북도 포항시 북구 흥해읍,경상사고,0,0,1,0,차대차 - 기타,안전운전불이행,건조,맑음,단일로 - 기타,승용,여,51세,상해없음,승용,남,33세,경상
2022121000100099,2022년 12월 10일 07시,토요일,경상북도 김천시 아포읍,중상사고,0,1,2,0,차대차 - 측면충돌,교차로운행방법위반,건조,맑음,교차로 - 교차로안,승용,여,43세,중상,승용,남,56세,경상
2022121000100155,2022년 12월 10일 10시,토요일,경상북도 구미시 옥계동,경상사고,0,0,1,0,차대차 - 기타,안전운전불이행,건조,맑음,주차장 - 주차장,승용,여,43세,상해없음,승용,여,28세,경상
2022121000100193,2022년 12월 10일 11시,토요일,경상북도 김천시 부곡동,경상사고,0,0,1,0,차대차 - 정면충돌,중앙선침범,건조,맑음,단일로 - 기타,이륜,남,71세,경상,승합,남,65세,상해없음
2022121000100223,2022년 12월 10일 12시,토요일,경상북도 포항시 북구 죽도동,중상사고,0,1,0,0,차대사람 - 기타,안전운전불이행,건조,맑음,단일로 - 기타,승용,남,43세,상해없음,보행자,여,69세,중상
2022121000100224,2022년 12월 10일 12시,토요일,경상북도 안동시 옥동,중상사고,0,1,0,0,차대차 - 기타,안전운전불이행,건조,맑음,단일로 - 기타,승용,남,67세,상해없음,이륜,남,49세,중상
2022121000100263,2022년 12월 10일 13시,토요일,경상북도 안동시 운흥동,중상사고,0,1,2,3,차대차 - 기타,안전운전불이행,건조,맑음,교차로 - 교차로부근,승용,남,25세,부상신고,승합,남,52세,상해없음
2022121000100296,2022년 12월 10일 14시,토요일,경상북도 봉화군 봉화읍,경상사고,0,0,1,0,차대차 - 기타,안전운전불이행,건조,맑음,단일로 - 기타,승용,남,45세,상해없음,이륜,남,62세,경상
2022121000100334,2022년 12월 10일 16시,토요일,경상북도 칠곡군 석적읍,경상사고,0,0,1,0,차대차 - 기타,직진우회전진행방해,건조,맑음,교차로 - 교차로안,승용,남,53세,상해없음,이륜,남,34세,경상
2022121000100370,2022년 12월 10일 17시,토요일,경상북도 포항시 북구 덕산동,경상사고,0,0,1,0,차대사람 - 횡단중,보행자보호의무위반,건조,맑음,단일로 - 기타,승용,남,72세,상해없음,보행자,여,77세,경상
2022121000100371,2022년 12월 10일 17시,토요일,경상북도 포항시 북구 송라면,경상사고,0,0,1,0,차대사람 - 기타,안전운전불이행,건조,맑음,단일로 - 기타,승용,남,71세,상해없음,보행자,여,75세,경상
2022121000100372,2022년 12월 10일 17시,토요일,경상북도 칠곡군 북삼읍,중상사고,0,1,0,0,차대사람 - 기타,안전운전불이행,건조,맑음,단일로 - 기타,건설기계,남,73세,상해없음,보행자,남,52세,중상
2022121000100418,2022년 12월 10일 18시,토요일,경상북도 안동시 송현동,사망사고,1,0,2,0,차대차 - 추돌,안전운전불이행,건조,맑음,단일로 - 기타,화물,남,62세,사망,승합,남,40세,경상
2022121000100419,2022년 12월 10일 18시,토요일,경상북도 의성군 비안면,중상사고,0,1,0,0,차대차 - 정면충돌,신호위반,건조,맑음,교차로 - 교차로안,승용,남,67세,상해없음,승용,남,44세,중상
2022121000100420,2022년 12월 10일 18시,토요일,경상북도 포항시 남구 오천읍,중상사고,0,1,0,0,차대사람 - 횡단중,안전운전불이행,건조,맑음,교차로 - 교차로안,승용,남,67세,상해없음,보행자,남,75세,중상
2022121000100449,2022년 12월 10일 19시,토요일,경상북도 포항시 남구 지곡동,경상사고,0,0,2,0,차대차 - 기타,안전운전불이행,건조,맑음,교차로 - 교차로부근,승용,여,46세,경상,이륜,남,42세,경상
2022121000100479,2022년 12월 10일 20시,토요일,경상북도 구미시 송정동,중상사고,0,1,0,0,차대사람 - 횡단중,보행자보호의무위반,건조,맑음,교차로 - 교차로횡단보도내,승용,남,56세,상해없음,보행자,남,53세,중상
2022121000100493,2022년 12월 10일 21시,토요일,경상북도 구미시 송정동,경상사고,0,0,2,0,차대차 - 기타,안전운전불이행,건조,맑음,단일로 - 기타,승용,남,49세,상해없음,승용,남,65세,경상
2022121000100494,2022년 12월 10일 21시,토요일,경상북도 포항시 남구 상도동,경상사고,0,0,2,0,차대차 - 정면충돌,안전운전불이행,건조,맑음,교차로 - 교차로안,기타불명,기타불명,미분류,기타불명,승용,남,63세,경상
2022121000100516,2022년 12월 10일 22시,토요일,경상북도 경주시 감포읍,경상사고,0,0,3,0,차대차 - 후진중충돌,안전운전불이행,건조,맑음,교차로 - 교차로부근,승용,남,27세,상해없음,승용,남,27세,경상
2022121000100517,2022년 12월 10일 22시,토요일,경상북도 칠곡군 북삼읍,경상사고,0,0,4,0,차대차 - 측면충돌,안전운전불이행,건조,맑음,교차로 - 교차로안,승용,남,38세,상해없음,승용,남,64세,경상
2022121000100518,2022년 12월 10일 22시,토요일,경상북도 구미시 광평동,경상사고,0,0,3,0,차대차 - 추돌,안전운전불이행,건조,맑음,교차로 - 교차로부근,승용,여,36세,상해없음,승용,여,37세,경상
2022121000100519,2022년 12월 10일 22시,토요일,경상북도 포항시 남구 상도동,중상사고,0,1,0,1,차대차 - 측면충돌,안전거리미확보,건조,맑음,단일로 - 기타,승용,남,66세,부상신고,이륜,남,16세,중상
2022121000100540,2022년 12월 10일 23시,토요일,경상북도 안동시 용상동,경상사고,0,0,2,1,차대차 - 측면충돌,신호위반,건조,맑음,교차로 - 교차로안,승용,여,52세,부상신고,승용,남,63세,경상
2022121100100009,2022년 12월 11일 00시,일요일,경상북도 경주시 외동읍,중상사고,0,1,0,0,차량단독 - 전도전복 - 전복,안전운전불이행,건조,맑음,단일로 - 기타,화물,남,65세,중상,,,,
2022121100100010,2022년 12월 11일 00시,일요일,경상북도 포항시 북구 죽도동,경상사고,0,0,1,0,차대차 - 정면충돌,안전운전불이행,건조,맑음,교차로 - 교차로안,승용,남,68세,상해없음,승용,여,52세,상해없음
2022121100100042,2022년 12월 11일 04시,일요일,경상북도 포항시 북구 죽도동,중상사고,0,1,1,0,차대차 - 측면충돌,안전운전불이행,건조,맑음,교차로 - 교차로안,승용,남,19세,상해없음,승용,남,56세,경상
2022121100100043,2022년 12월 11일 04시,일요일,경상북도 포항시 남구 연일읍,경상사고,0,0,1,0,차대차 - 측면충돌,안전운전불이행,건조,맑음,단일로 - 지하차도(도로)내,승용,남,31세,상해없음,화물,남,45세,상해없음
2022121100100044,2022년 12월 11일 04시,일요일,경상북도 경산시 남천면,경상사고,0,0,2,0,차대차 - 추돌,안전운전불이행,건조,맑음,단일로 - 기타,승용,남,60세,상해없음,승용,남,23세,경상
2022121100100055,2022년 12월 11일 06시,일요일,경상북도 구미시 공단동,경상사고,0,0,1,0,차대차 - 정면충돌,신호위반,건조,맑음,교차로 - 교차로안,승용,여,51세,상해없음,자전거,남,59세,경상
2022121100100071,2022년 12월 11일 08시,일요일,경상북도 안동시 풍산읍,경상사고,0,0,1,0,차대차 - 측면충돌,교차로운행방법위반,건조,맑음,교차로 - 교차로안,화물,남,59세,상해없음,승용,남,29세,경상
2022121100100084,2022년 12월 11일 09시,일요일,경상북도 구미시 고아읍,경상사고,0,0,2,1,차대차 - 측면충돌,안전운전불이행,건조,맑음,단일로 - 기타,승용,여,50세,부상신고,승용,여,70세,경상
2022121100100097,2022년 12월 11일 10시,일요일,경상북도 경주시 황성동,경상사고,0,0,2,0,차대차 - 추돌,안전운전불이행,건조,맑음,단일로 - 지하차도(도로)내,승용,남,25세,상해없음,승용,남,53세,경상
2022121100100098,2022년 12월 11일 10시,일요일,경상북도 문경시 문경읍,중상사고,0,1,1,0,차대차 - 정면충돌,중앙선침범,건조,맑음,교차로 - 교차로부근,승용,남,52세,경상,화물,남,67세,중상
2022121100100099,2022년 12월 11일 10시,일요일,경상북도 경산시 하양읍,중상사고,0,1,0,0,차대사람 - 기타,안전운전불이행,건조,맑음,단일로 - 기타,승합,남,57세,상해없음,보행자,남,12세,중상
2022121100100125,2022년 12월 11일 11시,일요일,경상북도 포항시 북구 두호동,경상사고,0,0,1,0,차대차 - 정면충돌,안전운전불이행,건조,맑음,단일로 - 기타,승용,남,55세,상해없음,화물,남,46세,기타불명
2022121100100126,2022년 12월 11일 11시,일요일,경상북도 의성군 금성면,경상사고,0,0,1,0,차대차 - 기타,중앙선침범,건조,맑음,단일로 - 기타,승용,남,73세,경상,승용,남,69세,상해없음
2022121100100127,2022년 12월 11일 11시,일요일,경상북도 고령군 대가야읍,경상사고,0,0,1,0,차대차 - 기타,교차로운행방법위반,건조,맑음,교차로 - 교차로안,승용,여,59세,상해없음,승용,남,43세,경상
2022121100100128,2022년 12월 11일 11시,일요일,경상북도 군위군 부계면,중상사고,0,1,1,0,차대차 - 측면충돌,신호위반,기타,맑음,교차로 - 교차로안,승용,남,30세,경상,화물,남,71세,중상
2022121100100129,2022년 12월 11일 11시,일요일,경상북도 포항시 남구 연일읍,경상사고,0,0,3,0,차대차 - 측면충돌,안전운전불이행,건조,맑음,단일로 - 기타,승용,여,35세,상해없음,승용,여,28세,경상
2022121100100185,2022년 12월 11일 13시,일요일,경상북도 구미시 오태동,경상사고,0,0,2,0,차대차 - 측면충돌,교차로운행방법위반,건조,맑음,교차로 - 교차로안,승용,여,62세,상해없음,승용,남,27세,경상
2022121100100215,2022년 12월 11일 14시,일요일,경상북도 안동시 임하면,중상사고,0,2,0,0,차대차 - 추돌,안전운전불이행,건조,맑음,단일로 - 기타,승용,남,44세,상해없음,승용,남,76세,중상
2022121100100216,2022년 12월 11일 14시,일요일,경상북도 구미시 오태동,경상사고,0,0,1,0,차대차 - 기타,안전운전불이행,건조,맑음,교차로 - 교차로안,승용,여,48세,기타불명,승용,남,51세,경상
2022121100100248,2022년 12월 11일 15시,일요일,경상북도 경주시 안강읍,경상사고,0,0,1,0,차대차 - 측면충돌,안전운전불이행,건조,맑음,단일로 - 기타,승용,남,30세,상해없음,이륜,남,47세,경상
2022121100100249,2022년 12월 11일 15시,일요일,경상북도 경산시 진량읍,중상사고,0,1,0,0,차대차 - 정면충돌,중앙선침범,건조,맑음,단일로 - 지하차도(도로)내,승용,남,60세,상해없음,승용,여,59세,중상
2022121100100341,2022년 12월 11일 18시,일요일,경상북도 포항시 남구 장기면,중상사고,0,1,0,0,차량단독 - 공작물충돌,안전운전불이행,젖음/습기,비,교차로 - 교차로안,화물,남,48세,중상,,,,
2022121100100402,2022년 12월 11일 20시,일요일,경상북도 구미시 형곡동,중상사고,0,1,0,0,차대차 - 기타,중앙선침범,건조,맑음,교차로 - 교차로부근,승용,남,69세,상해없음,이륜,남,50세,중상
2022121100100403,2022년 12월 11일 20시,일요일,경상북도 포항시 남구 대잠동,경상사고,0,0,3,0,차대차 - 측면충돌,교차로운행방법위반,건조,맑음,교차로 - 교차로안,승용,남,46세,상해없음,승용,남,23세,경상
2022121100100431,2022년 12월 11일 22시,일요일,경상북도 상주시 무양동,경상사고,0,0,1,0,차대차 - 측면충돌,신호위반,건조,맑음,교차로 - 교차로안,승용,여,30세,기타불명,승용,남,48세,경상
2022121100100442,2022년 12월 11일 23시,일요일,경상북도 포항시 남구 송도동,경상사고,0,0,3,0,차대차 - 측면충돌,신호위반,젖음/습기,맑음,교차로 - 교차로안,승용,남,22세,경상,승용,남,22세,경상
2022121200100018,2022년 12월 12일 03시,월요일,경상북도 문경시 산양면,경상사고,0,0,2,0,차대차 - 추돌,기타,건조,맑음,교차로 - 교차로안,화물,남,62세,상해없음,승용,남,37세,경상
2022121200100039,2022년 12월 12일 06시,월요일,경상북도 예천군 호명면,경상사고,0,0,1,0,차대차 - 추돌,안전운전불이행,건조,맑음,단일로 - 기타,화물,남,56세,상해없음,화물,남,70세,경상
2022121200100040,2022년 12월 12일 06시,월요일,경상북도 구미시 인의동,경상사고,0,0,1,0,차대차 - 추돌,안전운전불이행,건조,맑음,단일로 - 교량,승용,남,63세,상해없음,승용,남,43세,경상
2022121200100041,2022년 12월 12일 06시,월요일,경상북도 포항시 남구 상도동,경상사고,0,0,1,0,차대차 - 측면충돌,신호위반,건조,맑음,교차로 - 교차로안,승용,남,42세,상해없음,승용,여,63세,경상
2022121200100083,2022년 12월 12일 08시,월요일,경상북도 안동시 태화동,경상사고,0,0,2,0,차대차 - 추돌,안전거리미확보,건조,맑음,단일로 - 기타,승용,남,57세,상해없음,승용,남,63세,상해없음
2022121200100084,2022년 12월 12일 08시,월요일,경상북도 안동시 명륜동,중상사고,0,1,0,0,차대사람 - 횡단중,안전운전불이행,건조,맑음,단일로 - 기타,화물,남,62세,상해없음,보행자,여,72세,중상
2022121200100085,2022년 12월 12일 08시,월요일,경상북도 김천시 모암동,경상사고,0,0,1,0,차대사람 - 횡단중,안전운전불이행,건조,맑음,교차로 - 교차로안,승용,남,47세,상해없음,보행자,여,81세,경상
2022121200100086,2022년 12월 12일 08시,월요일,경상북도 칠곡군 북삼읍,경상사고,0,0,3,0,차대차 - 추돌,안전운전불이행,건조,맑음,단일로 - 기타,승용,남,58세,상해없음,승용,여,53세,경상
2022121200100107,2022년 12월 12일 09시,월요일,경상북도 포항시 북구 기계면,경상사고,0,0,1,0,차대차 - 측면충돌,안전운전불이행,건조,맑음,단일로 - 기타,이륜,여,67세,경상,화물,남,58세,상해없음
2022121200100108,2022년 12월 12일 09시,월요일,경상북도 포항시 북구 대신동,경상사고,0,0,1,0,차대차 - 측면충돌,안전운전불이행,건조,맑음,교차로 - 교차로안,승용,여,50세,상해없음,승용,여,40세,경상
2022121200100109,2022년 12월 12일 09시,월요일,경상북도 구미시 봉곡동,중상사고,0,1,0,0,차대차 - 측면충돌,안전운전불이행,건조,맑음,교차로 - 교차로안,승용,여,37세,상해없음,승용,여,35세,중상
2022121200100110,2022년 12월 12일 09시,월요일,경상북도 포항시 남구 연일읍,경상사고,0,0,2,0,차대차 - 측면충돌,교차로운행방법위반,건조,맑음,단일로 - 기타,승용,여,51세,상해없음,승합,남,57세,경상
2022121200100132,2022년 12월 12일 10시,월요일,경상북도 의성군 안평면,중상사고,0,1,0,0,차량단독 - 공작물충돌,안전운전불이행,건조,맑음,단일로 - 기타,승용,여,63세,중상,,,,
2022121200100133,2022년 12월 12일 10시,월요일,경상북도 문경시 영순면,사망사고,1,0,0,0,차대차 - 측면충돌,기타,건조,맑음,교차로 - 교차로안,승용,여,67세,상해없음,자전거,여,70세,사망
2022121200100134,2022년 12월 12일 10시,월요일,경상북도 성주군 초전면,중상사고,0,1,0,0,차대차 - 기타,직진우회전진행방해,건조,맑음,교차로 - 교차로안,승용,여,57세,상해없음,자전거,여,73세,중상
2022121200100162,2022년 12월 12일 11시,월요일,경상북도 구미시 도량동,경상사고,0,0,1,0,차대차 - 추돌,안전운전불이행,건조,맑음,단일로 - 기타,승용,남,47세,상해없음,화물,남,52세,경상
2022121200100163,2022년 12월 12일 11시,월요일,경상북도 구미시 옥성면,사망사고,1,0,0,0,차대차 - 추돌,안전거리미확보,건조,맑음,단일로 - 기타,화물,남,52세,상해없음,화물,남,41세,상해없음
2022121200100164,2022년 12월 12일 11시,월요일,경상북도 군위군 효령면,중상사고,0,5,6,0,차대차 - 추돌,안전운전불이행,건조,맑음,단일로 - 기타,화물,남,61세,상해없음,화물,남,53세,경상
2022121200100194,2022년 12월 12일 12시,월요일,경상북도 봉화군 봉화읍,경상사고,0,0,1,0,차대차 - 정면충돌,안전운전불이행,건조,맑음,교차로 - 교차로안,승용,남,66세,상해없음,승용,여,60세,경상
2022121200100195,2022년 12월 12일 12시,월요일,경상북도 문경시 문경읍,경상사고,0,0,1,0,차대차 - 추돌,안전운전불이행,건조,맑음,단일로 - 기타,화물,남,54세,상해없음,승용,남,34세,경상
2022121200100196,2022년 12월 12일 12시,월요일,경상북도 구미시 옥성면,경상사고,0,0,1,0,차대차 - 추돌,안전운전불이행,건조,맑음,단일로 - 기타,화물,남,60세,상해없음,화물,남,66세,경상
2022121200100222,2022년 12월 12일 13시,월요일,경상북도 경주시 내남면,중상사고,0,2,0,0,차대차 - 측면충돌,안전운전불이행,건조,맑음,교차로 - 교차로안,건설기계,남,56세,상해없음,화물,남,58세,중상
2022121200100253,2022년 12월 12일 14시,월요일,경상북도 포항시 남구 오천읍,경상사고,0,0,1,0,차대차 - 후진중충돌,안전운전불이행,건조,맑음,단일로 - 기타,승용,남,28세,상해없음,승용,여,68세,경상
2022121200100281,2022년 12월 12일 15시,월요일,경상북도 울진군 평해읍,중상사고,0,1,0,0,차대차 - 추돌,안전운전불이행,건조,맑음,교차로 - 교차로부근,승용,여,57세,상해없음,화물,남,68세,중상
2022121200100314,2022년 12월 12일 16시,월요일,경상북도 경주시 강동면,경상사고,0,0,1,0,차대차 - 측면충돌,신호위반,건조,맑음,교차로 - 교차로안,승용,여,52세,상해없음,승용,여,57세,경상
2022121200100315,2022년 12월 12일 16시,월요일,경상북도 포항시 북구 흥해읍,경상사고,0,0,1,0,차대차 - 기타,안전운전불이행,건조,맑음,단일로 - 기타,승용,남,68세,상해없음,승용,여,55세,경상
2022121200100365,2022년 12월 12일 17시,월요일,경상북도 포항시 북구 창포동,경상사고,0,0,2,0,차대차 - 측면충돌,교차로운행방법위반,젖음/습기,흐림,교차로 - 교차로안,승용,남,51세,경상,이륜,남,22세,경상
2022121200100366,2022년 12월 12일 17시,월요일,경상북도 포항시 북구 기북면,사망사고,1,0,0,0,차대사람 - 길가장자리구역통행중,안전운전불이행,젖음/습기,비,단일로 - 기타,승용,남,64세,상해없음,보행자,여,85세,사망
2022121200100367,2022년 12월 12일 17시,월요일,경상북도 구미시 옥계동,경상사고,0,0,2,0,차대차 - 측면충돌,안전거리미확보,건조,맑음,단일로 - 기타,승용,남,66세,기타불명,승용,여,43세,경상
2022121200100368,2022년 12월 12일 17시,월요일,경상북도 포항시 남구 효자동,경상사고,0,0,1,0,차대사람 - 횡단중,보행자보호의무위반,건조,맑음,교차로 - 교차로횡단보도내,승용,남,57세,상해없음,보행자,여,10세,경상
2022121200100437,2022년 12월 12일 18시,월요일,경상북도 경주시 용강동,경상사고,0,0,1,0,차대사람 - 횡단중,안전운전불이행,젖음/습기,비,단일로 - 기타,이륜,남,54세,상해없음,보행자,여,12세,경상
2022121200100487,2022년 12월 12일 19시,월요일,경상북도 포항시 남구 대잠동,경상사고,0,0,1,0,차대차 - 측면충돌,교차로운행방법위반,젖음/습기,비,교차로 - 교차로안,승용,여,39세,상해없음,원동기,남,20세,경상
2022121200100528,2022년 12월 12일 20시,월요일,경상북도 영천시 완산동,경상사고,0,0,1,0,차대사람 - 횡단중,보행자보호의무위반,젖음/습기,흐림,교차로 - 교차로횡단보도내,승용,여,47세,상해없음,보행자,여,57세,경상
2022121200100529,2022년 12월 12일 20시,월요일,경상북도 경산시 계양동,중상사고,0,1,1,0,차대사람 - 횡단중,안전운전불이행,젖음/습기,흐림,교차로 - 교차로부근,이륜,남,23세,경상,보행자,남,21세,중상
2022121200100570,2022년 12월 12일 22시,월요일,경상북도 상주시 서문동,경상사고,0,0,1,0,차대차 - 측면충돌,신호위반,건조,맑음,교차로 - 교차로안,화물,남,80세,상해없음,승용,남,63세,경상
2022121200100571,2022년 12월 12일 22시,월요일,경상북도 포항시 남구 송도동,경상사고,0,0,1,0,차대차 - 추돌,안전운전불이행,건조,맑음,단일로 - 기타,화물,남,61세,상해없음,화물,남,30세,경상
2022121300100016,2022년 12월 13일 01시,화요일,경상북도 김천시 봉산면,중상사고,0,2,1,0,차대차 - 추돌,기타,건조,맑음,단일로 - 기타,승용,남,27세,상해없음,승용,남,19세,중상
2022121300100021,2022년 12월 13일 02시,화요일,경상북도 구미시 선산읍,부상신고사고,0,0,0,1,차량단독 - 공작물충돌,안전운전불이행,건조,맑음,단일로 - 기타,화물,남,25세,부상신고,,,,
2022121300100028,2022년 12월 13일 04시,화요일,경상북도 포항시 북구 용흥동,중상사고,0,1,0,0,차량단독 - 기타,안전운전불이행,건조,맑음,단일로 - 기타,이륜,남,66세,중상,,,,
2022121300100053,2022년 12월 13일 06시,화요일,경상북도 경주시 건천읍,중상사고,0,1,0,0,차대차 - 추돌,안전운전불이행,건조,맑음,단일로 - 기타,화물,남,60세,중상,건설기계,남,56세,상해없음
2022121300100054,2022년 12월 13일 06시,화요일,경상북도 경주시 성동동,경상사고,0,0,1,0,차대차 - 측면충돌,안전운전불이행,건조,맑음,교차로 - 교차로부근,승합,남,52세,상해없음,자전거,여,59세,경상
2022121300100128,2022년 12월 13일 09시,화요일,경상북도 포항시 북구 장성동,경상사고,0,0,1,0,차대차 - 측면충돌,신호위반,건조,맑음,교차로 - 교차로안,승용,여,52세,상해없음,건설기계,남,58세,상해없음
2022121300100150,2022년 12월 13일 10시,화요일,경상북도 안동시 옥동,경상사고,0,0,1,0,차대사람 - 횡단중,신호위반,건조,맑음,교차로 - 교차로횡단보도내,화물,남,53세,상해없음,보행자,여,51세,경상
2022121300100151,2022년 12월 13일 10시,화요일,경상북도 성주군 성주읍,중상사고,0,2,0,0,차대차 - 측면충돌,기타,건조,맑음,교차로 - 교차로안,승용,여,34세,중상,승용,남,35세,중상
2022121300100235,2022년 12월 13일 13시,화요일,경상북도 포항시 북구 창포동,경상사고,0,0,1,0,차대차 - 측면충돌,교차로운행방법위반,건조,맑음,단일로 - 기타,승용,여,60세,상해없음,승용,여,54세,경상
2022121300100236,2022년 12월 13일 13시,화요일,경상북도 포항시 남구 효자동,경상사고,0,0,1,0,차대차 - 기타,차로위반,건조,맑음,교차로 - 교차로부근,승용,남,49세,상해없음,승용,남,35세,경상
2022121300100267,2022년 12월 13일 14시,화요일,경상북도 영주시 풍기읍,중상사고,0,2,0,0,차대차 - 측면충돌,신호위반,젖음/습기,눈,교차로 - 교차로안,승용,남,71세,상해없음,승용,여,57세,중상
2022121300100268,2022년 12월 13일 14시,화요일,경상북도 경산시 대평동,경상사고,0,0,2,0,차대차 - 측면충돌,안전거리미확보,건조,맑음,교차로 - 교차로안,승용,남,71세,상해없음,승용,남,28세,경상
2022121300100296,2022년 12월 13일 15시,화요일,경상북도 포항시 남구 효자동,부상신고사고,0,0,0,1,차대사람 - 차도통행중,안전운전불이행,건조,맑음,단일로 - 지하차도(도로)내,승용,여,51세,상해없음,보행자,여,27세,부상신고
2022121300100322,2022년 12월 13일 16시,화요일,경상북도 경주시 사정동,경상사고,0,0,1,0,차대차 - 측면충돌,안전운전불이행,건조,맑음,교차로 - 교차로안,승용,여,67세,상해없음,승용,남,69세,상해없음
2022121300100323,2022년 12월 13일 16시,화요일,경상북도 구미시 공단동,경상사고,0,0,1,0,차대사람 - 기타,안전운전불이행,건조,맑음,단일로 - 기타,승용,여,32세,상해없음,보행자,남,6세,경상
2022121300100366,2022년 12월 13일 17시,화요일,경상북도 상주시 가장동,경상사고,0,0,3,0,차대차 - 추돌,안전운전불이행,건조,맑음,교차로 - 교차로부근,화물,남,75세,경상,승합,남,63세,경상
2022121300100367,2022년 12월 13일 17시,화요일,경상북도 구미시 진평동,부상신고사고,0,0,0,1,차대차 - 측면충돌,신호위반,건조,맑음,교차로 - 교차로부근,이륜,남,40세,부상신고,승용,남,58세,상해없음
2022121300100368,2022년 12월 13일 17시,화요일,경상북도 구미시 비산동,경상사고,0,0,1,0,차대차 - 측면충돌,안전거리미확보,건조,맑음,교차로 - 교차로안,승용,남,50세,상해없음,승용,남,40세,경상
2022121300100415,2022년 12월 13일 18시,화요일,경상북도 경주시 동천동,경상사고,0,0,1,0,차대사람 - 횡단중,보행자보호의무위반,건조,맑음,단일로 - 기타,승용,남,69세,상해없음,보행자,여,63세,경상
2022121300100416,2022년 12월 13일 18시,화요일,경상북도 구미시 공단동,경상사고,0,0,2,0,차대차 - 측면충돌,교차로운행방법위반,건조,맑음,교차로 - 교차로안,승용,여,47세,상해없음,승용,여,49세,경상
2022121300100450,2022년 12월 13일 19시,화요일,경상북도 김천시 신음동,중상사고,0,1,0,0,차대차 - 측면충돌,교차로운행방법위반,젖음/습기,눈,교차로 - 교차로안,승용,남,29세,상해없음,이륜,남,25세,중상
2022121300100476,2022년 12월 13일 20시,화요일,경상북도 안동시 태화동,중상사고,0,1,0,0,차대차 - 추돌,안전운전불이행,젖음/습기,흐림,기타 - 기타,승용,남,42세,상해없음,이륜,남,17세,중상
2022121300100477,2022년 12월 13일 20시,화요일,경상북도 상주시 남성동,중상사고,0,1,0,0,차대차 - 측면충돌,안전운전불이행,젖음/습기,비,교차로 - 교차로안,승용,여,58세,상해없음,이륜,남,28세,중상
2022121300100478,2022년 12월 13일 20시,화요일,경상북도 영주시 가흥동,경상사고,0,0,1,0,차대차 - 추돌,안전운전불이행,서리/결빙,눈,단일로 - 기타,승용,남,53세,상해없음,승용,남,56세,경상
2022121300100479,2022년 12월 13일 20시,화요일,경상북도 경산시 중방동,경상사고,0,0,1,0,차대차 - 측면충돌,안전운전불이행,건조,맑음,교차로 - 교차로부근,이륜,남,30세,상해없음,원동기,남,19세,경상
2022121300100480,2022년 12월 13일 20시,화요일,경상북도 구미시 공단동,경상사고,0,0,2,0,차대차 - 추돌,안전운전불이행,젖음/습기,눈,교차로 - 교차로부근,승용,남,29세,상해없음,승용,남,41세,경상