사고번호,사고일시,요일,시군구,사고내용,사망자수,중상자수,경상자수,부상신고자수,사고유형,법규위반,노면상태,기상상태,도로형태,가해운전자 차종,가해운전자 성별,가해운전자 연령,가해운전자 상해정도,피해운전자 차종,피해운전자 성별,피해운전자 연령,피해운전자 상해정도
2022121300100520,2022년 12월 13일 22시,화요일,경상북도 고령군 쌍림면,사망사고,1,0,0,0,차량단독 - 공작물충돌,안전운전불이행,건조,흐림,기타 - 기타,화물,남,50세,사망,,,,
2022121300100521,2022년 12월 13일 22시,화요일,경상북도 구미시 봉곡동,경상사고,0,0,1,0,차대차 - 측면충돌,안전운전불이행,젖음/습기,흐림,단일로 - 기타,승용,남,22세,상해없음,승용,여,41세,경상
2022121300100543,2022년 12월 13일 23시,화요일,경상북도 포항시 남구 해도동,경상사고,0,0,1,0,차대차 - 측면충돌,안전운전불이행,건조,맑음,교차로 - 교차로부근,승합,남,51세,상해없음,승용,남,34세,경상
2022121400100007,2022년 12월 14일 00시,수요일,경상북도 구미시 사곡동,경상사고,0,0,1,0,차대차 - 기타,안전운전불이행,젖음/습기,눈,단일로 - 기타,승용,남,27세,경상,승용,남,22세,기타불명
2022121400100110,2022년 12월 14일 08시,수요일,경상북도 문경시 모전동,경상사고,0,0,1,0,차대차 - 측면충돌,안전운전불이행,서리/결빙,맑음,교차로 - 교차로안,승용,남,26세,상해없음,승용,남,53세,경상
2022121400100111,2022년 12월 14일 08시,수요일,경상북도 포항시 남구 상도동,중상사고,0,1,0,0,차대사람 - 차도통행중,안전운전불이행,건조,맑음,교차로 - 교차로안,승용,여,64세,상해없음,보행자,남,72세,중상
2022121400100202,2022년 12월 14일 10시,수요일,경상북도 경주시 건천읍,중상사고,0,1,0,0,차대차 - 측면충돌,안전운전불이행,건조,맑음,교차로 - 교차로안,승용,여,71세,상해없음,원동기,남,74세,중상
2022121400100203,2022년 12월 14일 10시,수요일,경상북도 영덕군 영해면,중상사고,0,2,0,0,차대차 - 측면충돌,신호위반,건조,맑음,교차로 - 교차로안,승용,남,70세,상해없음,승용,남,63세,중상
2022121400100204,2022년 12월 14일 10시,수요일,경상북도 포항시 남구 오천읍,중상사고,0,1,0,0,차대차 - 측면충돌,안전운전불이행,건조,맑음,교차로 - 교차로부근,승용,남,70세,상해없음,이륜,남,39세,중상
2022121400100228,2022년 12월 14일 11시,수요일,경상북도 경주시 석장동,경상사고,0,0,1,0,차대차 - 측면충돌,안전운전불이행,건조,맑음,단일로 - 기타,승용,남,66세,상해없음,화물,남,60세,상해없음
2022121400100229,2022년 12월 14일 11시,수요일,경상북도 포항시 북구 대흥동,경상사고,0,0,1,0,차대사람 - 기타,안전운전불이행,건조,맑음,단일로 - 기타,승용,여,51세,상해없음,보행자,남,72세,경상
2022121400100230,2022년 12월 14일 11시,수요일,경상북도 성주군 초전면,중상사고,0,2,0,0,차대차 - 추돌,안전운전불이행,건조,맑음,단일로 - 기타,화물,남,55세,상해없음,화물,남,48세,중상
2022121400100261,2022년 12월 14일 12시,수요일,경상북도 영천시 완산동,중상사고,0,1,0,0,차대차 - 측면충돌,안전운전불이행,건조,맑음,교차로 - 교차로안,승용,남,50세,상해없음,원동기,남,61세,중상
2022121400100262,2022년 12월 14일 12시,수요일,경상북도 봉화군 법전면,중상사고,0,1,0,0,차량단독 - 공작물충돌,안전운전불이행,서리/결빙,눈,단일로 - 기타,승용,여,49세,중상,,,,
2022121400100263,2022년 12월 14일 12시,수요일,경상북도 포항시 남구 효자동,중상사고,0,1,0,0,차대차 - 정면충돌,안전운전불이행,건조,맑음,교차로 - 교차로안,승용,남,75세,상해없음,이륜,남,40세,중상
2022121400100264,2022년 12월 14일 12시,수요일,경상북도 포항시 남구 오천읍,경상사고,0,0,6,0,차대차 - 측면충돌,직진우회전진행방해,건조,맑음,교차로 - 교차로안,승용,남,24세,경상,승용,여,60세,경상
2022121400100300,2022년 12월 14일 13시,수요일,경상북도 봉화군 법전면,경상사고,0,0,2,0,차대차 - 측면충돌,안전운전불이행,서리/결빙,맑음,단일로 - 기타,승용,여,27세,상해없음,화물,남,50세,경상
2022121400100301,2022년 12월 14일 13시,수요일,경상북도 고령군 쌍림면,경상사고,0,0,2,0,차대차 - 측면충돌,중앙선침범,건조,맑음,단일로 - 기타,승용,남,63세,상해없음,화물,남,51세,경상
2022121400100339,2022년 12월 14일 14시,수요일,경상북도 경주시 감포읍,중상사고,0,1,0,0,차대차 - 측면충돌,중앙선침범,건조,맑음,교차로 - 교차로부근,승용,여,57세,상해없음,승용,남,47세,중상
2022121400100340,2022년 12월 14일 14시,수요일,경상북도 안동시 옥야동,경상사고,0,0,1,0,차대사람 - 기타,안전운전불이행,건조,맑음,교차로 - 교차로부근,이륜,남,27세,경상,보행자,여,64세,상해없음
2022121400100341,2022년 12월 14일 14시,수요일,경상북도 성주군 성주읍,중상사고,0,1,1,0,차대차 - 측면충돌,안전운전불이행,건조,맑음,단일로 - 기타,승용,남,66세,상해없음,화물,남,66세,경상
2022121400100342,2022년 12월 14일 14시,수요일,경상북도 포항시 남구 구룡포읍,중상사고,0,1,0,0,차대사람 - 기타,안전운전불이행,건조,맑음,단일로 - 기타,화물,남,27세,상해없음,보행자,여,71세,중상
2022121400100376,2022년 12월 14일 15시,수요일,경상북도 상주시 무양동,경상사고,0,0,1,0,차대차 - 측면충돌,신호위반,젖음/습기,흐림,교차로 - 교차로안,화물,여,58세,상해없음,화물,남,59세,경상
2022121400100377,2022년 12월 14일 15시,수요일,경상북도 칠곡군 왜관읍,경상사고,0,0,2,0,차대차 - 측면충돌,안전운전불이행,건조,맑음,교차로 - 교차로안,승용,남,63세,상해없음,승용,남,57세,경상
2022121400100414,2022년 12월 14일 16시,수요일,경상북도 경주시 동천동,중상사고,0,1,0,0,차대사람 - 기타,안전운전불이행,건조,맑음,단일로 - 기타,승용,여,27세,상해없음,보행자,여,21세,중상
2022121400100415,2022년 12월 14일 16시,수요일,경상북도 경주시 노서동,경상사고,0,0,1,0,차대차 - 측면충돌,안전운전불이행,건조,맑음,교차로 - 교차로부근,승용,여,59세,상해없음,승합,남,53세,경상
2022121400100416,2022년 12월 14일 16시,수요일,경상북도 영덕군 강구면,경상사고,0,0,5,0,차대차 - 정면충돌,중앙선침범,건조,맑음,교차로 - 교차로부근,승용,남,60세,경상,화물,남,48세,경상
2022121400100469,2022년 12월 14일 17시,수요일,경상북도 경산시 삼풍동,경상사고,0,0,1,0,차대사람 - 기타,안전운전불이행,건조,맑음,단일로 - 기타,승용,남,35세,상해없음,보행자,남,45세,경상
2022121400100532,2022년 12월 14일 18시,수요일,경상북도 구미시 송정동,경상사고,0,0,1,0,차대차 - 기타,안전운전불이행,건조,맑음,단일로 - 기타,승용,여,52세,상해없음,승용,여,49세,경상
2022121400100533,2022년 12월 14일 18시,수요일,경상북도 포항시 남구 오천읍,경상사고,0,0,2,0,차대차 - 측면충돌,직진우회전진행방해,건조,맑음,교차로 - 교차로안,승합,남,46세,상해없음,승용,남,66세,상해없음
2022121400100580,2022년 12월 14일 19시,수요일,경상북도 경산시 하양읍,경상사고,0,0,1,0,차대차 - 추돌,안전운전불이행,건조,맑음,교차로 - 교차로부근,승용,남,55세,상해없음,승용,남,38세,경상
2022121400100611,2022년 12월 14일 20시,수요일,경상북도 경산시 진량읍,경상사고,0,0,2,0,차대차 - 추돌,안전운전불이행,건조,맑음,교차로 - 교차로부근,승용,남,40세,상해없음,승용,남,48세,경상
2022121400100612,2022년 12월 14일 20시,수요일,경상북도 칠곡군 지천면,경상사고,0,0,3,0,차대차 - 추돌,안전운전불이행,건조,맑음,단일로 - 기타,승용,남,34세,상해없음,승용,남,56세,경상
2022121500100015,2022년 12월 15일 00시,목요일,경상북도 울진군 북면,경상사고,0,0,1,0,차량단독 - 공작물충돌,안전운전불이행,서리/결빙,맑음,단일로 - 기타,승용,남,35세,상해없음,,,,
2022121500100067,2022년 12월 15일 06시,목요일,경상북도 안동시 옥동,중상사고,0,1,0,0,차대차 - 정면충돌,중앙선침범,건조,맑음,교차로 - 교차로부근,승용,남,64세,상해없음,이륜,남,71세,중상
2022121500100068,2022년 12월 15일 06시,목요일,경상북도 포항시 남구 송내동,부상신고사고,0,0,0,2,차대차 - 정면충돌,안전거리미확보,건조,맑음,단일로 - 지하차도(도로)내,기타불명,기타불명,미분류,기타불명,승용,남,29세,상해없음
2022121500100088,2022년 12월 15일 07시,목요일,경상북도 칠곡군 약목면,경상사고,0,0,1,0,차대차 - 추돌,안전운전불이행,건조,맑음,단일로 - 지하차도(도로)내,승용,남,56세,상해없음,화물,남,48세,경상
2022121500100123,2022년 12월 15일 08시,목요일,경상북도 경주시 황성동,경상사고,0,0,1,0,차대사람 - 횡단중,신호위반,건조,맑음,교차로 - 교차로횡단보도내,승용,남,37세,상해없음,보행자,여,15세,경상
2022121500100124,2022년 12월 15일 08시,목요일,경상북도 영천시 오미동,경상사고,0,0,2,0,차대차 - 정면충돌,안전운전불이행,건조,맑음,단일로 - 기타,승용,여,35세,경상,화물,남,41세,경상
2022121500100125,2022년 12월 15일 08시,목요일,경상북도 구미시 봉곡동,경상사고,0,0,1,0,차대사람 - 횡단중,안전운전불이행,건조,맑음,단일로 - 기타,승용,남,69세,상해없음,보행자,여,14세,경상
2022121500100126,2022년 12월 15일 08시,목요일,경상북도 포항시 남구 연일읍,경상사고,0,0,2,0,차대차 - 측면충돌,교차로운행방법위반,건조,맑음,교차로 - 교차로안,승용,여,33세,상해없음,승용,남,61세,경상
2022121500100146,2022년 12월 15일 09시,목요일,경상북도 경주시 감포읍,중상사고,0,1,0,0,차대사람 - 기타,안전운전불이행,건조,맑음,교차로 - 교차로부근,승합,남,55세,상해없음,보행자,여,80세,중상
2022121500100147,2022년 12월 15일 09시,목요일,경상북도 경주시 배반동,경상사고,0,0,1,0,차대차 - 추돌,안전운전불이행,건조,맑음,교차로 - 교차로부근,화물,남,53세,상해없음,화물,남,58세,경상
2022121500100148,2022년 12월 15일 09시,목요일,경상북도 경산시 진량읍,사망사고,1,0,0,0,차대사람 - 차도통행중,안전운전불이행,건조,맑음,교차로 - 교차로부근,화물,남,55세,상해없음,보행자,여,87세,사망
2022121500100149,2022년 12월 15일 09시,목요일,경상북도 포항시 남구 효자동,경상사고,0,0,1,0,차대차 - 기타,안전거리미확보,건조,맑음,단일로 - 기타,승용,남,52세,상해없음,승용,남,51세,경상
2022121500100178,2022년 12월 15일 10시,목요일,경상북도 김천시 감천면,중상사고,0,2,0,0,차대차 - 추돌,안전운전불이행,건조,맑음,교차로 - 교차로안,승용,남,54세,상해없음,승용,여,43세,중상
2022121500100179,2022년 12월 15일 10시,목요일,경상북도 영천시 녹전동,경상사고,0,0,2,0,차대차 - 측면충돌,안전운전불이행,건조,맑음,교차로 - 교차로안,승용,여,42세,상해없음,화물,남,73세,경상
2022121500100180,2022년 12월 15일 10시,목요일,경상북도 구미시 광평동,중상사고,0,1,0,0,차량단독 - 전도전복 - 전도,안전운전불이행,서리/결빙,눈,기타 - 기타,이륜,남,32세,중상,,,,
2022121500100181,2022년 12월 15일 10시,목요일,경상북도 구미시 옥계동,경상사고,0,0,1,0,차대차 - 측면충돌,안전운전불이행,건조,맑음,단일로 - 기타,승용,여,50세,상해없음,이륜,남,30세,경상
2022121500100200,2022년 12월 15일 11시,목요일,경상북도 칠곡군 석적읍,경상사고,0,0,1,0,차대차 - 후진중충돌,안전운전불이행,건조,맑음,단일로 - 기타,건설기계,남,58세,상해없음,건설기계,남,45세,경상
2022121500100226,2022년 12월 15일 12시,목요일,경상북도 경주시 양남면,경상사고,0,0,1,0,차대차 - 측면충돌,중앙선침범,건조,맑음,교차로 - 교차로부근,승용,여,61세,상해없음,화물,남,60세,경상
2022121500100268,2022년 12월 15일 13시,목요일,경상북도 문경시 마성면,경상사고,0,0,1,0,차대차 - 측면충돌,안전운전불이행,건조,맑음,교차로 - 교차로부근,화물,남,60세,상해없음,화물,남,46세,경상
2022121500100269,2022년 12월 15일 13시,목요일,경상북도 구미시 선산읍,부상신고사고,0,0,0,1,차대차 - 정면충돌,안전운전불이행,건조,맑음,기타 - 기타,이륜,남,59세,부상신고,승용,남,52세,상해없음
2022121500100270,2022년 12월 15일 13시,목요일,경상북도 구미시 오태동,중상사고,0,1,0,0,차대차 - 기타,신호위반,건조,맑음,교차로 - 교차로안,승용,남,56세,상해없음,승용,남,39세,중상
2022121500100306,2022년 12월 15일 14시,목요일,경상북도 안동시 옥야동,경상사고,0,0,1,1,차대차 - 측면충돌,안전운전불이행,건조,맑음,단일로 - 기타,승용,여,66세,부상신고,승용,남,34세,경상
2022121500100307,2022년 12월 15일 14시,목요일,경상북도 김천시 감문면,경상사고,0,0,2,0,차대차 - 추돌,교차로운행방법위반,건조,맑음,교차로 - 교차로안,화물,여,50세,경상,화물,남,68세,경상
2022121500100308,2022년 12월 15일 14시,목요일,경상북도 포항시 남구 해도동,경상사고,0,0,2,0,차대차 - 측면충돌,안전운전불이행,건조,맑음,교차로 - 교차로부근,승용,남,67세,상해없음,승용,남,45세,경상
2022121500100348,2022년 12월 15일 15시,목요일,경상북도 예천군 예천읍,경상사고,0,0,2,0,차대차 - 측면충돌,기타,건조,맑음,교차로 - 교차로부근,이륜,남,32세,경상,승용,여,25세,경상
2022121500100349,2022년 12월 15일 15시,목요일,경상북도 포항시 남구 상도동,경상사고,0,0,2,1,차대차 - 측면충돌,안전운전불이행,건조,맑음,교차로 - 교차로부근,승용,남,70세,부상신고,승합,남,57세,경상
2022121500100422,2022년 12월 15일 17시,목요일,경상북도 경주시 시래동,중상사고,0,1,0,0,차대차 - 측면충돌,안전운전불이행,건조,맑음,교차로 - 교차로안,승용,남,55세,상해없음,승용,남,57세,중상
2022121500100458,2022년 12월 15일 18시,목요일,경상북도 포항시 북구 용흥동,중상사고,0,1,0,0,차대사람 - 차도통행중,안전운전불이행,건조,맑음,교차로 - 교차로부근,승용,남,64세,상해없음,보행자,남,66세,중상
2022121500100459,2022년 12월 15일 18시,목요일,경상북도 안동시 풍산읍,중상사고,0,1,0,0,차대차 - 추돌,안전운전불이행,건조,맑음,기타 - 기타,화물,남,46세,상해없음,승용,여,27세,중상
2022121500100460,2022년 12월 15일 18시,목요일,경상북도 의성군 의성읍,중상사고,0,1,1,0,차대차 - 정면충돌,직진우회전진행방해,건조,맑음,교차로 - 교차로안,승용,남,57세,중상,승용,남,34세,경상
2022121500100461,2022년 12월 15일 18시,목요일,경상북도 칠곡군 왜관읍,경상사고,0,0,1,0,차대사람 - 차도통행중,안전운전불이행,건조,맑음,단일로 - 기타,승용,남,52세,상해없음,보행자,남,55세,경상
2022121500100462,2022년 12월 15일 18시,목요일,경상북도 구미시 황상동,경상사고,0,0,1,0,차대차 - 기타,안전운전불이행,건조,맑음,단일로 - 기타,승용,남,23세,상해없음,승용,여,36세,경상
2022121500100509,2022년 12월 15일 20시,목요일,경상북도 칠곡군 왜관읍,경상사고,0,0,1,0,차대차 - 측면충돌,안전운전불이행,건조,맑음,교차로 - 교차로안,승용,여,59세,경상,승용,남,35세,상해없음
2022121500100529,2022년 12월 15일 21시,목요일,경상북도 포항시 북구 장성동,중상사고,0,2,2,0,차대차 - 측면충돌,신호위반,건조,맑음,교차로 - 교차로안,승용,남,70세,상해없음,승용,남,68세,중상
2022121500100530,2022년 12월 15일 21시,목요일,경상북도 구미시 임수동,경상사고,0,0,2,0,차대차 - 측면충돌,중앙선침범,건조,맑음,교차로 - 교차로부근,승용,남,26세,상해없음,승용,남,41세,경상
2022121500100558,2022년 12월 15일 22시,목요일,경상북도 포항시 북구 죽도동,경상사고,0,0,1,0,차대차 - 기타,안전운전불이행,건조,맑음,교차로 - 교차로안,승용,남,30세,상해없음,승용,남,60세,경상
2022121600100029,2022년 12월 16일 02시,금요일,경상북도 포항시 북구 장성동,경상사고,0,0,2,0,차대차 - 측면충돌,신호위반,건조,맑음,교차로 - 교차로안,승용,남,33세,상해없음,승용,남,31세,경상
2022121600100044,2022년 12월 16일 05시,금요일,경상북도 포항시 남구 괴동동,중상사고,0,2,0,0,차대차 - 측면충돌,안전운전불이행,건조,맑음,교차로 - 교차로안,승용,남,74세,중상,승용,남,46세,중상
2022121600100054,2022년 12월 16일 06시,금요일,경상북도 군위군 효령면,중상사고,0,2,0,0,차대차 - 추돌,안전운전불이행,건조,맑음,단일로 - 터널,화물,남,39세,상해없음,화물,남,52세,중상
2022121600100106,2022년 12월 16일 08시,금요일,경상북도 성주군 월항면,경상사고,0,0,1,0,차대차 - 측면충돌,안전거리미확보,건조,맑음,단일로 - 기타,화물,여,67세,상해없음,승용,여,50세,경상
2022121600100107,2022년 12월 16일 08시,금요일,경상북도 구미시 인의동,중상사고,0,1,0,0,차량단독 - 기타,안전운전불이행,건조,맑음,교차로 - 교차로안,승합,남,46세,상해없음,,,,
2022121600100141,2022년 12월 16일 09시,금요일,경상북도 안동시 서후면,중상사고,0,1,0,0,차대차 - 측면충돌,중앙선침범,서리/결빙,흐림,단일로 - 기타,승용,남,21세,상해없음,화물,남,65세,중상
2022121600100195,2022년 12월 16일 11시,금요일,경상북도 포항시 남구 대잠동,경상사고,0,0,1,0,차대차 - 측면충돌,차로위반,건조,맑음,교차로 - 교차로부근,건설기계,남,56세,상해없음,승용,여,49세,경상
2022121600100222,2022년 12월 16일 12시,금요일,경상북도 울진군 후포면,중상사고,0,1,0,0,차대사람 - 기타,안전운전불이행,건조,맑음,단일로 - 기타,사륜오토바이(ATV),남,73세,상해없음,보행자,여,80세,중상
2022121600100223,2022년 12월 16일 12시,금요일,경상북도 포항시 남구 지곡동,경상사고,0,0,2,0,차대차 - 측면충돌,안전운전불이행,건조,맑음,교차로 - 교차로안,승용,남,67세,경상,승용,여,47세,경상
2022121600100259,2022년 12월 16일 13시,금요일,경상북도 칠곡군 동명면,중상사고,0,1,1,0,차대차 - 추돌,안전거리미확보,건조,맑음,단일로 - 기타,화물,남,46세,상해없음,승용,남,40세,중상
2022121600100285,2022년 12월 16일 14시,금요일,경상북도 경주시 건천읍,경상사고,0,0,2,0,차대차 - 기타,교차로운행방법위반,건조,맑음,교차로 - 교차로안,승용,남,70세,상해없음,승용,남,65세,경상
2022121600100317,2022년 12월 16일 15시,금요일,경상북도 포항시 북구 흥해읍,경상사고,0,0,3,0,차대차 - 추돌,안전운전불이행,건조,맑음,교차로 - 교차로부근,승용,여,42세,상해없음,승용,남,66세,경상
2022121600100318,2022년 12월 16일 15시,금요일,경상북도 안동시 금곡동,중상사고,0,1,0,0,차량단독 - 기타,안전운전불이행,건조,맑음,단일로 - 기타,승합,남,55세,상해없음,,,,
2022121600100319,2022년 12월 16일 15시,금요일,경상북도 포항시 남구 송도동,경상사고,0,0,1,0,차대차 - 측면충돌,불법유턴,건조,맑음,단일로 - 지하차도(도로)내,화물,남,61세,상해없음,승용,남,61세,경상
2022121600100354,2022년 12월 16일 16시,금요일,경상북도 울진군 울진읍,부상신고사고,0,0,0,1,차대차 - 추돌,안전운전불이행,건조,맑음,단일로 - 기타,특수,남,60세,상해없음,승용,남,65세,부상신고
2022121600100394,2022년 12월 16일 17시,금요일,경상북도 안동시 옥야동,경상사고,0,0,1,0,차대사람 - 기타,안전운전불이행,건조,맑음,단일로 - 기타,승용,남,81세,상해없음,보행자,남,70세,경상
2022121600100395,2022년 12월 16일 17시,금요일,경상북도 영주시 이산면,중상사고,0,1,0,0,차대차 - 추돌,안전운전불이행,건조,맑음,단일로 - 기타,화물,남,38세,중상,건설기계,남,49세,상해없음
2022121600100448,2022년 12월 16일 18시,금요일,경상북도 경주시 보문동,경상사고,0,0,1,0,차대차 - 측면충돌,안전운전불이행,건조,맑음,단일로 - 기타,승용,남,67세,상해없음,승용,여,28세,경상
2022121600100449,2022년 12월 16일 18시,금요일,경상북도 포항시 북구 죽도동,중상사고,0,1,8,0,차대차 - 기타,신호위반,건조,맑음,교차로 - 교차로안,이륜,남,30세,상해없음,승합,남,50세,경상
2022121600100450,2022년 12월 16일 18시,금요일,경상북도 경산시 옥산동,경상사고,0,0,1,0,차대사람 - 횡단중,보행자보호의무위반,건조,맑음,교차로 - 교차로횡단보도내,자전거,여,30세,상해없음,보행자,여,62세,경상
2022121600100482,2022년 12월 16일 19시,금요일,경상북도 경주시 용강동,중상사고,0,1,3,0,차대차 - 추돌,안전운전불이행,건조,맑음,단일로 - 기타,승용,남,48세,상해없음,승용,여,54세,중상
2022121600100483,2022년 12월 16일 19시,금요일,경상북도 칠곡군 석적읍,경상사고,0,0,1,0,차대차 - 측면충돌,교차로운행방법위반,건조,맑음,교차로 - 교차로안,승용,여,46세,상해없음,이륜,남,52세,경상
2022121600100484,2022년 12월 16일 19시,금요일,경상북도 칠곡군 약목면,경상사고,0,0,1,0,차대차 - 측면충돌,안전운전불이행,젖음/습기,맑음,단일로 - 기타,건설기계,남,40세,상해없음,화물,남,49세,경상
2022121600100511,2022년 12월 16일 20시,금요일,경상북도 경주시 양남면,경상사고,0,0,1,0,차대차 - 측면충돌,안전운전불이행,건조,맑음,단일로 - 기타,승용,남,41세,상해없음,승용,남,65세,경상
2022121600100538,2022년 12월 16일 21시,금요일,경상북도 상주시 낙양동,경상사고,0,0,3,0,차대차 - 추돌,안전운전불이행,건조,흐림,교차로 - 교차로부근,승용,남,51세,상해없음,이륜,남,33세,경상
2022121600100539,2022년 12월 16일 21시,금요일,경상북도 포항시 남구 이동,경상사고,0,0,1,0,차대사람 - 차도통행중,안전운전불이행,건조,맑음,교차로 - 교차로안,승용,여,20세,상해없음,보행자,남,46세,경상
2022121600100556,2022년 12월 16일 22시,금요일,경상북도 포항시 북구 흥해읍,경상사고,0,0,1,0,차대차 - 측면충돌,안전운전불이행,건조,맑음,교차로 - 교차로안,승용,여,57세,상해없음,승용,여,29세,경상
2022121600100557,2022년 12월 16일 22시,금요일,경상북도 안동시 평화동,경상사고,0,0,1,0,차대차 - 기타,신호위반,건조,맑음,교차로 - 교차로안,이륜,남,48세,기타불명,원동기,남,52세,경상
2022121600100593,2022년 12월 16일 23시,금요일,경상북도 포항시 북구 송라면,경상사고,0,0,1,0,차대차 - 기타,안전운전불이행,건조,맑음,단일로 - 기타,승용,남,59세,상해없음,화물,남,31세,경상
2022121700100012,2022년 12월 17일 00시,토요일,경상북도 구미시 임수동,경상사고,0,0,1,0,차대차 - 기타,안전운전불이행,건조,맑음,단일로 - 기타,승용,남,35세,상해없음,승용,여,25세,경상
2022121700100041,2022년 12월 17일 02시,토요일,경상북도 칠곡군 동명면,중상사고,0,1,0,0,차량단독 - 공작물충돌,안전운전불이행,건조,맑음,교차로 - 교차로안,승용,남,31세,상해없음,,,,
2022121700100069,2022년 12월 17일 06시,토요일,경상북도 경주시 외동읍,중상사고,0,1,0,0,차대사람 - 횡단중,보행자보호의무위반,건조,맑음,교차로 - 교차로안,승용,남,50세,상해없음,보행자,남,27세,중상
2022121700100119,2022년 12월 17일 09시,토요일,경상북도 포항시 북구 기계면,중상사고,0,1,0,0,차대차 - 측면충돌,신호위반,건조,맑음,교차로 - 교차로안,승용,남,73세,상해없음,승용,여,31세,중상
2022121700100144,2022년 12월 17일 10시,토요일,경상북도 안동시 임하면,중상사고,0,2,0,0,차대차 - 정면충돌,중앙선침범,건조,맑음,단일로 - 기타,화물,남,39세,중상,승합,남,56세,중상
2022121700100145,2022년 12월 17일 10시,토요일,경상북도 문경시 점촌동,중상사고,0,1,0,0,차대차 - 측면충돌,직진우회전진행방해,건조,맑음,교차로 - 교차로안,승용,남,56세,상해없음,원동기,남,49세,중상
2022121700100146,2022년 12월 17일 10시,토요일,경상북도 구미시 광평동,중상사고,0,1,0,0,차대차 - 측면충돌,신호위반,건조,맑음,교차로 - 교차로안,화물,남,33세,상해없음,승용,여,59세,중상
2022121700100147,2022년 12월 17일 10시,토요일,경상북도 포항시 남구 송도동,경상사고,0,0,1,0,차대차 - 측면충돌,교차로운행방법위반,건조,맑음,단일로 - 지하차도(도로)내,승용,여,62세,상해없음,승용,여,71세,경상
2022121700100181,2022년 12월 17일 11시,토요일,경상북도 포항시 북구 우현동,경상사고,0,0,1,0,차대차 - 측면충돌,교차로운행방법위반,건조,맑음,교차로 - 교차로부근,승용,남,89세,상해없음,승용,남,29세,경상
2022121700100225,2022년 12월 17일 12시,토요일,경상북도 포항시 남구 대송면,경상사고,0,0,1,0,차대차 - 기타,안전운전불이행,건조,맑음,단일로 - 기타,승용,남,77세,상해없음,화물,남,52세,경상
2022121700100257,2022년 12월 17일 13시,토요일,경상북도 안동시 성곡동,중상사고,0,1,3,0,차대차 - 기타,직진우회전진행방해,건조,맑음,교차로 - 교차로안,화물,여,64세,중상,승용,남,26세,경상
2022121700100258,2022년 12월 17일 13시,토요일,경상북도 예천군 호명면,중상사고,0,1,0,0,차대차 - 측면충돌,안전운전불이행,건조,맑음,단일로 - 기타,승용,여,65세,상해없음,이륜,남,37세,중상
2022121700100300,2022년 12월 17일 14시,토요일,경상북도 경산시 남천면,경상사고,0,0,1,0,차대차 - 추돌,안전운전불이행,건조,맑음,기타 - 기타,승용,남,24세,상해없음,승용,남,33세,경상
2022121700100355,2022년 12월 17일 16시,토요일,경상북도 포항시 북구 두호동,경상사고,0,0,1,0,차대사람 - 길가장자리구역통행중,안전운전불이행,건조,맑음,기타 - 기타,승용,남,21세,상해없음,보행자,여,57세,경상
2022121700100356,2022년 12월 17일 16시,토요일,경상북도 안동시 법흥동,부상신고사고,0,0,0,1,차대차 - 추돌,안전운전불이행,건조,맑음,단일로 - 기타,승용,남,89세,상해없음,승용,남,48세,부상신고
2022121700100357,2022년 12월 17일 16시,토요일,경상북도 군위군 의흥면,경상사고,0,0,4,0,차대차 - 측면충돌,중앙선침범,건조,맑음,교차로 - 교차로안,화물,남,76세,경상,화물,남,36세,경상
2022121700100388,2022년 12월 17일 17시,토요일,경상북도 경주시 천북면,경상사고,0,0,6,0,차대차 - 추돌,안전운전불이행,건조,맑음,단일로 - 기타,승용,여,42세,상해없음,승용,여,69세,경상
2022121700100389,2022년 12월 17일 17시,토요일,경상북도 영주시 영주동,사망사고,1,0,0,0,차대사람 - 횡단중,보행자보호의무위반,건조,맑음,단일로 - 기타,이륜,남,27세,상해없음,보행자,남,82세,사망
2022121700100390,2022년 12월 17일 17시,토요일,경상북도 포항시 남구 오천읍,경상사고,0,0,2,0,차대차 - 측면충돌,안전운전불이행,건조,맑음,교차로 - 교차로부근,승용,남,58세,경상,승용,여,54세,경상
2022121700100490,2022년 12월 17일 20시,토요일,경상북도 안동시 안흥동,중상사고,0,2,0,0,차대사람 - 횡단중,보행자보호의무위반,건조,맑음,교차로 - 교차로횡단보도내,승합,남,62세,상해없음,보행자,남,56세,중상
2022121700100491,2022년 12월 17일 20시,토요일,경상북도 구미시 도량동,경상사고,0,0,1,0,차대차 - 측면충돌,신호위반,건조,맑음,교차로 - 교차로안,승용,여,52세,상해없음,승용,남,54세,경상
2022121700100516,2022년 12월 17일 21시,토요일,경상북도 영덕군 영덕읍,중상사고,0,1,0,0,차대차 - 측면충돌,중앙선침범,건조,맑음,교차로 - 교차로부근,승용,여,43세,상해없음,이륜,남,26세,중상
2022121700100539,2022년 12월 17일 22시,토요일,경상북도 경산시 계양동,중상사고,0,2,0,0,차대차 - 추돌,안전운전불이행,건조,맑음,단일로 - 기타,승용,남,28세,상해없음,승용,남,29세,중상