사고번호,사고일시,요일,시군구,사고내용,사망자수,중상자수,경상자수,부상신고자수,사고유형,법규위반,노면상태,기상상태,도로형태,가해운전자 차종,가해운전자 성별,가해운전자 연령,가해운전자 상해정도,피해운전자 차종,피해운전자 성별,피해운전자 연령,피해운전자 상해정도
2022121700100552,2022년 12월 17일 23시,토요일,경상북도 포항시 북구 죽도동,경상사고,0,0,1,0,차대사람 - 횡단중,안전운전불이행,건조,맑음,단일로 - 기타,승용,남,64세,상해없음,보행자,남,40세,상해없음
2022121800100053,2022년 12월 18일 04시,일요일,경상북도 포항시 북구 덕산동,경상사고,0,0,2,0,차대차 - 추돌,안전운전불이행,건조,맑음,교차로 - 교차로부근,승용,남,55세,상해없음,승용,남,73세,경상
2022121800100143,2022년 12월 18일 12시,일요일,경상북도 문경시 마성면,중상사고,0,1,2,0,차대차 - 추돌,안전거리미확보,건조,맑음,교차로 - 교차로안,화물,남,52세,상해없음,승용,남,43세,경상
2022121800100208,2022년 12월 18일 14시,일요일,경상북도 포항시 북구 창포동,경상사고,0,0,1,0,차대차 - 후진중충돌,안전운전불이행,건조,맑음,단일로 - 기타,승용,남,21세,상해없음,승용,여,47세,경상
2022121800100209,2022년 12월 18일 14시,일요일,경상북도 포항시 북구 기계면,경상사고,0,0,1,0,차대차 - 기타,기타,건조,맑음,교차로 - 교차로안,승용,여,56세,상해없음,승용,여,60세,경상
2022121800100210,2022년 12월 18일 14시,일요일,경상북도 성주군 성주읍,경상사고,0,0,2,0,차대사람 - 횡단중,안전운전불이행,건조,맑음,단일로 - 기타,화물,남,62세,상해없음,보행자,여,39세,경상
2022121800100264,2022년 12월 18일 16시,일요일,경상북도 울진군 평해읍,중상사고,0,1,0,1,차대차 - 추돌,안전운전불이행,건조,맑음,교차로 - 교차로부근,승용,여,69세,상해없음,승용,남,35세,중상
2022121800100285,2022년 12월 18일 17시,일요일,경상북도 예천군 호명면,경상사고,0,0,1,0,차대차 - 기타,안전운전불이행,건조,맑음,교차로 - 교차로부근,승용,여,41세,상해없음,이륜,남,46세,경상
2022121800100311,2022년 12월 18일 18시,일요일,경상북도 의성군 단밀면,경상사고,0,0,1,0,차대사람 - 길가장자리구역통행중,안전운전불이행,건조,맑음,단일로 - 기타,승용,남,39세,상해없음,보행자,여,75세,경상
2022121800100312,2022년 12월 18일 18시,일요일,경상북도 영천시 조교동,경상사고,0,0,1,0,차대차 - 후진중충돌,안전운전불이행,건조,맑음,단일로 - 기타,화물,남,68세,상해없음,승용,여,73세,경상
2022121800100313,2022년 12월 18일 18시,일요일,경상북도 구미시 공단동,부상신고사고,0,0,0,1,차대차 - 측면충돌,신호위반,건조,맑음,교차로 - 교차로안,원동기,남,37세,부상신고,승용,남,46세,상해없음
2022121800100344,2022년 12월 18일 19시,일요일,경상북도 경주시 안강읍,부상신고사고,0,0,0,1,차량단독 - 전도전복 - 전도,안전운전불이행,건조,맑음,교차로 - 교차로부근,이륜,여,55세,부상신고,,,,
2022121800100345,2022년 12월 18일 19시,일요일,경상북도 안동시 태화동,경상사고,0,0,1,0,차대차 - 기타,안전운전불이행,건조,맑음,단일로 - 기타,승용,남,58세,상해없음,이륜,남,40세,경상
2022121800100346,2022년 12월 18일 19시,일요일,경상북도 구미시 인의동,경상사고,0,0,1,1,차대차 - 측면충돌,직진우회전진행방해,건조,맑음,교차로 - 교차로안,승용,남,26세,부상신고,승용,여,57세,상해없음
2022121800100399,2022년 12월 18일 21시,일요일,경상북도 경산시 중산동,경상사고,0,0,2,0,차대차 - 측면충돌,신호위반,건조,맑음,교차로 - 교차로안,승용,여,27세,상해없음,승용,남,27세,경상
2022121800100400,2022년 12월 18일 21시,일요일,경상북도 구미시 공단동,경상사고,0,0,1,0,차대사람 - 기타,안전운전불이행,건조,맑음,기타 - 기타,이륜,남,47세,상해없음,보행자,남,34세,경상
2022121800100401,2022년 12월 18일 21시,일요일,경상북도 포항시 남구 해도동,경상사고,0,0,1,0,차대차 - 측면충돌,중앙선침범,건조,맑음,단일로 - 기타,이륜,남,62세,경상,승용,남,72세,상해없음
2022121800100402,2022년 12월 18일 21시,일요일,경상북도 포항시 남구 송도동,부상신고사고,0,0,0,1,차대차 - 기타,안전운전불이행,건조,맑음,단일로 - 기타,승용,남,65세,상해없음,승용,남,61세,부상신고
2022121800100426,2022년 12월 18일 23시,일요일,경상북도 상주시 무양동,중상사고,0,1,0,0,차대차 - 측면충돌,교차로운행방법위반,건조,맑음,교차로 - 교차로안,승용,남,26세,상해없음,이륜,남,17세,중상
2022121900100003,2022년 12월 19일 00시,월요일,경상북도 김천시 백옥동,중상사고,0,1,0,0,차량단독 - 공작물충돌,안전운전불이행,건조,맑음,단일로 - 기타,승용,남,23세,상해없음,,,,
2022121900100074,2022년 12월 19일 07시,월요일,경상북도 칠곡군 가산면,경상사고,0,0,1,0,차대차 - 측면충돌,안전운전불이행,건조,맑음,단일로 - 기타,승용,여,55세,상해없음,승용,남,65세,경상
2022121900100110,2022년 12월 19일 08시,월요일,경상북도 의성군 의성읍,중상사고,0,1,1,0,차대차 - 측면충돌,신호위반,건조,맑음,교차로 - 교차로안,승용,여,32세,상해없음,승합,남,30세,중상
2022121900100111,2022년 12월 19일 08시,월요일,경상북도 포항시 남구 지곡동,경상사고,0,0,1,0,차대차 - 측면충돌,불법유턴,건조,맑음,교차로 - 교차로안,승용,남,68세,상해없음,승용,여,48세,경상
2022121900100146,2022년 12월 19일 09시,월요일,경상북도 문경시 영순면,경상사고,0,0,1,2,차대사람 - 기타,안전운전불이행,건조,맑음,단일로 - 기타,승용,여,61세,상해없음,보행자,남,80세,경상
2022121900100196,2022년 12월 19일 11시,월요일,경상북도 포항시 북구 흥해읍,경상사고,0,0,4,0,차대차 - 측면충돌,안전운전불이행,건조,맑음,기타 - 기타,화물,남,58세,기타불명,승용,남,37세,경상
2022121900100197,2022년 12월 19일 11시,월요일,경상북도 칠곡군 왜관읍,경상사고,0,0,1,0,차대사람 - 기타,안전운전불이행,건조,맑음,단일로 - 기타,승용,여,74세,상해없음,보행자,여,84세,경상
2022121900100198,2022년 12월 19일 11시,월요일,경상북도 문경시 마성면,중상사고,0,1,2,0,차대차 - 추돌,안전운전불이행,건조,맑음,교차로 - 교차로부근,승용,남,62세,경상,승용,여,55세,중상
2022121900100199,2022년 12월 19일 11시,월요일,경상북도 문경시 마성면,경상사고,0,0,1,0,차대차 - 측면충돌,기타,건조,맑음,교차로 - 교차로안,승용,남,60세,상해없음,화물,남,64세,경상
2022121900100200,2022년 12월 19일 11시,월요일,경상북도 구미시 황상동,경상사고,0,0,1,0,차대차 - 정면충돌,신호위반,건조,맑음,교차로 - 교차로안,승용,여,37세,상해없음,승용,여,31세,경상
2022121900100201,2022년 12월 19일 11시,월요일,경상북도 포항시 남구 오천읍,경상사고,0,0,4,0,차대차 - 측면충돌,직진우회전진행방해,건조,맑음,교차로 - 교차로안,승용,남,30세,경상,화물,남,69세,경상
2022121900100205,2022년 12월 19일 11시,월요일,경상북도 경산시 중산동,경상사고,0,0,1,0,차대차 - 기타,직진우회전진행방해,건조,맑음,교차로 - 교차로부근,화물,남,26세,기타불명,화물,남,34세,경상
2022121900100236,2022년 12월 19일 12시,월요일,경상북도 포항시 북구 흥해읍,경상사고,0,0,1,0,차대차 - 측면충돌,안전운전불이행,건조,맑음,단일로 - 기타,승용,남,50세,상해없음,화물,남,46세,경상
2022121900100237,2022년 12월 19일 12시,월요일,경상북도 안동시 와룡면,중상사고,0,2,0,0,차대차 - 기타,안전운전불이행,건조,맑음,단일로 - 기타,승용,여,60세,중상,승용,여,58세,중상
2022121900100238,2022년 12월 19일 12시,월요일,경상북도 경산시 중방동,경상사고,0,0,1,0,차대차 - 측면충돌,교차로운행방법위반,건조,맑음,교차로 - 교차로안,승용,여,38세,상해없음,화물,남,50세,경상
2022121900100239,2022년 12월 19일 12시,월요일,경상북도 포항시 남구 효자동,경상사고,0,0,1,0,차대차 - 측면충돌,교차로운행방법위반,건조,맑음,교차로 - 교차로안,화물,남,40세,상해없음,이륜,남,64세,경상
2022121900100308,2022년 12월 19일 14시,월요일,경상북도 포항시 남구 청림동,경상사고,0,0,2,0,차대차 - 측면충돌,안전운전불이행,건조,맑음,교차로 - 교차로안,승용,여,58세,상해없음,승용,여,23세,경상
2022121900100336,2022년 12월 19일 15시,월요일,경상북도 영천시 문외동,경상사고,0,0,1,0,차대차 - 기타,안전운전불이행,건조,맑음,단일로 - 기타,화물,남,54세,상해없음,승용,남,41세,경상
2022121900100365,2022년 12월 19일 16시,월요일,경상북도 칠곡군 왜관읍,경상사고,0,0,6,0,차대차 - 기타,안전운전불이행,건조,맑음,단일로 - 기타,승용,여,41세,경상,승용,남,48세,경상
2022121900100402,2022년 12월 19일 17시,월요일,경상북도 영천시 오수동,경상사고,0,0,1,0,차대차 - 측면충돌,안전운전불이행,건조,맑음,교차로 - 교차로부근,승합,남,60세,상해없음,승용,여,65세,경상
2022121900100403,2022년 12월 19일 17시,월요일,경상북도 울진군 울진읍,경상사고,0,0,1,0,차대사람 - 기타,안전운전불이행,건조,맑음,단일로 - 기타,승용,남,24세,상해없음,보행자,여,97세,경상
2022121900100404,2022년 12월 19일 17시,월요일,경상북도 구미시 광평동,부상신고사고,0,0,0,1,차대차 - 추돌,안전운전불이행,건조,맑음,단일로 - 기타,승용,남,60세,상해없음,승용,여,23세,상해없음
2022121900100445,2022년 12월 19일 18시,월요일,경상북도 경산시 진량읍,경상사고,0,0,6,0,차대차 - 추돌,안전거리미확보,건조,맑음,단일로 - 기타,승용,남,31세,상해없음,승용,남,43세,경상
2022121900100446,2022년 12월 19일 18시,월요일,경상북도 구미시 옥계동,부상신고사고,0,0,0,1,차대사람 - 기타,안전운전불이행,건조,맑음,단일로 - 기타,승용,남,48세,상해없음,보행자,남,40세,부상신고
2022121900100447,2022년 12월 19일 18시,월요일,경상북도 구미시 양호동,부상신고사고,0,0,0,1,차량단독 - 기타,안전운전불이행,건조,맑음,단일로 - 기타,이륜,남,68세,부상신고,,,,
2022121900100481,2022년 12월 19일 19시,월요일,경상북도 구미시 임은동,중상사고,0,1,4,0,차대차 - 측면충돌,교차로운행방법위반,건조,맑음,교차로 - 교차로안,화물,남,39세,경상,승합,남,66세,중상
2022121900100482,2022년 12월 19일 19시,월요일,경상북도 포항시 남구 오천읍,중상사고,0,1,0,0,차대차 - 측면충돌,교차로운행방법위반,건조,맑음,교차로 - 교차로안,승용,남,56세,상해없음,이륜,여,27세,중상
2022121900100508,2022년 12월 19일 20시,월요일,경상북도 경산시 압량읍,경상사고,0,0,2,0,차대차 - 추돌,안전운전불이행,건조,맑음,단일로 - 기타,승용,남,65세,상해없음,승용,여,29세,경상
2022121900100509,2022년 12월 19일 20시,월요일,경상북도 구미시 공단동,경상사고,0,0,1,0,차대차 - 기타,신호위반,건조,맑음,교차로 - 교차로안,승용,여,27세,상해없음,승용,여,55세,경상
2022121900100537,2022년 12월 19일 21시,월요일,경상북도 영천시 신기동,중상사고,0,1,0,0,차량단독 - 기타,안전운전불이행,건조,맑음,단일로 - 기타,승용,남,45세,중상,,,,
2022122000100005,2022년 12월 20일 00시,화요일,경상북도 구미시 형곡동,경상사고,0,0,2,0,차대차 - 측면충돌,안전운전불이행,기타,맑음,교차로 - 교차로안,승용,남,72세,상해없음,승용,남,30세,경상
2022122000100016,2022년 12월 20일 01시,화요일,경상북도 안동시 법흥동,중상사고,0,1,0,0,차대사람 - 횡단중,보행자보호의무위반,건조,맑음,교차로 - 교차로횡단보도내,승용,남,26세,상해없음,보행자,남,26세,중상
2022122000100103,2022년 12월 20일 08시,화요일,경상북도 영주시 휴천동,중상사고,0,1,0,0,차대사람 - 횡단중,보행자보호의무위반,건조,맑음,교차로 - 교차로횡단보도내,승용,여,42세,상해없음,보행자,남,65세,중상
2022122000100104,2022년 12월 20일 08시,화요일,경상북도 영주시 가흥동,중상사고,0,1,0,0,차대사람 - 횡단중,보행자보호의무위반,건조,맑음,단일로 - 기타,승용,남,43세,상해없음,보행자,여,72세,중상
2022122000100105,2022년 12월 20일 08시,화요일,경상북도 칠곡군 동명면,중상사고,0,1,0,0,차대차 - 추돌,안전거리미확보,건조,맑음,교차로 - 교차로안,화물,남,50세,상해없음,승용,여,74세,중상
2022122000100106,2022년 12월 20일 08시,화요일,경상북도 예천군 예천읍,중상사고,0,1,0,0,차대차 - 정면충돌,안전운전불이행,건조,맑음,교차로 - 교차로안,이륜,남,63세,중상,승용,남,37세,상해없음
2022122000100107,2022년 12월 20일 08시,화요일,경상북도 구미시 오태동,경상사고,0,0,3,0,차대차 - 추돌,안전거리미확보,건조,맑음,단일로 - 기타,승용,남,36세,상해없음,승용,남,41세,경상
2022122000100149,2022년 12월 20일 09시,화요일,경상북도 안동시 풍천면,경상사고,0,0,2,0,차대차 - 측면충돌,중앙선침범,건조,맑음,단일로 - 기타,승용,남,36세,경상,승용,여,29세,경상
2022122000100150,2022년 12월 20일 09시,화요일,경상북도 구미시 고아읍,경상사고,0,0,1,0,차대차 - 추돌,안전운전불이행,건조,맑음,교차로 - 교차로부근,승용,남,54세,상해없음,승용,여,55세,경상
2022122000100186,2022년 12월 20일 10시,화요일,경상북도 포항시 북구 기계면,경상사고,0,0,1,0,차대차 - 측면충돌,안전운전불이행,건조,맑음,교차로 - 교차로안,화물,남,72세,상해없음,화물,남,54세,경상
2022122000100187,2022년 12월 20일 10시,화요일,경상북도 구미시 인의동,경상사고,0,0,4,0,차대차 - 추돌,안전운전불이행,건조,맑음,단일로 - 기타,승용,여,34세,상해없음,승용,남,55세,경상
2022122000100188,2022년 12월 20일 10시,화요일,경상북도 포항시 남구 대도동,경상사고,0,0,1,0,차대차 - 기타,안전운전불이행,건조,맑음,단일로 - 지하차도(도로)내,승용,남,70세,상해없음,화물,남,65세,경상
2022122000100228,2022년 12월 20일 11시,화요일,경상북도 경주시 안강읍,경상사고,0,0,1,0,차대사람 - 횡단중,보행자보호의무위반,건조,맑음,교차로 - 교차로안,승용,남,52세,상해없음,보행자,남,75세,경상
2022122000100258,2022년 12월 20일 12시,화요일,경상북도 의성군 안계면,경상사고,0,0,1,0,차대차 - 추돌,안전운전불이행,건조,맑음,단일로 - 기타,이륜,남,92세,경상,승용,여,65세,상해없음
2022122000100259,2022년 12월 20일 12시,화요일,경상북도 영주시 가흥동,중상사고,0,1,0,0,차대사람 - 횡단중,보행자보호의무위반,건조,맑음,교차로 - 교차로횡단보도내,화물,남,73세,상해없음,보행자,남,42세,중상
2022122000100260,2022년 12월 20일 12시,화요일,경상북도 포항시 남구 구룡포읍,중상사고,0,1,0,0,차대차 - 측면충돌,안전운전불이행,건조,맑음,단일로 - 기타,승용,남,52세,상해없음,이륜,남,73세,중상
2022122000100296,2022년 12월 20일 13시,화요일,경상북도 경주시 건천읍,경상사고,0,0,3,0,차대차 - 측면충돌,안전운전불이행,건조,맑음,단일로 - 기타,승용,남,48세,상해없음,승용,남,39세,경상
2022122000100297,2022년 12월 20일 13시,화요일,경상북도 구미시 신평동,경상사고,0,0,1,0,차대차 - 측면충돌,안전운전불이행,건조,맑음,교차로 - 교차로안,화물,남,53세,상해없음,승용,여,35세,경상
2022122000100329,2022년 12월 20일 14시,화요일,경상북도 구미시 사곡동,중상사고,0,1,0,0,차대차 - 기타,교차로운행방법위반,건조,맑음,교차로 - 교차로안,승용,남,31세,상해없음,승용,여,55세,중상
2022122000100374,2022년 12월 20일 15시,화요일,경상북도 경주시 동천동,경상사고,0,0,1,0,차대차 - 측면충돌,안전운전불이행,건조,맑음,단일로 - 지하차도(도로)내,승용,여,50세,상해없음,자전거,남,52세,경상
2022122000100375,2022년 12월 20일 15시,화요일,경상북도 경산시 하양읍,경상사고,0,0,1,0,차대차 - 측면충돌,안전운전불이행,건조,맑음,교차로 - 교차로안,승용,여,44세,상해없음,승용,여,68세,경상
2022122000100376,2022년 12월 20일 15시,화요일,경상북도 구미시 선산읍,사망사고,1,0,0,0,차대차 - 정면충돌,안전운전불이행,건조,맑음,교차로 - 교차로안,이륜,남,87세,사망,승합,남,59세,상해없음
2022122000100377,2022년 12월 20일 15시,화요일,경상북도 구미시 공단동,경상사고,0,0,1,1,차대차 - 추돌,안전거리미확보,건조,맑음,교차로 - 교차로부근,승합,남,62세,부상신고,승용,남,43세,경상
2022122000100378,2022년 12월 20일 15시,화요일,경상북도 포항시 남구 연일읍,부상신고사고,0,0,0,1,차대차 - 기타,안전운전불이행,건조,맑음,단일로 - 지하차도(도로)내,자전거,남,69세,부상신고,화물,남,46세,상해없음
2022122000100413,2022년 12월 20일 16시,화요일,경상북도 경주시 성동동,경상사고,0,0,1,0,차대차 - 추돌,안전운전불이행,건조,맑음,교차로 - 교차로부근,승용,여,61세,경상,승용,남,26세,상해없음
2022122000100414,2022년 12월 20일 16시,화요일,경상북도 상주시 냉림동,경상사고,0,0,1,0,차대차 - 측면충돌,교차로운행방법위반,건조,맑음,교차로 - 교차로안,승용,남,61세,상해없음,자전거,남,92세,경상
2022122000100459,2022년 12월 20일 17시,화요일,경상북도 포항시 북구 동빈1가,중상사고,0,1,0,0,차대차 - 정면충돌,신호위반,건조,맑음,교차로 - 교차로안,승용,남,73세,상해없음,승용,남,55세,중상
2022122000100510,2022년 12월 20일 18시,화요일,경상북도 포항시 북구 장성동,중상사고,0,1,1,0,차대차 - 추돌,안전운전불이행,건조,맑음,단일로 - 기타,승용,남,31세,경상,승용,여,41세,상해없음
2022122000100511,2022년 12월 20일 18시,화요일,경상북도 포항시 북구 용흥동,경상사고,0,0,1,0,차대차 - 측면충돌,안전거리미확보,건조,맑음,단일로 - 기타,승용,여,45세,상해없음,승용,남,53세,경상
2022122000100512,2022년 12월 20일 18시,화요일,경상북도 김천시 남면,경상사고,0,0,1,0,차대차 - 측면충돌,중앙선침범,건조,맑음,단일로 - 기타,화물,남,79세,상해없음,승용,남,48세,경상
2022122000100513,2022년 12월 20일 18시,화요일,경상북도 구미시 형곡동,경상사고,0,0,1,0,차대사람 - 횡단중,보행자보호의무위반,건조,맑음,교차로 - 교차로횡단보도내,승용,여,59세,상해없음,보행자,남,18세,경상
2022122000100563,2022년 12월 20일 19시,화요일,경상북도 안동시 화성동,경상사고,0,0,1,0,차대차 - 측면충돌,직진우회전진행방해,건조,맑음,교차로 - 교차로안,승용,여,61세,상해없음,이륜,남,33세,경상
2022122000100564,2022년 12월 20일 19시,화요일,경상북도 고령군 다산면,경상사고,0,0,2,0,차대차 - 측면충돌,교차로운행방법위반,건조,맑음,교차로 - 교차로안,승용,남,45세,경상,이륜,남,31세,경상
2022122000100565,2022년 12월 20일 19시,화요일,경상북도 구미시 고아읍,부상신고사고,0,0,0,1,차량단독 - 공작물충돌,안전운전불이행,건조,맑음,교차로 - 교차로안,승용,여,52세,부상신고,,,,
2022122000100595,2022년 12월 20일 20시,화요일,경상북도 포항시 북구 장성동,경상사고,0,0,1,0,차대차 - 측면충돌,직진우회전진행방해,건조,맑음,교차로 - 교차로안,승용,여,70세,상해없음,승용,여,60세,경상
2022122000100596,2022년 12월 20일 20시,화요일,경상북도 영천시 임고면,경상사고,0,0,1,0,차대차 - 추돌,안전운전불이행,건조,맑음,교차로 - 교차로부근,화물,남,52세,상해없음,승용,남,57세,경상
2022122000100619,2022년 12월 20일 21시,화요일,경상북도 포항시 북구 용흥동,경상사고,0,0,1,0,차대차 - 측면충돌,안전거리미확보,건조,맑음,단일로 - 기타,승용,남,38세,상해없음,승용,여,49세,경상
2022122000100641,2022년 12월 20일 22시,화요일,경상북도 포항시 남구 해도동,중상사고,0,1,0,0,차량단독 - 기타,안전운전불이행,건조,맑음,교차로 - 교차로부근,승합,남,54세,상해없음,,,,
2022122100100009,2022년 12월 21일 00시,수요일,경상북도 구미시 원평동,경상사고,0,0,1,0,차대차 - 추돌,안전운전불이행,건조,맑음,교차로 - 교차로부근,승용,남,31세,상해없음,승용,남,31세,경상
2022122100100080,2022년 12월 21일 07시,수요일,경상북도 경주시 외동읍,경상사고,0,0,1,0,차대차 - 추돌,안전운전불이행,서리/결빙,눈,단일로 - 기타,승용,남,39세,상해없음,화물,남,66세,상해없음
2022122100100081,2022년 12월 21일 07시,수요일,경상북도 경주시 내남면,중상사고,0,1,0,0,차대차 - 측면충돌,안전운전불이행,젖음/습기,흐림,단일로 - 기타,화물,남,66세,중상,화물,남,31세,상해없음
2022122100100082,2022년 12월 21일 07시,수요일,경상북도 경주시 외동읍,경상사고,0,0,1,0,차대차 - 추돌,안전운전불이행,서리/결빙,비,교차로 - 교차로부근,승용,여,46세,상해없음,승용,남,40세,경상
2022122100100083,2022년 12월 21일 07시,수요일,경상북도 의성군 금성면,중상사고,0,1,0,0,차대사람 - 차도통행중,안전운전불이행,적설,눈,단일로 - 기타,승용,남,38세,상해없음,보행자,여,72세,중상
2022122100100084,2022년 12월 21일 07시,수요일,경상북도 영덕군 영덕읍,중상사고,0,1,0,0,차대차 - 추돌,안전운전불이행,건조,맑음,단일로 - 교량,화물,남,50세,중상,화물,남,63세,상해없음
2022122100100133,2022년 12월 21일 08시,수요일,경상북도 경주시 외동읍,경상사고,0,0,2,0,차대차 - 측면충돌,안전운전불이행,서리/결빙,눈,단일로 - 기타,승용,여,28세,경상,승용,여,36세,경상
2022122100100134,2022년 12월 21일 08시,수요일,경상북도 경주시 내남면,경상사고,0,0,1,0,차량단독 - 도로외이탈 - 추락,안전운전불이행,젖음/습기,눈,단일로 - 지하차도(도로)내,승용,남,41세,경상,,,,
2022122100100135,2022년 12월 21일 08시,수요일,경상북도 안동시 평화동,부상신고사고,0,0,0,1,차대차 - 측면충돌,안전운전불이행,서리/결빙,눈,단일로 - 기타,승용,여,41세,상해없음,자전거,남,73세,부상신고
2022122100100136,2022년 12월 21일 08시,수요일,경상북도 청송군 현서면,경상사고,0,0,1,0,차대차 - 추돌,안전거리미확보,서리/결빙,눈,단일로 - 지하차도(도로)내,승용,남,64세,상해없음,승용,여,31세,상해없음
2022122100100137,2022년 12월 21일 08시,수요일,경상북도 구미시 고아읍,중상사고,0,1,0,0,차대사람 - 횡단중,안전운전불이행,적설,눈,교차로 - 교차로횡단보도내,승용,여,53세,상해없음,보행자,여,14세,중상
2022122100100138,2022년 12월 21일 08시,수요일,경상북도 구미시 공단동,경상사고,0,0,4,0,차대차 - 기타,안전운전불이행,적설,눈,교차로 - 교차로안,특수,남,59세,상해없음,승합,남,55세,경상
2022122100100139,2022년 12월 21일 08시,수요일,경상북도 구미시 인의동,경상사고,0,0,1,0,차대차 - 기타,안전운전불이행,적설,눈,단일로 - 기타,승용,남,61세,상해없음,승용,남,48세,경상
2022122100100140,2022년 12월 21일 08시,수요일,경상북도 구미시 신평동,경상사고,0,0,1,0,차대차 - 추돌,안전운전불이행,적설,눈,교차로 - 교차로부근,승용,남,25세,상해없음,승용,여,37세,경상
2022122100100141,2022년 12월 21일 08시,수요일,경상북도 포항시 남구 오천읍,경상사고,0,0,2,0,차대차 - 기타,중앙선침범,서리/결빙,눈,단일로 - 기타,승용,여,44세,상해없음,화물,남,63세,경상
2022122100100142,2022년 12월 21일 08시,수요일,경상북도 구미시 원평동,중상사고,0,2,0,0,차대차 - 측면충돌,안전운전불이행,적설,눈,단일로 - 기타,화물,남,23세,중상,승용,여,40세,상해없음
2022122100100180,2022년 12월 21일 09시,수요일,경상북도 경주시 외동읍,중상사고,0,1,0,0,차대사람 - 기타,안전운전불이행,서리/결빙,비,단일로 - 기타,승용,여,54세,상해없음,보행자,여,62세,중상
2022122100100181,2022년 12월 21일 09시,수요일,경상북도 안동시 태화동,경상사고,0,0,2,0,차대차 - 정면충돌,안전운전불이행,건조,맑음,교차로 - 교차로부근,승용,여,53세,상해없음,승용,남,28세,상해없음
2022122100100182,2022년 12월 21일 09시,수요일,경상북도 안동시 풍산읍,중상사고,0,1,0,0,차대사람 - 기타,안전운전불이행,적설,눈,단일로 - 기타,승용,남,60세,상해없음,보행자,남,71세,중상
2022122100100183,2022년 12월 21일 09시,수요일,경상북도 포항시 남구 동해면,경상사고,0,0,1,1,차대차 - 추돌,안전운전불이행,서리/결빙,눈,단일로 - 고가도로위,승합,남,53세,상해없음,승용,여,62세,경상
2022122100100184,2022년 12월 21일 09시,수요일,경상북도 영덕군 지품면,중상사고,0,1,0,0,차대차 - 측면충돌,안전운전불이행,적설,눈,단일로 - 기타,화물,남,74세,상해없음,승용,남,63세,상해없음
2022122100100185,2022년 12월 21일 09시,수요일,경상북도 영천시 임고면,중상사고,0,1,3,0,차량단독 - 공작물충돌,안전운전불이행,적설,눈,단일로 - 기타,승합,남,49세,상해없음,,,,
2022122100100186,2022년 12월 21일 09시,수요일,경상북도 상주시 낙동면,경상사고,0,0,1,0,차대차 - 기타,안전운전불이행,적설,눈,단일로 - 기타,승용,여,50세,상해없음,승용,남,30세,경상
2022122100100225,2022년 12월 21일 11시,수요일,경상북도 김천시 감문면,경상사고,0,0,1,0,차대사람 - 길가장자리구역통행중,안전운전불이행,젖음/습기,눈,단일로 - 기타,승용,남,34세,상해없음,보행자,남,64세,경상
2022122100100226,2022년 12월 21일 11시,수요일,경상북도 봉화군 봉성면,경상사고,0,0,1,0,차대차 - 측면충돌,안전운전불이행,적설,눈,단일로 - 기타,화물,남,76세,상해없음,화물,남,46세,경상
2022122100100243,2022년 12월 21일 12시,수요일,경상북도 칠곡군 지천면,경상사고,0,0,1,0,차량단독 - 공작물충돌,안전운전불이행,서리/결빙,흐림,단일로 - 기타,승합,남,55세,경상,,,,
2022122100100244,2022년 12월 21일 12시,수요일,경상북도 구미시 송정동,경상사고,0,0,1,0,차대차 - 추돌,안전운전불이행,서리/결빙,맑음,단일로 - 기타,승용,남,57세,상해없음,승용,남,61세,경상
2022122100100245,2022년 12월 21일 12시,수요일,경상북도 포항시 남구 오천읍,경상사고,0,0,1,0,차대사람 - 횡단중,안전운전불이행,젖음/습기,비,단일로 - 기타,승용,남,70세,상해없음,보행자,여,56세,경상
2022122100100259,2022년 12월 21일 13시,수요일,경상북도 포항시 북구 득량동,경상사고,0,0,1,0,차대차 - 기타,안전운전불이행,건조,맑음,기타 - 기타,특수,여,51세,상해없음,승용,남,49세,경상
2022122100100275,2022년 12월 21일 14시,수요일,경상북도 영주시 단산면,중상사고,0,1,0,1,차대차 - 정면충돌,안전운전불이행,적설,눈,단일로 - 기타,승용,남,65세,중상,승합,남,54세,부상신고
2022122100100295,2022년 12월 21일 15시,수요일,경상북도 포항시 북구 장성동,경상사고,0,0,1,0,차대차 - 측면충돌,안전거리미확보,건조,맑음,단일로 - 기타,승용,여,40세,상해없음,화물,남,63세,경상
2022122100100296,2022년 12월 21일 15시,수요일,경상북도 의성군 춘산면,경상사고,0,0,1,0,차대차 - 추돌,안전거리미확보,적설,눈,단일로 - 기타,화물,남,57세,상해없음,승용,여,54세,경상
2022122100100325,2022년 12월 21일 16시,수요일,경상북도 김천시 조마면,경상사고,0,0,1,0,차대차 - 정면충돌,안전운전불이행,서리/결빙,맑음,단일로 - 기타,화물,남,26세,상해없음,화물,남,75세,경상
2022122100100363,2022년 12월 21일 17시,수요일,경상북도 경주시 동천동,경상사고,0,0,1,0,차대차 - 측면충돌,안전운전불이행,젖음/습기,흐림,교차로 - 교차로안,승용,남,50세,상해없음,이륜,남,22세,경상
2022122100100426,2022년 12월 21일 19시,수요일,경상북도 영천시 서산동,경상사고,0,0,2,0,차대차 - 측면충돌,안전운전불이행,적설,눈,단일로 - 기타,화물,남,52세,경상,화물,남,66세,경상