사고번호,사고일시,요일,시군구,사고내용,사망자수,중상자수,경상자수,부상신고자수,사고유형,법규위반,노면상태,기상상태,도로형태,가해운전자 차종,가해운전자 성별,가해운전자 연령,가해운전자 상해정도,피해운전자 차종,피해운전자 성별,피해운전자 연령,피해운전자 상해정도
2022122700100361,2022년 12월 27일 16시,화요일,경상북도 구미시 선산읍,중상사고,0,1,0,0,차대차 - 기타,중앙선침범,건조,맑음,단일로 - 기타,화물,남,65세,상해없음,승용,남,46세,중상
2022122700100395,2022년 12월 27일 17시,화요일,경상북도 안동시 정하동,경상사고,0,0,2,0,차대차 - 측면충돌,교차로운행방법위반,기타,맑음,교차로 - 교차로안,승용,남,37세,경상,승용,여,45세,경상
2022122700100396,2022년 12월 27일 17시,화요일,경상북도 영천시 화북면,사망사고,1,1,0,0,차량단독 - 도로외이탈 - 추락,안전운전불이행,건조,맑음,단일로 - 기타,화물,남,70세,사망,,,,
2022122700100397,2022년 12월 27일 17시,화요일,경상북도 청송군 현서면,경상사고,0,0,1,0,차대차 - 추돌,안전운전불이행,건조,맑음,단일로 - 지하차도(도로)내,화물,남,54세,상해없음,농기계,남,62세,경상
2022122700100398,2022년 12월 27일 17시,화요일,경상북도 포항시 남구 상도동,중상사고,0,2,2,7,차대차 - 기타,교차로운행방법위반,건조,맑음,교차로 - 교차로안,승용,여,52세,상해없음,승합,남,57세,상해없음
2022122700100441,2022년 12월 27일 18시,화요일,경상북도 김천시 부곡동,중상사고,0,1,0,0,차대차 - 측면충돌,신호위반,건조,맑음,교차로 - 교차로부근,이륜,남,27세,상해없음,자전거,남,15세,중상
2022122700100491,2022년 12월 27일 19시,화요일,경상북도 구미시 진평동,경상사고,0,0,1,0,차대차 - 추돌,안전운전불이행,건조,맑음,교차로 - 교차로부근,승용,남,39세,상해없음,승용,남,28세,경상
2022122700100521,2022년 12월 27일 20시,화요일,경상북도 경산시 진량읍,중상사고,0,1,0,0,차대차 - 기타,안전운전불이행,건조,맑음,단일로 - 기타,승용,남,39세,상해없음,자전거,여,23세,중상
2022122700100522,2022년 12월 27일 20시,화요일,경상북도 성주군 선남면,경상사고,0,0,1,0,차대차 - 추돌,안전운전불이행,젖음/습기,흐림,단일로 - 기타,승용,남,50세,상해없음,화물,남,34세,경상
2022122700100595,2022년 12월 27일 23시,화요일,경상북도 문경시 문경읍,중상사고,0,1,0,0,차대차 - 측면충돌,신호위반,건조,맑음,단일로 - 기타,특수,남,44세,상해없음,승용,남,57세,상해없음
2022122800100015,2022년 12월 28일 01시,수요일,경상북도 포항시 북구 죽도동,경상사고,0,0,1,0,차대차 - 추돌,안전운전불이행,건조,맑음,교차로 - 교차로부근,화물,남,39세,상해없음,승용,남,32세,경상
2022122800100023,2022년 12월 28일 02시,수요일,경상북도 포항시 북구 창포동,경상사고,0,0,1,0,차량단독 - 공작물충돌,안전운전불이행,젖음/습기,비,기타 - 기타,이륜,남,25세,경상,,,,
2022122800100024,2022년 12월 28일 02시,수요일,경상북도 상주시 낙동면,경상사고,0,0,1,0,차대차 - 추돌,안전운전불이행,건조,맑음,단일로 - 기타,승용,남,29세,상해없음,화물,남,61세,경상
2022122800100067,2022년 12월 28일 07시,수요일,경상북도 경주시 외동읍,경상사고,0,0,1,0,차대차 - 측면충돌,안전거리미확보,건조,맑음,교차로 - 교차로안,화물,남,59세,상해없음,승합,남,62세,경상
2022122800100069,2022년 12월 28일 07시,수요일,경상북도 경산시 진량읍,중상사고,0,1,0,0,차대사람 - 횡단중,보행자보호의무위반,건조,맑음,교차로 - 교차로횡단보도내,사륜오토바이(ATV),남,66세,기타불명,보행자,여,56세,중상
2022122800100097,2022년 12월 28일 08시,수요일,경상북도 포항시 북구 흥해읍,경상사고,0,0,1,0,차대사람 - 차도통행중,안전운전불이행,건조,맑음,단일로 - 기타,승용,여,48세,상해없음,보행자,남,48세,경상
2022122800100098,2022년 12월 28일 08시,수요일,경상북도 안동시 상아동,중상사고,0,1,1,0,차대차 - 정면충돌,중앙선침범,서리/결빙,맑음,단일로 - 기타,승용,여,35세,경상,승용,여,47세,중상
2022122800100099,2022년 12월 28일 08시,수요일,경상북도 김천시 어모면,경상사고,0,0,1,0,차대차 - 측면충돌,기타,건조,맑음,교차로 - 교차로안,승용,여,23세,상해없음,승용,여,25세,경상
2022122800100100,2022년 12월 28일 08시,수요일,경상북도 포항시 남구 이동,경상사고,0,0,5,0,차대차 - 기타,안전운전불이행,건조,맑음,단일로 - 지하차도(도로)내,승용,남,49세,경상,승용,남,39세,경상
2022122800100177,2022년 12월 28일 11시,수요일,경상북도 의성군 의성읍,경상사고,0,0,1,0,차대사람 - 횡단중,보행자보호의무위반,건조,맑음,교차로 - 교차로횡단보도내,화물,남,24세,상해없음,보행자,여,48세,경상
2022122800100178,2022년 12월 28일 11시,수요일,경상북도 봉화군 춘양면,경상사고,0,0,1,0,차대차 - 측면충돌,신호위반,젖음/습기,맑음,교차로 - 교차로안,화물,남,60세,상해없음,승용,여,48세,경상
2022122800100179,2022년 12월 28일 11시,수요일,경상북도 포항시 남구 대도동,경상사고,0,0,3,0,차대차 - 측면충돌,차로위반,건조,맑음,단일로 - 지하차도(도로)내,화물,남,56세,상해없음,승용,남,31세,경상
2022122800100210,2022년 12월 28일 12시,수요일,경상북도 상주시 외답동,중상사고,0,1,0,0,차대차 - 추돌,안전운전불이행,건조,맑음,교차로 - 교차로안,승용,여,71세,상해없음,자전거,여,73세,중상
2022122800100211,2022년 12월 28일 12시,수요일,경상북도 영천시 완산동,경상사고,0,0,2,0,차대사람 - 횡단중,신호위반,건조,맑음,교차로 - 교차로횡단보도내,화물,남,65세,경상,보행자,여,86세,경상
2022122800100212,2022년 12월 28일 12시,수요일,경상북도 성주군 가천면,경상사고,0,0,1,0,차대차 - 기타,중앙선침범,건조,맑음,단일로 - 기타,화물,남,77세,상해없음,특수,남,55세,경상
2022122800100213,2022년 12월 28일 12시,수요일,경상북도 김천시 모암동,중상사고,0,1,0,0,차대차 - 기타,기타,건조,맑음,단일로 - 기타,화물,남,63세,상해없음,승용,남,28세,중상
2022122800100259,2022년 12월 28일 13시,수요일,경상북도 포항시 북구 양덕동,중상사고,0,1,2,0,차대사람 - 보도통행중,기타,건조,맑음,교차로 - 교차로부근,승용,여,34세,상해없음,보행자,남,15세,중상
2022122800100291,2022년 12월 28일 14시,수요일,경상북도 경주시 충효동,중상사고,0,1,0,0,차대사람 - 차도통행중,안전운전불이행,건조,맑음,교차로 - 교차로안,승용,여,52세,상해없음,보행자,여,46세,중상
2022122800100292,2022년 12월 28일 14시,수요일,경상북도 구미시 원평동,경상사고,0,0,1,0,차대차 - 후진중충돌,안전운전불이행,건조,맑음,단일로 - 기타,승용,남,63세,상해없음,승용,남,28세,경상
2022122800100452,2022년 12월 28일 18시,수요일,경상북도 칠곡군 북삼읍,경상사고,0,0,1,0,차대차 - 추돌,안전운전불이행,건조,맑음,단일로 - 지하차도(도로)내,승용,여,45세,상해없음,승용,남,60세,경상
2022122800100454,2022년 12월 28일 18시,수요일,경상북도 구미시 고아읍,중상사고,0,2,1,0,차대차 - 측면충돌,안전거리미확보,건조,맑음,교차로 - 교차로안,승용,여,62세,중상,승용,남,59세,상해없음
2022122800100455,2022년 12월 28일 18시,수요일,경상북도 구미시 시미동,중상사고,0,1,0,0,차대차 - 정면충돌,중앙선침범,건조,맑음,단일로 - 기타,승용,남,40세,기타불명,이륜,남,28세,중상
2022122800100456,2022년 12월 28일 18시,수요일,경상북도 포항시 남구 장흥동,경상사고,0,0,2,0,차대차 - 측면충돌,교차로운행방법위반,건조,맑음,교차로 - 교차로안,승용,남,40세,상해없음,승용,여,51세,경상
2022122800100503,2022년 12월 28일 19시,수요일,경상북도 포항시 북구 대흥동,중상사고,0,1,0,0,차대차 - 측면충돌,중앙선침범,건조,맑음,단일로 - 기타,이륜,남,69세,상해없음,승용,여,29세,중상
2022122800100504,2022년 12월 28일 19시,수요일,경상북도 안동시 법상동,중상사고,0,1,0,0,차대차 - 측면충돌,신호위반,건조,맑음,교차로 - 교차로안,승용,남,64세,상해없음,이륜,남,24세,중상
2022122800100505,2022년 12월 28일 19시,수요일,경상북도 상주시 함창읍,중상사고,0,1,1,0,차대차 - 추돌,안전운전불이행,건조,맑음,교차로 - 교차로부근,화물,남,59세,중상,화물,남,47세,경상
2022122800100506,2022년 12월 28일 19시,수요일,경상북도 고령군 다산면,경상사고,0,0,1,0,차대차 - 기타,안전운전불이행,건조,맑음,단일로 - 기타,승용,남,52세,상해없음,자전거,남,58세,경상
2022122800100507,2022년 12월 28일 19시,수요일,경상북도 구미시 공단동,경상사고,0,0,1,0,차대차 - 측면충돌,직진우회전진행방해,건조,맑음,교차로 - 교차로안,승용,남,39세,상해없음,이륜,남,26세,경상
2022122800100539,2022년 12월 28일 20시,수요일,경상북도 구미시 선산읍,중상사고,0,1,0,0,차대차 - 기타,기타,건조,맑음,교차로 - 교차로안,이륜,남,47세,중상,화물,남,62세,상해없음
2022122800100568,2022년 12월 28일 21시,수요일,경상북도 경주시 외동읍,경상사고,0,0,2,0,차대차 - 추돌,안전운전불이행,건조,맑음,단일로 - 기타,승용,남,22세,상해없음,승용,남,38세,경상
2022122800100619,2022년 12월 28일 23시,수요일,경상북도 성주군 용암면,경상사고,0,0,1,0,차대차 - 기타,안전운전불이행,건조,맑음,단일로 - 기타,승용,남,56세,경상,승용,여,44세,기타불명
2022122900100009,2022년 12월 29일 00시,목요일,경상북도 경주시 건천읍,경상사고,0,0,1,0,차대차 - 측면충돌,중앙선침범,건조,맑음,단일로 - 기타,승용,남,66세,경상,건설기계,남,52세,상해없음
2022122900100017,2022년 12월 29일 01시,목요일,경상북도 경산시 진량읍,부상신고사고,0,0,0,1,차대차 - 추돌,안전운전불이행,건조,맑음,단일로 - 기타,승용,남,55세,상해없음,이륜,남,30세,부상신고
2022122900100071,2022년 12월 29일 07시,목요일,경상북도 경산시 진량읍,경상사고,0,0,1,0,차대차 - 측면충돌,신호위반,건조,맑음,교차로 - 교차로안,승용,남,66세,상해없음,승용,남,60세,경상
2022122900100072,2022년 12월 29일 07시,목요일,경상북도 청도군 이서면,중상사고,0,1,0,0,차대차 - 측면충돌,교차로운행방법위반,건조,맑음,교차로 - 교차로안,화물,남,58세,상해없음,화물,남,60세,중상
2022122900100126,2022년 12월 29일 09시,목요일,경상북도 상주시 남성동,경상사고,0,0,1,0,차대차 - 추돌,안전운전불이행,건조,맑음,단일로 - 기타,자전거,남,96세,경상,화물,남,61세,상해없음
2022122900100127,2022년 12월 29일 09시,목요일,경상북도 영주시 영주동,중상사고,0,1,0,0,차대차 - 기타,안전운전불이행,건조,맑음,단일로 - 기타,화물,남,67세,상해없음,이륜,남,25세,중상
2022122900100155,2022년 12월 29일 10시,목요일,경상북도 김천시 신음동,중상사고,0,1,0,0,차대차 - 측면충돌,안전운전불이행,건조,맑음,단일로 - 기타,건설기계,남,67세,상해없음,승용,여,69세,중상
2022122900100180,2022년 12월 29일 11시,목요일,경상북도 청송군 진보면,중상사고,0,1,0,0,차대사람 - 차도통행중,안전운전불이행,건조,맑음,단일로 - 지하차도(도로)내,승용,남,62세,상해없음,보행자,남,88세,중상
2022122900100209,2022년 12월 29일 12시,목요일,경상북도 청도군 화양읍,경상사고,0,0,1,0,차대차 - 정면충돌,교차로운행방법위반,건조,맑음,교차로 - 교차로안,승용,기타불명,미분류,기타불명,승용,남,30세,경상
2022122900100285,2022년 12월 29일 14시,목요일,경상북도 김천시 모암동,중상사고,0,1,1,0,차대차 - 기타,중앙선침범,건조,맑음,교차로 - 교차로안,승용,여,62세,상해없음,화물,남,68세,경상
2022122900100286,2022년 12월 29일 14시,목요일,경상북도 영천시 북안면,경상사고,0,0,1,0,차대차 - 기타,안전운전불이행,건조,맑음,단일로 - 기타,승용,남,75세,상해없음,승용,여,66세,경상
2022122900100287,2022년 12월 29일 14시,목요일,경상북도 군위군 부계면,경상사고,0,0,2,0,차대차 - 측면충돌,안전운전불이행,건조,맑음,단일로 - 기타,화물,남,70세,상해없음,승용,남,28세,경상
2022122900100288,2022년 12월 29일 14시,목요일,경상북도 포항시 남구 대도동,경상사고,0,0,1,0,차대차 - 측면충돌,안전운전불이행,건조,맑음,단일로 - 기타,승용,남,57세,기타불명,승용,여,62세,경상
2022122900100319,2022년 12월 29일 15시,목요일,경상북도 상주시 무양동,경상사고,0,0,1,0,차대차 - 측면충돌,교차로운행방법위반,건조,맑음,교차로 - 교차로안,승용,여,45세,상해없음,승용,여,42세,경상
2022122900100320,2022년 12월 29일 15시,목요일,경상북도 구미시 상모동,중상사고,0,1,1,0,차대차 - 측면충돌,안전운전불이행,건조,맑음,단일로 - 기타,승용,여,65세,경상,승용,여,54세,중상
2022122900100403,2022년 12월 29일 17시,목요일,경상북도 포항시 남구 오천읍,경상사고,0,0,1,0,차대사람 - 기타,안전운전불이행,건조,맑음,교차로 - 교차로안,승용,남,41세,상해없음,보행자,남,32세,경상
2022122900100466,2022년 12월 29일 18시,목요일,경상북도 봉화군 춘양면,중상사고,0,1,0,0,차대사람 - 차도통행중,안전운전불이행,건조,맑음,단일로 - 기타,승용,여,53세,상해없음,보행자,여,58세,중상
2022122900100467,2022년 12월 29일 18시,목요일,경상북도 포항시 남구 대도동,중상사고,0,1,1,0,차대차 - 측면충돌,신호위반,건조,맑음,교차로 - 교차로안,승용,남,51세,경상,승용,여,62세,중상
2022122900100543,2022년 12월 29일 20시,목요일,경상북도 김천시 대덕면,중상사고,0,2,0,0,차대차 - 정면충돌,중앙선침범,건조,맑음,단일로 - 기타,화물,남,42세,중상,승용,남,73세,중상
2022122900100568,2022년 12월 29일 21시,목요일,경상북도 칠곡군 석적읍,중상사고,0,1,1,0,차대차 - 측면충돌,안전거리미확보,건조,맑음,단일로 - 기타,승용,남,39세,상해없음,승합,남,48세,중상
2022122900100569,2022년 12월 29일 21시,목요일,경상북도 구미시 인의동,경상사고,0,0,4,0,차대차 - 측면충돌,안전거리미확보,건조,맑음,단일로 - 기타,화물,남,42세,경상,승용,여,50세,경상
2022122900100601,2022년 12월 29일 22시,목요일,경상북도 경산시 삼북동,중상사고,0,1,0,0,차대차 - 측면충돌,안전운전불이행,건조,맑음,교차로 - 교차로안,승용,남,49세,상해없음,자전거,남,62세,중상
2022122900100602,2022년 12월 29일 22시,목요일,경상북도 구미시 옥성면,사망사고,2,4,1,0,차대차 - 추돌,안전운전불이행,건조,맑음,단일로 - 기타,화물,남,68세,상해없음,화물,여,39세,기타불명
2022123000100009,2022년 12월 30일 00시,금요일,경상북도 영주시 가흥동,경상사고,0,0,3,0,차대차 - 측면충돌,안전운전불이행,건조,맑음,교차로 - 교차로안,승용,남,45세,경상,승용,남,22세,경상
2022123000100082,2022년 12월 30일 07시,금요일,경상북도 칠곡군 왜관읍,경상사고,0,0,1,0,차대차 - 측면충돌,안전거리미확보,건조,맑음,교차로 - 교차로부근,승합,남,65세,상해없음,승용,남,34세,경상
2022123000100099,2022년 12월 30일 08시,금요일,경상북도 포항시 북구 죽도동,경상사고,0,0,1,0,차대사람 - 횡단중,보행자보호의무위반,건조,맑음,단일로 - 기타,승용,남,34세,상해없음,보행자,여,10세,경상
2022123000100100,2022년 12월 30일 08시,금요일,경상북도 영주시 가흥동,경상사고,0,0,2,0,차대차 - 측면충돌,교차로운행방법위반,건조,맑음,교차로 - 교차로안,승용,남,61세,경상,승용,여,31세,경상
2022123000100101,2022년 12월 30일 08시,금요일,경상북도 예천군 풍양면,중상사고,0,1,2,0,차량단독 - 공작물충돌,안전운전불이행,서리/결빙,흐림,단일로 - 기타,화물,남,76세,상해없음,,,,
2022123000100145,2022년 12월 30일 10시,금요일,경상북도 경주시 내남면,경상사고,0,0,1,0,차대차 - 측면충돌,안전운전불이행,건조,맑음,단일로 - 기타,승용,남,46세,상해없음,승합,남,25세,경상
2022123000100146,2022년 12월 30일 10시,금요일,경상북도 경주시 외동읍,경상사고,0,0,3,0,차대차 - 추돌,안전운전불이행,건조,맑음,교차로 - 교차로안,화물,남,36세,상해없음,화물,남,54세,경상
2022123000100218,2022년 12월 30일 12시,금요일,경상북도 포항시 남구 송도동,부상신고사고,0,0,0,1,차대차 - 측면충돌,안전운전불이행,건조,맑음,단일로 - 지하차도(도로)내,자전거,남,71세,부상신고,자전거,여,51세,상해없음
2022123000100219,2022년 12월 30일 12시,금요일,경상북도 영천시 임고면,경상사고,0,0,2,0,차대차 - 측면충돌,신호위반,건조,맑음,단일로 - 터널,승합,남,50세,상해없음,승용,남,33세,경상
2022123000100263,2022년 12월 30일 13시,금요일,경상북도 포항시 북구 학산동,중상사고,0,1,0,0,차대차 - 측면충돌,신호위반,건조,맑음,교차로 - 교차로안,승용,남,63세,상해없음,이륜,남,36세,중상
2022123000100264,2022년 12월 30일 13시,금요일,경상북도 영주시 휴천동,경상사고,0,0,1,0,차대사람 - 보도통행중,보행자보호의무위반,건조,맑음,단일로 - 기타,승용,남,46세,기타불명,보행자,여,21세,경상
2022123000100265,2022년 12월 30일 13시,금요일,경상북도 문경시 문경읍,경상사고,0,0,1,0,차대차 - 측면충돌,안전운전불이행,건조,흐림,단일로 - 기타,건설기계,남,30세,상해없음,화물,남,80세,경상
2022123000100266,2022년 12월 30일 13시,금요일,경상북도 예천군 유천면,경상사고,0,0,1,0,차대사람 - 차도통행중,안전운전불이행,건조,맑음,단일로 - 기타,승용,여,58세,상해없음,보행자,남,80세,경상
2022123000100267,2022년 12월 30일 13시,금요일,경상북도 성주군 선남면,경상사고,0,0,1,0,차대차 - 정면충돌,기타,건조,맑음,교차로 - 교차로부근,화물,남,74세,기타불명,승용,남,45세,경상
2022123000100307,2022년 12월 30일 14시,금요일,경상북도 경주시 성건동,경상사고,0,0,2,0,차대차 - 추돌,안전거리미확보,건조,맑음,교차로 - 교차로부근,승용,남,62세,상해없음,승용,남,63세,경상
2022123000100308,2022년 12월 30일 14시,금요일,경상북도 상주시 낙동면,경상사고,0,0,4,0,차대차 - 추돌,안전거리미확보,건조,맑음,단일로 - 터널,승용,여,21세,경상,승용,남,46세,경상
2022123000100349,2022년 12월 30일 15시,금요일,경상북도 포항시 남구 효자동,경상사고,0,0,2,0,차대차 - 측면충돌,차로위반,건조,맑음,교차로 - 교차로부근,승용,여,53세,상해없음,승용,여,27세,경상
2022123000100392,2022년 12월 30일 16시,금요일,경상북도 상주시 신봉동,경상사고,0,0,6,0,차대차 - 측면충돌,신호위반,건조,맑음,교차로 - 교차로안,승용,여,73세,상해없음,화물,남,46세,경상
2022123000100393,2022년 12월 30일 16시,금요일,경상북도 울진군 울진읍,중상사고,0,1,1,0,차대차 - 측면충돌,안전운전불이행,건조,맑음,단일로 - 기타,승용,남,25세,상해없음,승용,남,59세,경상
2022123000100394,2022년 12월 30일 16시,금요일,경상북도 구미시 옥성면,중상사고,0,1,2,1,차대차 - 추돌,안전운전불이행,건조,맑음,단일로 - 터널,화물,남,39세,상해없음,화물,남,45세,경상
2022123000100458,2022년 12월 30일 17시,금요일,경상북도 경산시 와촌면,경상사고,0,0,1,0,차량단독 - 공작물충돌,안전운전불이행,건조,맑음,교차로 - 교차로부근,승용,남,48세,상해없음,,,,
2022123000100459,2022년 12월 30일 17시,금요일,경상북도 영양군 영양읍,중상사고,0,1,0,0,차대사람 - 횡단중,보행자보호의무위반,건조,맑음,교차로 - 교차로안,화물,남,58세,상해없음,보행자,여,74세,중상
2022123000100523,2022년 12월 30일 18시,금요일,경상북도 경주시 외동읍,중상사고,0,1,0,0,차대차 - 추돌,안전운전불이행,건조,맑음,교차로 - 교차로부근,승합,남,59세,상해없음,승용,남,48세,중상
2022123000100524,2022년 12월 30일 18시,금요일,경상북도 영주시 하망동,중상사고,0,2,0,0,차대차 - 추돌,안전운전불이행,건조,흐림,교차로 - 교차로부근,승용,여,44세,기타불명,승용,남,65세,중상
2022123000100525,2022년 12월 30일 18시,금요일,경상북도 구미시 송정동,중상사고,0,1,0,0,차대차 - 기타,신호위반,건조,맑음,교차로 - 교차로안,승용,남,20세,상해없음,이륜,남,41세,중상
2022123000100644,2022년 12월 30일 21시,금요일,경상북도 문경시 산양면,중상사고,0,1,0,0,차대사람 - 차도통행중,안전운전불이행,건조,맑음,단일로 - 기타,승용,여,59세,기타불명,보행자,남,83세,중상
2022123000100664,2022년 12월 30일 22시,금요일,경상북도 경산시 와촌면,중상사고,0,1,1,0,차대차 - 추돌,안전운전불이행,건조,맑음,교차로 - 교차로부근,승용,남,33세,상해없음,승용,여,57세,경상
2022123000100665,2022년 12월 30일 22시,금요일,경상북도 포항시 남구 오천읍,부상신고사고,0,0,0,2,차대차 - 측면충돌,안전운전불이행,건조,맑음,교차로 - 교차로안,승용,여,28세,부상신고,승합,남,44세,부상신고
2022123100100018,2022년 12월 31일 00시,토요일,경상북도 포항시 북구 두호동,경상사고,0,0,4,0,차대차 - 추돌,안전운전불이행,건조,맑음,교차로 - 교차로부근,이륜,남,40세,경상,승용,여,58세,경상
2022123100100039,2022년 12월 31일 01시,토요일,경상북도 경산시 정평동,중상사고,0,1,0,0,차대차 - 측면충돌,안전운전불이행,건조,맑음,교차로 - 교차로부근,이륜,남,35세,상해없음,이륜,남,35세,중상
2022123100100040,2022년 12월 31일 01시,토요일,경상북도 구미시 진평동,경상사고,0,0,2,0,차대차 - 기타,안전운전불이행,건조,맑음,교차로 - 교차로부근,승용,남,29세,상해없음,승용,여,25세,경상
2022123100100110,2022년 12월 31일 08시,토요일,경상북도 포항시 남구 오천읍,경상사고,0,0,1,0,차량단독 - 전도전복 - 전도,안전운전불이행,건조,맑음,교차로 - 교차로부근,승용,여,29세,상해없음,,,,
2022123100100132,2022년 12월 31일 09시,토요일,경상북도 칠곡군 가산면,중상사고,0,1,0,0,차대차 - 측면충돌,신호위반,건조,맑음,교차로 - 교차로부근,화물,남,63세,상해없음,이륜,남,37세,중상
2022123100100203,2022년 12월 31일 12시,토요일,경상북도 영덕군 강구면,경상사고,0,0,3,0,차대차 - 후진중충돌,안전운전불이행,건조,맑음,단일로 - 기타,승용,남,36세,상해없음,승용,남,38세,경상
2022123100100204,2022년 12월 31일 12시,토요일,경상북도 영양군 일월면,중상사고,0,2,1,0,차대차 - 정면충돌,안전운전불이행,서리/결빙,맑음,단일로 - 기타,승용,여,67세,기타불명,화물,남,64세,중상
2022123100100238,2022년 12월 31일 13시,토요일,경상북도 경주시 안강읍,경상사고,0,0,3,0,차대차 - 측면충돌,직진우회전진행방해,건조,맑음,교차로 - 교차로안,이륜,남,61세,경상,승용,여,40세,경상
2022123100100239,2022년 12월 31일 13시,토요일,경상북도 김천시 평화동,경상사고,0,0,1,0,차대차 - 측면충돌,안전거리미확보,건조,맑음,단일로 - 기타,화물,남,78세,상해없음,승용,남,42세,경상
2022123100100240,2022년 12월 31일 13시,토요일,경상북도 구미시 선산읍,부상신고사고,0,0,0,1,차대차 - 기타,안전운전불이행,건조,맑음,교차로 - 교차로안,승용,여,67세,상해없음,승용,여,52세,부상신고
2022123100100241,2022년 12월 31일 13시,토요일,경상북도 구미시 무을면,중상사고,0,2,0,0,차대차 - 정면충돌,중앙선침범,건조,맑음,단일로 - 기타,승용,남,75세,상해없음,승용,남,73세,중상
2022123100100242,2022년 12월 31일 13시,토요일,경상북도 포항시 남구 해도동,중상사고,0,1,0,0,차대사람 - 횡단중,보행자보호의무위반,건조,맑음,교차로 - 교차로횡단보도내,화물,남,61세,상해없음,보행자,남,53세,중상
2022123100100278,2022년 12월 31일 14시,토요일,경상북도 경주시 사정동,경상사고,0,0,1,0,차대사람 - 차도통행중,보행자보호의무위반,건조,맑음,교차로 - 교차로횡단보도내,승용,남,37세,상해없음,보행자,여,53세,경상
2022123100100304,2022년 12월 31일 15시,토요일,경상북도 포항시 북구 우현동,경상사고,0,0,1,0,차대차 - 기타,안전운전불이행,건조,맑음,기타 - 기타,승용,남,70세,기타불명,승용,남,26세,경상
2022123100100305,2022년 12월 31일 15시,토요일,경상북도 경산시 중방동,경상사고,0,0,1,0,차대차 - 기타,신호위반,건조,맑음,교차로 - 교차로안,승용,여,51세,상해없음,승용,남,48세,경상
2022123100100306,2022년 12월 31일 15시,토요일,경상북도 포항시 남구 구룡포읍,경상사고,0,0,2,0,차대차 - 측면충돌,안전운전불이행,건조,맑음,단일로 - 지하차도(도로)내,화물,남,57세,상해없음,승용,남,39세,경상
2022123100100330,2022년 12월 31일 16시,토요일,경상북도 성주군 초전면,경상사고,0,0,1,1,차대사람 - 횡단중,안전운전불이행,건조,맑음,교차로 - 교차로안,화물,남,54세,부상신고,보행자,남,69세,경상
2022123100100331,2022년 12월 31일 16시,토요일,경상북도 구미시 송정동,경상사고,0,0,2,0,차대차 - 추돌,안전운전불이행,건조,맑음,교차로 - 교차로부근,승용,남,70세,상해없음,승용,여,30세,경상
2022123100100359,2022년 12월 31일 17시,토요일,경상북도 칠곡군 석적읍,경상사고,0,0,1,0,차대사람 - 차도통행중,중앙선침범,건조,맑음,단일로 - 지하차도(도로)내,승용,여,66세,상해없음,보행자,남,69세,경상
2022123100100401,2022년 12월 31일 18시,토요일,경상북도 경주시 구황동,중상사고,0,1,4,0,차대차 - 측면충돌,안전운전불이행,건조,맑음,교차로 - 교차로안,승용,남,23세,상해없음,승용,남,40세,경상
2022123100100402,2022년 12월 31일 18시,토요일,경상북도 포항시 북구 용흥동,경상사고,0,0,1,0,차대사람 - 기타,기타,건조,맑음,단일로 - 기타,승용,남,74세,상해없음,보행자,남,66세,경상
2022123100100403,2022년 12월 31일 18시,토요일,경상북도 안동시 명륜동,중상사고,0,1,0,0,차대사람 - 횡단중,보행자보호의무위반,건조,맑음,단일로 - 기타,이륜,남,46세,상해없음,보행자,여,71세,중상
2022123100100404,2022년 12월 31일 18시,토요일,경상북도 김천시 부곡동,중상사고,0,1,2,0,차대차 - 추돌,안전운전불이행,건조,맑음,단일로 - 기타,승용,남,53세,상해없음,승용,남,61세,경상
2022123100100405,2022년 12월 31일 18시,토요일,경상북도 울진군 근남면,중상사고,0,5,3,0,차대차 - 정면충돌,중앙선침범,건조,맑음,단일로 - 기타,승용,남,57세,상해없음,승합,남,62세,중상
2022123100100438,2022년 12월 31일 19시,토요일,경상북도 경산시 진량읍,중상사고,0,1,0,0,차대차 - 측면충돌,안전운전불이행,건조,맑음,단일로 - 기타,승용,남,42세,상해없음,승용,여,56세,상해없음
2022123100100439,2022년 12월 31일 19시,토요일,경상북도 경산시 옥산동,경상사고,0,0,1,0,차대차 - 측면충돌,직진우회전진행방해,건조,맑음,교차로 - 교차로안,승용,남,50세,상해없음,이륜,남,60세,경상
2022123100100440,2022년 12월 31일 19시,토요일,경상북도 봉화군 봉화읍,경상사고,0,0,1,0,차대차 - 기타,교차로운행방법위반,건조,맑음,교차로 - 교차로부근,승용,남,66세,상해없음,승용,남,51세,경상
2022123100100492,2022년 12월 31일 21시,토요일,경상북도 포항시 북구 장성동,경상사고,0,0,1,0,차대차 - 정면충돌,중앙선침범,건조,맑음,기타 - 기타,승용,여,40세,상해없음,이륜,남,45세,경상
2022123100100493,2022년 12월 31일 21시,토요일,경상북도 경산시 중방동,경상사고,0,0,1,0,차대차 - 정면충돌,안전운전불이행,건조,맑음,교차로 - 교차로부근,승용,남,49세,상해없음,원동기,남,22세,경상
2022123100100531,2022년 12월 31일 23시,토요일,경상북도 구미시 진평동,경상사고,0,0,1,0,차대차 - 기타,안전운전불이행,건조,맑음,단일로 - 기타,승용,남,64세,상해없음,이륜,남,37세,경상